# Pathway	ERR480697_Abundance
UNMAPPED	78131.0028007242
UNINTEGRATED	59652.7774732716
UNINTEGRATED|g__Collinsella.s__Collinsella_aerofaciens	33168.3061085174
UNINTEGRATED|g__Blautia.s__Ruminococcus_obeum	14050.9679424176
UNINTEGRATED|g__Blautia.s__Ruminococcus_torques	8857.9779124029
UNINTEGRATED|g__Coprococcus.s__Coprococcus_comes	5381.9854853133
UNINTEGRATED|g__Dorea.s__Dorea_formicigenerans	4174.9356460381
UNINTEGRATED|g__Eubacterium.s__Eubacterium_rectale	2104.8102437701
UNINTEGRATED|g__Blautia.s__Ruminococcus_gnavus	2086.5510145071
UNINTEGRATED|g__Erysipelotrichaceae_noname.s__Erysipelotrichaceae_bacterium_6_1_45	1399.1842811701
UNINTEGRATED|g__Dorea.s__Dorea_longicatena	1332.5410312111
UNINTEGRATED|g__Streptococcus.s__Streptococcus_thermophilus	1264.2263610617
UNINTEGRATED|g__Eubacterium.s__Eubacterium_limosum	1218.3097974159
UNINTEGRATED|g__Erysipelotrichaceae_noname.s__Clostridium_innocuum	871.9621472462
UNINTEGRATED|g__Erysipelotrichaceae_noname.s__Eubacterium_cylindroides	855.2872985139
UNINTEGRATED|g__Ruminococcus.s__Ruminococcus_bromii	606.4550426377
UNINTEGRATED|g__Adlercreutzia.s__Adlercreutzia_equolifaciens	559.0090129001
UNINTEGRATED|g__Lachnospiraceae_noname.s__Lachnospiraceae_bacterium_2_1_58FAA	491.9030617076
UNINTEGRATED|g__Enterobacter.s__Enterobacter_aerogenes	195.8404687310
PWY-7219: adenosine ribonucleotides de novo biosynthesis	158.4115478003
PWY-7219: adenosine ribonucleotides de novo biosynthesis|g__Collinsella.s__Collinsella_aerofaciens	104.7749403693
PWY-7219: adenosine ribonucleotides de novo biosynthesis|g__Blautia.s__Ruminococcus_torques	16.8506890062
PWY-7219: adenosine ribonucleotides de novo biosynthesis|g__Blautia.s__Ruminococcus_obeum	12.9468253378
PWY-7219: adenosine ribonucleotides de novo biosynthesis|g__Dorea.s__Dorea_formicigenerans	4.3332773264
PWY-7219: adenosine ribonucleotides de novo biosynthesis|g__Streptococcus.s__Streptococcus_thermophilus	2.8846024957
PWY-7219: adenosine ribonucleotides de novo biosynthesis|g__Adlercreutzia.s__Adlercreutzia_equolifaciens	2.4917610622
PWY-7219: adenosine ribonucleotides de novo biosynthesis|g__Dorea.s__Dorea_longicatena	2.4636376462
PWY-7219: adenosine ribonucleotides de novo biosynthesis|g__Coprococcus.s__Coprococcus_comes	2.1237464594
PWY-7219: adenosine ribonucleotides de novo biosynthesis|g__Eubacterium.s__Eubacterium_limosum	1.5328722548
PWY-6122: 5-aminoimidazole ribonucleotide biosynthesis II	141.7603074224
PWY-6122: 5-aminoimidazole ribonucleotide biosynthesis II|g__Collinsella.s__Collinsella_aerofaciens	79.0543651699
PWY-6122: 5-aminoimidazole ribonucleotide biosynthesis II|g__Blautia.s__Ruminococcus_torques	13.4108402875
PWY-6122: 5-aminoimidazole ribonucleotide biosynthesis II|g__Blautia.s__Ruminococcus_obeum	10.2928094364
PWY-6122: 5-aminoimidazole ribonucleotide biosynthesis II|g__Coprococcus.s__Coprococcus_comes	3.1628064046
PWY-6122: 5-aminoimidazole ribonucleotide biosynthesis II|g__Streptococcus.s__Streptococcus_thermophilus	2.6048894647
PWY-6122: 5-aminoimidazole ribonucleotide biosynthesis II|g__Dorea.s__Dorea_formicigenerans	1.6896694445
PWY-6122: 5-aminoimidazole ribonucleotide biosynthesis II|g__Eubacterium.s__Eubacterium_limosum	1.4547819421
PWY-6122: 5-aminoimidazole ribonucleotide biosynthesis II|g__Adlercreutzia.s__Adlercreutzia_equolifaciens	1.2143761213
PWY-6122: 5-aminoimidazole ribonucleotide biosynthesis II|g__Dorea.s__Dorea_longicatena	1.1938516639
PWY-6277: superpathway of 5-aminoimidazole ribonucleotide biosynthesis	141.7603074224
PWY-6277: superpathway of 5-aminoimidazole ribonucleotide biosynthesis|g__Collinsella.s__Collinsella_aerofaciens	79.0543651699
PWY-6277: superpathway of 5-aminoimidazole ribonucleotide biosynthesis|g__Blautia.s__Ruminococcus_torques	13.4108402875
PWY-6277: superpathway of 5-aminoimidazole ribonucleotide biosynthesis|g__Blautia.s__Ruminococcus_obeum	10.2928094364
PWY-6277: superpathway of 5-aminoimidazole ribonucleotide biosynthesis|g__Coprococcus.s__Coprococcus_comes	3.1628064046
PWY-6277: superpathway of 5-aminoimidazole ribonucleotide biosynthesis|g__Streptococcus.s__Streptococcus_thermophilus	2.6048894647
PWY-6277: superpathway of 5-aminoimidazole ribonucleotide biosynthesis|g__Dorea.s__Dorea_formicigenerans	1.6896694445
PWY-6277: superpathway of 5-aminoimidazole ribonucleotide biosynthesis|g__Eubacterium.s__Eubacterium_limosum	1.4547819421
PWY-6277: superpathway of 5-aminoimidazole ribonucleotide biosynthesis|g__Adlercreutzia.s__Adlercreutzia_equolifaciens	1.2143761213
PWY-6277: superpathway of 5-aminoimidazole ribonucleotide biosynthesis|g__Dorea.s__Dorea_longicatena	1.1938516639
PWY-6737: starch degradation V	122.7034569672
PWY-6737: starch degradation V|g__Collinsella.s__Collinsella_aerofaciens	78.4410974607
PWY-6737: starch degradation V|g__Blautia.s__Ruminococcus_obeum	15.9543435595
PWY-6737: starch degradation V|g__Blautia.s__Ruminococcus_torques	11.3377934304
PWY-6737: starch degradation V|g__Dorea.s__Dorea_formicigenerans	3.8028584383
PWY-6737: starch degradation V|g__Coprococcus.s__Coprococcus_comes	1.0672680957
PWY-6737: starch degradation V|g__Lachnospiraceae_noname.s__Lachnospiraceae_bacterium_2_1_58FAA	0.9225092251
PWY-4981: L-proline biosynthesis II (from arginine)	116.0297189253
PWY-4981: L-proline biosynthesis II (from arginine)|g__Collinsella.s__Collinsella_aerofaciens	73.7967026711
PWY-4981: L-proline biosynthesis II (from arginine)|g__Adlercreutzia.s__Adlercreutzia_equolifaciens	2.1031934475
PWY-6121: 5-aminoimidazole ribonucleotide biosynthesis I	113.6710293853
PWY-6121: 5-aminoimidazole ribonucleotide biosynthesis I|g__Collinsella.s__Collinsella_aerofaciens	63.4976913236
PWY-6121: 5-aminoimidazole ribonucleotide biosynthesis I|g__Blautia.s__Ruminococcus_torques	13.6084768649
PWY-6121: 5-aminoimidazole ribonucleotide biosynthesis I|g__Blautia.s__Ruminococcus_obeum	10.0235026279
PWY-6121: 5-aminoimidazole ribonucleotide biosynthesis I|g__Coprococcus.s__Coprococcus_comes	3.5605486667
PWY-6121: 5-aminoimidazole ribonucleotide biosynthesis I|g__Dorea.s__Dorea_formicigenerans	1.8976908210
PWY-6121: 5-aminoimidazole ribonucleotide biosynthesis I|g__Adlercreutzia.s__Adlercreutzia_equolifaciens	1.2943735829
PWY-6121: 5-aminoimidazole ribonucleotide biosynthesis I|g__Dorea.s__Dorea_longicatena	1.2746972594
PWY-6151: S-adenosyl-L-methionine cycle I	110.4251150446
PWY-6151: S-adenosyl-L-methionine cycle I|g__Collinsella.s__Collinsella_aerofaciens	51.7406715600
PWY-6151: S-adenosyl-L-methionine cycle I|g__Blautia.s__Ruminococcus_obeum	6.6686769350
PWY-6151: S-adenosyl-L-methionine cycle I|g__Coprococcus.s__Coprococcus_comes	2.2954064535
PWY-6151: S-adenosyl-L-methionine cycle I|g__Lachnospiraceae_noname.s__Lachnospiraceae_bacterium_2_1_58FAA	2.2586764627
PWY-6151: S-adenosyl-L-methionine cycle I|g__Ruminococcus.s__Ruminococcus_bromii	2.2195591148
PWY-6386: UDP-N-acetylmuramoyl-pentapeptide biosynthesis II (lysine-containing)	109.5053341846
PWY-6386: UDP-N-acetylmuramoyl-pentapeptide biosynthesis II (lysine-containing)|g__Collinsella.s__Collinsella_aerofaciens	46.4446833243
PWY-6386: UDP-N-acetylmuramoyl-pentapeptide biosynthesis II (lysine-containing)|g__Blautia.s__Ruminococcus_torques	11.8445125720
PWY-6386: UDP-N-acetylmuramoyl-pentapeptide biosynthesis II (lysine-containing)|g__Coprococcus.s__Coprococcus_comes	6.2913619544
PWY-6386: UDP-N-acetylmuramoyl-pentapeptide biosynthesis II (lysine-containing)|g__Streptococcus.s__Streptococcus_thermophilus	1.7404717016
PWY-5686: UMP biosynthesis	103.6530642095
PWY-5686: UMP biosynthesis|g__Collinsella.s__Collinsella_aerofaciens	64.7901025265
PWY-5686: UMP biosynthesis|g__Blautia.s__Ruminococcus_obeum	2.1800936928
PEPTIDOGLYCANSYN-PWY: peptidoglycan biosynthesis I (meso-diaminopimelate containing)	94.9756627264
PEPTIDOGLYCANSYN-PWY: peptidoglycan biosynthesis I (meso-diaminopimelate containing)|g__Collinsella.s__Collinsella_aerofaciens	41.3311213203
PEPTIDOGLYCANSYN-PWY: peptidoglycan biosynthesis I (meso-diaminopimelate containing)|g__Blautia.s__Ruminococcus_torques	10.7018885040
PEPTIDOGLYCANSYN-PWY: peptidoglycan biosynthesis I (meso-diaminopimelate containing)|g__Coprococcus.s__Coprococcus_comes	4.6413947308
PWY-6387: UDP-N-acetylmuramoyl-pentapeptide biosynthesis I (meso-diaminopimelate containing)	90.7850494426
PWY-6387: UDP-N-acetylmuramoyl-pentapeptide biosynthesis I (meso-diaminopimelate containing)|g__Collinsella.s__Collinsella_aerofaciens	37.8520763843
PWY-6387: UDP-N-acetylmuramoyl-pentapeptide biosynthesis I (meso-diaminopimelate containing)|g__Blautia.s__Ruminococcus_torques	10.3884849927
PWY-6387: UDP-N-acetylmuramoyl-pentapeptide biosynthesis I (meso-diaminopimelate containing)|g__Coprococcus.s__Coprococcus_comes	6.2464125719
PWY-6147: 6-hydroxymethyl-dihydropterin diphosphate biosynthesis I	82.9069387302
PWY-6147: 6-hydroxymethyl-dihydropterin diphosphate biosynthesis I|g__Collinsella.s__Collinsella_aerofaciens	44.3791043082
ARO-PWY: chorismate biosynthesis I	78.6252004969
ARO-PWY: chorismate biosynthesis I|g__Blautia.s__Ruminococcus_torques	12.6017716441
ARO-PWY: chorismate biosynthesis I|g__Blautia.s__Ruminococcus_obeum	10.7814870522
PWY-6163: chorismate biosynthesis from 3-dehydroquinate	71.5841843750
PWY-6163: chorismate biosynthesis from 3-dehydroquinate|g__Blautia.s__Ruminococcus_torques	13.8235339620
PWY-6163: chorismate biosynthesis from 3-dehydroquinate|g__Blautia.s__Ruminococcus_obeum	9.1595047134
PWY-6163: chorismate biosynthesis from 3-dehydroquinate|g__Streptococcus.s__Streptococcus_thermophilus	2.2332508845
HISTSYN-PWY: L-histidine biosynthesis	70.4455617541
PWY-5667: CDP-diacylglycerol biosynthesis I	69.9045354777
PWY-5667: CDP-diacylglycerol biosynthesis I|g__Blautia.s__Ruminococcus_torques	10.7662005301
PWY-5667: CDP-diacylglycerol biosynthesis I|g__Coprococcus.s__Coprococcus_comes	3.3686792530
PWY-5667: CDP-diacylglycerol biosynthesis I|g__Dorea.s__Dorea_formicigenerans	3.2549377737
PWY-5667: CDP-diacylglycerol biosynthesis I|g__Eubacterium.s__Eubacterium_limosum	1.4467935042
PWY0-1319: CDP-diacylglycerol biosynthesis II	69.9045354777
PWY0-1319: CDP-diacylglycerol biosynthesis II|g__Blautia.s__Ruminococcus_torques	10.7662005301
PWY0-1319: CDP-diacylglycerol biosynthesis II|g__Coprococcus.s__Coprococcus_comes	3.3686792530
PWY0-1319: CDP-diacylglycerol biosynthesis II|g__Dorea.s__Dorea_formicigenerans	3.2549377737
PWY0-1319: CDP-diacylglycerol biosynthesis II|g__Eubacterium.s__Eubacterium_limosum	1.4467935042
PWY-7111: pyruvate fermentation to isobutanol (engineered)	67.5051019322
PWY-7111: pyruvate fermentation to isobutanol (engineered)|g__Blautia.s__Ruminococcus_torques	15.6010722451
PWY-7111: pyruvate fermentation to isobutanol (engineered)|g__Blautia.s__Ruminococcus_obeum	10.4331558670
PWY-7111: pyruvate fermentation to isobutanol (engineered)|g__Coprococcus.s__Coprococcus_comes	2.9659217022
PWY-7111: pyruvate fermentation to isobutanol (engineered)|g__Dorea.s__Dorea_formicigenerans	2.7093227847
PWY-7111: pyruvate fermentation to isobutanol (engineered)|g__Blautia.s__Ruminococcus_gnavus	1.3465287267
PWY-7111: pyruvate fermentation to isobutanol (engineered)|g__Erysipelotrichaceae_noname.s__Eubacterium_cylindroides	1.3130858275
PWY-7111: pyruvate fermentation to isobutanol (engineered)|g__Dorea.s__Dorea_longicatena	0.9257928751
PWY-7111: pyruvate fermentation to isobutanol (engineered)|g__Enterobacter.s__Enterobacter_aerogenes	0.5719879377
NONMEVIPP-PWY: methylerythritol phosphate pathway I	61.9775513855
NONMEVIPP-PWY: methylerythritol phosphate pathway I|g__Blautia.s__Ruminococcus_torques	10.5082002759
NONMEVIPP-PWY: methylerythritol phosphate pathway I|g__Blautia.s__Ruminococcus_obeum	8.4538960676
COMPLETE-ARO-PWY: superpathway of aromatic amino acid biosynthesis	61.4991718902
COMPLETE-ARO-PWY: superpathway of aromatic amino acid biosynthesis|g__Blautia.s__Ruminococcus_torques	12.9885506808
COMPLETE-ARO-PWY: superpathway of aromatic amino acid biosynthesis|g__Blautia.s__Ruminococcus_obeum	11.2006720967
PWY0-1296: purine ribonucleosides degradation	53.5791266633
PWY0-1296: purine ribonucleosides degradation|g__Blautia.s__Ruminococcus_obeum	21.2805595409
PWY0-1296: purine ribonucleosides degradation|g__Blautia.s__Ruminococcus_torques	7.4901115837
PWY0-1296: purine ribonucleosides degradation|g__Streptococcus.s__Streptococcus_thermophilus	4.1523974452
PWY0-1296: purine ribonucleosides degradation|g__Erysipelotrichaceae_noname.s__Erysipelotrichaceae_bacterium_6_1_45	3.0419419177
PWY0-1296: purine ribonucleosides degradation|g__Dorea.s__Dorea_formicigenerans	3.0037774588
PWY0-1296: purine ribonucleosides degradation|g__Erysipelotrichaceae_noname.s__Eubacterium_cylindroides	1.7251121916
PWY0-1296: purine ribonucleosides degradation|g__Eubacterium.s__Eubacterium_rectale	1.4794548514
PWY0-1296: purine ribonucleosides degradation|g__Erysipelotrichaceae_noname.s__Clostridium_innocuum	1.1670556852
PWY-7221: guanosine ribonucleotides de novo biosynthesis	51.2059582406
PWY-7221: guanosine ribonucleotides de novo biosynthesis|g__Blautia.s__Ruminococcus_obeum	5.6766354381
PWY-7221: guanosine ribonucleotides de novo biosynthesis|g__Blautia.s__Ruminococcus_torques	4.5944732104
PWY-7221: guanosine ribonucleotides de novo biosynthesis|g__Coprococcus.s__Coprococcus_comes	1.9476112585
PWY-7221: guanosine ribonucleotides de novo biosynthesis|g__Lachnospiraceae_noname.s__Lachnospiraceae_bacterium_2_1_58FAA	0.8075913588
COA-PWY-1: coenzyme A biosynthesis II (mammalian)	50.6726050513
COA-PWY-1: coenzyme A biosynthesis II (mammalian)|g__Blautia.s__Ruminococcus_torques	13.0976657061
COA-PWY-1: coenzyme A biosynthesis II (mammalian)|g__Collinsella.s__Collinsella_aerofaciens	3.4778385358
COA-PWY-1: coenzyme A biosynthesis II (mammalian)|g__Dorea.s__Dorea_formicigenerans	3.3602273620
COA-PWY-1: coenzyme A biosynthesis II (mammalian)|g__Blautia.s__Ruminococcus_obeum	2.8972499860
ILEUSYN-PWY: L-isoleucine biosynthesis I (from threonine)	46.9459091682
ILEUSYN-PWY: L-isoleucine biosynthesis I (from threonine)|g__Blautia.s__Ruminococcus_obeum	10.4331558670
VALSYN-PWY: L-valine biosynthesis	46.9459091682
VALSYN-PWY: L-valine biosynthesis|g__Blautia.s__Ruminococcus_torques	15.6010722451
VALSYN-PWY: L-valine biosynthesis|g__Blautia.s__Ruminococcus_obeum	10.4331558670
VALSYN-PWY: L-valine biosynthesis|g__Coprococcus.s__Coprococcus_comes	2.9659217022
VALSYN-PWY: L-valine biosynthesis|g__Dorea.s__Dorea_formicigenerans	2.7093227847
VALSYN-PWY: L-valine biosynthesis|g__Streptococcus.s__Streptococcus_thermophilus	1.4632236060
VALSYN-PWY: L-valine biosynthesis|g__Dorea.s__Dorea_longicatena	0.9257928751
VALSYN-PWY: L-valine biosynthesis|g__Erysipelotrichaceae_noname.s__Eubacterium_cylindroides	0.8186259086
PWY-5097: L-lysine biosynthesis VI	43.2194479984
PWY-5097: L-lysine biosynthesis VI|g__Blautia.s__Ruminococcus_obeum	13.2590620994
PWY-5097: L-lysine biosynthesis VI|g__Blautia.s__Ruminococcus_torques	2.4702478571
PWY-724: superpathway of L-lysine, L-threonine and L-methionine biosynthesis II	42.7201325026
PWY-1042: glycolysis IV (plant cytosol)	42.7107587813
PWY-1042: glycolysis IV (plant cytosol)|g__Blautia.s__Ruminococcus_torques	12.0988158093
PWY-2942: L-lysine biosynthesis III	41.8036871552
PWY-2942: L-lysine biosynthesis III|g__Blautia.s__Ruminococcus_obeum	13.5360703560
PWY-2942: L-lysine biosynthesis III|g__Blautia.s__Ruminococcus_torques	2.1936814273
PWY-2942: L-lysine biosynthesis III|g__Erysipelotrichaceae_noname.s__Erysipelotrichaceae_bacterium_6_1_45	1.4001000622
CALVIN-PWY: Calvin-Benson-Bassham cycle	41.5141327868
PWY-2941: L-lysine biosynthesis II	38.8572051949
PANTO-PWY: phosphopantothenate biosynthesis I	33.5789095610
PANTO-PWY: phosphopantothenate biosynthesis I|g__Blautia.s__Ruminococcus_torques	4.0075711667
PANTO-PWY: phosphopantothenate biosynthesis I|g__Dorea.s__Dorea_longicatena	2.2272672184
NONOXIPENT-PWY: pentose phosphate pathway (non-oxidative branch)	31.2435669826
NONOXIPENT-PWY: pentose phosphate pathway (non-oxidative branch)|g__Blautia.s__Ruminococcus_obeum	6.6585856808
PWY-6317: galactose degradation I (Leloir pathway)	28.2493166719
PWY-6317: galactose degradation I (Leloir pathway)|g__Blautia.s__Ruminococcus_obeum	11.1677587294
PWY-6317: galactose degradation I (Leloir pathway)|g__Streptococcus.s__Streptococcus_thermophilus	0.9874105159
PWY66-422: D-galactose degradation V (Leloir pathway)	28.2493166719
PWY66-422: D-galactose degradation V (Leloir pathway)|g__Blautia.s__Ruminococcus_obeum	11.7958715711
PWY66-422: D-galactose degradation V (Leloir pathway)|g__Streptococcus.s__Streptococcus_thermophilus	0.9874105159
PWY-7400: L-arginine biosynthesis IV (archaebacteria)	28.1478952182
GLCMANNANAUT-PWY: superpathway of N-acetylglucosamine, N-acetylmannosamine and N-acetylneuraminate degradation	27.2505599163
GLCMANNANAUT-PWY: superpathway of N-acetylglucosamine, N-acetylmannosamine and N-acetylneuraminate degradation|g__Blautia.s__Ruminococcus_torques	4.7694997274
GLCMANNANAUT-PWY: superpathway of N-acetylglucosamine, N-acetylmannosamine and N-acetylneuraminate degradation|g__Dorea.s__Dorea_formicigenerans	2.2362651831
GLCMANNANAUT-PWY: superpathway of N-acetylglucosamine, N-acetylmannosamine and N-acetylneuraminate degradation|g__Dorea.s__Dorea_longicatena	1.3144012615
THRESYN-PWY: superpathway of L-threonine biosynthesis	25.2296449552
THRESYN-PWY: superpathway of L-threonine biosynthesis|g__Erysipelotrichaceae_noname.s__Eubacterium_cylindroides	1.2249287768
ARGSYN-PWY: L-arginine biosynthesis I (via L-ornithine)	25.1015398297
SER-GLYSYN-PWY: superpathway of L-serine and glycine biosynthesis I	22.0953078040
SER-GLYSYN-PWY: superpathway of L-serine and glycine biosynthesis I|g__Blautia.s__Ruminococcus_torques	8.4416445090
SER-GLYSYN-PWY: superpathway of L-serine and glycine biosynthesis I|g__Dorea.s__Dorea_formicigenerans	1.6311827733
SER-GLYSYN-PWY: superpathway of L-serine and glycine biosynthesis I|g__Ruminococcus.s__Ruminococcus_bromii	0.8892841263
DTDPRHAMSYN-PWY: dTDP-L-rhamnose biosynthesis I	21.0039740121
DTDPRHAMSYN-PWY: dTDP-L-rhamnose biosynthesis I|g__Blautia.s__Ruminococcus_obeum	11.8046137854
GLYCOGENSYNTH-PWY: glycogen biosynthesis I (from ADP-D-Glucose)	20.9451395745
GLYCOGENSYNTH-PWY: glycogen biosynthesis I (from ADP-D-Glucose)|g__Blautia.s__Ruminococcus_obeum	14.2748639994
PWY-5188: tetrapyrrole biosynthesis I (from glutamate)	18.2160282860
PWY-5188: tetrapyrrole biosynthesis I (from glutamate)|g__Blautia.s__Ruminococcus_obeum	8.5227964421
PWY-7229: superpathway of adenosine nucleotides de novo biosynthesis I	17.8921933337
PWY-3001: superpathway of L-isoleucine biosynthesis I	17.3183669368
PWY-621: sucrose degradation III (sucrose invertase)	16.0237035327
PWY-621: sucrose degradation III (sucrose invertase)|g__Blautia.s__Ruminococcus_obeum	6.9596809585
PWY-621: sucrose degradation III (sucrose invertase)|g__Eubacterium.s__Eubacterium_rectale	1.0725528781
PWY-7357: thiamin formation from pyrithiamine and oxythiamine (yeast)	13.9274394913
PYRIDNUCSYN-PWY: NAD biosynthesis I (from aspartate)	12.9277844821
TRPSYN-PWY: L-tryptophan biosynthesis	12.6165658068
PWY-6305: putrescine biosynthesis IV	12.4976930050
PWY-6305: putrescine biosynthesis IV|g__Blautia.s__Ruminococcus_obeum	11.5494326005
ANAGLYCOLYSIS-PWY: glycolysis III (from glucose)	12.0058248672
PWY-6126: superpathway of adenosine nucleotides de novo biosynthesis II	11.9998261973
ARGSYNBSUB-PWY: L-arginine biosynthesis II (acetyl cycle)	10.9002733571
PWY-5913: TCA cycle VI (obligate autotrophs)	10.5694207251
BRANCHED-CHAIN-AA-SYN-PWY: superpathway of branched amino acid biosynthesis	10.5097757385
BRANCHED-CHAIN-AA-SYN-PWY: superpathway of branched amino acid biosynthesis|g__Blautia.s__Ruminococcus_obeum	5.3740884610
OANTIGEN-PWY: O-antigen building blocks biosynthesis (E. coli)	10.4107879359
PWY-5103: L-isoleucine biosynthesis III	8.8267804012
PWY-5103: L-isoleucine biosynthesis III|g__Blautia.s__Ruminococcus_obeum	5.3740884610
PWY-3841: folate transformations II	8.2265346085
PWY-3841: folate transformations II|g__Streptococcus.s__Streptococcus_thermophilus	3.7899323240
PWY-5695: urate biosynthesis/inosine 5'-phosphate degradation	8.1959454537
PWY-6609: adenine and adenosine salvage III	7.8072393449
PWY-6609: adenine and adenosine salvage III|g__Erysipelotrichaceae_noname.s__Eubacterium_cylindroides	3.1724540800
PWY-6609: adenine and adenosine salvage III|g__Blautia.s__Ruminococcus_gnavus	1.2143290832
PWY-5973: cis-vaccenate biosynthesis	7.8019135516
1CMET2-PWY: N10-formyl-tetrahydrofolate biosynthesis	7.6719710363
PWY-5101: L-isoleucine biosynthesis II	7.6291870503
UDPNAGSYN-PWY: UDP-N-acetyl-D-glucosamine biosynthesis I	7.4642635904
UDPNAGSYN-PWY: UDP-N-acetyl-D-glucosamine biosynthesis I|g__Streptococcus.s__Streptococcus_thermophilus	2.6691067170
P164-PWY: purine nucleobases degradation I (anaerobic)	7.3520100478
PWY-6527: stachyose degradation	6.9200226869
PANTOSYN-PWY: pantothenate and coenzyme A biosynthesis I	6.3852359042
GLUTORN-PWY: L-ornithine biosynthesis	6.3167389057
PWY-7663: gondoate biosynthesis (anaerobic)	6.3123626646
ASPASN-PWY: superpathway of L-aspartate and L-asparagine biosynthesis	6.1546681100
PWY-5367: petroselinate biosynthesis	5.8249023770
PWY-7187: pyrimidine deoxyribonucleotides de novo biosynthesis II	5.7628033327
PWY-7220: adenosine deoxyribonucleotides de novo biosynthesis II	5.3805867794
PWY-7222: guanosine deoxyribonucleotides de novo biosynthesis II	5.3805867794
PWY-6123: inosine-5'-phosphate biosynthesis I	5.2502305204
PWY-6123: inosine-5'-phosphate biosynthesis I|g__Streptococcus.s__Streptococcus_thermophilus	1.9947248346
DAPLYSINESYN-PWY: L-lysine biosynthesis I	5.0515270134
PENTOSE-P-PWY: pentose phosphate pathway	4.9765212531
PWY-6124: inosine-5'-phosphate biosynthesis II	4.4215342798
PWY-6124: inosine-5'-phosphate biosynthesis II|g__Streptococcus.s__Streptococcus_thermophilus	1.9120943870
FERMENTATION-PWY: mixed acid fermentation	4.0427048843
PWY-7208: superpathway of pyrimidine nucleobases salvage	3.8031593498
PWY0-162: superpathway of pyrimidine ribonucleotides de novo biosynthesis	3.6257721722
PWY-6385: peptidoglycan biosynthesis III (mycobacteria)	3.4946861677
PWY-6700: queuosine biosynthesis	3.4190662062
COA-PWY: coenzyme A biosynthesis I	3.4091870201
PWY0-1297: superpathway of purine deoxyribonucleosides degradation	3.1739396580
PWY-5989: stearate biosynthesis II (bacteria and plants)	2.6358385798
PWY-6703: preQ0 biosynthesis	2.6009590237
PWY-7234: inosine-5'-phosphate biosynthesis III	2.4375447929
PWY0-781: aspartate superpathway	2.4279578867
P4-PWY: superpathway of L-lysine, L-threonine and L-methionine biosynthesis I	2.3072444876
SALVADEHYPOX-PWY: adenosine nucleotides degradation II	2.2015253701
PWY-6471: peptidoglycan biosynthesis IV (Enterococcus faecium)	2.1368699732
SULFATE-CYS-PWY: superpathway of sulfate assimilation and cysteine biosynthesis	2.0942920218
MET-SAM-PWY: superpathway of S-adenosyl-L-methionine biosynthesis	2.0815875873
PHOSLIPSYN-PWY: superpathway of phospholipid biosynthesis I (bacteria)	2.0607620531
RHAMCAT-PWY: L-rhamnose degradation I	2.0413392947
PWY-5347: superpathway of L-methionine biosynthesis (transsulfuration)	1.9777149919
METSYN-PWY: L-homoserine and L-methionine biosynthesis	1.7875732477
PYRIDNUCSAL-PWY: NAD salvage pathway I	1.6922575302
PWY-5189: tetrapyrrole biosynthesis II (from glycine)	1.3289190819
PWY-5189: tetrapyrrole biosynthesis II (from glycine)|g__Blautia.s__Ruminococcus_obeum	1.2668563785
PWY4FS-7: phosphatidylglycerol biosynthesis I (plastidic)	1.2507069327
PWY4FS-8: phosphatidylglycerol biosynthesis II (non-plastidic)	1.2507069327
NAD-BIOSYNTHESIS-II: NAD salvage pathway II	1.1699005892
PWY0-1586: peptidoglycan maturation (meso-diaminopimelate containing)	1.1220423366
SO4ASSIM-PWY: sulfate reduction I (assimilatory)	0.9790407145
PWY-5100: pyruvate fermentation to acetate and lactate II	0.9310779517
HOMOSER-METSYN-PWY: L-methionine biosynthesis I	0.9098974068
PWY-6936: seleno-amino acid biosynthesis	0.8914779279
P161-PWY: acetylene degradation	0.7697056269
PWY-5173: superpathway of acetyl-CoA biosynthesis	0.7328134344
HSERMETANA-PWY: L-methionine biosynthesis III	0.6466105607