# Pathway	ERR480522_Abundance
UNMAPPED	83379.8477372505
UNINTEGRATED	13633.2018463287
UNINTEGRATED|g__Fusobacterium.s__Fusobacterium_gonidiaformans	2070.3518641034
UNINTEGRATED|g__Faecalibacterium.s__Faecalibacterium_prausnitzii	2015.4855939279
UNINTEGRATED|g__Bacteroides.s__Bacteroides_vulgatus	1444.3831132356
UNINTEGRATED|g__Bacteroides.s__Bacteroides_ovatus	1307.1716545511
UNINTEGRATED|g__Ruminococcus.s__Ruminococcus_bromii	1033.9835977538
UNINTEGRATED|g__Bacteroides.s__Bacteroides_uniformis	784.6940832465
UNINTEGRATED|g__Bacteroides.s__Bacteroides_massiliensis	688.3859686911
UNINTEGRATED|g__Blautia.s__Ruminococcus_torques	623.8617665674
UNINTEGRATED|g__Roseburia.s__Roseburia_inulinivorans	544.9801465375
UNINTEGRATED|g__Bacteroides.s__Bacteroides_nordii	488.2912127071
PWY-5695: urate biosynthesis/inosine 5'-phosphate degradation	16.3755187563
PWY-5695: urate biosynthesis/inosine 5'-phosphate degradation|g__Bacteroides.s__Bacteroides_vulgatus	3.7789294542
PWY-5695: urate biosynthesis/inosine 5'-phosphate degradation|g__Blautia.s__Ruminococcus_torques	0.9240009240
PWY-7221: guanosine ribonucleotides de novo biosynthesis	15.7083681827
PWY-7221: guanosine ribonucleotides de novo biosynthesis|g__Fusobacterium.s__Fusobacterium_gonidiaformans	4.6616488530
PWY-7221: guanosine ribonucleotides de novo biosynthesis|g__Ruminococcus.s__Ruminococcus_bromii	1.1582966763
PWY-7221: guanosine ribonucleotides de novo biosynthesis|g__Bacteroides.s__Bacteroides_massiliensis	0.9935441996
PWY-6737: starch degradation V	15.6604063213
PWY-6737: starch degradation V|g__Fusobacterium.s__Fusobacterium_gonidiaformans	4.0018826618
PWY-6737: starch degradation V|g__Ruminococcus.s__Ruminococcus_bromii	2.8260480152
PWY-6737: starch degradation V|g__Roseburia.s__Roseburia_inulinivorans	0.8499787505
PWY-6737: starch degradation V|g__Faecalibacterium.s__Faecalibacterium_prausnitzii	0.8203445447
PWY-6163: chorismate biosynthesis from 3-dehydroquinate	15.6127721256
PWY-6163: chorismate biosynthesis from 3-dehydroquinate|g__Fusobacterium.s__Fusobacterium_gonidiaformans	5.9772587150
PWY-7219: adenosine ribonucleotides de novo biosynthesis	14.5141137470
PWY-7219: adenosine ribonucleotides de novo biosynthesis|g__Fusobacterium.s__Fusobacterium_gonidiaformans	4.4954122939
PWY-7219: adenosine ribonucleotides de novo biosynthesis|g__Ruminococcus.s__Ruminococcus_bromii	2.3798103212
PWY-7219: adenosine ribonucleotides de novo biosynthesis|g__Bacteroides.s__Bacteroides_uniformis	1.9593694644
PWY-7219: adenosine ribonucleotides de novo biosynthesis|g__Bacteroides.s__Bacteroides_massiliensis	1.0096615541
PWY-7219: adenosine ribonucleotides de novo biosynthesis|g__Bacteroides.s__Bacteroides_vulgatus	0.9667658246
PWY-7219: adenosine ribonucleotides de novo biosynthesis|g__Blautia.s__Ruminococcus_torques	0.9393844388
PWY-1042: glycolysis IV (plant cytosol)	13.9583367591
PWY-1042: glycolysis IV (plant cytosol)|g__Fusobacterium.s__Fusobacterium_gonidiaformans	3.8197954300
ARO-PWY: chorismate biosynthesis I	13.8711861394
ARO-PWY: chorismate biosynthesis I|g__Fusobacterium.s__Fusobacterium_gonidiaformans	4.0619645563
PWY-6386: UDP-N-acetylmuramoyl-pentapeptide biosynthesis II (lysine-containing)	13.6375052381
PWY-6387: UDP-N-acetylmuramoyl-pentapeptide biosynthesis I (meso-diaminopimelate containing)	13.5560989563
PWY-6609: adenine and adenosine salvage III	13.5206637286
PWY-6609: adenine and adenosine salvage III|g__Bacteroides.s__Bacteroides_nordii	1.5873345626
PWY-6609: adenine and adenosine salvage III|g__Blautia.s__Ruminococcus_torques	1.1641443539
PWY-6121: 5-aminoimidazole ribonucleotide biosynthesis I	13.3203519453
PWY-6121: 5-aminoimidazole ribonucleotide biosynthesis I|g__Fusobacterium.s__Fusobacterium_gonidiaformans	3.7042371587
PWY-6121: 5-aminoimidazole ribonucleotide biosynthesis I|g__Ruminococcus.s__Ruminococcus_bromii	3.5793547443
PWY-6122: 5-aminoimidazole ribonucleotide biosynthesis II	13.3042409097
PWY-6122: 5-aminoimidazole ribonucleotide biosynthesis II|g__Fusobacterium.s__Fusobacterium_gonidiaformans	3.5969212508
PWY-6122: 5-aminoimidazole ribonucleotide biosynthesis II|g__Ruminococcus.s__Ruminococcus_bromii	3.5586185339
PWY-6277: superpathway of 5-aminoimidazole ribonucleotide biosynthesis	13.3042409097
PWY-6277: superpathway of 5-aminoimidazole ribonucleotide biosynthesis|g__Fusobacterium.s__Fusobacterium_gonidiaformans	3.5969212508
PWY-6277: superpathway of 5-aminoimidazole ribonucleotide biosynthesis|g__Ruminococcus.s__Ruminococcus_bromii	3.5586185339
PWY-6703: preQ0 biosynthesis	13.2208455622
PWY-6703: preQ0 biosynthesis|g__Fusobacterium.s__Fusobacterium_gonidiaformans	5.8633379297
PWY-6703: preQ0 biosynthesis|g__Bacteroides.s__Bacteroides_massiliensis	2.5059567167
COMPLETE-ARO-PWY: superpathway of aromatic amino acid biosynthesis	13.1305413097
PEPTIDOGLYCANSYN-PWY: peptidoglycan biosynthesis I (meso-diaminopimelate containing)	12.9070030183
COA-PWY-1: coenzyme A biosynthesis II (mammalian)	12.7273171171
COA-PWY-1: coenzyme A biosynthesis II (mammalian)|g__Fusobacterium.s__Fusobacterium_gonidiaformans	5.3856920428
ILEUSYN-PWY: L-isoleucine biosynthesis I (from threonine)	12.6174867613
ILEUSYN-PWY: L-isoleucine biosynthesis I (from threonine)|g__Faecalibacterium.s__Faecalibacterium_prausnitzii	2.3800269013
PWY-7111: pyruvate fermentation to isobutanol (engineered)	12.6174867613
PWY-7111: pyruvate fermentation to isobutanol (engineered)|g__Bacteroides.s__Bacteroides_vulgatus	2.5906732261
PWY-7111: pyruvate fermentation to isobutanol (engineered)|g__Faecalibacterium.s__Faecalibacterium_prausnitzii	2.3800269013
PWY-7111: pyruvate fermentation to isobutanol (engineered)|g__Ruminococcus.s__Ruminococcus_bromii	2.0916901909
VALSYN-PWY: L-valine biosynthesis	12.6174867613
VALSYN-PWY: L-valine biosynthesis|g__Bacteroides.s__Bacteroides_vulgatus	2.5906732261
VALSYN-PWY: L-valine biosynthesis|g__Faecalibacterium.s__Faecalibacterium_prausnitzii	2.3800269013
VALSYN-PWY: L-valine biosynthesis|g__Ruminococcus.s__Ruminococcus_bromii	2.0916901909
ANAGLYCOLYSIS-PWY: glycolysis III (from glucose)	11.6460326035
PWY-5686: UMP biosynthesis	11.4548115127
PWY-5686: UMP biosynthesis|g__Ruminococcus.s__Ruminococcus_bromii	1.9700682056
PANTO-PWY: phosphopantothenate biosynthesis I	11.3447334640
PANTO-PWY: phosphopantothenate biosynthesis I|g__Bacteroides.s__Bacteroides_vulgatus	2.2095419258
CALVIN-PWY: Calvin-Benson-Bassham cycle	11.3369884089
PWY-6700: queuosine biosynthesis	10.9721317839
PWY-6700: queuosine biosynthesis|g__Fusobacterium.s__Fusobacterium_gonidiaformans	3.4307105559
PWY-6700: queuosine biosynthesis|g__Bacteroides.s__Bacteroides_vulgatus	1.4885791280
PWY-6700: queuosine biosynthesis|g__Bacteroides.s__Bacteroides_ovatus	1.3299044020
COA-PWY: coenzyme A biosynthesis I	10.8092365717
COA-PWY: coenzyme A biosynthesis I|g__Fusobacterium.s__Fusobacterium_gonidiaformans	5.9957471616
NONOXIPENT-PWY: pentose phosphate pathway (non-oxidative branch)	9.9813341384
NONOXIPENT-PWY: pentose phosphate pathway (non-oxidative branch)|g__Ruminococcus.s__Ruminococcus_bromii	4.5039937447
PWY-5667: CDP-diacylglycerol biosynthesis I	9.6548974544
PWY0-1319: CDP-diacylglycerol biosynthesis II	9.6548974544
PWY-5097: L-lysine biosynthesis VI	9.6356261146
PWY-5097: L-lysine biosynthesis VI|g__Bacteroides.s__Bacteroides_massiliensis	1.4831228920
NONMEVIPP-PWY: methylerythritol phosphate pathway I	9.1709588674
PWY-2942: L-lysine biosynthesis III	8.7861640399
PWY-2942: L-lysine biosynthesis III|g__Bacteroides.s__Bacteroides_massiliensis	1.4382604563
ANAEROFRUCAT-PWY: homolactic fermentation	8.3081639558
ASPASN-PWY: superpathway of L-aspartate and L-asparagine biosynthesis	8.1919973229
ASPASN-PWY: superpathway of L-aspartate and L-asparagine biosynthesis|g__Fusobacterium.s__Fusobacterium_gonidiaformans	4.7849825013
PWY-3841: folate transformations II	8.0863983676
PWY-6385: peptidoglycan biosynthesis III (mycobacteria)	7.8592273592
PANTOSYN-PWY: pantothenate and coenzyme A biosynthesis I	7.6586258756
PWY-6317: galactose degradation I (Leloir pathway)	7.5019040135
PWY-6317: galactose degradation I (Leloir pathway)|g__Fusobacterium.s__Fusobacterium_gonidiaformans	3.2360032010
PWY66-422: D-galactose degradation V (Leloir pathway)	7.5019040135
PWY66-422: D-galactose degradation V (Leloir pathway)|g__Fusobacterium.s__Fusobacterium_gonidiaformans	3.2360032010
SER-GLYSYN-PWY: superpathway of L-serine and glycine biosynthesis I	7.4833855534
SER-GLYSYN-PWY: superpathway of L-serine and glycine biosynthesis I|g__Ruminococcus.s__Ruminococcus_bromii	3.6808477660
PWY-4242: pantothenate and coenzyme A biosynthesis III	7.2563488631
PWY-4242: pantothenate and coenzyme A biosynthesis III|g__Fusobacterium.s__Fusobacterium_gonidiaformans	3.5771809084
PWY-7357: thiamin formation from pyrithiamine and oxythiamine (yeast)	7.1655939730
PWY-7357: thiamin formation from pyrithiamine and oxythiamine (yeast)|g__Ruminococcus.s__Ruminococcus_bromii	3.7467491180
1CMET2-PWY: N10-formyl-tetrahydrofolate biosynthesis	7.0976850626
PHOSLIPSYN-PWY: superpathway of phospholipid biosynthesis I (bacteria)	6.8310012048
PWY66-400: glycolysis VI (metazoan)	6.7056819695
PWY-6897: thiamin salvage II	6.5149244461
PWY0-1296: purine ribonucleosides degradation	6.2930539036
PWY0-1296: purine ribonucleosides degradation|g__Blautia.s__Ruminococcus_torques	1.0928961749
GLYCOLYSIS: glycolysis I (from glucose 6-phosphate)	6.2553663927
PWY-5973: cis-vaccenate biosynthesis	6.2287411514
ARGININE-SYN4-PWY: L-ornithine de novo  biosynthesis	6.1657052393
PWY-5484: glycolysis II (from fructose 6-phosphate)	6.1148867781
PYRIDNUCSYN-PWY: NAD biosynthesis I (from aspartate)	6.0972966154
PYRIDNUCSYN-PWY: NAD biosynthesis I (from aspartate)|g__Ruminococcus.s__Ruminococcus_bromii	2.5616842739
DTDPRHAMSYN-PWY: dTDP-L-rhamnose biosynthesis I	5.8802092563
DTDPRHAMSYN-PWY: dTDP-L-rhamnose biosynthesis I|g__Bacteroides.s__Bacteroides_ovatus	1.4389061974
PWY-7229: superpathway of adenosine nucleotides de novo biosynthesis I	5.8574978409
MET-SAM-PWY: superpathway of S-adenosyl-L-methionine biosynthesis	5.6677693169
THISYNARA-PWY: superpathway of thiamin diphosphate biosynthesis III (eukaryotes)	5.5501136995
THISYNARA-PWY: superpathway of thiamin diphosphate biosynthesis III (eukaryotes)|g__Fusobacterium.s__Fusobacterium_gonidiaformans	2.0817857795
PWY-724: superpathway of L-lysine, L-threonine and L-methionine biosynthesis II	5.5408502371
PWY-7663: gondoate biosynthesis (anaerobic)	5.4291858477
COBALSYN-PWY: adenosylcobalamin salvage from cobinamide I	5.4083752150
PWY-5188: tetrapyrrole biosynthesis I (from glutamate)	5.3800493373
PWY-5188: tetrapyrrole biosynthesis I (from glutamate)|g__Fusobacterium.s__Fusobacterium_gonidiaformans	2.7036019635
PWY-841: superpathway of purine nucleotides de novo biosynthesis I	5.2710562262
PWY4FS-7: phosphatidylglycerol biosynthesis I (plastidic)	5.1972731087
PWY4FS-8: phosphatidylglycerol biosynthesis II (non-plastidic)	5.1972731087
METSYN-PWY: L-homoserine and L-methionine biosynthesis	5.1880162347
PWY-6168: flavin biosynthesis III (fungi)	5.0476438902
PWY-6527: stachyose degradation	5.0105529026
PWY-5100: pyruvate fermentation to acetate and lactate II	5.0094921409
PWY-5100: pyruvate fermentation to acetate and lactate II|g__Fusobacterium.s__Fusobacterium_gonidiaformans	3.3288707307
PWY-6126: superpathway of adenosine nucleotides de novo biosynthesis II	4.8871481993
PWY-7228: superpathway of guanosine nucleotides de novo biosynthesis I	4.8250287858
HISDEG-PWY: L-histidine degradation I	4.7133962861
HISDEG-PWY: L-histidine degradation I|g__Fusobacterium.s__Fusobacterium_gonidiaformans	3.8764252900
PWY66-409: superpathway of purine nucleotide salvage	4.6662765155
PWY-6151: S-adenosyl-L-methionine cycle I	4.2442481761
PWY-6151: S-adenosyl-L-methionine cycle I|g__Ruminococcus.s__Ruminococcus_bromii	2.1174704453
PWY-6125: superpathway of guanosine nucleotides de novo biosynthesis II	4.2385301961
PWY0-166: superpathway of pyrimidine deoxyribonucleotides de novo biosynthesis (E. coli)	4.1664135820
PWY-6123: inosine-5'-phosphate biosynthesis I	3.9863919935
PWY-6123: inosine-5'-phosphate biosynthesis I|g__Bacteroides.s__Bacteroides_ovatus	1.1034608938
HISTSYN-PWY: L-histidine biosynthesis	3.9437852889
PWY-7208: superpathway of pyrimidine nucleobases salvage	3.8850650863
HOMOSER-METSYN-PWY: L-methionine biosynthesis I	3.7952345800
HOMOSER-METSYN-PWY: L-methionine biosynthesis I|g__Ruminococcus.s__Ruminococcus_bromii	2.7309095393
PWY-6124: inosine-5'-phosphate biosynthesis II	3.5792947026
PWY-6124: inosine-5'-phosphate biosynthesis II|g__Bacteroides.s__Bacteroides_ovatus	1.0043311131
PWY-7184: pyrimidine deoxyribonucleotides de novo biosynthesis I	3.4760384718
PWY-6545: pyrimidine deoxyribonucleotides de novo biosynthesis III	3.3994855172
PWY-5989: stearate biosynthesis II (bacteria and plants)	3.1273571690
PWY-5347: superpathway of L-methionine biosynthesis (transsulfuration)	3.0547524015
PWY-5659: GDP-mannose biosynthesis	2.9822013794
PWY-5659: GDP-mannose biosynthesis|g__Bacteroides.s__Bacteroides_ovatus	0.7070262720
P162-PWY: L-glutamate degradation V (via hydroxyglutarate)	2.9023480651
PWY-5367: petroselinate biosynthesis	2.8733984187
PWY-6353: purine nucleotides degradation II (aerobic)	2.8649885793
PWY-7220: adenosine deoxyribonucleotides de novo biosynthesis II	2.8247143831
PWY-7222: guanosine deoxyribonucleotides de novo biosynthesis II	2.8247143831
BRANCHED-CHAIN-AA-SYN-PWY: superpathway of branched amino acid biosynthesis	2.7850748458
BRANCHED-CHAIN-AA-SYN-PWY: superpathway of branched amino acid biosynthesis|g__Faecalibacterium.s__Faecalibacterium_prausnitzii	1.5567746660
PWY-7197: pyrimidine deoxyribonucleotide phosphorylation	2.6181617748
PWY-5030: L-histidine degradation III	2.5722785045
PWY-3001: superpathway of L-isoleucine biosynthesis I	2.5258955770
PWY0-1297: superpathway of purine deoxyribonucleosides degradation	2.4543297710
THRESYN-PWY: superpathway of L-threonine biosynthesis	2.3776635778
GLCMANNANAUT-PWY: superpathway of N-acetylglucosamine, N-acetylmannosamine and N-acetylneuraminate degradation	2.3486209474
PWY-6608: guanosine nucleotides degradation III	2.3294082258
PWY-5103: L-isoleucine biosynthesis III	2.1953837392
PWY-5103: L-isoleucine biosynthesis III|g__Faecalibacterium.s__Faecalibacterium_prausnitzii	1.5567746660
PWY0-1586: peptidoglycan maturation (meso-diaminopimelate containing)	2.1192225795
SALVADEHYPOX-PWY: adenosine nucleotides degradation II	1.9895157882
SALVADEHYPOX-PWY: adenosine nucleotides degradation II|g__Blautia.s__Ruminococcus_torques	1.1845534234
PWY-5676: acetyl-CoA fermentation to butanoate II	1.7856100482
PWY-621: sucrose degradation III (sucrose invertase)	1.4807331851
PWY-621: sucrose degradation III (sucrose invertase)|g__Blautia.s__Ruminococcus_torques	1.4807331851