# Pathway	ERR480524_Abundance
UNMAPPED	241635.7041884333
UNINTEGRATED	58491.5611604066
UNINTEGRATED|g__Fusobacterium.s__Fusobacterium_gonidiaformans	8552.8625146309
UNINTEGRATED|g__Bacteroides.s__Bacteroides_ovatus	3717.3890293038
UNINTEGRATED|g__Ruminococcus.s__Ruminococcus_bromii	3515.6287816681
UNINTEGRATED|g__Bacteroides.s__Bacteroides_vulgatus	3163.6164099314
UNINTEGRATED|g__Bacteroides.s__Bacteroides_massiliensis	2610.9119164353
UNINTEGRATED|g__Parabacteroides.s__Parabacteroides_merdae	2230.6945172272
UNINTEGRATED|g__Bacteroides.s__Bacteroides_uniformis	1982.7168903690
UNINTEGRATED|g__Bacteroides.s__Bacteroides_nordii	1681.4336059954
UNINTEGRATED|g__Faecalibacterium.s__Faecalibacterium_prausnitzii	1474.8360664563
UNINTEGRATED|g__Coprococcus.s__Coprococcus_comes	1417.0506156651
UNINTEGRATED|g__Roseburia.s__Roseburia_inulinivorans	1151.3103707802
UNINTEGRATED|g__Bacteroides.s__Bacteroides_intestinalis	1045.7362442465
UNINTEGRATED|g__Bacteroides.s__Bacteroides_thetaiotaomicron	1032.5063507830
UNINTEGRATED|g__Eubacterium.s__Eubacterium_rectale	765.4931291579
UNINTEGRATED|g__Blautia.s__Ruminococcus_torques	719.5814835141
UNINTEGRATED|g__Lachnospiraceae_noname.s__Lachnospiraceae_bacterium_1_1_57FAA	545.2905904310
UNINTEGRATED|g__Lachnospiraceae_noname.s__Lachnospiraceae_bacterium_8_1_57FAA	382.6753853126
PWY-7219: adenosine ribonucleotides de novo biosynthesis	63.4107531208
PWY-7219: adenosine ribonucleotides de novo biosynthesis|g__Fusobacterium.s__Fusobacterium_gonidiaformans	19.3399826111
PWY-7219: adenosine ribonucleotides de novo biosynthesis|g__Ruminococcus.s__Ruminococcus_bromii	11.6478156064
PWY-7219: adenosine ribonucleotides de novo biosynthesis|g__Bacteroides.s__Bacteroides_vulgatus	6.2371148778
PWY-7219: adenosine ribonucleotides de novo biosynthesis|g__Bacteroides.s__Bacteroides_uniformis	3.6183913932
PWY-7219: adenosine ribonucleotides de novo biosynthesis|g__Bacteroides.s__Bacteroides_massiliensis	2.6714480889
PWY-7219: adenosine ribonucleotides de novo biosynthesis|g__Blautia.s__Ruminococcus_torques	2.4412370321
PWY-7219: adenosine ribonucleotides de novo biosynthesis|g__Bacteroides.s__Bacteroides_nordii	2.0986347016
PWY-7219: adenosine ribonucleotides de novo biosynthesis|g__Faecalibacterium.s__Faecalibacterium_prausnitzii	2.0241603376
PWY-7219: adenosine ribonucleotides de novo biosynthesis|g__Bacteroides.s__Bacteroides_ovatus	1.9055129660
PWY-7219: adenosine ribonucleotides de novo biosynthesis|g__Roseburia.s__Roseburia_inulinivorans	1.8582432018
PWY-7219: adenosine ribonucleotides de novo biosynthesis|g__Bacteroides.s__Bacteroides_intestinalis	1.2527762485
PWY-7219: adenosine ribonucleotides de novo biosynthesis|g__Eubacterium.s__Eubacterium_rectale	1.1278582804
PWY-7219: adenosine ribonucleotides de novo biosynthesis|g__Lachnospiraceae_noname.s__Lachnospiraceae_bacterium_1_1_57FAA	1.0551112142
PWY-7219: adenosine ribonucleotides de novo biosynthesis|g__Bacteroides.s__Bacteroides_thetaiotaomicron	1.0080012266
PWY-6737: starch degradation V	55.2502118488
PWY-6737: starch degradation V|g__Fusobacterium.s__Fusobacterium_gonidiaformans	15.6692385291
PWY-6737: starch degradation V|g__Ruminococcus.s__Ruminococcus_bromii	9.9416309157
PWY-6737: starch degradation V|g__Eubacterium.s__Eubacterium_rectale	1.5034669680
PWY-6737: starch degradation V|g__Blautia.s__Ruminococcus_torques	1.3773293080
PWY-6737: starch degradation V|g__Roseburia.s__Roseburia_inulinivorans	1.3179659215
PWY-6737: starch degradation V|g__Lachnospiraceae_noname.s__Lachnospiraceae_bacterium_8_1_57FAA	0.8499787505
PEPTIDOGLYCANSYN-PWY: peptidoglycan biosynthesis I (meso-diaminopimelate containing)	50.4381953132
PEPTIDOGLYCANSYN-PWY: peptidoglycan biosynthesis I (meso-diaminopimelate containing)|g__Fusobacterium.s__Fusobacterium_gonidiaformans	19.5418700900
PEPTIDOGLYCANSYN-PWY: peptidoglycan biosynthesis I (meso-diaminopimelate containing)|g__Bacteroides.s__Bacteroides_vulgatus	4.0439978118
PWY-6386: UDP-N-acetylmuramoyl-pentapeptide biosynthesis II (lysine-containing)	49.2929137356
PWY-6386: UDP-N-acetylmuramoyl-pentapeptide biosynthesis II (lysine-containing)|g__Fusobacterium.s__Fusobacterium_gonidiaformans	19.0921650660
PWY-6387: UDP-N-acetylmuramoyl-pentapeptide biosynthesis I (meso-diaminopimelate containing)	48.2106113660
PWY-6387: UDP-N-acetylmuramoyl-pentapeptide biosynthesis I (meso-diaminopimelate containing)|g__Fusobacterium.s__Fusobacterium_gonidiaformans	18.4269430729
PWY-6387: UDP-N-acetylmuramoyl-pentapeptide biosynthesis I (meso-diaminopimelate containing)|g__Bacteroides.s__Bacteroides_vulgatus	4.4949772891
PWY-1042: glycolysis IV (plant cytosol)	47.9632687451
PWY-1042: glycolysis IV (plant cytosol)|g__Fusobacterium.s__Fusobacterium_gonidiaformans	14.3245484546
PWY-1042: glycolysis IV (plant cytosol)|g__Ruminococcus.s__Ruminococcus_bromii	13.6472654134
PWY-1042: glycolysis IV (plant cytosol)|g__Bacteroides.s__Bacteroides_ovatus	2.2517155546
PWY-5686: UMP biosynthesis	47.8616967025
PWY-5686: UMP biosynthesis|g__Ruminococcus.s__Ruminococcus_bromii	9.6062427085
PWY-5686: UMP biosynthesis|g__Bacteroides.s__Bacteroides_ovatus	2.4633348512
PWY-5686: UMP biosynthesis|g__Bacteroides.s__Bacteroides_massiliensis	1.7935760675
PWY-6121: 5-aminoimidazole ribonucleotide biosynthesis I	43.9924971379
PWY-6121: 5-aminoimidazole ribonucleotide biosynthesis I|g__Fusobacterium.s__Fusobacterium_gonidiaformans	15.1472741005
PWY-6121: 5-aminoimidazole ribonucleotide biosynthesis I|g__Ruminococcus.s__Ruminococcus_bromii	8.4963612492
PWY-6121: 5-aminoimidazole ribonucleotide biosynthesis I|g__Coprococcus.s__Coprococcus_comes	1.1952733143
ANAGLYCOLYSIS-PWY: glycolysis III (from glucose)	43.5029174043
ANAGLYCOLYSIS-PWY: glycolysis III (from glucose)|g__Bacteroides.s__Bacteroides_ovatus	1.9508555884
NONMEVIPP-PWY: methylerythritol phosphate pathway I	42.9932809050
NONMEVIPP-PWY: methylerythritol phosphate pathway I|g__Bacteroides.s__Bacteroides_vulgatus	3.8603548905
PWY-6122: 5-aminoimidazole ribonucleotide biosynthesis II	42.4698918953
PWY-6122: 5-aminoimidazole ribonucleotide biosynthesis II|g__Fusobacterium.s__Fusobacterium_gonidiaformans	14.7634427535
PWY-6122: 5-aminoimidazole ribonucleotide biosynthesis II|g__Ruminococcus.s__Ruminococcus_bromii	8.3351039008
PWY-6122: 5-aminoimidazole ribonucleotide biosynthesis II|g__Lachnospiraceae_noname.s__Lachnospiraceae_bacterium_1_1_57FAA	1.6522259835
PWY-6122: 5-aminoimidazole ribonucleotide biosynthesis II|g__Coprococcus.s__Coprococcus_comes	1.0964480460
PWY-6277: superpathway of 5-aminoimidazole ribonucleotide biosynthesis	42.4698918953
PWY-6277: superpathway of 5-aminoimidazole ribonucleotide biosynthesis|g__Fusobacterium.s__Fusobacterium_gonidiaformans	14.7634427535
PWY-6277: superpathway of 5-aminoimidazole ribonucleotide biosynthesis|g__Ruminococcus.s__Ruminococcus_bromii	8.3351039008
PWY-6277: superpathway of 5-aminoimidazole ribonucleotide biosynthesis|g__Lachnospiraceae_noname.s__Lachnospiraceae_bacterium_1_1_57FAA	1.6522259835
PWY-6277: superpathway of 5-aminoimidazole ribonucleotide biosynthesis|g__Coprococcus.s__Coprococcus_comes	1.0964480460
PWY-6163: chorismate biosynthesis from 3-dehydroquinate	41.9192857753
PWY-6163: chorismate biosynthesis from 3-dehydroquinate|g__Fusobacterium.s__Fusobacterium_gonidiaformans	10.5182631647
PWY-6163: chorismate biosynthesis from 3-dehydroquinate|g__Blautia.s__Ruminococcus_torques	1.4741650111
PWY-7221: guanosine ribonucleotides de novo biosynthesis	41.4709060330
PWY-7221: guanosine ribonucleotides de novo biosynthesis|g__Fusobacterium.s__Fusobacterium_gonidiaformans	14.8130215203
PWY-7221: guanosine ribonucleotides de novo biosynthesis|g__Ruminococcus.s__Ruminococcus_bromii	4.4081639033
PWY-7221: guanosine ribonucleotides de novo biosynthesis|g__Bacteroides.s__Bacteroides_massiliensis	2.9507019543
PWY-7221: guanosine ribonucleotides de novo biosynthesis|g__Bacteroides.s__Bacteroides_vulgatus	2.4452252495
PWY-7221: guanosine ribonucleotides de novo biosynthesis|g__Bacteroides.s__Bacteroides_nordii	2.3779611503
PWY-7221: guanosine ribonucleotides de novo biosynthesis|g__Bacteroides.s__Bacteroides_thetaiotaomicron	1.6666666667
PWY-7221: guanosine ribonucleotides de novo biosynthesis|g__Lachnospiraceae_noname.s__Lachnospiraceae_bacterium_8_1_57FAA	0.8791208791
ARO-PWY: chorismate biosynthesis I	40.8195609859
ARO-PWY: chorismate biosynthesis I|g__Fusobacterium.s__Fusobacterium_gonidiaformans	11.9447687015
ARO-PWY: chorismate biosynthesis I|g__Blautia.s__Ruminococcus_torques	1.4877087821
COA-PWY-1: coenzyme A biosynthesis II (mammalian)	40.0921255004
COA-PWY-1: coenzyme A biosynthesis II (mammalian)|g__Fusobacterium.s__Fusobacterium_gonidiaformans	15.7341752488
COA-PWY-1: coenzyme A biosynthesis II (mammalian)|g__Bacteroides.s__Bacteroides_vulgatus	2.3402738100
CALVIN-PWY: Calvin-Benson-Bassham cycle	40.0790224503
CALVIN-PWY: Calvin-Benson-Bassham cycle|g__Ruminococcus.s__Ruminococcus_bromii	10.0403263864
COMPLETE-ARO-PWY: superpathway of aromatic amino acid biosynthesis	40.0303268273
COMPLETE-ARO-PWY: superpathway of aromatic amino acid biosynthesis|g__Blautia.s__Ruminococcus_torques	1.5953756300
NONOXIPENT-PWY: pentose phosphate pathway (non-oxidative branch)	39.2355507837
NONOXIPENT-PWY: pentose phosphate pathway (non-oxidative branch)|g__Ruminococcus.s__Ruminococcus_bromii	13.0242126533
NONOXIPENT-PWY: pentose phosphate pathway (non-oxidative branch)|g__Bacteroides.s__Bacteroides_thetaiotaomicron	1.2136842904
PWY-6317: galactose degradation I (Leloir pathway)	38.9798257086
PWY-6317: galactose degradation I (Leloir pathway)|g__Fusobacterium.s__Fusobacterium_gonidiaformans	15.0627136445
PWY-6317: galactose degradation I (Leloir pathway)|g__Ruminococcus.s__Ruminococcus_bromii	10.0176245919
PWY66-422: D-galactose degradation V (Leloir pathway)	38.9798257086
PWY66-422: D-galactose degradation V (Leloir pathway)|g__Fusobacterium.s__Fusobacterium_gonidiaformans	15.0627136445
PWY66-422: D-galactose degradation V (Leloir pathway)|g__Ruminococcus.s__Ruminococcus_bromii	10.0176245919
PWY66-422: D-galactose degradation V (Leloir pathway)|g__Eubacterium.s__Eubacterium_rectale	1.0842943759
PWY-6703: preQ0 biosynthesis	37.3638307257
PWY-6703: preQ0 biosynthesis|g__Fusobacterium.s__Fusobacterium_gonidiaformans	18.5822013581
PWY-6703: preQ0 biosynthesis|g__Bacteroides.s__Bacteroides_vulgatus	3.9852139814
PWY-6703: preQ0 biosynthesis|g__Bacteroides.s__Bacteroides_nordii	2.9441635957
PWY-6703: preQ0 biosynthesis|g__Bacteroides.s__Bacteroides_massiliensis	2.1732143447
PWY-6700: queuosine biosynthesis	37.0529081915
PWY-6700: queuosine biosynthesis|g__Fusobacterium.s__Fusobacterium_gonidiaformans	18.3966993550
PWY-6700: queuosine biosynthesis|g__Bacteroides.s__Bacteroides_massiliensis	3.2778778393
PWY-6151: S-adenosyl-L-methionine cycle I	36.9932445595
PWY-6151: S-adenosyl-L-methionine cycle I|g__Ruminococcus.s__Ruminococcus_bromii	8.6520945986
PWY-6151: S-adenosyl-L-methionine cycle I|g__Bacteroides.s__Bacteroides_vulgatus	4.4839462514
PWY-6151: S-adenosyl-L-methionine cycle I|g__Bacteroides.s__Bacteroides_massiliensis	2.7420251110
PWY-5667: CDP-diacylglycerol biosynthesis I	35.2802444378
PWY-5667: CDP-diacylglycerol biosynthesis I|g__Ruminococcus.s__Ruminococcus_bromii	4.6736720104
PWY-5667: CDP-diacylglycerol biosynthesis I|g__Bacteroides.s__Bacteroides_ovatus	4.0349979334
PWY-5667: CDP-diacylglycerol biosynthesis I|g__Parabacteroides.s__Parabacteroides_merdae	1.3692202368
PWY0-1319: CDP-diacylglycerol biosynthesis II	35.2802444378
PWY0-1319: CDP-diacylglycerol biosynthesis II|g__Ruminococcus.s__Ruminococcus_bromii	4.6736720104
PWY0-1319: CDP-diacylglycerol biosynthesis II|g__Bacteroides.s__Bacteroides_ovatus	4.0349979334
PWY0-1319: CDP-diacylglycerol biosynthesis II|g__Parabacteroides.s__Parabacteroides_merdae	1.3692202368
PWY-6609: adenine and adenosine salvage III	34.8705648174
PWY-6609: adenine and adenosine salvage III|g__Fusobacterium.s__Fusobacterium_gonidiaformans	13.0691570350
PWY-6609: adenine and adenosine salvage III|g__Bacteroides.s__Bacteroides_nordii	1.4947683109
PWY-6527: stachyose degradation	34.4903035670
PWY-5695: urate biosynthesis/inosine 5'-phosphate degradation	32.9089031758
PWY-5695: urate biosynthesis/inosine 5'-phosphate degradation|g__Bacteroides.s__Bacteroides_vulgatus	4.8329725076
PWY-5695: urate biosynthesis/inosine 5'-phosphate degradation|g__Faecalibacterium.s__Faecalibacterium_prausnitzii	2.0909929184
PWY-5695: urate biosynthesis/inosine 5'-phosphate degradation|g__Bacteroides.s__Bacteroides_massiliensis	1.7289733747
COBALSYN-PWY: adenosylcobalamin salvage from cobinamide I	30.5348911755
COBALSYN-PWY: adenosylcobalamin salvage from cobinamide I|g__Fusobacterium.s__Fusobacterium_gonidiaformans	17.1300430638
PWY-5097: L-lysine biosynthesis VI	30.2963649767
PWY-5097: L-lysine biosynthesis VI|g__Bacteroides.s__Bacteroides_massiliensis	2.1858160125
PWY-5097: L-lysine biosynthesis VI|g__Bacteroides.s__Bacteroides_ovatus	1.3727451960
PWY-5100: pyruvate fermentation to acetate and lactate II	29.5445115977
PWY-5100: pyruvate fermentation to acetate and lactate II|g__Fusobacterium.s__Fusobacterium_gonidiaformans	16.1715381671
ILEUSYN-PWY: L-isoleucine biosynthesis I (from threonine)	27.0082691357
PWY-7111: pyruvate fermentation to isobutanol (engineered)	27.0082691357
PWY-7111: pyruvate fermentation to isobutanol (engineered)|g__Ruminococcus.s__Ruminococcus_bromii	8.1074560952
PWY-7111: pyruvate fermentation to isobutanol (engineered)|g__Bacteroides.s__Bacteroides_massiliensis	2.3018336411
PWY-7111: pyruvate fermentation to isobutanol (engineered)|g__Parabacteroides.s__Parabacteroides_merdae	0.8600348274
PWY-7111: pyruvate fermentation to isobutanol (engineered)|g__Coprococcus.s__Coprococcus_comes	0.7676069852
VALSYN-PWY: L-valine biosynthesis	27.0082691357
VALSYN-PWY: L-valine biosynthesis|g__Ruminococcus.s__Ruminococcus_bromii	8.1074560952
VALSYN-PWY: L-valine biosynthesis|g__Bacteroides.s__Bacteroides_massiliensis	2.3018336411
VALSYN-PWY: L-valine biosynthesis|g__Faecalibacterium.s__Faecalibacterium_prausnitzii	1.6566573952
VALSYN-PWY: L-valine biosynthesis|g__Parabacteroides.s__Parabacteroides_merdae	0.8600348274
PWY-5188: tetrapyrrole biosynthesis I (from glutamate)	25.9047599309
PWY-5188: tetrapyrrole biosynthesis I (from glutamate)|g__Fusobacterium.s__Fusobacterium_gonidiaformans	14.9865432660
PWY-5188: tetrapyrrole biosynthesis I (from glutamate)|g__Ruminococcus.s__Ruminococcus_bromii	6.8895121909
PWY-5973: cis-vaccenate biosynthesis	25.8472703546
PWY-2942: L-lysine biosynthesis III	25.7584672448
PWY-2942: L-lysine biosynthesis III|g__Bacteroides.s__Bacteroides_vulgatus	2.5394333404
PWY-2942: L-lysine biosynthesis III|g__Bacteroides.s__Bacteroides_massiliensis	2.2203075825
PWY-2942: L-lysine biosynthesis III|g__Bacteroides.s__Bacteroides_ovatus	1.3900332265
PWY-2942: L-lysine biosynthesis III|g__Blautia.s__Ruminococcus_torques	1.1808850955
THISYNARA-PWY: superpathway of thiamin diphosphate biosynthesis III (eukaryotes)	25.6525457479
THISYNARA-PWY: superpathway of thiamin diphosphate biosynthesis III (eukaryotes)|g__Fusobacterium.s__Fusobacterium_gonidiaformans	16.8182078131
1CMET2-PWY: N10-formyl-tetrahydrofolate biosynthesis	25.3467658283
1CMET2-PWY: N10-formyl-tetrahydrofolate biosynthesis|g__Bacteroides.s__Bacteroides_ovatus	1.9139735190
PWY-6385: peptidoglycan biosynthesis III (mycobacteria)	24.4086871653
PWY-3841: folate transformations II	23.6970397386
PWY-3841: folate transformations II|g__Bacteroides.s__Bacteroides_vulgatus	4.5728922996
PWY-3841: folate transformations II|g__Bacteroides.s__Bacteroides_ovatus	2.1408399834
PWY-3841: folate transformations II|g__Bacteroides.s__Bacteroides_intestinalis	1.5847878377
PWY-7282: 4-amino-2-methyl-5-phosphomethylpyrimidine biosynthesis (yeast)	23.5675026375
PWY-7663: gondoate biosynthesis (anaerobic)	23.4248264958
PWY-7663: gondoate biosynthesis (anaerobic)|g__Bacteroides.s__Bacteroides_nordii	2.7147515922
PWY-7663: gondoate biosynthesis (anaerobic)|g__Bacteroides.s__Bacteroides_ovatus	1.8811254548
PWY-6168: flavin biosynthesis III (fungi)	23.2787303586
PANTO-PWY: phosphopantothenate biosynthesis I	22.0320661242
PANTO-PWY: phosphopantothenate biosynthesis I|g__Bacteroides.s__Bacteroides_ovatus	2.8646475412
PANTO-PWY: phosphopantothenate biosynthesis I|g__Bacteroides.s__Bacteroides_vulgatus	2.3077879283
PANTO-PWY: phosphopantothenate biosynthesis I|g__Bacteroides.s__Bacteroides_massiliensis	2.0599479357
PANTO-PWY: phosphopantothenate biosynthesis I|g__Bacteroides.s__Bacteroides_intestinalis	1.7536174042
PANTO-PWY: phosphopantothenate biosynthesis I|g__Blautia.s__Ruminococcus_torques	1.5328451624
PANTO-PWY: phosphopantothenate biosynthesis I|g__Bacteroides.s__Bacteroides_uniformis	1.4140967231
DTDPRHAMSYN-PWY: dTDP-L-rhamnose biosynthesis I	21.9823899691
DTDPRHAMSYN-PWY: dTDP-L-rhamnose biosynthesis I|g__Bacteroides.s__Bacteroides_ovatus	4.3498195222
DTDPRHAMSYN-PWY: dTDP-L-rhamnose biosynthesis I|g__Faecalibacterium.s__Faecalibacterium_prausnitzii	1.8072046962
PYRIDNUCSYN-PWY: NAD biosynthesis I (from aspartate)	21.7551099684
PYRIDNUCSYN-PWY: NAD biosynthesis I (from aspartate)|g__Ruminococcus.s__Ruminococcus_bromii	6.8436259849
COA-PWY: coenzyme A biosynthesis I	21.0264488028
COA-PWY: coenzyme A biosynthesis I|g__Fusobacterium.s__Fusobacterium_gonidiaformans	15.7341752488
PWY-4242: pantothenate and coenzyme A biosynthesis III	20.8680666673
PWY-4242: pantothenate and coenzyme A biosynthesis III|g__Fusobacterium.s__Fusobacterium_gonidiaformans	13.8211563731
PANTOSYN-PWY: pantothenate and coenzyme A biosynthesis I	20.5585062551
PWY-5030: L-histidine degradation III	20.4528645791
ASPASN-PWY: superpathway of L-aspartate and L-asparagine biosynthesis	20.1524882256
ASPASN-PWY: superpathway of L-aspartate and L-asparagine biosynthesis|g__Fusobacterium.s__Fusobacterium_gonidiaformans	12.7224353945
ASPASN-PWY: superpathway of L-aspartate and L-asparagine biosynthesis|g__Bacteroides.s__Bacteroides_ovatus	1.5660214117
PWY-724: superpathway of L-lysine, L-threonine and L-methionine biosynthesis II	19.7913000976
SER-GLYSYN-PWY: superpathway of L-serine and glycine biosynthesis I	19.6130943669
SER-GLYSYN-PWY: superpathway of L-serine and glycine biosynthesis I|g__Ruminococcus.s__Ruminococcus_bromii	11.3414486836
HISDEG-PWY: L-histidine degradation I	19.3401272573
HISDEG-PWY: L-histidine degradation I|g__Fusobacterium.s__Fusobacterium_gonidiaformans	15.2905740796
PWY-7357: thiamin formation from pyrithiamine and oxythiamine (yeast)	19.2469705796
PWY-7357: thiamin formation from pyrithiamine and oxythiamine (yeast)|g__Ruminococcus.s__Ruminococcus_bromii	6.7574980581
ANAEROFRUCAT-PWY: homolactic fermentation	17.4654972684
PWY-6897: thiamin salvage II	17.2650854607
PHOSLIPSYN-PWY: superpathway of phospholipid biosynthesis I (bacteria)	16.5494110802
PWY0-1296: purine ribonucleosides degradation	15.5274231512
PWY0-1296: purine ribonucleosides degradation|g__Lachnospiraceae_noname.s__Lachnospiraceae_bacterium_1_1_57FAA	1.1044493531
PWY0-845: superpathway of pyridoxal 5'-phosphate biosynthesis and salvage	15.0905926915
PWY-7400: L-arginine biosynthesis IV (archaebacteria)	13.8721040775
ARGININE-SYN4-PWY: L-ornithine de novo  biosynthesis	13.5665703241
ARGININE-SYN4-PWY: L-ornithine de novo  biosynthesis|g__Bacteroides.s__Bacteroides_massiliensis	2.2376237052
ARGININE-SYN4-PWY: L-ornithine de novo  biosynthesis|g__Bacteroides.s__Bacteroides_nordii	1.9158007600
ARGSYN-PWY: L-arginine biosynthesis I (via L-ornithine)	13.2748779278
TRPSYN-PWY: L-tryptophan biosynthesis	12.8756221663
MET-SAM-PWY: superpathway of S-adenosyl-L-methionine biosynthesis	12.6838595390
PWY-7199: pyrimidine deoxyribonucleosides salvage	12.4828738435
PWY-5989: stearate biosynthesis II (bacteria and plants)	12.3407466191
THRESYN-PWY: superpathway of L-threonine biosynthesis	12.1136544556
METSYN-PWY: L-homoserine and L-methionine biosynthesis	11.9895064253
PWY4FS-7: phosphatidylglycerol biosynthesis I (plastidic)	11.9375968354
PWY4FS-8: phosphatidylglycerol biosynthesis II (non-plastidic)	11.9375968354
PWY-5347: superpathway of L-methionine biosynthesis (transsulfuration)	11.2470909615
PWY-7229: superpathway of adenosine nucleotides de novo biosynthesis I	11.2265506813
PYRIDOXSYN-PWY: pyridoxal 5'-phosphate biosynthesis I	11.1262991096
PWY-5367: petroselinate biosynthesis	10.8494976678
PWY-6123: inosine-5'-phosphate biosynthesis I	10.4722617049
PWY-6123: inosine-5'-phosphate biosynthesis I|g__Bacteroides.s__Bacteroides_ovatus	2.0840039182
PWY-6123: inosine-5'-phosphate biosynthesis I|g__Bacteroides.s__Bacteroides_nordii	1.0316491873
PWY66-400: glycolysis VI (metazoan)	9.0918723218
PWY66-400: glycolysis VI (metazoan)|g__Bacteroides.s__Bacteroides_ovatus	1.9320853842
PWY-6124: inosine-5'-phosphate biosynthesis II	9.0898690762
PWY-6124: inosine-5'-phosphate biosynthesis II|g__Bacteroides.s__Bacteroides_ovatus	1.8753644777
PWY-6124: inosine-5'-phosphate biosynthesis II|g__Bacteroides.s__Bacteroides_nordii	0.8815582588
HOMOSER-METSYN-PWY: L-methionine biosynthesis I	8.7802615074
HOMOSER-METSYN-PWY: L-methionine biosynthesis I|g__Ruminococcus.s__Ruminococcus_bromii	5.2248378207
HISTSYN-PWY: L-histidine biosynthesis	8.7664580612
HISTSYN-PWY: L-histidine biosynthesis|g__Ruminococcus.s__Ruminococcus_bromii	4.6892194602
PWY-841: superpathway of purine nucleotides de novo biosynthesis I	8.6975596294
ARGSYNBSUB-PWY: L-arginine biosynthesis II (acetyl cycle)	8.6612399756
RHAMCAT-PWY: L-rhamnose degradation I	8.6582819856
RHAMCAT-PWY: L-rhamnose degradation I|g__Bacteroides.s__Bacteroides_ovatus	1.8730162041
GLYCOLYSIS: glycolysis I (from glucose 6-phosphate)	8.4303799177
PWY-5484: glycolysis II (from fructose 6-phosphate)	8.4205284151
PWY-5154: L-arginine biosynthesis III (via N-acetyl-L-citrulline)	8.2035128377
PWY0-162: superpathway of pyrimidine ribonucleotides de novo biosynthesis	7.8540400050
PWY-6126: superpathway of adenosine nucleotides de novo biosynthesis II	7.7224564446
PWY0-1586: peptidoglycan maturation (meso-diaminopimelate containing)	7.7122090934
PWY0-1586: peptidoglycan maturation (meso-diaminopimelate containing)|g__Faecalibacterium.s__Faecalibacterium_prausnitzii	2.0054824973
P162-PWY: L-glutamate degradation V (via hydroxyglutarate)	7.6230636549
PWY-621: sucrose degradation III (sucrose invertase)	7.2680655228
PWY-621: sucrose degradation III (sucrose invertase)|g__Blautia.s__Ruminococcus_torques	2.2462060687
PWY-7208: superpathway of pyrimidine nucleobases salvage	6.9798940771
TCA: TCA cycle I (prokaryotic)	6.9681557286
PWY-7228: superpathway of guanosine nucleotides de novo biosynthesis I	6.5815076255
PWY-7228: superpathway of guanosine nucleotides de novo biosynthesis I|g__Bacteroides.s__Bacteroides_massiliensis	2.6232826658
PWY-6305: putrescine biosynthesis IV	6.4158208836
PWY-6969: TCA cycle V (2-oxoglutarate:ferredoxin oxidoreductase)	6.2753606085
GALACTUROCAT-PWY: D-galacturonate degradation I	6.1247261688
GALACTUROCAT-PWY: D-galacturonate degradation I|g__Faecalibacterium.s__Faecalibacterium_prausnitzii	3.0271619818
PWY66-409: superpathway of purine nucleotide salvage	6.1105536992
PWY0-166: superpathway of pyrimidine deoxyribonucleotides de novo biosynthesis (E. coli)	5.8696165536
GLUTORN-PWY: L-ornithine biosynthesis	5.6833482438
PWY-7196: superpathway of pyrimidine ribonucleosides salvage	5.6305190210
PWY-6507: 4-deoxy-L-threo-hex-4-enopyranuronate degradation	5.5577590010
PWY-6507: 4-deoxy-L-threo-hex-4-enopyranuronate degradation|g__Faecalibacterium.s__Faecalibacterium_prausnitzii	1.8227050453
PWY-5189: tetrapyrrole biosynthesis II (from glycine)	5.5042809633
PWY-6125: superpathway of guanosine nucleotides de novo biosynthesis II	5.4532201451
PWY-7242: D-fructuronate degradation	5.3930018210
PWY-7242: D-fructuronate degradation|g__Faecalibacterium.s__Faecalibacterium_prausnitzii	1.8223756251
PWY-5659: GDP-mannose biosynthesis	5.3429472050
PWY-5659: GDP-mannose biosynthesis|g__Bacteroides.s__Bacteroides_ovatus	2.2864938776
PWY-5659: GDP-mannose biosynthesis|g__Faecalibacterium.s__Faecalibacterium_prausnitzii	1.7860535422
GLUCUROCAT-PWY: superpathway of &beta;-D-glucuronide and D-glucuronate degradation	4.8685244470
GLUCUROCAT-PWY: superpathway of &beta;-D-glucuronide and D-glucuronate degradation|g__Faecalibacterium.s__Faecalibacterium_prausnitzii	1.5475918399
GALACT-GLUCUROCAT-PWY: superpathway of hexuronide and hexuronate degradation	4.7802910667
GALACT-GLUCUROCAT-PWY: superpathway of hexuronide and hexuronate degradation|g__Faecalibacterium.s__Faecalibacterium_prausnitzii	1.7592511276
PWY-3001: superpathway of L-isoleucine biosynthesis I	4.7595994427
PWY-7184: pyrimidine deoxyribonucleotides de novo biosynthesis I	4.6688877879
PWY-5690: TCA cycle II (plants and fungi)	4.6654943543
PWY-6545: pyrimidine deoxyribonucleotides de novo biosynthesis III	4.5921248428
P441-PWY: superpathway of N-acetylneuraminate degradation	4.4767400911
PWY-7211: superpathway of pyrimidine deoxyribonucleotides de novo biosynthesis	4.2477264366
PWY-5177: glutaryl-CoA degradation	4.0306021268
PWY-5177: glutaryl-CoA degradation|g__Faecalibacterium.s__Faecalibacterium_prausnitzii	1.2493477941
PWY-7220: adenosine deoxyribonucleotides de novo biosynthesis II	3.5663068131
PWY-7222: guanosine deoxyribonucleotides de novo biosynthesis II	3.5663068131
COLANSYN-PWY: colanic acid building blocks biosynthesis	3.5119697174
PWY-1269: CMP-3-deoxy-D-manno-octulosonate biosynthesis I	3.4379136792
PWY-7323: superpathway of GDP-mannose-derived O-antigen building blocks biosynthesis	3.4153276670
PWY-7323: superpathway of GDP-mannose-derived O-antigen building blocks biosynthesis|g__Bacteroides.s__Bacteroides_ovatus	2.2151200811
BRANCHED-CHAIN-AA-SYN-PWY: superpathway of branched amino acid biosynthesis	3.0535445423
PWY-6353: purine nucleotides degradation II (aerobic)	3.0449307383
PWY-7197: pyrimidine deoxyribonucleotide phosphorylation	3.0447402055
PWY0-1297: superpathway of purine deoxyribonucleosides degradation	2.9315218557
TRNA-CHARGING-PWY: tRNA charging	2.9229048137
GLCMANNANAUT-PWY: superpathway of N-acetylglucosamine, N-acetylmannosamine and N-acetylneuraminate degradation	2.8638068531
GLCMANNANAUT-PWY: superpathway of N-acetylglucosamine, N-acetylmannosamine and N-acetylneuraminate degradation|g__Blautia.s__Ruminococcus_torques	1.5230249744
GLYCOGENSYNTH-PWY: glycogen biosynthesis I (from ADP-D-Glucose)	2.8415590995
GLYCOGENSYNTH-PWY: glycogen biosynthesis I (from ADP-D-Glucose)|g__Eubacterium.s__Eubacterium_rectale	1.0549845099
HSERMETANA-PWY: L-methionine biosynthesis III	2.4897949074
PWY-6608: guanosine nucleotides degradation III	2.4192277855
PWY-5103: L-isoleucine biosynthesis III	2.3500063190
PWY-5676: acetyl-CoA fermentation to butanoate II	2.3374671485
SALVADEHYPOX-PWY: adenosine nucleotides degradation II	2.0421331580
FUCCAT-PWY: fucose degradation	2.0013269327
PWY-5101: L-isoleucine biosynthesis II	1.9497256162
PWY-4981: L-proline biosynthesis II (from arginine)	1.7159846452
PWY-6606: guanosine nucleotides degradation II	1.2192050390
GLYCOCAT-PWY: glycogen degradation I (bacterial)	1.1074109647