# Pathway	ERR480757_Abundance
UNMAPPED	213532.9226691399
UNINTEGRATED	194981.6638090309
UNINTEGRATED|g__Bacteroides.s__Bacteroides_dorei	54558.6673451353
UNINTEGRATED|g__Streptococcus.s__Streptococcus_thermophilus	35274.1999430034
UNINTEGRATED|g__Escherichia.s__Escherichia_coli	15232.1884512922
UNINTEGRATED|g__Bacteroides.s__Bacteroides_ovatus	14529.2012803370
UNINTEGRATED|g__Bifidobacterium.s__Bifidobacterium_animalis	14525.6594836140
UNINTEGRATED|g__Blautia.s__Ruminococcus_obeum	13781.3030620937
UNINTEGRATED|g__Blautia.s__Ruminococcus_torques	4135.1534045495
UNINTEGRATED|g__Blautia.s__Ruminococcus_gnavus	3376.3678183368
UNINTEGRATED|g__Bacteroides.s__Bacteroides_fragilis	3175.7920843547
UNINTEGRATED|g__Eubacterium.s__Eubacterium_rectale	2575.1094211835
UNINTEGRATED|g__Streptococcus.s__Streptococcus_salivarius	2299.1736341409
UNINTEGRATED|g__Bacteroides.s__Bacteroides_uniformis	1703.0486310791
UNINTEGRATED|g__Lachnospiraceae_noname.s__Lachnospiraceae_bacterium_5_1_63FAA	1699.7969978950
UNINTEGRATED|g__Bacteroides.s__Bacteroides_thetaiotaomicron	1439.7945139084
UNINTEGRATED|g__Parabacteroides.s__Parabacteroides_distasonis	1389.3324348964
UNINTEGRATED|g__Dorea.s__Dorea_longicatena	1291.4974151922
UNINTEGRATED|g__Peptostreptococcaceae_noname.s__Clostridium_bartlettii	833.2158147561
UNINTEGRATED|g__Lactococcus.s__Lactococcus_lactis	701.7644606063
UNINTEGRATED|g__Lactobacillus.s__Lactobacillus_delbrueckii	511.6116872147
UNINTEGRATED|g__Haemophilus.s__Haemophilus_pittmaniae	273.7367232253
PWY-7219: adenosine ribonucleotides de novo biosynthesis	191.7413004886
PWY-7219: adenosine ribonucleotides de novo biosynthesis|g__Streptococcus.s__Streptococcus_thermophilus	73.1303235551
PWY-7219: adenosine ribonucleotides de novo biosynthesis|g__Bacteroides.s__Bacteroides_dorei	48.8342862490
PWY-7219: adenosine ribonucleotides de novo biosynthesis|g__Bifidobacterium.s__Bifidobacterium_animalis	37.6991307529
PWY-7219: adenosine ribonucleotides de novo biosynthesis|g__Bacteroides.s__Bacteroides_ovatus	10.2061948743
PWY-7219: adenosine ribonucleotides de novo biosynthesis|g__Lachnospiraceae_noname.s__Lachnospiraceae_bacterium_5_1_63FAA	5.8241579531
PWY-7219: adenosine ribonucleotides de novo biosynthesis|g__Blautia.s__Ruminococcus_torques	4.7925931047
PWY-7219: adenosine ribonucleotides de novo biosynthesis|g__Escherichia.s__Escherichia_coli	4.4541414851
PWY-7219: adenosine ribonucleotides de novo biosynthesis|g__Blautia.s__Ruminococcus_gnavus	3.2086243713
PWY-7219: adenosine ribonucleotides de novo biosynthesis|g__Eubacterium.s__Eubacterium_rectale	1.8850674574
PWY-7219: adenosine ribonucleotides de novo biosynthesis|g__Bacteroides.s__Bacteroides_uniformis	1.7284900665
PWY-7219: adenosine ribonucleotides de novo biosynthesis|g__Parabacteroides.s__Parabacteroides_distasonis	1.4221974626
PWY-7219: adenosine ribonucleotides de novo biosynthesis|g__Peptostreptococcaceae_noname.s__Clostridium_bartlettii	1.3390460833
PWY-7219: adenosine ribonucleotides de novo biosynthesis|g__Dorea.s__Dorea_longicatena	1.2560082204
PWY-7219: adenosine ribonucleotides de novo biosynthesis|g__Streptococcus.s__Streptococcus_salivarius	1.2246246780
ILEUSYN-PWY: L-isoleucine biosynthesis I (from threonine)	149.5163439601
ILEUSYN-PWY: L-isoleucine biosynthesis I (from threonine)|g__Escherichia.s__Escherichia_coli	9.9684317127
ILEUSYN-PWY: L-isoleucine biosynthesis I (from threonine)|g__Blautia.s__Ruminococcus_obeum	2.6186265511
PWY-7111: pyruvate fermentation to isobutanol (engineered)	149.5163439601
PWY-7111: pyruvate fermentation to isobutanol (engineered)|g__Streptococcus.s__Streptococcus_thermophilus	34.4003747549
PWY-7111: pyruvate fermentation to isobutanol (engineered)|g__Escherichia.s__Escherichia_coli	9.9787135697
PWY-7111: pyruvate fermentation to isobutanol (engineered)|g__Blautia.s__Ruminococcus_torques	8.5294807260
PWY-7111: pyruvate fermentation to isobutanol (engineered)|g__Streptococcus.s__Streptococcus_salivarius	4.1571284264
PWY-7111: pyruvate fermentation to isobutanol (engineered)|g__Eubacterium.s__Eubacterium_rectale	1.8620026109
PWY-7111: pyruvate fermentation to isobutanol (engineered)|g__Blautia.s__Ruminococcus_gnavus	1.0789811915
PWY-7111: pyruvate fermentation to isobutanol (engineered)|g__Blautia.s__Ruminococcus_obeum	1.0480806830
PWY-7111: pyruvate fermentation to isobutanol (engineered)|g__Haemophilus.s__Haemophilus_pittmaniae	0.8939353901
PWY-7111: pyruvate fermentation to isobutanol (engineered)|g__Peptostreptococcaceae_noname.s__Clostridium_bartlettii	0.8238080527
VALSYN-PWY: L-valine biosynthesis	149.5163439601
VALSYN-PWY: L-valine biosynthesis|g__Streptococcus.s__Streptococcus_thermophilus	57.7813720804
VALSYN-PWY: L-valine biosynthesis|g__Escherichia.s__Escherichia_coli	9.9684317127
VALSYN-PWY: L-valine biosynthesis|g__Blautia.s__Ruminococcus_torques	5.4031892079
VALSYN-PWY: L-valine biosynthesis|g__Blautia.s__Ruminococcus_obeum	2.6186265511
VALSYN-PWY: L-valine biosynthesis|g__Eubacterium.s__Eubacterium_rectale	1.8620026109
VALSYN-PWY: L-valine biosynthesis|g__Lachnospiraceae_noname.s__Lachnospiraceae_bacterium_5_1_63FAA	1.7511355350
VALSYN-PWY: L-valine biosynthesis|g__Lactococcus.s__Lactococcus_lactis	1.2276393972
VALSYN-PWY: L-valine biosynthesis|g__Peptostreptococcaceae_noname.s__Clostridium_bartlettii	0.8238080527
PWY-6122: 5-aminoimidazole ribonucleotide biosynthesis II	147.7746521069
PWY-6122: 5-aminoimidazole ribonucleotide biosynthesis II|g__Streptococcus.s__Streptococcus_thermophilus	69.8371111608
PWY-6122: 5-aminoimidazole ribonucleotide biosynthesis II|g__Bifidobacterium.s__Bifidobacterium_animalis	17.0969740891
PWY-6122: 5-aminoimidazole ribonucleotide biosynthesis II|g__Escherichia.s__Escherichia_coli	4.7247862375
PWY-6122: 5-aminoimidazole ribonucleotide biosynthesis II|g__Lachnospiraceae_noname.s__Lachnospiraceae_bacterium_5_1_63FAA	2.6238720587
PWY-6122: 5-aminoimidazole ribonucleotide biosynthesis II|g__Blautia.s__Ruminococcus_gnavus	1.1877638687
PWY-6122: 5-aminoimidazole ribonucleotide biosynthesis II|g__Peptostreptococcaceae_noname.s__Clostridium_bartlettii	1.0760094244
PWY-6277: superpathway of 5-aminoimidazole ribonucleotide biosynthesis	147.7746521069
PWY-6277: superpathway of 5-aminoimidazole ribonucleotide biosynthesis|g__Streptococcus.s__Streptococcus_thermophilus	69.8371111608
PWY-6277: superpathway of 5-aminoimidazole ribonucleotide biosynthesis|g__Bifidobacterium.s__Bifidobacterium_animalis	17.0969740891
PWY-6277: superpathway of 5-aminoimidazole ribonucleotide biosynthesis|g__Escherichia.s__Escherichia_coli	4.7247862375
PWY-6277: superpathway of 5-aminoimidazole ribonucleotide biosynthesis|g__Lachnospiraceae_noname.s__Lachnospiraceae_bacterium_5_1_63FAA	2.6238720587
PWY-6277: superpathway of 5-aminoimidazole ribonucleotide biosynthesis|g__Blautia.s__Ruminococcus_gnavus	1.1877638687
PWY-6277: superpathway of 5-aminoimidazole ribonucleotide biosynthesis|g__Peptostreptococcaceae_noname.s__Clostridium_bartlettii	1.0760094244
PWY-7221: guanosine ribonucleotides de novo biosynthesis	141.5450678860
PWY-7221: guanosine ribonucleotides de novo biosynthesis|g__Streptococcus.s__Streptococcus_thermophilus	42.9965985897
PWY-7221: guanosine ribonucleotides de novo biosynthesis|g__Bacteroides.s__Bacteroides_dorei	37.0494775735
PWY-7221: guanosine ribonucleotides de novo biosynthesis|g__Bifidobacterium.s__Bifidobacterium_animalis	20.8061658906
PWY-7221: guanosine ribonucleotides de novo biosynthesis|g__Bacteroides.s__Bacteroides_ovatus	11.7631081546
PWY-7221: guanosine ribonucleotides de novo biosynthesis|g__Parabacteroides.s__Parabacteroides_distasonis	2.5265975060
PWY-7221: guanosine ribonucleotides de novo biosynthesis|g__Blautia.s__Ruminococcus_gnavus	2.1785925508
PWY-7221: guanosine ribonucleotides de novo biosynthesis|g__Bacteroides.s__Bacteroides_thetaiotaomicron	2.1782197165
PWY-7221: guanosine ribonucleotides de novo biosynthesis|g__Bacteroides.s__Bacteroides_fragilis	1.0547962618
PWY-7221: guanosine ribonucleotides de novo biosynthesis|g__Peptostreptococcaceae_noname.s__Clostridium_bartlettii	0.9797045003
PWY-6121: 5-aminoimidazole ribonucleotide biosynthesis I	141.5152766017
PWY-6121: 5-aminoimidazole ribonucleotide biosynthesis I|g__Streptococcus.s__Streptococcus_thermophilus	59.2781178423
PWY-6121: 5-aminoimidazole ribonucleotide biosynthesis I|g__Escherichia.s__Escherichia_coli	5.0399391918
PWY-6121: 5-aminoimidazole ribonucleotide biosynthesis I|g__Lachnospiraceae_noname.s__Lachnospiraceae_bacterium_5_1_63FAA	2.9218253454
PWY-6121: 5-aminoimidazole ribonucleotide biosynthesis I|g__Peptostreptococcaceae_noname.s__Clostridium_bartlettii	1.2834241171
PWY-6121: 5-aminoimidazole ribonucleotide biosynthesis I|g__Blautia.s__Ruminococcus_gnavus	1.2697855643
PEPTIDOGLYCANSYN-PWY: peptidoglycan biosynthesis I (meso-diaminopimelate containing)	137.5784383457
PEPTIDOGLYCANSYN-PWY: peptidoglycan biosynthesis I (meso-diaminopimelate containing)|g__Bacteroides.s__Bacteroides_dorei	46.6089292775
PEPTIDOGLYCANSYN-PWY: peptidoglycan biosynthesis I (meso-diaminopimelate containing)|g__Bifidobacterium.s__Bifidobacterium_animalis	28.4109706308
PEPTIDOGLYCANSYN-PWY: peptidoglycan biosynthesis I (meso-diaminopimelate containing)|g__Escherichia.s__Escherichia_coli	4.3638122981
PEPTIDOGLYCANSYN-PWY: peptidoglycan biosynthesis I (meso-diaminopimelate containing)|g__Blautia.s__Ruminococcus_torques	3.7729514751
PEPTIDOGLYCANSYN-PWY: peptidoglycan biosynthesis I (meso-diaminopimelate containing)|g__Lachnospiraceae_noname.s__Lachnospiraceae_bacterium_5_1_63FAA	2.9399982321
PWY-6386: UDP-N-acetylmuramoyl-pentapeptide biosynthesis II (lysine-containing)	137.4645840915
PWY-6386: UDP-N-acetylmuramoyl-pentapeptide biosynthesis II (lysine-containing)|g__Streptococcus.s__Streptococcus_thermophilus	49.2306404511
PWY-6386: UDP-N-acetylmuramoyl-pentapeptide biosynthesis II (lysine-containing)|g__Blautia.s__Ruminococcus_torques	3.4920796765
PWY-6386: UDP-N-acetylmuramoyl-pentapeptide biosynthesis II (lysine-containing)|g__Escherichia.s__Escherichia_coli	3.1382054852
PWY-6386: UDP-N-acetylmuramoyl-pentapeptide biosynthesis II (lysine-containing)|g__Lachnospiraceae_noname.s__Lachnospiraceae_bacterium_5_1_63FAA	2.8030758935
PWY-2942: L-lysine biosynthesis III	136.2019718839
PWY-2942: L-lysine biosynthesis III|g__Bifidobacterium.s__Bifidobacterium_animalis	34.7646275104
PWY-2942: L-lysine biosynthesis III|g__Bacteroides.s__Bacteroides_dorei	34.1867551098
PWY-2942: L-lysine biosynthesis III|g__Bacteroides.s__Bacteroides_ovatus	12.0976464767
PWY-2942: L-lysine biosynthesis III|g__Blautia.s__Ruminococcus_torques	5.1342029782
PWY-2942: L-lysine biosynthesis III|g__Lachnospiraceae_noname.s__Lachnospiraceae_bacterium_5_1_63FAA	1.6569528147
PWY-5097: L-lysine biosynthesis VI	134.9528549697
PWY-5097: L-lysine biosynthesis VI|g__Bifidobacterium.s__Bifidobacterium_animalis	27.3222778977
PWY-5097: L-lysine biosynthesis VI|g__Bacteroides.s__Bacteroides_ovatus	10.6757005484
PWY-5097: L-lysine biosynthesis VI|g__Blautia.s__Ruminococcus_torques	4.5366674874
PWY-5097: L-lysine biosynthesis VI|g__Lachnospiraceae_noname.s__Lachnospiraceae_bacterium_5_1_63FAA	2.1196617975
PWY-5097: L-lysine biosynthesis VI|g__Parabacteroides.s__Parabacteroides_distasonis	1.9109642356
PWY-5097: L-lysine biosynthesis VI|g__Blautia.s__Ruminococcus_gnavus	1.7314182126
PWY-5097: L-lysine biosynthesis VI|g__Eubacterium.s__Eubacterium_rectale	1.0536404224
PWY-1042: glycolysis IV (plant cytosol)	132.0585034102
PWY-1042: glycolysis IV (plant cytosol)|g__Bacteroides.s__Bacteroides_ovatus	14.2573905568
PWY-1042: glycolysis IV (plant cytosol)|g__Escherichia.s__Escherichia_coli	8.7801271172
PWY-1042: glycolysis IV (plant cytosol)|g__Blautia.s__Ruminococcus_torques	4.7205680185
PWY-6387: UDP-N-acetylmuramoyl-pentapeptide biosynthesis I (meso-diaminopimelate containing)	130.6558400050
PWY-6387: UDP-N-acetylmuramoyl-pentapeptide biosynthesis I (meso-diaminopimelate containing)|g__Bacteroides.s__Bacteroides_dorei	47.5259242812
PWY-6387: UDP-N-acetylmuramoyl-pentapeptide biosynthesis I (meso-diaminopimelate containing)|g__Bifidobacterium.s__Bifidobacterium_animalis	27.5025963704
PWY-6387: UDP-N-acetylmuramoyl-pentapeptide biosynthesis I (meso-diaminopimelate containing)|g__Blautia.s__Ruminococcus_torques	4.1575692401
PWY-6387: UDP-N-acetylmuramoyl-pentapeptide biosynthesis I (meso-diaminopimelate containing)|g__Escherichia.s__Escherichia_coli	4.0580895560
PWY-6387: UDP-N-acetylmuramoyl-pentapeptide biosynthesis I (meso-diaminopimelate containing)|g__Lachnospiraceae_noname.s__Lachnospiraceae_bacterium_5_1_63FAA	2.5938365684
PWY-6385: peptidoglycan biosynthesis III (mycobacteria)	126.6880432697
PWY-6385: peptidoglycan biosynthesis III (mycobacteria)|g__Bifidobacterium.s__Bifidobacterium_animalis	26.5958020243
PWY-6385: peptidoglycan biosynthesis III (mycobacteria)|g__Escherichia.s__Escherichia_coli	4.2826730584
PWY-6385: peptidoglycan biosynthesis III (mycobacteria)|g__Blautia.s__Ruminococcus_torques	3.2569289397
PWY-5686: UMP biosynthesis	126.4616230300
PWY-5686: UMP biosynthesis|g__Bifidobacterium.s__Bifidobacterium_animalis	24.8458891423
PWY-5686: UMP biosynthesis|g__Bacteroides.s__Bacteroides_ovatus	5.4829034183
PWY-5686: UMP biosynthesis|g__Escherichia.s__Escherichia_coli	3.6662398883
PWY-5686: UMP biosynthesis|g__Lachnospiraceae_noname.s__Lachnospiraceae_bacterium_5_1_63FAA	1.8006465576
PWY-5686: UMP biosynthesis|g__Blautia.s__Ruminococcus_torques	1.4935976028
PWY-5686: UMP biosynthesis|g__Parabacteroides.s__Parabacteroides_distasonis	1.4528006999
PWY-3841: folate transformations II	126.3790001862
PWY-3841: folate transformations II|g__Streptococcus.s__Streptococcus_thermophilus	50.8810961683
PWY-3841: folate transformations II|g__Bacteroides.s__Bacteroides_dorei	27.5830906945
PWY-3841: folate transformations II|g__Bacteroides.s__Bacteroides_ovatus	10.7816814099
PWY-3841: folate transformations II|g__Parabacteroides.s__Parabacteroides_distasonis	2.5644118745
PWY-3841: folate transformations II|g__Escherichia.s__Escherichia_coli	2.2734819105
PWY-3841: folate transformations II|g__Bacteroides.s__Bacteroides_uniformis	1.5961106007
PWY-3841: folate transformations II|g__Streptococcus.s__Streptococcus_salivarius	1.4309027323
COMPLETE-ARO-PWY: superpathway of aromatic amino acid biosynthesis	122.8904765231
COMPLETE-ARO-PWY: superpathway of aromatic amino acid biosynthesis|g__Streptococcus.s__Streptococcus_thermophilus	43.4544072273
COMPLETE-ARO-PWY: superpathway of aromatic amino acid biosynthesis|g__Escherichia.s__Escherichia_coli	4.3277477364
COMPLETE-ARO-PWY: superpathway of aromatic amino acid biosynthesis|g__Blautia.s__Ruminococcus_torques	3.7937420695
COMPLETE-ARO-PWY: superpathway of aromatic amino acid biosynthesis|g__Lachnospiraceae_noname.s__Lachnospiraceae_bacterium_5_1_63FAA	2.7243378510
BRANCHED-CHAIN-AA-SYN-PWY: superpathway of branched amino acid biosynthesis	122.0833243718
BRANCHED-CHAIN-AA-SYN-PWY: superpathway of branched amino acid biosynthesis|g__Escherichia.s__Escherichia_coli	5.8965361290
BRANCHED-CHAIN-AA-SYN-PWY: superpathway of branched amino acid biosynthesis|g__Blautia.s__Ruminococcus_obeum	1.3427275029
PWY-6151: S-adenosyl-L-methionine cycle I	119.4716597089
PWY-6151: S-adenosyl-L-methionine cycle I|g__Bacteroides.s__Bacteroides_dorei	45.1577347866
PWY-6151: S-adenosyl-L-methionine cycle I|g__Streptococcus.s__Streptococcus_thermophilus	41.2078027675
PWY-6151: S-adenosyl-L-methionine cycle I|g__Bifidobacterium.s__Bifidobacterium_animalis	22.9548533826
PWY-6151: S-adenosyl-L-methionine cycle I|g__Escherichia.s__Escherichia_coli	5.9091488357
PWY-6151: S-adenosyl-L-methionine cycle I|g__Eubacterium.s__Eubacterium_rectale	2.1951516737
ARO-PWY: chorismate biosynthesis I	119.4516433411
ARO-PWY: chorismate biosynthesis I|g__Streptococcus.s__Streptococcus_thermophilus	42.2958344487
ARO-PWY: chorismate biosynthesis I|g__Escherichia.s__Escherichia_coli	3.9823193195
ARO-PWY: chorismate biosynthesis I|g__Blautia.s__Ruminococcus_torques	3.4235191983
ARO-PWY: chorismate biosynthesis I|g__Lachnospiraceae_noname.s__Lachnospiraceae_bacterium_5_1_63FAA	2.5324330324
PWY-5103: L-isoleucine biosynthesis III	117.2737009252
PWY-5103: L-isoleucine biosynthesis III|g__Escherichia.s__Escherichia_coli	4.2041029298
PWY-5103: L-isoleucine biosynthesis III|g__Blautia.s__Ruminococcus_obeum	1.1638708810
COA-PWY-1: coenzyme A biosynthesis II (mammalian)	117.1904742982
COA-PWY-1: coenzyme A biosynthesis II (mammalian)|g__Bacteroides.s__Bacteroides_dorei	33.6769536721
COA-PWY-1: coenzyme A biosynthesis II (mammalian)|g__Bacteroides.s__Bacteroides_ovatus	10.4999505270
COA-PWY-1: coenzyme A biosynthesis II (mammalian)|g__Escherichia.s__Escherichia_coli	4.5599534739
COA-PWY-1: coenzyme A biosynthesis II (mammalian)|g__Eubacterium.s__Eubacterium_rectale	2.9237351083
COA-PWY-1: coenzyme A biosynthesis II (mammalian)|g__Lachnospiraceae_noname.s__Lachnospiraceae_bacterium_5_1_63FAA	2.8864578188
PWY-5695: urate biosynthesis/inosine 5'-phosphate degradation	117.0986195814
PWY-5695: urate biosynthesis/inosine 5'-phosphate degradation|g__Bacteroides.s__Bacteroides_dorei	37.4569132148
PWY-5695: urate biosynthesis/inosine 5'-phosphate degradation|g__Blautia.s__Ruminococcus_torques	5.4699682264
PWY-5695: urate biosynthesis/inosine 5'-phosphate degradation|g__Escherichia.s__Escherichia_coli	4.6879878430
PWY-5695: urate biosynthesis/inosine 5'-phosphate degradation|g__Parabacteroides.s__Parabacteroides_distasonis	1.9152895159
PWY-5695: urate biosynthesis/inosine 5'-phosphate degradation|g__Bacteroides.s__Bacteroides_fragilis	1.0331920098
ANAGLYCOLYSIS-PWY: glycolysis III (from glucose)	115.0460894537
ANAGLYCOLYSIS-PWY: glycolysis III (from glucose)|g__Bacteroides.s__Bacteroides_ovatus	12.2763396192
ANAGLYCOLYSIS-PWY: glycolysis III (from glucose)|g__Escherichia.s__Escherichia_coli	5.0742086865
PWY-6163: chorismate biosynthesis from 3-dehydroquinate	113.7050335596
PWY-6163: chorismate biosynthesis from 3-dehydroquinate|g__Streptococcus.s__Streptococcus_thermophilus	38.8229136056
PWY-6163: chorismate biosynthesis from 3-dehydroquinate|g__Blautia.s__Ruminococcus_torques	5.3797219354
PWY-6163: chorismate biosynthesis from 3-dehydroquinate|g__Escherichia.s__Escherichia_coli	3.4544801431
PWY-6163: chorismate biosynthesis from 3-dehydroquinate|g__Lachnospiraceae_noname.s__Lachnospiraceae_bacterium_5_1_63FAA	2.0758587028
PWY-7229: superpathway of adenosine nucleotides de novo biosynthesis I	112.7230620493
PWY-7229: superpathway of adenosine nucleotides de novo biosynthesis I|g__Streptococcus.s__Streptococcus_thermophilus	45.3504691163
PWY-7229: superpathway of adenosine nucleotides de novo biosynthesis I|g__Bacteroides.s__Bacteroides_dorei	39.8754483026
PWY-6609: adenine and adenosine salvage III	108.6412066154
PWY-6609: adenine and adenosine salvage III|g__Streptococcus.s__Streptococcus_thermophilus	40.6985492738
PWY-6609: adenine and adenosine salvage III|g__Bacteroides.s__Bacteroides_ovatus	12.4052538452
PWY-6609: adenine and adenosine salvage III|g__Escherichia.s__Escherichia_coli	7.6580159786
PWY-6609: adenine and adenosine salvage III|g__Blautia.s__Ruminococcus_torques	4.7548210527
PWY-6609: adenine and adenosine salvage III|g__Bacteroides.s__Bacteroides_fragilis	1.5009380863
PWY-6700: queuosine biosynthesis	107.1275802314
PWY-6700: queuosine biosynthesis|g__Bacteroides.s__Bacteroides_dorei	28.2416657297
PWY-6700: queuosine biosynthesis|g__Bacteroides.s__Bacteroides_ovatus	5.2925432570
PWY-6700: queuosine biosynthesis|g__Escherichia.s__Escherichia_coli	5.1774944403
PWY-6700: queuosine biosynthesis|g__Lachnospiraceae_noname.s__Lachnospiraceae_bacterium_5_1_63FAA	1.8382414980
PWY-6700: queuosine biosynthesis|g__Bacteroides.s__Bacteroides_thetaiotaomicron	1.4235485029
PWY-6700: queuosine biosynthesis|g__Bacteroides.s__Bacteroides_fragilis	1.3082624819
PWY-6700: queuosine biosynthesis|g__Peptostreptococcaceae_noname.s__Clostridium_bartlettii	1.1570726063
PWY66-400: glycolysis VI (metazoan)	104.9679263891
PWY66-400: glycolysis VI (metazoan)|g__Escherichia.s__Escherichia_coli	4.1400101073
SER-GLYSYN-PWY: superpathway of L-serine and glycine biosynthesis I	101.0309012518
SER-GLYSYN-PWY: superpathway of L-serine and glycine biosynthesis I|g__Escherichia.s__Escherichia_coli	3.8195054940
SER-GLYSYN-PWY: superpathway of L-serine and glycine biosynthesis I|g__Blautia.s__Ruminococcus_torques	3.6318778585
SER-GLYSYN-PWY: superpathway of L-serine and glycine biosynthesis I|g__Lachnospiraceae_noname.s__Lachnospiraceae_bacterium_5_1_63FAA	2.4523714614
PWY66-409: superpathway of purine nucleotide salvage	98.7627676262
GLYCOLYSIS: glycolysis I (from glucose 6-phosphate)	98.4939367313
GLYCOLYSIS: glycolysis I (from glucose 6-phosphate)|g__Escherichia.s__Escherichia_coli	3.6528490897
PWY-6126: superpathway of adenosine nucleotides de novo biosynthesis II	98.0644270835
PWY-6126: superpathway of adenosine nucleotides de novo biosynthesis II|g__Bacteroides.s__Bacteroides_dorei	37.2230145903
1CMET2-PWY: N10-formyl-tetrahydrofolate biosynthesis	96.4772717537
1CMET2-PWY: N10-formyl-tetrahydrofolate biosynthesis|g__Bacteroides.s__Bacteroides_ovatus	6.0830364925
1CMET2-PWY: N10-formyl-tetrahydrofolate biosynthesis|g__Parabacteroides.s__Parabacteroides_distasonis	2.4840338922
1CMET2-PWY: N10-formyl-tetrahydrofolate biosynthesis|g__Escherichia.s__Escherichia_coli	2.3683986231
PWY-3001: superpathway of L-isoleucine biosynthesis I	92.5690389674
PWY-3001: superpathway of L-isoleucine biosynthesis I|g__Escherichia.s__Escherichia_coli	4.6353136950
PWY-6123: inosine-5'-phosphate biosynthesis I	91.3653286632
PWY-6123: inosine-5'-phosphate biosynthesis I|g__Streptococcus.s__Streptococcus_thermophilus	35.0576426609
PWY-6123: inosine-5'-phosphate biosynthesis I|g__Bacteroides.s__Bacteroides_ovatus	8.2867793376
PWY-6123: inosine-5'-phosphate biosynthesis I|g__Streptococcus.s__Streptococcus_salivarius	4.8577765640
PWY-6123: inosine-5'-phosphate biosynthesis I|g__Escherichia.s__Escherichia_coli	4.7147017523
PWY-6123: inosine-5'-phosphate biosynthesis I|g__Lachnospiraceae_noname.s__Lachnospiraceae_bacterium_5_1_63FAA	1.5594489115
PWY-6123: inosine-5'-phosphate biosynthesis I|g__Bacteroides.s__Bacteroides_fragilis	1.0952097329
NONMEVIPP-PWY: methylerythritol phosphate pathway I	90.9263386280
NONMEVIPP-PWY: methylerythritol phosphate pathway I|g__Bacteroides.s__Bacteroides_ovatus	6.7177039092
UDPNAGSYN-PWY: UDP-N-acetyl-D-glucosamine biosynthesis I	90.7806317841
UDPNAGSYN-PWY: UDP-N-acetyl-D-glucosamine biosynthesis I|g__Streptococcus.s__Streptococcus_thermophilus	50.3154185173
UDPNAGSYN-PWY: UDP-N-acetyl-D-glucosamine biosynthesis I|g__Bifidobacterium.s__Bifidobacterium_animalis	24.4701111147
UDPNAGSYN-PWY: UDP-N-acetyl-D-glucosamine biosynthesis I|g__Escherichia.s__Escherichia_coli	4.2147849261
UDPNAGSYN-PWY: UDP-N-acetyl-D-glucosamine biosynthesis I|g__Streptococcus.s__Streptococcus_salivarius	1.8627933237
UDPNAGSYN-PWY: UDP-N-acetyl-D-glucosamine biosynthesis I|g__Lactobacillus.s__Lactobacillus_delbrueckii	1.6360716734
PANTO-PWY: phosphopantothenate biosynthesis I	90.7304510221
PANTO-PWY: phosphopantothenate biosynthesis I|g__Bacteroides.s__Bacteroides_dorei	50.4387563919
PANTO-PWY: phosphopantothenate biosynthesis I|g__Bacteroides.s__Bacteroides_ovatus	6.3625891934
PANTO-PWY: phosphopantothenate biosynthesis I|g__Blautia.s__Ruminococcus_torques	3.3243365294
PANTO-PWY: phosphopantothenate biosynthesis I|g__Escherichia.s__Escherichia_coli	3.2442094681
PANTO-PWY: phosphopantothenate biosynthesis I|g__Bacteroides.s__Bacteroides_fragilis	2.8895506421
PANTO-PWY: phosphopantothenate biosynthesis I|g__Lachnospiraceae_noname.s__Lachnospiraceae_bacterium_5_1_63FAA	1.7108514219
PANTO-PWY: phosphopantothenate biosynthesis I|g__Dorea.s__Dorea_longicatena	1.6133304262
PANTO-PWY: phosphopantothenate biosynthesis I|g__Blautia.s__Ruminococcus_gnavus	1.4935743970
PANTO-PWY: phosphopantothenate biosynthesis I|g__Parabacteroides.s__Parabacteroides_distasonis	1.3901111631
PWY-5484: glycolysis II (from fructose 6-phosphate)	90.3062268781
PWY-5484: glycolysis II (from fructose 6-phosphate)|g__Escherichia.s__Escherichia_coli	3.1471323036
PWY-6737: starch degradation V	85.7796087217
PWY-6737: starch degradation V|g__Lachnospiraceae_noname.s__Lachnospiraceae_bacterium_5_1_63FAA	6.2037611911
PWY-6737: starch degradation V|g__Blautia.s__Ruminococcus_torques	5.2476383026
PWY-6737: starch degradation V|g__Blautia.s__Ruminococcus_gnavus	1.6677033318
PWY-6737: starch degradation V|g__Dorea.s__Dorea_longicatena	1.5010323481
PWY-6737: starch degradation V|g__Lactococcus.s__Lactococcus_lactis	0.9097218739
PWY-7228: superpathway of guanosine nucleotides de novo biosynthesis I	85.6698082929
PWY-7228: superpathway of guanosine nucleotides de novo biosynthesis I|g__Bacteroides.s__Bacteroides_dorei	32.7621656436
PWY-7228: superpathway of guanosine nucleotides de novo biosynthesis I|g__Streptococcus.s__Streptococcus_thermophilus	27.6048309888
DAPLYSINESYN-PWY: L-lysine biosynthesis I	84.6726693494
DAPLYSINESYN-PWY: L-lysine biosynthesis I|g__Bifidobacterium.s__Bifidobacterium_animalis	29.5693106026
DAPLYSINESYN-PWY: L-lysine biosynthesis I|g__Escherichia.s__Escherichia_coli	2.1981593808
PWY-2941: L-lysine biosynthesis II	84.4670443531
PWY-7560: methylerythritol phosphate pathway II	84.2931286454
PWY-6270: isoprene biosynthesis I	83.9324607565
PWY0-166: superpathway of pyrimidine deoxyribonucleotides de novo biosynthesis (E. coli)	82.7634526354
PWY-7208: superpathway of pyrimidine nucleobases salvage	82.0516519703
PWY-7208: superpathway of pyrimidine nucleobases salvage|g__Streptococcus.s__Streptococcus_thermophilus	32.4436099358
PWY-7208: superpathway of pyrimidine nucleobases salvage|g__Blautia.s__Ruminococcus_torques	5.2216796279
PWY-6317: galactose degradation I (Leloir pathway)	81.9288572022
PWY-6317: galactose degradation I (Leloir pathway)|g__Streptococcus.s__Streptococcus_thermophilus	32.9019913983
PWY-6317: galactose degradation I (Leloir pathway)|g__Lachnospiraceae_noname.s__Lachnospiraceae_bacterium_5_1_63FAA	3.1224420691
PWY-6317: galactose degradation I (Leloir pathway)|g__Blautia.s__Ruminococcus_torques	2.0805624383
PWY-6317: galactose degradation I (Leloir pathway)|g__Escherichia.s__Escherichia_coli	1.4411805824
PWY66-422: D-galactose degradation V (Leloir pathway)	81.9288572022
PWY66-422: D-galactose degradation V (Leloir pathway)|g__Streptococcus.s__Streptococcus_thermophilus	32.9019913983
PWY66-422: D-galactose degradation V (Leloir pathway)|g__Lachnospiraceae_noname.s__Lachnospiraceae_bacterium_5_1_63FAA	3.4747619381
PWY66-422: D-galactose degradation V (Leloir pathway)|g__Blautia.s__Ruminococcus_torques	2.0805624383
PWY66-422: D-galactose degradation V (Leloir pathway)|g__Escherichia.s__Escherichia_coli	1.3461235110
PWY-724: superpathway of L-lysine, L-threonine and L-methionine biosynthesis II	81.7321389157
PWY-724: superpathway of L-lysine, L-threonine and L-methionine biosynthesis II|g__Blautia.s__Ruminococcus_torques	2.4818272385
PWY-6124: inosine-5'-phosphate biosynthesis II	81.6490436131
PWY-6124: inosine-5'-phosphate biosynthesis II|g__Streptococcus.s__Streptococcus_thermophilus	32.0582895410
PWY-6124: inosine-5'-phosphate biosynthesis II|g__Bacteroides.s__Bacteroides_ovatus	7.8664784426
PWY-6124: inosine-5'-phosphate biosynthesis II|g__Streptococcus.s__Streptococcus_salivarius	4.8846983126
PWY-6124: inosine-5'-phosphate biosynthesis II|g__Escherichia.s__Escherichia_coli	4.4662909665
PWY-6124: inosine-5'-phosphate biosynthesis II|g__Lachnospiraceae_noname.s__Lachnospiraceae_bacterium_5_1_63FAA	1.3772057871
PWY-6124: inosine-5'-phosphate biosynthesis II|g__Bacteroides.s__Bacteroides_fragilis	0.9882589425
PWY-6936: seleno-amino acid biosynthesis	80.9742884598
PWY-6936: seleno-amino acid biosynthesis|g__Escherichia.s__Escherichia_coli	7.9730472332
PWY-6936: seleno-amino acid biosynthesis|g__Lachnospiraceae_noname.s__Lachnospiraceae_bacterium_5_1_63FAA	2.0809978707
PWY-6936: seleno-amino acid biosynthesis|g__Lactococcus.s__Lactococcus_lactis	1.6185494335
PWY-5347: superpathway of L-methionine biosynthesis (transsulfuration)	80.7300723972
DENOVOPURINE2-PWY: superpathway of purine nucleotides de novo biosynthesis II	80.6027505829
ARGSYNBSUB-PWY: L-arginine biosynthesis II (acetyl cycle)	80.3280936655
ARGSYNBSUB-PWY: L-arginine biosynthesis II (acetyl cycle)|g__Blautia.s__Ruminococcus_torques	2.6102056567
PWY-6125: superpathway of guanosine nucleotides de novo biosynthesis II	79.3739066152
PWY-6125: superpathway of guanosine nucleotides de novo biosynthesis II|g__Bacteroides.s__Bacteroides_dorei	31.4226623705
MET-SAM-PWY: superpathway of S-adenosyl-L-methionine biosynthesis	78.2801084862
THRESYN-PWY: superpathway of L-threonine biosynthesis	77.9524198652
THRESYN-PWY: superpathway of L-threonine biosynthesis|g__Bifidobacterium.s__Bifidobacterium_animalis	36.2702360527
THRESYN-PWY: superpathway of L-threonine biosynthesis|g__Escherichia.s__Escherichia_coli	4.2536993314
THRESYN-PWY: superpathway of L-threonine biosynthesis|g__Blautia.s__Ruminococcus_torques	3.7506749001
THRESYN-PWY: superpathway of L-threonine biosynthesis|g__Lachnospiraceae_noname.s__Lachnospiraceae_bacterium_5_1_63FAA	1.9250826884
PWY0-1296: purine ribonucleosides degradation	77.6152591183
PWY0-1296: purine ribonucleosides degradation|g__Streptococcus.s__Streptococcus_thermophilus	38.6068004519
PWY0-1296: purine ribonucleosides degradation|g__Escherichia.s__Escherichia_coli	5.6307687835
PWY0-1296: purine ribonucleosides degradation|g__Lachnospiraceae_noname.s__Lachnospiraceae_bacterium_5_1_63FAA	3.7669955357
PWY0-1296: purine ribonucleosides degradation|g__Blautia.s__Ruminococcus_torques	3.0032388643
PWY0-1296: purine ribonucleosides degradation|g__Dorea.s__Dorea_longicatena	1.6112944065
PWY0-1296: purine ribonucleosides degradation|g__Blautia.s__Ruminococcus_gnavus	1.0883084577
PWY-7187: pyrimidine deoxyribonucleotides de novo biosynthesis II	77.2421014511
CALVIN-PWY: Calvin-Benson-Bassham cycle	76.5828448086
ANAEROFRUCAT-PWY: homolactic fermentation	75.5064821280
ANAEROFRUCAT-PWY: homolactic fermentation|g__Escherichia.s__Escherichia_coli	3.4060088170
PWY4FS-7: phosphatidylglycerol biosynthesis I (plastidic)	74.8678579435
PWY4FS-7: phosphatidylglycerol biosynthesis I (plastidic)|g__Escherichia.s__Escherichia_coli	5.9254646066
PWY4FS-8: phosphatidylglycerol biosynthesis II (non-plastidic)	74.8678579435
PWY4FS-8: phosphatidylglycerol biosynthesis II (non-plastidic)|g__Escherichia.s__Escherichia_coli	5.9254646066
METSYN-PWY: L-homoserine and L-methionine biosynthesis	73.5959585985
PWY-7184: pyrimidine deoxyribonucleotides de novo biosynthesis I	71.8417290124
PWY-6527: stachyose degradation	70.9385889317
PWY-6527: stachyose degradation|g__Escherichia.s__Escherichia_coli	1.7295167605
OANTIGEN-PWY: O-antigen building blocks biosynthesis (E. coli)	70.7235399502
OANTIGEN-PWY: O-antigen building blocks biosynthesis (E. coli)|g__Bifidobacterium.s__Bifidobacterium_animalis	25.2976260245
PYRIDNUCSAL-PWY: NAD salvage pathway I	70.6074949000
PYRIDNUCSAL-PWY: NAD salvage pathway I|g__Escherichia.s__Escherichia_coli	4.0686129665
PWY-5667: CDP-diacylglycerol biosynthesis I	70.3081282693
PWY-5667: CDP-diacylglycerol biosynthesis I|g__Bacteroides.s__Bacteroides_ovatus	9.1567626873
PWY-5667: CDP-diacylglycerol biosynthesis I|g__Escherichia.s__Escherichia_coli	6.4644059274
PWY-5667: CDP-diacylglycerol biosynthesis I|g__Blautia.s__Ruminococcus_torques	4.8931468215
PWY-5667: CDP-diacylglycerol biosynthesis I|g__Blautia.s__Ruminococcus_gnavus	1.6734526680
PWY-5667: CDP-diacylglycerol biosynthesis I|g__Eubacterium.s__Eubacterium_rectale	1.5423222927
PWY-5667: CDP-diacylglycerol biosynthesis I|g__Parabacteroides.s__Parabacteroides_distasonis	1.5359694953
PWY0-1319: CDP-diacylglycerol biosynthesis II	70.3081282693
PWY0-1319: CDP-diacylglycerol biosynthesis II|g__Bacteroides.s__Bacteroides_ovatus	9.1567626873
PWY0-1319: CDP-diacylglycerol biosynthesis II|g__Escherichia.s__Escherichia_coli	6.4644059274
PWY0-1319: CDP-diacylglycerol biosynthesis II|g__Blautia.s__Ruminococcus_torques	4.8931468215
PWY0-1319: CDP-diacylglycerol biosynthesis II|g__Blautia.s__Ruminococcus_gnavus	1.6734526680
PWY0-1319: CDP-diacylglycerol biosynthesis II|g__Eubacterium.s__Eubacterium_rectale	1.5423222927
PWY0-1319: CDP-diacylglycerol biosynthesis II|g__Parabacteroides.s__Parabacteroides_distasonis	1.5359694953
PWY-7400: L-arginine biosynthesis IV (archaebacteria)	69.2652158353
PWY-7400: L-arginine biosynthesis IV (archaebacteria)|g__Blautia.s__Ruminococcus_torques	3.2760270944
ARGSYN-PWY: L-arginine biosynthesis I (via L-ornithine)	69.0258134438
ARGSYN-PWY: L-arginine biosynthesis I (via L-ornithine)|g__Blautia.s__Ruminococcus_torques	3.2577587028
ARGSYN-PWY: L-arginine biosynthesis I (via L-ornithine)|g__Escherichia.s__Escherichia_coli	3.0242448028
PWY-6471: peptidoglycan biosynthesis IV (Enterococcus faecium)	68.6698587552
HOMOSER-METSYN-PWY: L-methionine biosynthesis I	67.8271369090
HOMOSER-METSYN-PWY: L-methionine biosynthesis I|g__Escherichia.s__Escherichia_coli	5.3801662837
GLUTORN-PWY: L-ornithine biosynthesis	64.9097327848
GLUTORN-PWY: L-ornithine biosynthesis|g__Blautia.s__Ruminococcus_torques	3.7516482089
GLUTORN-PWY: L-ornithine biosynthesis|g__Escherichia.s__Escherichia_coli	1.5758178081
DTDPRHAMSYN-PWY: dTDP-L-rhamnose biosynthesis I	64.7491996525
DTDPRHAMSYN-PWY: dTDP-L-rhamnose biosynthesis I|g__Bifidobacterium.s__Bifidobacterium_animalis	25.6147789316
DTDPRHAMSYN-PWY: dTDP-L-rhamnose biosynthesis I|g__Bacteroides.s__Bacteroides_ovatus	10.7832617995
DTDPRHAMSYN-PWY: dTDP-L-rhamnose biosynthesis I|g__Bacteroides.s__Bacteroides_fragilis	5.3483607916
DTDPRHAMSYN-PWY: dTDP-L-rhamnose biosynthesis I|g__Blautia.s__Ruminococcus_torques	1.7260945070
PWY-7234: inosine-5'-phosphate biosynthesis III	63.5004476958
PWY-7234: inosine-5'-phosphate biosynthesis III|g__Escherichia.s__Escherichia_coli	4.2241969444
TRPSYN-PWY: L-tryptophan biosynthesis	62.7431304541
TRPSYN-PWY: L-tryptophan biosynthesis|g__Blautia.s__Ruminococcus_torques	5.3475356946
TRPSYN-PWY: L-tryptophan biosynthesis|g__Escherichia.s__Escherichia_coli	3.1274200031
PWY-7197: pyrimidine deoxyribonucleotide phosphorylation	61.6241272162
PWY-7197: pyrimidine deoxyribonucleotide phosphorylation|g__Streptococcus.s__Streptococcus_thermophilus	22.4341309810
FASYN-INITIAL-PWY: superpathway of fatty acid biosynthesis initiation (E. coli)	61.1698461117
FASYN-INITIAL-PWY: superpathway of fatty acid biosynthesis initiation (E. coli)|g__Escherichia.s__Escherichia_coli	3.8791053150
PWY-7220: adenosine deoxyribonucleotides de novo biosynthesis II	60.8608429191
PWY-7220: adenosine deoxyribonucleotides de novo biosynthesis II|g__Bacteroides.s__Bacteroides_dorei	28.9114121536
PWY-7222: guanosine deoxyribonucleotides de novo biosynthesis II	60.8608429191
PWY-7222: guanosine deoxyribonucleotides de novo biosynthesis II|g__Bacteroides.s__Bacteroides_dorei	28.9114121536
PANTOSYN-PWY: pantothenate and coenzyme A biosynthesis I	60.1049804199
PANTOSYN-PWY: pantothenate and coenzyme A biosynthesis I|g__Bacteroides.s__Bacteroides_ovatus	5.8915139423
PWY-5100: pyruvate fermentation to acetate and lactate II	59.7960786409
PWY-5100: pyruvate fermentation to acetate and lactate II|g__Bifidobacterium.s__Bifidobacterium_animalis	20.5978895397
PWY-5100: pyruvate fermentation to acetate and lactate II|g__Streptococcus.s__Streptococcus_thermophilus	20.2068689639
PWY-5100: pyruvate fermentation to acetate and lactate II|g__Lachnospiraceae_noname.s__Lachnospiraceae_bacterium_5_1_63FAA	2.9731722155
PWY-5100: pyruvate fermentation to acetate and lactate II|g__Blautia.s__Ruminococcus_torques	1.5856053293
PYRIDNUCSYN-PWY: NAD biosynthesis I (from aspartate)	59.6586398283
PYRIDNUCSYN-PWY: NAD biosynthesis I (from aspartate)|g__Lachnospiraceae_noname.s__Lachnospiraceae_bacterium_5_1_63FAA	3.0008270667
PWY-6897: thiamin salvage II	58.4659559251
PWY-6897: thiamin salvage II|g__Bifidobacterium.s__Bifidobacterium_animalis	23.8674164150
PWY-6897: thiamin salvage II|g__Escherichia.s__Escherichia_coli	3.4652147797
PWY-5973: cis-vaccenate biosynthesis	58.1924679949
PWY-7357: thiamin formation from pyrithiamine and oxythiamine (yeast)	56.9227773516
PWY-7357: thiamin formation from pyrithiamine and oxythiamine (yeast)|g__Bifidobacterium.s__Bifidobacterium_animalis	27.7620983270
PWY-7357: thiamin formation from pyrithiamine and oxythiamine (yeast)|g__Escherichia.s__Escherichia_coli	4.0885244205
PWY-7357: thiamin formation from pyrithiamine and oxythiamine (yeast)|g__Blautia.s__Ruminococcus_torques	2.1285730034
PWY0-1297: superpathway of purine deoxyribonucleosides degradation	56.0513646988
PWY0-1297: superpathway of purine deoxyribonucleosides degradation|g__Escherichia.s__Escherichia_coli	4.3656196792
PWY0-1297: superpathway of purine deoxyribonucleosides degradation|g__Blautia.s__Ruminococcus_torques	2.8187975151
PWY-6703: preQ0 biosynthesis	54.0553871699
PWY-6703: preQ0 biosynthesis|g__Bacteroides.s__Bacteroides_dorei	28.4647183916
PWY-6703: preQ0 biosynthesis|g__Bacteroides.s__Bacteroides_ovatus	5.1982403482
PWY-7663: gondoate biosynthesis (anaerobic)	53.2055674656
PWY-7663: gondoate biosynthesis (anaerobic)|g__Bacteroides.s__Bacteroides_ovatus	15.7841951671
PWY-7663: gondoate biosynthesis (anaerobic)|g__Escherichia.s__Escherichia_coli	3.7314043379
PWY-7663: gondoate biosynthesis (anaerobic)|g__Bacteroides.s__Bacteroides_fragilis	0.9720534629
PWY-841: superpathway of purine nucleotides de novo biosynthesis I	52.7147987897
FASYN-ELONG-PWY: fatty acid elongation -- saturated	52.5578652234
FASYN-ELONG-PWY: fatty acid elongation -- saturated|g__Escherichia.s__Escherichia_coli	3.6726340048
THISYNARA-PWY: superpathway of thiamin diphosphate biosynthesis III (eukaryotes)	52.0800938567
THISYNARA-PWY: superpathway of thiamin diphosphate biosynthesis III (eukaryotes)|g__Bacteroides.s__Bacteroides_ovatus	5.2123709345
PWY-5971: palmitate biosynthesis II (bacteria and plants)	51.3226919845
THISYN-PWY: superpathway of thiamin diphosphate biosynthesis I	50.6465330334
PWY-5989: stearate biosynthesis II (bacteria and plants)	50.4496870225
PWY-5989: stearate biosynthesis II (bacteria and plants)|g__Escherichia.s__Escherichia_coli	3.5738182661
PWY-5659: GDP-mannose biosynthesis	50.3933141572
PWY-5659: GDP-mannose biosynthesis|g__Bifidobacterium.s__Bifidobacterium_animalis	23.8327508299
PWY-5659: GDP-mannose biosynthesis|g__Bacteroides.s__Bacteroides_ovatus	10.7612854147
PWY-5659: GDP-mannose biosynthesis|g__Escherichia.s__Escherichia_coli	3.2350332042
COA-PWY: coenzyme A biosynthesis I	49.6623771540
COA-PWY: coenzyme A biosynthesis I|g__Bacteroides.s__Bacteroides_ovatus	10.6799597062
COA-PWY: coenzyme A biosynthesis I|g__Escherichia.s__Escherichia_coli	4.8119322807
COA-PWY: coenzyme A biosynthesis I|g__Lachnospiraceae_noname.s__Lachnospiraceae_bacterium_5_1_63FAA	3.5940502039
PWY-6282: palmitoleate biosynthesis I (from (5Z)-dodec-5-enoate)	49.4729411135
PWY-6282: palmitoleate biosynthesis I (from (5Z)-dodec-5-enoate)|g__Escherichia.s__Escherichia_coli	3.5152499414
PWYG-321: mycolate biosynthesis	48.7993817052
PWY-7664: oleate biosynthesis IV (anaerobic)	48.6569533695
PWY-7664: oleate biosynthesis IV (anaerobic)|g__Escherichia.s__Escherichia_coli	3.4727306365
PWY-7388: octanoyl-[acyl-carrier protein] biosynthesis (mitochondria, yeast)	48.5235640718
PWY-7388: octanoyl-[acyl-carrier protein] biosynthesis (mitochondria, yeast)|g__Escherichia.s__Escherichia_coli	3.7515983429
KETOGLUCONMET-PWY: ketogluconate metabolism	48.4621880288
PRPP-PWY: superpathway of histidine, purine, and pyrimidine biosynthesis	47.9425653910
PWY-5121: superpathway of geranylgeranyl diphosphate biosynthesis II (via MEP)	47.5620810658
PWY-7282: 4-amino-2-methyl-5-phosphomethylpyrimidine biosynthesis (yeast)	45.9761079129
PWY-7282: 4-amino-2-methyl-5-phosphomethylpyrimidine biosynthesis (yeast)|g__Bacteroides.s__Bacteroides_ovatus	8.3510226818
PHOSLIPSYN-PWY: superpathway of phospholipid biosynthesis I (bacteria)	45.8731115244
PHOSLIPSYN-PWY: superpathway of phospholipid biosynthesis I (bacteria)|g__Escherichia.s__Escherichia_coli	4.2172328820
NONOXIPENT-PWY: pentose phosphate pathway (non-oxidative branch)	45.3140457885
NONOXIPENT-PWY: pentose phosphate pathway (non-oxidative branch)|g__Blautia.s__Ruminococcus_torques	8.5247672496
NONOXIPENT-PWY: pentose phosphate pathway (non-oxidative branch)|g__Lachnospiraceae_noname.s__Lachnospiraceae_bacterium_5_1_63FAA	7.3105140328
NONOXIPENT-PWY: pentose phosphate pathway (non-oxidative branch)|g__Peptostreptococcaceae_noname.s__Clostridium_bartlettii	0.7491341115
NONOXIPENT-PWY: pentose phosphate pathway (non-oxidative branch)|g__Bacteroides.s__Bacteroides_thetaiotaomicron	0.7138395646
PWY0-862: (5Z)-dodec-5-enoate biosynthesis	44.2753858238
PWY0-862: (5Z)-dodec-5-enoate biosynthesis|g__Escherichia.s__Escherichia_coli	3.2377538168
PWY-6628: superpathway of L-phenylalanine biosynthesis	44.1257559350
PWY-6628: superpathway of L-phenylalanine biosynthesis|g__Escherichia.s__Escherichia_coli	4.2785768791
ASPASN-PWY: superpathway of L-aspartate and L-asparagine biosynthesis	42.7134749834
ASPASN-PWY: superpathway of L-aspartate and L-asparagine biosynthesis|g__Bacteroides.s__Bacteroides_ovatus	7.4604657677
ASPASN-PWY: superpathway of L-aspartate and L-asparagine biosynthesis|g__Escherichia.s__Escherichia_coli	5.8083040919
PWY-7196: superpathway of pyrimidine ribonucleosides salvage	42.4034266968
PWY-6113: superpathway of mycolate biosynthesis	41.9945623453
FOLSYN-PWY: superpathway of tetrahydrofolate biosynthesis and salvage	41.8936073386
PWY0-162: superpathway of pyrimidine ribonucleotides de novo biosynthesis	41.8766515640
PWY-6630: superpathway of L-tyrosine biosynthesis	41.0203450160
PWY-6630: superpathway of L-tyrosine biosynthesis|g__Escherichia.s__Escherichia_coli	3.8557577973
PWY-6895: superpathway of thiamin diphosphate biosynthesis II	40.9963969620
PWY-7392: taxadiene biosynthesis (engineered)	40.5960715959
HEXITOLDEGSUPER-PWY: superpathway of hexitol degradation (bacteria)	39.5674785728
COLANSYN-PWY: colanic acid building blocks biosynthesis	37.6093453114
RHAMCAT-PWY: L-rhamnose degradation I	36.3106829008
RHAMCAT-PWY: L-rhamnose degradation I|g__Bacteroides.s__Bacteroides_ovatus	10.0488095009
RHAMCAT-PWY: L-rhamnose degradation I|g__Escherichia.s__Escherichia_coli	4.3808902526
RHAMCAT-PWY: L-rhamnose degradation I|g__Blautia.s__Ruminococcus_torques	1.7488813644
PWY-7456: mannan degradation	35.6684571867
PWY-6901: superpathway of glucose and xylose degradation	35.2177287091
PWY0-1586: peptidoglycan maturation (meso-diaminopimelate containing)	34.9100740062
PWY0-1586: peptidoglycan maturation (meso-diaminopimelate containing)|g__Escherichia.s__Escherichia_coli	12.3322718793
PWY-6168: flavin biosynthesis III (fungi)	34.6729734290
PWY-6168: flavin biosynthesis III (fungi)|g__Escherichia.s__Escherichia_coli	3.1835759725
BIOTIN-BIOSYNTHESIS-PWY: biotin biosynthesis I	33.1691046205
BIOTIN-BIOSYNTHESIS-PWY: biotin biosynthesis I|g__Escherichia.s__Escherichia_coli	2.6297143921
PWY-621: sucrose degradation III (sucrose invertase)	32.8446594351
PWY-621: sucrose degradation III (sucrose invertase)|g__Blautia.s__Ruminococcus_torques	8.2040671574
PWY-621: sucrose degradation III (sucrose invertase)|g__Lachnospiraceae_noname.s__Lachnospiraceae_bacterium_5_1_63FAA	4.0012096572
PWY-621: sucrose degradation III (sucrose invertase)|g__Escherichia.s__Escherichia_coli	1.5705054931
PWY-621: sucrose degradation III (sucrose invertase)|g__Eubacterium.s__Eubacterium_rectale	1.0743085454
PWY-6353: purine nucleotides degradation II (aerobic)	32.5425805956
PWY-6353: purine nucleotides degradation II (aerobic)|g__Escherichia.s__Escherichia_coli	4.0026612848
PWY-6519: 8-amino-7-oxononanoate biosynthesis I	31.8263778267
PWY-6519: 8-amino-7-oxononanoate biosynthesis I|g__Escherichia.s__Escherichia_coli	2.4436077207
PWY-4242: pantothenate and coenzyme A biosynthesis III	31.4842286125
PWY-4242: pantothenate and coenzyme A biosynthesis III|g__Bacteroides.s__Bacteroides_ovatus	5.4753643984
PWY-6612: superpathway of tetrahydrofolate biosynthesis	31.4133457975
HISTSYN-PWY: L-histidine biosynthesis	31.0798813082
HISTSYN-PWY: L-histidine biosynthesis|g__Bifidobacterium.s__Bifidobacterium_animalis	19.8035180488
PWY-7199: pyrimidine deoxyribonucleosides salvage	30.8688832702
PWY-7199: pyrimidine deoxyribonucleosides salvage|g__Streptococcus.s__Streptococcus_thermophilus	26.4025653421
PWY-7323: superpathway of GDP-mannose-derived O-antigen building blocks biosynthesis	30.7646474777
PWY-7323: superpathway of GDP-mannose-derived O-antigen building blocks biosynthesis|g__Bacteroides.s__Bacteroides_ovatus	6.6352680479
PWY-5384: sucrose degradation IV (sucrose phosphorylase)	30.4230905622
PWY-5384: sucrose degradation IV (sucrose phosphorylase)|g__Escherichia.s__Escherichia_coli	1.5924820661
PWY0-845: superpathway of pyridoxal 5'-phosphate biosynthesis and salvage	28.3189294714
PWY0-845: superpathway of pyridoxal 5'-phosphate biosynthesis and salvage|g__Bacteroides.s__Bacteroides_ovatus	8.1272596715
PWY-5154: L-arginine biosynthesis III (via N-acetyl-L-citrulline)	27.0637021915
PWY-5154: L-arginine biosynthesis III (via N-acetyl-L-citrulline)|g__Blautia.s__Ruminococcus_torques	1.9211604255
RIBOSYN2-PWY: flavin biosynthesis I (bacteria and plants)	26.9630945458
RIBOSYN2-PWY: flavin biosynthesis I (bacteria and plants)|g__Escherichia.s__Escherichia_coli	3.6644991237
GLYCOLYSIS-E-D: superpathway of glycolysis and Entner-Doudoroff	26.3554345359
GLYCOLYSIS-E-D: superpathway of glycolysis and Entner-Doudoroff|g__Escherichia.s__Escherichia_coli	3.9283681994
PWY0-1061: superpathway of L-alanine biosynthesis	26.0091881040
PWY0-1061: superpathway of L-alanine biosynthesis|g__Escherichia.s__Escherichia_coli	6.4541043745
PWY-6859: all-trans-farnesol biosynthesis	25.9249904063
PWY-6859: all-trans-farnesol biosynthesis|g__Escherichia.s__Escherichia_coli	2.2837886112
PENTOSE-P-PWY: pentose phosphate pathway	25.8621345927
SALVADEHYPOX-PWY: adenosine nucleotides degradation II	23.9225510901
SALVADEHYPOX-PWY: adenosine nucleotides degradation II|g__Escherichia.s__Escherichia_coli	5.2563258191
SALVADEHYPOX-PWY: adenosine nucleotides degradation II|g__Blautia.s__Ruminococcus_torques	5.2015321209
PWY-6892: thiazole biosynthesis I (E. coli)	23.6967794802
PWY-6892: thiazole biosynthesis I (E. coli)|g__Escherichia.s__Escherichia_coli	2.3113996807
PYRIDOXSYN-PWY: pyridoxal 5'-phosphate biosynthesis I	22.4882400785
PYRIDOXSYN-PWY: pyridoxal 5'-phosphate biosynthesis I|g__Bacteroides.s__Bacteroides_ovatus	7.2339608735
PWY-6608: guanosine nucleotides degradation III	21.0367470712
PWY-6608: guanosine nucleotides degradation III|g__Escherichia.s__Escherichia_coli	4.6879878430
PWY-6608: guanosine nucleotides degradation III|g__Blautia.s__Ruminococcus_torques	3.4186650075
PWY-6284: superpathway of unsaturated fatty acids biosynthesis (E. coli)	20.9133062182
PWY-7211: superpathway of pyrimidine deoxyribonucleotides de novo biosynthesis	20.8724190151
GLYCOGENSYNTH-PWY: glycogen biosynthesis I (from ADP-D-Glucose)	20.3347627023
GLYCOGENSYNTH-PWY: glycogen biosynthesis I (from ADP-D-Glucose)|g__Lachnospiraceae_noname.s__Lachnospiraceae_bacterium_5_1_63FAA	4.4306569594
GLYCOGENSYNTH-PWY: glycogen biosynthesis I (from ADP-D-Glucose)|g__Escherichia.s__Escherichia_coli	2.3818724122
P4-PWY: superpathway of L-lysine, L-threonine and L-methionine biosynthesis I	20.1644011884
PWY-1269: CMP-3-deoxy-D-manno-octulosonate biosynthesis I	19.6720625675
PWY-1269: CMP-3-deoxy-D-manno-octulosonate biosynthesis I|g__Bacteroides.s__Bacteroides_ovatus	9.7711139508
PWY-1269: CMP-3-deoxy-D-manno-octulosonate biosynthesis I|g__Escherichia.s__Escherichia_coli	5.7087536330
P461-PWY: hexitol fermentation to lactate, formate, ethanol and acetate	19.5600732996
P461-PWY: hexitol fermentation to lactate, formate, ethanol and acetate|g__Lachnospiraceae_noname.s__Lachnospiraceae_bacterium_5_1_63FAA	8.1565194838
P461-PWY: hexitol fermentation to lactate, formate, ethanol and acetate|g__Escherichia.s__Escherichia_coli	3.6703171761
P441-PWY: superpathway of N-acetylneuraminate degradation	18.9021054072
PWY-6595: superpathway of guanosine nucleotides degradation (plants)	18.8728373939
ENTBACSYN-PWY: enterobactin biosynthesis	18.7558391416
ENTBACSYN-PWY: enterobactin biosynthesis|g__Escherichia.s__Escherichia_coli	6.5110757400
SULFATE-CYS-PWY: superpathway of sulfate assimilation and cysteine biosynthesis	18.0690306447
SULFATE-CYS-PWY: superpathway of sulfate assimilation and cysteine biosynthesis|g__Escherichia.s__Escherichia_coli	3.7823811806
ARGININE-SYN4-PWY: L-ornithine de novo  biosynthesis	17.9841728929
ARGININE-SYN4-PWY: L-ornithine de novo  biosynthesis|g__Bacteroides.s__Bacteroides_ovatus	7.5456640419
ARGININE-SYN4-PWY: L-ornithine de novo  biosynthesis|g__Bacteroides.s__Bacteroides_fragilis	1.9825926042
ARGININE-SYN4-PWY: L-ornithine de novo  biosynthesis|g__Bacteroides.s__Bacteroides_thetaiotaomicron	0.9563658099
ARGININE-SYN4-PWY: L-ornithine de novo  biosynthesis|g__Bacteroides.s__Bacteroides_uniformis	0.8421052632
PWY-6606: guanosine nucleotides degradation II	17.9337046621
PWY-5897: superpathway of menaquinol-11 biosynthesis	16.9064632603
PWY-5897: superpathway of menaquinol-11 biosynthesis|g__Escherichia.s__Escherichia_coli	1.5622336901
PWY-5898: superpathway of menaquinol-12 biosynthesis	16.9064632603
PWY-5898: superpathway of menaquinol-12 biosynthesis|g__Escherichia.s__Escherichia_coli	1.5622336901
PWY-5899: superpathway of menaquinol-13 biosynthesis	16.9064632603
PWY-5899: superpathway of menaquinol-13 biosynthesis|g__Escherichia.s__Escherichia_coli	1.5622336901
POLYISOPRENSYN-PWY: polyisoprenoid biosynthesis (E. coli)	16.4462377918
POLYISOPRENSYN-PWY: polyisoprenoid biosynthesis (E. coli)|g__Escherichia.s__Escherichia_coli	2.8911703589
GALACT-GLUCUROCAT-PWY: superpathway of hexuronide and hexuronate degradation	16.0300212685
GALACT-GLUCUROCAT-PWY: superpathway of hexuronide and hexuronate degradation|g__Escherichia.s__Escherichia_coli	4.2195873105
GLUCUROCAT-PWY: superpathway of &beta;-D-glucuronide and D-glucuronate degradation	15.9119899445
GLUCUROCAT-PWY: superpathway of &beta;-D-glucuronide and D-glucuronate degradation|g__Escherichia.s__Escherichia_coli	4.9037952670
PWY-5083: NAD/NADH phosphorylation and dephosphorylation	15.4173372606
PWY-5083: NAD/NADH phosphorylation and dephosphorylation|g__Escherichia.s__Escherichia_coli	3.5270527218
PWY-5838: superpathway of menaquinol-8 biosynthesis I	15.2943004335
PWY-5838: superpathway of menaquinol-8 biosynthesis I|g__Escherichia.s__Escherichia_coli	1.5743942876
PWY-6891: thiazole biosynthesis II (Bacillus)	15.2815649869
PWY-5840: superpathway of menaquinol-7 biosynthesis	14.7256704919
PWY-5840: superpathway of menaquinol-7 biosynthesis|g__Escherichia.s__Escherichia_coli	1.5078889847
PWY-5845: superpathway of menaquinol-9 biosynthesis	14.7256704919
PWY-5845: superpathway of menaquinol-9 biosynthesis|g__Escherichia.s__Escherichia_coli	1.5078889847
PWY-5850: superpathway of menaquinol-6 biosynthesis I	14.7256704919
PWY-5850: superpathway of menaquinol-6 biosynthesis I|g__Escherichia.s__Escherichia_coli	1.5078889847
PWY-5896: superpathway of menaquinol-10 biosynthesis	14.7256704919
PWY-5896: superpathway of menaquinol-10 biosynthesis|g__Escherichia.s__Escherichia_coli	1.5078889847
HEMESYN2-PWY: heme biosynthesis II (anaerobic)	14.4871186317
PWY-5723: Rubisco shunt	14.2113403871
PWY-7269: NAD/NADP-NADH/NADPH mitochondrial interconversion (yeast)	14.0737489855
PWY-7269: NAD/NADP-NADH/NADPH mitochondrial interconversion (yeast)|g__Escherichia.s__Escherichia_coli	3.8215611818
GLUCOSE1PMETAB-PWY: glucose and glucose-1-phosphate degradation	13.7002840415
GLUCOSE1PMETAB-PWY: glucose and glucose-1-phosphate degradation|g__Escherichia.s__Escherichia_coli	7.0220431208
GLCMANNANAUT-PWY: superpathway of N-acetylglucosamine, N-acetylmannosamine and N-acetylneuraminate degradation	13.6762618228
GLCMANNANAUT-PWY: superpathway of N-acetylglucosamine, N-acetylmannosamine and N-acetylneuraminate degradation|g__Blautia.s__Ruminococcus_torques	3.6204172461
GLCMANNANAUT-PWY: superpathway of N-acetylglucosamine, N-acetylmannosamine and N-acetylneuraminate degradation|g__Escherichia.s__Escherichia_coli	2.7049266873
HEME-BIOSYNTHESIS-II: heme biosynthesis I (aerobic)	13.6679821091
PWY0-781: aspartate superpathway	13.4924371392
PWY-7242: D-fructuronate degradation	13.1385264686
PWY-7242: D-fructuronate degradation|g__Escherichia.s__Escherichia_coli	8.4417788700
PWY-7315: dTDP-N-acetylthomosamine biosynthesis	12.7742901162
PWY-7315: dTDP-N-acetylthomosamine biosynthesis|g__Escherichia.s__Escherichia_coli	7.5753749763
FUC-RHAMCAT-PWY: superpathway of fucose and rhamnose degradation	12.3322660973
PWY-6147: 6-hydroxymethyl-dihydropterin diphosphate biosynthesis I	12.1779583666
PWY-6147: 6-hydroxymethyl-dihydropterin diphosphate biosynthesis I|g__Bacteroides.s__Bacteroides_ovatus	6.2617003594
PWY-6147: 6-hydroxymethyl-dihydropterin diphosphate biosynthesis I|g__Escherichia.s__Escherichia_coli	3.3420136686
PWY-4041: &gamma;-glutamyl cycle	12.1601873135
PWY-4041: &gamma;-glutamyl cycle|g__Escherichia.s__Escherichia_coli	8.6194068048
GALACTUROCAT-PWY: D-galacturonate degradation I	12.1415807488
GALACTUROCAT-PWY: D-galacturonate degradation I|g__Escherichia.s__Escherichia_coli	4.0384428781
PWY-7204: pyridoxal 5'-phosphate salvage II (plants)	12.1257869439
PWY-7539: 6-hydroxymethyl-dihydropterin diphosphate biosynthesis III (Chlamydia)	11.9894068152
PWY-7539: 6-hydroxymethyl-dihydropterin diphosphate biosynthesis III (Chlamydia)|g__Bacteroides.s__Bacteroides_ovatus	6.9252894912
PWY-6305: putrescine biosynthesis IV	11.9841056611
PWY-6305: putrescine biosynthesis IV|g__Blautia.s__Ruminococcus_torques	7.3655610242
PWY-6305: putrescine biosynthesis IV|g__Escherichia.s__Escherichia_coli	4.5093852392
GLYCOLYSIS-TCA-GLYOX-BYPASS: superpathway of glycolysis, pyruvate dehydrogenase, TCA, and glyoxylate bypass	11.8794472398
GLYCOLYSIS-TCA-GLYOX-BYPASS: superpathway of glycolysis, pyruvate dehydrogenase, TCA, and glyoxylate bypass|g__Escherichia.s__Escherichia_coli	3.7729886973
PWY-5861: superpathway of demethylmenaquinol-8 biosynthesis	11.5490880740
PWY-5861: superpathway of demethylmenaquinol-8 biosynthesis|g__Escherichia.s__Escherichia_coli	1.6161685137
NAD-BIOSYNTHESIS-II: NAD salvage pathway II	11.3993179803
NAD-BIOSYNTHESIS-II: NAD salvage pathway II|g__Escherichia.s__Escherichia_coli	6.6932486007
P42-PWY: incomplete reductive TCA cycle	11.1228045391
PWY-6545: pyrimidine deoxyribonucleotides de novo biosynthesis III	11.0709458911
PWY-5860: superpathway of demethylmenaquinol-6 biosynthesis I	11.0651163743
PWY-5860: superpathway of demethylmenaquinol-6 biosynthesis I|g__Escherichia.s__Escherichia_coli	1.5133900378
PWY-5862: superpathway of demethylmenaquinol-9 biosynthesis	11.0651163743
PWY-5862: superpathway of demethylmenaquinol-9 biosynthesis|g__Escherichia.s__Escherichia_coli	1.5133900378
TCA: TCA cycle I (prokaryotic)	10.7857739847
TCA: TCA cycle I (prokaryotic)|g__Escherichia.s__Escherichia_coli	4.4228014367
PWY0-1261: anhydromuropeptides recycling	10.7728041771
PWY-6507: 4-deoxy-L-threo-hex-4-enopyranuronate degradation	10.6124497227
PWY-6507: 4-deoxy-L-threo-hex-4-enopyranuronate degradation|g__Escherichia.s__Escherichia_coli	5.5220255196
PPGPPMET-PWY: ppGpp biosynthesis	10.5213198793
ARG+POLYAMINE-SYN: superpathway of arginine and polyamine biosynthesis	10.3632937544
PWY0-1298: superpathway of pyrimidine deoxyribonucleosides degradation	10.1956187782
SO4ASSIM-PWY: sulfate reduction I (assimilatory)	10.1087767634
SO4ASSIM-PWY: sulfate reduction I (assimilatory)|g__Escherichia.s__Escherichia_coli	4.2051237471
PWY0-1415: superpathway of heme biosynthesis from uroporphyrinogen-III	9.7812388366
PWY-821: superpathway of sulfur amino acid biosynthesis (Saccharomyces cerevisiae)	9.4856108744
PWY-5345: superpathway of L-methionine biosynthesis (by sulfhydrylation)	9.3761760197
FUCCAT-PWY: fucose degradation	9.0606617395
FUCCAT-PWY: fucose degradation|g__Escherichia.s__Escherichia_coli	3.7552954939
PWY-5367: petroselinate biosynthesis	8.9417859846
PWY-5367: petroselinate biosynthesis|g__Blautia.s__Ruminococcus_torques	4.2103654271
PWY-6531: mannitol cycle	8.7730523608
PWY-5505: L-glutamate and L-glutamine biosynthesis	8.4863371754
NAGLIPASYN-PWY: lipid IVA biosynthesis	8.4022119748
NAGLIPASYN-PWY: lipid IVA biosynthesis|g__Escherichia.s__Escherichia_coli	1.8240329251
LACTOSECAT-PWY: lactose and galactose degradation I	8.3941294278
LACTOSECAT-PWY: lactose and galactose degradation I|g__Lactococcus.s__Lactococcus_lactis	1.4808541173
PWY-5101: L-isoleucine biosynthesis II	8.3142058977
PWY-5918: superpathay of heme biosynthesis from glutamate	8.1420562402
GLUDEG-I-PWY: GABA shunt	7.6754758560
PWY-5863: superpathway of phylloquinol biosynthesis	7.4587775360
PWY-5863: superpathway of phylloquinol biosynthesis|g__Escherichia.s__Escherichia_coli	2.0723825822
PWY-6969: TCA cycle V (2-oxoglutarate:ferredoxin oxidoreductase)	7.1842146965
PWY-6969: TCA cycle V (2-oxoglutarate:ferredoxin oxidoreductase)|g__Escherichia.s__Escherichia_coli	4.4637611465
PWY-5188: tetrapyrrole biosynthesis I (from glutamate)	7.0934662039
PWY-5188: tetrapyrrole biosynthesis I (from glutamate)|g__Escherichia.s__Escherichia_coli	1.9958258845
PWY-6803: phosphatidylcholine acyl editing	7.0757524674
PWY-6803: phosphatidylcholine acyl editing|g__Escherichia.s__Escherichia_coli	4.1904458459
PWY-5791: 1,4-dihydroxy-2-naphthoate biosynthesis II (plants)	6.8951208451
PWY-5791: 1,4-dihydroxy-2-naphthoate biosynthesis II (plants)|g__Escherichia.s__Escherichia_coli	2.7092680991
PWY-5837: 1,4-dihydroxy-2-naphthoate biosynthesis I	6.8951208451
PWY-5837: 1,4-dihydroxy-2-naphthoate biosynthesis I|g__Escherichia.s__Escherichia_coli	2.7092680991
TCA-GLYOX-BYPASS: superpathway of glyoxylate bypass and TCA	6.6217581769
TCA-GLYOX-BYPASS: superpathway of glyoxylate bypass and TCA|g__Escherichia.s__Escherichia_coli	4.2373052593
REDCITCYC: TCA cycle VIII (helicobacter)	6.3150798133
PWY-5690: TCA cycle II (plants and fungi)	5.7525871098
PWY-5690: TCA cycle II (plants and fungi)|g__Escherichia.s__Escherichia_coli	4.4228014367
GLYCOL-GLYOXDEG-PWY: superpathway of glycol metabolism and degradation	5.7216368994
GLYCOL-GLYOXDEG-PWY: superpathway of glycol metabolism and degradation|g__Escherichia.s__Escherichia_coli	4.7070694558
POLYAMSYN-PWY: superpathway of polyamine biosynthesis I	5.7087529285
POLYAMSYN-PWY: superpathway of polyamine biosynthesis I|g__Escherichia.s__Escherichia_coli	2.9971340275
PWY-5464: superpathway of cytosolic glycolysis (plants), pyruvate dehydrogenase and TCA cycle	5.5209961886
PWY-7409: phospholipid remodeling (phosphatidylethanolamine, yeast)	5.5103263514
PWY-7409: phospholipid remodeling (phosphatidylethanolamine, yeast)|g__Escherichia.s__Escherichia_coli	4.7029079037
P105-PWY: TCA cycle IV (2-oxoglutarate decarboxylase)	5.4470751647
P105-PWY: TCA cycle IV (2-oxoglutarate decarboxylase)|g__Escherichia.s__Escherichia_coli	4.4637611465
PWY-5913: TCA cycle VI (obligate autotrophs)	5.3796838893
PWY-5913: TCA cycle VI (obligate autotrophs)|g__Escherichia.s__Escherichia_coli	2.8864258791
METHGLYUT-PWY: superpathway of methylglyoxal degradation	5.1329399556
METHGLYUT-PWY: superpathway of methylglyoxal degradation|g__Escherichia.s__Escherichia_coli	3.2302210403
HSERMETANA-PWY: L-methionine biosynthesis III	5.0641363105
PWY-7254: TCA cycle VII (acetate-producers)	4.9406618882
PWY-7254: TCA cycle VII (acetate-producers)|g__Escherichia.s__Escherichia_coli	2.9105670798
GLUCONEO-PWY: gluconeogenesis I	4.9158256131
ECASYN-PWY: enterobacterial common antigen biosynthesis	4.6775412952
ECASYN-PWY: enterobacterial common antigen biosynthesis|g__Escherichia.s__Escherichia_coli	4.1716227644
GLYOXYLATE-BYPASS: glyoxylate cycle	4.6581253398
GLYOXYLATE-BYPASS: glyoxylate cycle|g__Escherichia.s__Escherichia_coli	3.8797911321
P185-PWY: formaldehyde assimilation III (dihydroxyacetone cycle)	4.4219956248
COBALSYN-PWY: adenosylcobalamin salvage from cobinamide I	4.3285360606
COBALSYN-PWY: adenosylcobalamin salvage from cobinamide I|g__Escherichia.s__Escherichia_coli	3.1519629634
FAO-PWY: fatty acid &beta;-oxidation I	4.2116764003
PWY-5173: superpathway of acetyl-CoA biosynthesis	4.1911975033
PWY-5173: superpathway of acetyl-CoA biosynthesis|g__Escherichia.s__Escherichia_coli	2.9475233512
PWY-7039: phosphatidate metabolism, as a signaling molecule	4.1483128751
PWY-7039: phosphatidate metabolism, as a signaling molecule|g__Escherichia.s__Escherichia_coli	3.1844347172
PWY-5920: superpathway of heme biosynthesis from glycine	4.1434237518
AST-PWY: L-arginine degradation II (AST pathway)	4.0017316091
AST-PWY: L-arginine degradation II (AST pathway)|g__Escherichia.s__Escherichia_coli	4.0017316091
PWY-561: superpathway of glyoxylate cycle and fatty acid degradation	3.9958127104
TRNA-CHARGING-PWY: tRNA charging	3.6328264477
CITRULBIO-PWY: L-citrulline biosynthesis	3.5426484331
KDO-NAGLIPASYN-PWY: superpathway of (Kdo)2-lipid A biosynthesis	3.5278505617
KDO-NAGLIPASYN-PWY: superpathway of (Kdo)2-lipid A biosynthesis|g__Escherichia.s__Escherichia_coli	2.7308656930
GLYCOCAT-PWY: glycogen degradation I (bacterial)	3.3598640236
PWY-5910: superpathway of geranylgeranyldiphosphate biosynthesis I (via mevalonate)	3.3115700224
PWY-7446: sulfoglycolysis	3.1331884127
PWY-7446: sulfoglycolysis|g__Escherichia.s__Escherichia_coli	3.1331884127
PWY-7328: superpathway of UDP-glucose-derived O-antigen building blocks biosynthesis	3.0106919059
PWY-4984: urea cycle	3.0095201641
AEROBACTINSYN-PWY: aerobactin biosynthesis	2.9162373927
AEROBACTINSYN-PWY: aerobactin biosynthesis|g__Escherichia.s__Escherichia_coli	2.9162373927
PWY-5855: ubiquinol-7 biosynthesis (prokaryotic)	2.8167404779
PWY-5855: ubiquinol-7 biosynthesis (prokaryotic)|g__Escherichia.s__Escherichia_coli	2.8167404779
PWY-5856: ubiquinol-9 biosynthesis (prokaryotic)	2.8167404779
PWY-5856: ubiquinol-9 biosynthesis (prokaryotic)|g__Escherichia.s__Escherichia_coli	2.8167404779
PWY-5857: ubiquinol-10 biosynthesis (prokaryotic)	2.8167404779
PWY-5857: ubiquinol-10 biosynthesis (prokaryotic)|g__Escherichia.s__Escherichia_coli	2.8167404779
PWY-6708: ubiquinol-8 biosynthesis (prokaryotic)	2.8167404779
PWY-6708: ubiquinol-8 biosynthesis (prokaryotic)|g__Escherichia.s__Escherichia_coli	2.8167404779
PWY0-1241: ADP-L-glycero-&beta;-D-manno-heptose biosynthesis	2.7757713517
PWY0-1241: ADP-L-glycero-&beta;-D-manno-heptose biosynthesis|g__Escherichia.s__Escherichia_coli	2.7757713517
PWY-5136: fatty acid &beta;-oxidation II (peroxisome)	2.7546660535
PWY-5189: tetrapyrrole biosynthesis II (from glycine)	2.5832646630
PWY-5189: tetrapyrrole biosynthesis II (from glycine)|g__Escherichia.s__Escherichia_coli	1.3747684443
PWY-7115: C4 photosynthetic carbon assimilation cycle, NAD-ME type	2.5702297892
PWY-2723: trehalose degradation V	2.4414268340
PWY-922: mevalonate pathway I	2.4332705811
PWY-4702: phytate degradation I	2.4260705748
PWY-4702: phytate degradation I|g__Escherichia.s__Escherichia_coli	2.4260705748
PWY0-1533: methylphosphonate degradation I	2.3628209046
PWY0-1533: methylphosphonate degradation I|g__Escherichia.s__Escherichia_coli	2.3628209046
PWY490-3: nitrate reduction VI (assimilatory)	2.0373340013
PWY-5705: allantoin degradation to glyoxylate III	1.9585025940
PWY-5705: allantoin degradation to glyoxylate III|g__Escherichia.s__Escherichia_coli	1.9585025940
PWY-4981: L-proline biosynthesis II (from arginine)	1.6930095111
PWY-4981: L-proline biosynthesis II (from arginine)|g__Escherichia.s__Escherichia_coli	1.3661116710
PWY0-1479: tRNA processing	1.5673528112
PWY0-1338: polymyxin resistance	1.4827975101
PWY0-1338: polymyxin resistance|g__Escherichia.s__Escherichia_coli	1.4827975101