# Pathway	ERR480581_Abundance
UNMAPPED	61053.2931004509
UNINTEGRATED	69641.7974659508
UNINTEGRATED|g__Desulfovibrio.s__Desulfovibrio_piger	9706.6088676430
UNINTEGRATED|g__Parabacteroides.s__Parabacteroides_merdae	6457.9166503874
UNINTEGRATED|g__Faecalibacterium.s__Faecalibacterium_prausnitzii	5543.4250770950
UNINTEGRATED|g__Bacteroides.s__Bacteroides_vulgatus	5421.6818721601
UNINTEGRATED|g__Flavonifractor.s__Flavonifractor_plautii	5022.9213230584
UNINTEGRATED|g__Bacteroides.s__Bacteroides_finegoldii	4481.5349837900
UNINTEGRATED|g__Bacteroides.s__Bacteroides_fragilis	4155.2406728278
UNINTEGRATED|g__Bacteroides.s__Bacteroides_dorei	3967.3839937625
UNINTEGRATED|g__Bacteroides.s__Bacteroides_ovatus	3957.4079887738
UNINTEGRATED|g__Bacteroides.s__Bacteroides_uniformis	3308.1326692236
UNINTEGRATED|g__Clostridium.s__Clostridium_bolteae	2413.2746746765
UNINTEGRATED|g__Bacteroides.s__Bacteroides_cellulosilyticus	2341.6110964744
UNINTEGRATED|g__Parabacteroides.s__Parabacteroides_distasonis	2099.0460842412
UNINTEGRATED|g__Alistipes.s__Alistipes_onderdonkii	1929.2057038030
UNINTEGRATED|g__Escherichia.s__Escherichia_coli	1400.7915751771
UNINTEGRATED|g__Bacteroides.s__Bacteroides_xylanisolvens	1259.0598943415
UNINTEGRATED|g__Blautia.s__Ruminococcus_gnavus	1187.8177241585
UNINTEGRATED|g__Roseburia.s__Roseburia_intestinalis	1165.6802963347
UNINTEGRATED|g__Eubacterium.s__Eubacterium_rectale	977.3690466787
UNINTEGRATED|g__Blautia.s__Ruminococcus_torques	800.5153394071
UNINTEGRATED|g__Coriobacteriaceae_noname.s__Coriobacteriaceae_bacterium_phI	744.4316565804
UNINTEGRATED|g__Ruminococcus.s__Ruminococcus_bromii	517.6267904101
PWY-6386: UDP-N-acetylmuramoyl-pentapeptide biosynthesis II (lysine-containing)	76.6490263844
PWY-6386: UDP-N-acetylmuramoyl-pentapeptide biosynthesis II (lysine-containing)|g__Desulfovibrio.s__Desulfovibrio_piger	9.8088393421
PWY-6386: UDP-N-acetylmuramoyl-pentapeptide biosynthesis II (lysine-containing)|g__Flavonifractor.s__Flavonifractor_plautii	7.4196873555
PWY-6386: UDP-N-acetylmuramoyl-pentapeptide biosynthesis II (lysine-containing)|g__Faecalibacterium.s__Faecalibacterium_prausnitzii	6.1725851341
PWY-6386: UDP-N-acetylmuramoyl-pentapeptide biosynthesis II (lysine-containing)|g__Alistipes.s__Alistipes_onderdonkii	5.4784604751
PWY-6386: UDP-N-acetylmuramoyl-pentapeptide biosynthesis II (lysine-containing)|g__Bacteroides.s__Bacteroides_uniformis	5.1542314401
PWY-7219: adenosine ribonucleotides de novo biosynthesis	69.6350312149
PWY-7219: adenosine ribonucleotides de novo biosynthesis|g__Desulfovibrio.s__Desulfovibrio_piger	18.6891545074
PWY-7219: adenosine ribonucleotides de novo biosynthesis|g__Faecalibacterium.s__Faecalibacterium_prausnitzii	11.9874524214
PWY-7219: adenosine ribonucleotides de novo biosynthesis|g__Flavonifractor.s__Flavonifractor_plautii	8.9507238829
PWY-7219: adenosine ribonucleotides de novo biosynthesis|g__Alistipes.s__Alistipes_onderdonkii	3.5361636288
PWY-7219: adenosine ribonucleotides de novo biosynthesis|g__Bacteroides.s__Bacteroides_finegoldii	3.5289432689
PWY-7219: adenosine ribonucleotides de novo biosynthesis|g__Bacteroides.s__Bacteroides_uniformis	2.8656301767
PWY-7219: adenosine ribonucleotides de novo biosynthesis|g__Bacteroides.s__Bacteroides_vulgatus	2.7643022249
PWY-7219: adenosine ribonucleotides de novo biosynthesis|g__Bacteroides.s__Bacteroides_cellulosilyticus	2.4136618638
PWY-7219: adenosine ribonucleotides de novo biosynthesis|g__Bacteroides.s__Bacteroides_dorei	1.2666900570
PWY-7219: adenosine ribonucleotides de novo biosynthesis|g__Bacteroides.s__Bacteroides_xylanisolvens	1.2375952123
PWY-7219: adenosine ribonucleotides de novo biosynthesis|g__Bacteroides.s__Bacteroides_fragilis	1.1751529035
PWY-7219: adenosine ribonucleotides de novo biosynthesis|g__Eubacterium.s__Eubacterium_rectale	0.9732786981
PWY-6387: UDP-N-acetylmuramoyl-pentapeptide biosynthesis I (meso-diaminopimelate containing)	69.2883264598
PWY-6387: UDP-N-acetylmuramoyl-pentapeptide biosynthesis I (meso-diaminopimelate containing)|g__Desulfovibrio.s__Desulfovibrio_piger	9.5357272790
PWY-6387: UDP-N-acetylmuramoyl-pentapeptide biosynthesis I (meso-diaminopimelate containing)|g__Bacteroides.s__Bacteroides_vulgatus	9.3211702748
PWY-6387: UDP-N-acetylmuramoyl-pentapeptide biosynthesis I (meso-diaminopimelate containing)|g__Faecalibacterium.s__Faecalibacterium_prausnitzii	7.2327405447
PWY-6387: UDP-N-acetylmuramoyl-pentapeptide biosynthesis I (meso-diaminopimelate containing)|g__Flavonifractor.s__Flavonifractor_plautii	6.3347916165
PWY-6387: UDP-N-acetylmuramoyl-pentapeptide biosynthesis I (meso-diaminopimelate containing)|g__Alistipes.s__Alistipes_onderdonkii	5.3809346573
PWY-6387: UDP-N-acetylmuramoyl-pentapeptide biosynthesis I (meso-diaminopimelate containing)|g__Bacteroides.s__Bacteroides_uniformis	4.7892135325
PWY-6387: UDP-N-acetylmuramoyl-pentapeptide biosynthesis I (meso-diaminopimelate containing)|g__Bacteroides.s__Bacteroides_dorei	2.1740310596
PEPTIDOGLYCANSYN-PWY: peptidoglycan biosynthesis I (meso-diaminopimelate containing)	64.6720141980
PEPTIDOGLYCANSYN-PWY: peptidoglycan biosynthesis I (meso-diaminopimelate containing)|g__Desulfovibrio.s__Desulfovibrio_piger	9.5265308267
PEPTIDOGLYCANSYN-PWY: peptidoglycan biosynthesis I (meso-diaminopimelate containing)|g__Faecalibacterium.s__Faecalibacterium_prausnitzii	6.7105724992
PEPTIDOGLYCANSYN-PWY: peptidoglycan biosynthesis I (meso-diaminopimelate containing)|g__Bacteroides.s__Bacteroides_vulgatus	6.6543451935
PEPTIDOGLYCANSYN-PWY: peptidoglycan biosynthesis I (meso-diaminopimelate containing)|g__Flavonifractor.s__Flavonifractor_plautii	6.3637132879
PEPTIDOGLYCANSYN-PWY: peptidoglycan biosynthesis I (meso-diaminopimelate containing)|g__Alistipes.s__Alistipes_onderdonkii	4.0304849790
PEPTIDOGLYCANSYN-PWY: peptidoglycan biosynthesis I (meso-diaminopimelate containing)|g__Bacteroides.s__Bacteroides_uniformis	2.5716058877
PWY-6163: chorismate biosynthesis from 3-dehydroquinate	62.4713059384
PWY-6163: chorismate biosynthesis from 3-dehydroquinate|g__Desulfovibrio.s__Desulfovibrio_piger	20.4159455399
PWY-6163: chorismate biosynthesis from 3-dehydroquinate|g__Flavonifractor.s__Flavonifractor_plautii	11.6915920142
PWY-6385: peptidoglycan biosynthesis III (mycobacteria)	60.2954083499
PWY-6385: peptidoglycan biosynthesis III (mycobacteria)|g__Faecalibacterium.s__Faecalibacterium_prausnitzii	6.7105724992
COMPLETE-ARO-PWY: superpathway of aromatic amino acid biosynthesis	58.6766475061
ILEUSYN-PWY: L-isoleucine biosynthesis I (from threonine)	58.3907563766
ILEUSYN-PWY: L-isoleucine biosynthesis I (from threonine)|g__Faecalibacterium.s__Faecalibacterium_prausnitzii	17.7998592505
ILEUSYN-PWY: L-isoleucine biosynthesis I (from threonine)|g__Desulfovibrio.s__Desulfovibrio_piger	11.0632681940
PWY-7111: pyruvate fermentation to isobutanol (engineered)	58.3907563766
PWY-7111: pyruvate fermentation to isobutanol (engineered)|g__Desulfovibrio.s__Desulfovibrio_piger	15.4131277583
PWY-7111: pyruvate fermentation to isobutanol (engineered)|g__Faecalibacterium.s__Faecalibacterium_prausnitzii	13.3353375994
PWY-7111: pyruvate fermentation to isobutanol (engineered)|g__Flavonifractor.s__Flavonifractor_plautii	10.8897362765
PWY-7111: pyruvate fermentation to isobutanol (engineered)|g__Bacteroides.s__Bacteroides_vulgatus	3.3721099514
PWY-7111: pyruvate fermentation to isobutanol (engineered)|g__Bacteroides.s__Bacteroides_finegoldii	3.1912667398
PWY-7111: pyruvate fermentation to isobutanol (engineered)|g__Ruminococcus.s__Ruminococcus_bromii	1.4313238957
PWY-7111: pyruvate fermentation to isobutanol (engineered)|g__Eubacterium.s__Eubacterium_rectale	1.2207619082
PWY-7111: pyruvate fermentation to isobutanol (engineered)|g__Escherichia.s__Escherichia_coli	0.9102067726
PWY-7111: pyruvate fermentation to isobutanol (engineered)|g__Parabacteroides.s__Parabacteroides_merdae	0.8601925490
PWY-7111: pyruvate fermentation to isobutanol (engineered)|g__Blautia.s__Ruminococcus_torques	0.7521624671
VALSYN-PWY: L-valine biosynthesis	58.3907563766
VALSYN-PWY: L-valine biosynthesis|g__Faecalibacterium.s__Faecalibacterium_prausnitzii	17.7998592505
VALSYN-PWY: L-valine biosynthesis|g__Desulfovibrio.s__Desulfovibrio_piger	11.0632681940
VALSYN-PWY: L-valine biosynthesis|g__Flavonifractor.s__Flavonifractor_plautii	10.8897362765
VALSYN-PWY: L-valine biosynthesis|g__Bacteroides.s__Bacteroides_vulgatus	3.3721099514
VALSYN-PWY: L-valine biosynthesis|g__Bacteroides.s__Bacteroides_finegoldii	3.1912667398
VALSYN-PWY: L-valine biosynthesis|g__Ruminococcus.s__Ruminococcus_bromii	1.4313238957
VALSYN-PWY: L-valine biosynthesis|g__Eubacterium.s__Eubacterium_rectale	1.2207619082
VALSYN-PWY: L-valine biosynthesis|g__Parabacteroides.s__Parabacteroides_merdae	0.8601925490
PWY-5686: UMP biosynthesis	57.3158321833
PWY-5686: UMP biosynthesis|g__Faecalibacterium.s__Faecalibacterium_prausnitzii	10.5010541258
PWY-5686: UMP biosynthesis|g__Desulfovibrio.s__Desulfovibrio_piger	9.0276090376
PWY-5686: UMP biosynthesis|g__Flavonifractor.s__Flavonifractor_plautii	7.0461802928
PWY-5686: UMP biosynthesis|g__Bacteroides.s__Bacteroides_uniformis	2.9633996740
PWY-5686: UMP biosynthesis|g__Alistipes.s__Alistipes_onderdonkii	2.3463858950
PWY-6121: 5-aminoimidazole ribonucleotide biosynthesis I	57.1536057696
PWY-6121: 5-aminoimidazole ribonucleotide biosynthesis I|g__Desulfovibrio.s__Desulfovibrio_piger	11.7384242607
PWY-6121: 5-aminoimidazole ribonucleotide biosynthesis I|g__Faecalibacterium.s__Faecalibacterium_prausnitzii	4.5167232474
PWY-6121: 5-aminoimidazole ribonucleotide biosynthesis I|g__Flavonifractor.s__Flavonifractor_plautii	3.1618557282
ARO-PWY: chorismate biosynthesis I	56.9961354116
PWY-6122: 5-aminoimidazole ribonucleotide biosynthesis II	54.7997330595
PWY-6122: 5-aminoimidazole ribonucleotide biosynthesis II|g__Desulfovibrio.s__Desulfovibrio_piger	10.5414865461
PWY-6122: 5-aminoimidazole ribonucleotide biosynthesis II|g__Flavonifractor.s__Flavonifractor_plautii	5.5415721266
PWY-6122: 5-aminoimidazole ribonucleotide biosynthesis II|g__Faecalibacterium.s__Faecalibacterium_prausnitzii	3.9292445547
PWY-6122: 5-aminoimidazole ribonucleotide biosynthesis II|g__Alistipes.s__Alistipes_onderdonkii	1.4771591489
PWY-6122: 5-aminoimidazole ribonucleotide biosynthesis II|g__Blautia.s__Ruminococcus_torques	0.8205128205
PWY-6277: superpathway of 5-aminoimidazole ribonucleotide biosynthesis	54.7997330595
PWY-6277: superpathway of 5-aminoimidazole ribonucleotide biosynthesis|g__Desulfovibrio.s__Desulfovibrio_piger	10.5414865461
PWY-6277: superpathway of 5-aminoimidazole ribonucleotide biosynthesis|g__Flavonifractor.s__Flavonifractor_plautii	5.5415721266
PWY-6277: superpathway of 5-aminoimidazole ribonucleotide biosynthesis|g__Faecalibacterium.s__Faecalibacterium_prausnitzii	3.9292445547
PWY-6277: superpathway of 5-aminoimidazole ribonucleotide biosynthesis|g__Alistipes.s__Alistipes_onderdonkii	1.4771591489
PWY-6277: superpathway of 5-aminoimidazole ribonucleotide biosynthesis|g__Blautia.s__Ruminococcus_torques	0.8205128205
PWY-5097: L-lysine biosynthesis VI	54.4404803654
PWY-5097: L-lysine biosynthesis VI|g__Desulfovibrio.s__Desulfovibrio_piger	10.3475428873
PWY-5097: L-lysine biosynthesis VI|g__Bacteroides.s__Bacteroides_uniformis	6.0069395440
PWY-5097: L-lysine biosynthesis VI|g__Faecalibacterium.s__Faecalibacterium_prausnitzii	2.5535815113
PWY-5097: L-lysine biosynthesis VI|g__Eubacterium.s__Eubacterium_rectale	1.1758200114
PWY-1042: glycolysis IV (plant cytosol)	54.3044778771
PWY-1042: glycolysis IV (plant cytosol)|g__Desulfovibrio.s__Desulfovibrio_piger	11.6393146018
PWY-1042: glycolysis IV (plant cytosol)|g__Faecalibacterium.s__Faecalibacterium_prausnitzii	11.3106882851
PWY-5695: urate biosynthesis/inosine 5'-phosphate degradation	53.4818623187
PWY-5695: urate biosynthesis/inosine 5'-phosphate degradation|g__Desulfovibrio.s__Desulfovibrio_piger	13.1823624903
PWY-5695: urate biosynthesis/inosine 5'-phosphate degradation|g__Bacteroides.s__Bacteroides_dorei	1.9830001651
PWY-5695: urate biosynthesis/inosine 5'-phosphate degradation|g__Parabacteroides.s__Parabacteroides_distasonis	1.5893985799
PWY-5695: urate biosynthesis/inosine 5'-phosphate degradation|g__Bacteroides.s__Bacteroides_finegoldii	1.0580954076
PWY-5695: urate biosynthesis/inosine 5'-phosphate degradation|g__Roseburia.s__Roseburia_intestinalis	0.6889424733
PANTO-PWY: phosphopantothenate biosynthesis I	53.4295536761
PANTO-PWY: phosphopantothenate biosynthesis I|g__Desulfovibrio.s__Desulfovibrio_piger	17.0520543744
PANTO-PWY: phosphopantothenate biosynthesis I|g__Bacteroides.s__Bacteroides_vulgatus	10.9289414463
PANTO-PWY: phosphopantothenate biosynthesis I|g__Bacteroides.s__Bacteroides_uniformis	4.7707906357
PANTO-PWY: phosphopantothenate biosynthesis I|g__Bacteroides.s__Bacteroides_dorei	4.6659370580
PANTO-PWY: phosphopantothenate biosynthesis I|g__Bacteroides.s__Bacteroides_fragilis	1.2808197246
PANTO-PWY: phosphopantothenate biosynthesis I|g__Bacteroides.s__Bacteroides_finegoldii	1.2558869702
COA-PWY-1: coenzyme A biosynthesis II (mammalian)	49.5616321757
COA-PWY-1: coenzyme A biosynthesis II (mammalian)|g__Desulfovibrio.s__Desulfovibrio_piger	16.6955802157
COA-PWY-1: coenzyme A biosynthesis II (mammalian)|g__Flavonifractor.s__Flavonifractor_plautii	9.9139082826
COA-PWY-1: coenzyme A biosynthesis II (mammalian)|g__Faecalibacterium.s__Faecalibacterium_prausnitzii	4.3916035128
COA-PWY-1: coenzyme A biosynthesis II (mammalian)|g__Bacteroides.s__Bacteroides_vulgatus	2.8849466128
COA-PWY-1: coenzyme A biosynthesis II (mammalian)|g__Bacteroides.s__Bacteroides_uniformis	2.8416440736
PWY-2942: L-lysine biosynthesis III	48.9563650805
PWY-2942: L-lysine biosynthesis III|g__Desulfovibrio.s__Desulfovibrio_piger	9.4476862952
PWY-2942: L-lysine biosynthesis III|g__Flavonifractor.s__Flavonifractor_plautii	4.6577587779
PWY-2942: L-lysine biosynthesis III|g__Bacteroides.s__Bacteroides_finegoldii	1.5085478329
BRANCHED-CHAIN-AA-SYN-PWY: superpathway of branched amino acid biosynthesis	44.4448832740
BRANCHED-CHAIN-AA-SYN-PWY: superpathway of branched amino acid biosynthesis|g__Faecalibacterium.s__Faecalibacterium_prausnitzii	14.5955117369
BRANCHED-CHAIN-AA-SYN-PWY: superpathway of branched amino acid biosynthesis|g__Desulfovibrio.s__Desulfovibrio_piger	10.6045697338
PWY-724: superpathway of L-lysine, L-threonine and L-methionine biosynthesis II	43.9365169193
PWY-724: superpathway of L-lysine, L-threonine and L-methionine biosynthesis II|g__Desulfovibrio.s__Desulfovibrio_piger	9.5193500724
PWY-724: superpathway of L-lysine, L-threonine and L-methionine biosynthesis II|g__Faecalibacterium.s__Faecalibacterium_prausnitzii	2.7961308697
PWY-7221: guanosine ribonucleotides de novo biosynthesis	43.1478498995
PWY-7221: guanosine ribonucleotides de novo biosynthesis|g__Desulfovibrio.s__Desulfovibrio_piger	12.0682850754
PWY-7221: guanosine ribonucleotides de novo biosynthesis|g__Alistipes.s__Alistipes_onderdonkii	3.4366962487
PWY-7221: guanosine ribonucleotides de novo biosynthesis|g__Bacteroides.s__Bacteroides_vulgatus	3.1490705095
PWY-7221: guanosine ribonucleotides de novo biosynthesis|g__Flavonifractor.s__Flavonifractor_plautii	3.0971271537
PWY-7221: guanosine ribonucleotides de novo biosynthesis|g__Bacteroides.s__Bacteroides_dorei	2.2800641788
PWY-7221: guanosine ribonucleotides de novo biosynthesis|g__Bacteroides.s__Bacteroides_finegoldii	1.1839741659
PWY-7221: guanosine ribonucleotides de novo biosynthesis|g__Clostridium.s__Clostridium_bolteae	1.0597156307
ANAGLYCOLYSIS-PWY: glycolysis III (from glucose)	42.5260308169
NONOXIPENT-PWY: pentose phosphate pathway (non-oxidative branch)	40.5307685716
NONOXIPENT-PWY: pentose phosphate pathway (non-oxidative branch)|g__Faecalibacterium.s__Faecalibacterium_prausnitzii	12.9622854163
NONOXIPENT-PWY: pentose phosphate pathway (non-oxidative branch)|g__Desulfovibrio.s__Desulfovibrio_piger	10.8921922356
PANTOSYN-PWY: pantothenate and coenzyme A biosynthesis I	39.9938568127
PANTOSYN-PWY: pantothenate and coenzyme A biosynthesis I|g__Desulfovibrio.s__Desulfovibrio_piger	15.8184941737
PWY-5103: L-isoleucine biosynthesis III	39.3567366928
PWY-5103: L-isoleucine biosynthesis III|g__Faecalibacterium.s__Faecalibacterium_prausnitzii	13.6059601503
PWY-5103: L-isoleucine biosynthesis III|g__Desulfovibrio.s__Desulfovibrio_piger	9.6168283932
NONMEVIPP-PWY: methylerythritol phosphate pathway I	37.3252780289
CALVIN-PWY: Calvin-Benson-Bassham cycle	34.8601337657
CALVIN-PWY: Calvin-Benson-Bassham cycle|g__Desulfovibrio.s__Desulfovibrio_piger	9.1799679424
CALVIN-PWY: Calvin-Benson-Bassham cycle|g__Faecalibacterium.s__Faecalibacterium_prausnitzii	2.3463818520
PWY-6168: flavin biosynthesis III (fungi)	33.8362128192
PWY-4242: pantothenate and coenzyme A biosynthesis III	32.6090284434
PWY-4242: pantothenate and coenzyme A biosynthesis III|g__Desulfovibrio.s__Desulfovibrio_piger	15.3946469512
PWY-4242: pantothenate and coenzyme A biosynthesis III|g__Faecalibacterium.s__Faecalibacterium_prausnitzii	2.7813354117
PWY-7282: 4-amino-2-methyl-5-phosphomethylpyrimidine biosynthesis (yeast)	32.5233255722
PWY-5973: cis-vaccenate biosynthesis	31.8921871190
PWY-5973: cis-vaccenate biosynthesis|g__Desulfovibrio.s__Desulfovibrio_piger	8.0019297781
COA-PWY: coenzyme A biosynthesis I	31.7180632413
COA-PWY: coenzyme A biosynthesis I|g__Desulfovibrio.s__Desulfovibrio_piger	17.0995166562
COA-PWY: coenzyme A biosynthesis I|g__Faecalibacterium.s__Faecalibacterium_prausnitzii	3.1267365986
COA-PWY: coenzyme A biosynthesis I|g__Bacteroides.s__Bacteroides_ovatus	1.1245431543
PWY0-1296: purine ribonucleosides degradation	31.6409901290
PWY0-1296: purine ribonucleosides degradation|g__Faecalibacterium.s__Faecalibacterium_prausnitzii	9.0800334907
PWY0-1296: purine ribonucleosides degradation|g__Eubacterium.s__Eubacterium_rectale	4.8502633331
PWY0-1296: purine ribonucleosides degradation|g__Clostridium.s__Clostridium_bolteae	2.7147553094
PWY0-1296: purine ribonucleosides degradation|g__Blautia.s__Ruminococcus_gnavus	2.2175610222
PWY0-1296: purine ribonucleosides degradation|g__Roseburia.s__Roseburia_intestinalis	1.0599636584
PWY-6151: S-adenosyl-L-methionine cycle I	31.1738446750
PWY-6151: S-adenosyl-L-methionine cycle I|g__Bacteroides.s__Bacteroides_vulgatus	5.1670580862
PWY-6151: S-adenosyl-L-methionine cycle I|g__Faecalibacterium.s__Faecalibacterium_prausnitzii	3.9394742199
PWY-6151: S-adenosyl-L-methionine cycle I|g__Bacteroides.s__Bacteroides_dorei	2.2707908257
PWY-6897: thiamin salvage II	31.1262735882
PWY-6123: inosine-5'-phosphate biosynthesis I	30.6005800169
PWY-6123: inosine-5'-phosphate biosynthesis I|g__Faecalibacterium.s__Faecalibacterium_prausnitzii	12.7411677550
PWY-6123: inosine-5'-phosphate biosynthesis I|g__Bacteroides.s__Bacteroides_finegoldii	3.8259467188
PWY-7357: thiamin formation from pyrithiamine and oxythiamine (yeast)	28.8016663639
PWY-7357: thiamin formation from pyrithiamine and oxythiamine (yeast)|g__Ruminococcus.s__Ruminococcus_bromii	1.4936519791
PWY-7663: gondoate biosynthesis (anaerobic)	28.4691777981
PWY-7663: gondoate biosynthesis (anaerobic)|g__Desulfovibrio.s__Desulfovibrio_piger	8.1066475453
PWY-7663: gondoate biosynthesis (anaerobic)|g__Bacteroides.s__Bacteroides_finegoldii	0.9636232233
PWY-7228: superpathway of guanosine nucleotides de novo biosynthesis I	28.3933090993
PWY-7228: superpathway of guanosine nucleotides de novo biosynthesis I|g__Desulfovibrio.s__Desulfovibrio_piger	8.7551828578
PWY-7228: superpathway of guanosine nucleotides de novo biosynthesis I|g__Bacteroides.s__Bacteroides_dorei	1.9475359879
TRNA-CHARGING-PWY: tRNA charging	28.3535017897
PYRIDOXSYN-PWY: pyridoxal 5'-phosphate biosynthesis I	27.9918293141
PYRIDOXSYN-PWY: pyridoxal 5'-phosphate biosynthesis I|g__Bacteroides.s__Bacteroides_fragilis	2.2125016653
PWY0-845: superpathway of pyridoxal 5'-phosphate biosynthesis and salvage	26.9661144170
PWY-6737: starch degradation V	26.9254717315
PWY-6737: starch degradation V|g__Faecalibacterium.s__Faecalibacterium_prausnitzii	5.7922949548
PWY-6737: starch degradation V|g__Coriobacteriaceae_noname.s__Coriobacteriaceae_bacterium_phI	1.1569057879
PWY-6737: starch degradation V|g__Clostridium.s__Clostridium_bolteae	0.8343763037
PWY-6737: starch degradation V|g__Roseburia.s__Roseburia_intestinalis	0.8048289738
SER-GLYSYN-PWY: superpathway of L-serine and glycine biosynthesis I	26.7790558191
SER-GLYSYN-PWY: superpathway of L-serine and glycine biosynthesis I|g__Faecalibacterium.s__Faecalibacterium_prausnitzii	5.3459625427
PWY-6703: preQ0 biosynthesis	26.4029726806
PWY-6703: preQ0 biosynthesis|g__Desulfovibrio.s__Desulfovibrio_piger	8.7788259031
PWY-6124: inosine-5'-phosphate biosynthesis II	26.3852562488
PWY-6124: inosine-5'-phosphate biosynthesis II|g__Faecalibacterium.s__Faecalibacterium_prausnitzii	11.6995321311
PWY-6124: inosine-5'-phosphate biosynthesis II|g__Bacteroides.s__Bacteroides_finegoldii	3.7263101534
PWY-3841: folate transformations II	26.3035266621
PWY-3841: folate transformations II|g__Bacteroides.s__Bacteroides_vulgatus	4.8911007112
PWY-3841: folate transformations II|g__Bacteroides.s__Bacteroides_uniformis	4.5353720413
DTDPRHAMSYN-PWY: dTDP-L-rhamnose biosynthesis I	26.0484676568
DTDPRHAMSYN-PWY: dTDP-L-rhamnose biosynthesis I|g__Faecalibacterium.s__Faecalibacterium_prausnitzii	9.3645157508
PWY-5188: tetrapyrrole biosynthesis I (from glutamate)	24.8571235281
PWY-5188: tetrapyrrole biosynthesis I (from glutamate)|g__Desulfovibrio.s__Desulfovibrio_piger	12.9092390518
PWY-5188: tetrapyrrole biosynthesis I (from glutamate)|g__Flavonifractor.s__Flavonifractor_plautii	7.1244697633
PWY-7208: superpathway of pyrimidine nucleobases salvage	24.5636126778
PWY-7208: superpathway of pyrimidine nucleobases salvage|g__Desulfovibrio.s__Desulfovibrio_piger	4.7544399471
PWY-5667: CDP-diacylglycerol biosynthesis I	23.9157542084
PWY-5667: CDP-diacylglycerol biosynthesis I|g__Bacteroides.s__Bacteroides_cellulosilyticus	1.7342714098
PWY-5667: CDP-diacylglycerol biosynthesis I|g__Bacteroides.s__Bacteroides_finegoldii	1.6859771252
PWY-5667: CDP-diacylglycerol biosynthesis I|g__Faecalibacterium.s__Faecalibacterium_prausnitzii	1.5764281437
PWY0-1319: CDP-diacylglycerol biosynthesis II	23.9157542084
PWY0-1319: CDP-diacylglycerol biosynthesis II|g__Bacteroides.s__Bacteroides_cellulosilyticus	1.7342714098
PWY0-1319: CDP-diacylglycerol biosynthesis II|g__Bacteroides.s__Bacteroides_finegoldii	1.6859771252
PWY0-1319: CDP-diacylglycerol biosynthesis II|g__Faecalibacterium.s__Faecalibacterium_prausnitzii	1.5764281437
PHOSLIPSYN-PWY: superpathway of phospholipid biosynthesis I (bacteria)	23.1626230958
PWY-7197: pyrimidine deoxyribonucleotide phosphorylation	21.6991408436
PWY-7197: pyrimidine deoxyribonucleotide phosphorylation|g__Desulfovibrio.s__Desulfovibrio_piger	13.2710214070
PWY-6700: queuosine biosynthesis	21.6847892298
PWY-6700: queuosine biosynthesis|g__Desulfovibrio.s__Desulfovibrio_piger	7.4550798381
PWY-6700: queuosine biosynthesis|g__Bacteroides.s__Bacteroides_uniformis	3.4384940990
PWY-6700: queuosine biosynthesis|g__Bacteroides.s__Bacteroides_vulgatus	3.3816085669
PWY-6700: queuosine biosynthesis|g__Bacteroides.s__Bacteroides_dorei	3.0139539456
ANAEROFRUCAT-PWY: homolactic fermentation	21.3797987060
PWY-3001: superpathway of L-isoleucine biosynthesis I	21.3639054362
PWY-3001: superpathway of L-isoleucine biosynthesis I|g__Faecalibacterium.s__Faecalibacterium_prausnitzii	5.3361935585
PENTOSE-P-PWY: pentose phosphate pathway	20.6654132732
PWY4FS-7: phosphatidylglycerol biosynthesis I (plastidic)	20.6526696840
PWY4FS-8: phosphatidylglycerol biosynthesis II (non-plastidic)	20.6526696840
PYRIDNUCSYN-PWY: NAD biosynthesis I (from aspartate)	19.7146662693
PWY-7229: superpathway of adenosine nucleotides de novo biosynthesis I	19.5776460673
PWY-7242: D-fructuronate degradation	19.4793722293
PWY-7242: D-fructuronate degradation|g__Faecalibacterium.s__Faecalibacterium_prausnitzii	13.5698516313
PWY-7242: D-fructuronate degradation|g__Escherichia.s__Escherichia_coli	0.9376465073
PWY0-166: superpathway of pyrimidine deoxyribonucleotides de novo biosynthesis (E. coli)	19.0278417154
PWY-6507: 4-deoxy-L-threo-hex-4-enopyranuronate degradation	19.0114974003
PWY-6507: 4-deoxy-L-threo-hex-4-enopyranuronate degradation|g__Faecalibacterium.s__Faecalibacterium_prausnitzii	13.0374617642
PWY-6507: 4-deoxy-L-threo-hex-4-enopyranuronate degradation|g__Escherichia.s__Escherichia_coli	1.3284623049
COBALSYN-PWY: adenosylcobalamin salvage from cobinamide I	19.0048827350
COBALSYN-PWY: adenosylcobalamin salvage from cobinamide I|g__Faecalibacterium.s__Faecalibacterium_prausnitzii	4.9020868832
PWY-7371: 1,4-dihydroxy-6-naphthoate biosynthesis II	18.6008360611
PWY-7371: 1,4-dihydroxy-6-naphthoate biosynthesis II|g__Desulfovibrio.s__Desulfovibrio_piger	14.8119070154
TRPSYN-PWY: L-tryptophan biosynthesis	18.5961585121
PWY-6609: adenine and adenosine salvage III	18.3925070549
PWY-6609: adenine and adenosine salvage III|g__Desulfovibrio.s__Desulfovibrio_piger	11.5041303877
PWY-6609: adenine and adenosine salvage III|g__Faecalibacterium.s__Faecalibacterium_prausnitzii	3.6663135141
PWY-841: superpathway of purine nucleotides de novo biosynthesis I	18.2379515406
GALACTUROCAT-PWY: D-galacturonate degradation I	17.6606972720
GALACTUROCAT-PWY: D-galacturonate degradation I|g__Faecalibacterium.s__Faecalibacterium_prausnitzii	13.0976719929
PWY0-162: superpathway of pyrimidine ribonucleotides de novo biosynthesis	17.0333429995
THRESYN-PWY: superpathway of L-threonine biosynthesis	15.6860681203
THRESYN-PWY: superpathway of L-threonine biosynthesis|g__Faecalibacterium.s__Faecalibacterium_prausnitzii	3.7228762945
PWY-6305: putrescine biosynthesis IV	15.3502993049
PWY-6305: putrescine biosynthesis IV|g__Desulfovibrio.s__Desulfovibrio_piger	13.0071345035
DAPLYSINESYN-PWY: L-lysine biosynthesis I	14.5156043911
PWY-5101: L-isoleucine biosynthesis II	14.3476479719
PWY-6126: superpathway of adenosine nucleotides de novo biosynthesis II	13.9530288148
GLYCOLYSIS: glycolysis I (from glucose 6-phosphate)	13.0649545306
CITRULBIO-PWY: L-citrulline biosynthesis	12.7757714354
PWY-6125: superpathway of guanosine nucleotides de novo biosynthesis II	12.6939727283
PWY-6628: superpathway of L-phenylalanine biosynthesis	12.6762437868
PWY-5484: glycolysis II (from fructose 6-phosphate)	12.4903260887
HISTSYN-PWY: L-histidine biosynthesis	11.9356406962
PWY-1269: CMP-3-deoxy-D-manno-octulosonate biosynthesis I	11.8291018081
GALACT-GLUCUROCAT-PWY: superpathway of hexuronide and hexuronate degradation	11.8188949308
GALACT-GLUCUROCAT-PWY: superpathway of hexuronide and hexuronate degradation|g__Faecalibacterium.s__Faecalibacterium_prausnitzii	7.7327434576
PWY-5100: pyruvate fermentation to acetate and lactate II	11.7807856522
PWY0-1297: superpathway of purine deoxyribonucleosides degradation	11.6830529167
PWY-6270: isoprene biosynthesis I	11.6019296987
PWY-621: sucrose degradation III (sucrose invertase)	11.5816603943
PWY-621: sucrose degradation III (sucrose invertase)|g__Faecalibacterium.s__Faecalibacterium_prausnitzii	9.2501355741
THISYNARA-PWY: superpathway of thiamin diphosphate biosynthesis III (eukaryotes)	11.5009174318
THISYNARA-PWY: superpathway of thiamin diphosphate biosynthesis III (eukaryotes)|g__Faecalibacterium.s__Faecalibacterium_prausnitzii	1.9234326749
PWY-7184: pyrimidine deoxyribonucleotides de novo biosynthesis I	10.8926351105
PWY-6630: superpathway of L-tyrosine biosynthesis	10.6038773781
PWY-4984: urea cycle	10.4495172493
PWY-4984: urea cycle|g__Flavonifractor.s__Flavonifractor_plautii	4.8590626003
PWY-7560: methylerythritol phosphate pathway II	10.4282881839
RIBOSYN2-PWY: flavin biosynthesis I (bacteria and plants)	10.3668986972
GLUCUROCAT-PWY: superpathway of &beta;-D-glucuronide and D-glucuronate degradation	10.0579879656
GLUCUROCAT-PWY: superpathway of &beta;-D-glucuronide and D-glucuronate degradation|g__Faecalibacterium.s__Faecalibacterium_prausnitzii	6.6473011545
PWY-6545: pyrimidine deoxyribonucleotides de novo biosynthesis III	9.3350259148
GLCMANNANAUT-PWY: superpathway of N-acetylglucosamine, N-acetylmannosamine and N-acetylneuraminate degradation	9.2017563877
GLCMANNANAUT-PWY: superpathway of N-acetylglucosamine, N-acetylmannosamine and N-acetylneuraminate degradation|g__Faecalibacterium.s__Faecalibacterium_prausnitzii	4.9867753911
ARGININE-SYN4-PWY: L-ornithine de novo  biosynthesis	9.1871154852
ARGININE-SYN4-PWY: L-ornithine de novo  biosynthesis|g__Bacteroides.s__Bacteroides_fragilis	1.9446167066
PWY-7400: L-arginine biosynthesis IV (archaebacteria)	9.0504816272
P161-PWY: acetylene degradation	8.8862486638
PWY-6317: galactose degradation I (Leloir pathway)	8.7064673094
PWY-6317: galactose degradation I (Leloir pathway)|g__Faecalibacterium.s__Faecalibacterium_prausnitzii	3.2787235788
PWY66-422: D-galactose degradation V (Leloir pathway)	8.7064673094
PWY66-422: D-galactose degradation V (Leloir pathway)|g__Faecalibacterium.s__Faecalibacterium_prausnitzii	3.2787235788
DENOVOPURINE2-PWY: superpathway of purine nucleotides de novo biosynthesis II	8.6691221148
PWY-5659: GDP-mannose biosynthesis	8.2171547520
PWY-5659: GDP-mannose biosynthesis|g__Faecalibacterium.s__Faecalibacterium_prausnitzii	1.8122950070
PWY-5659: GDP-mannose biosynthesis|g__Alistipes.s__Alistipes_onderdonkii	1.5392936131
PWY-6527: stachyose degradation	8.0749084189
PWY-6527: stachyose degradation|g__Faecalibacterium.s__Faecalibacterium_prausnitzii	1.0239709531
ARGSYN-PWY: L-arginine biosynthesis I (via L-ornithine)	7.9744413282
MET-SAM-PWY: superpathway of S-adenosyl-L-methionine biosynthesis	7.4794615123
UDPNAGSYN-PWY: UDP-N-acetyl-D-glucosamine biosynthesis I	7.0080122017
PWY-7187: pyrimidine deoxyribonucleotides de novo biosynthesis II	6.9315526610
PWY-7220: adenosine deoxyribonucleotides de novo biosynthesis II	6.8070521458
PWY-7222: guanosine deoxyribonucleotides de novo biosynthesis II	6.8070521458
PWY0-1586: peptidoglycan maturation (meso-diaminopimelate containing)	6.6614865556
PWY0-1586: peptidoglycan maturation (meso-diaminopimelate containing)|g__Faecalibacterium.s__Faecalibacterium_prausnitzii	1.2060772457
PWY-5121: superpathway of geranylgeranyl diphosphate biosynthesis II (via MEP)	6.6175664561
1CMET2-PWY: N10-formyl-tetrahydrofolate biosynthesis	6.5924280280
METSYN-PWY: L-homoserine and L-methionine biosynthesis	6.4624922779
PWY-7539: 6-hydroxymethyl-dihydropterin diphosphate biosynthesis III (Chlamydia)	6.3829837071
PWY-5177: glutaryl-CoA degradation	6.3148860958
PWY-5177: glutaryl-CoA degradation|g__Faecalibacterium.s__Faecalibacterium_prausnitzii	5.9582286404
PWY-6147: 6-hydroxymethyl-dihydropterin diphosphate biosynthesis I	6.1874093794
RHAMCAT-PWY: L-rhamnose degradation I	6.0840507808
RHAMCAT-PWY: L-rhamnose degradation I|g__Bacteroides.s__Bacteroides_finegoldii	1.2205417239
GLUCOSE1PMETAB-PWY: glucose and glucose-1-phosphate degradation	6.0690049151
PWY-2941: L-lysine biosynthesis II	5.4444101772
PWY-5347: superpathway of L-methionine biosynthesis (transsulfuration)	5.3913628675
PWY-7234: inosine-5'-phosphate biosynthesis III	5.3838944236
OANTIGEN-PWY: O-antigen building blocks biosynthesis (E. coli)	5.2760887996
PWY-7383: anaerobic energy metabolism (invertebrates, cytosol)	5.1925808512
ASPASN-PWY: superpathway of L-aspartate and L-asparagine biosynthesis	5.0405487797
ASPASN-PWY: superpathway of L-aspartate and L-asparagine biosynthesis|g__Faecalibacterium.s__Faecalibacterium_prausnitzii	2.8000343558
PWY-4981: L-proline biosynthesis II (from arginine)	4.8632675088
HSERMETANA-PWY: L-methionine biosynthesis III	4.4899560843
PWY-7392: taxadiene biosynthesis (engineered)	4.2220184006
P461-PWY: hexitol fermentation to lactate, formate, ethanol and acetate	4.1574238508
PWY-6608: guanosine nucleotides degradation III	4.1537228813
PWY-6608: guanosine nucleotides degradation III|g__Roseburia.s__Roseburia_intestinalis	0.6889424733
GLYCOGENSYNTH-PWY: glycogen biosynthesis I (from ADP-D-Glucose)	3.8367596026
SALVADEHYPOX-PWY: adenosine nucleotides degradation II	3.5061804228
SALVADEHYPOX-PWY: adenosine nucleotides degradation II|g__Roseburia.s__Roseburia_intestinalis	0.6235191420
HOMOSER-METSYN-PWY: L-methionine biosynthesis I	3.5031980786
COLANSYN-PWY: colanic acid building blocks biosynthesis	3.4912611935
SULFATE-CYS-PWY: superpathway of sulfate assimilation and cysteine biosynthesis	3.4314743045
ARGSYNBSUB-PWY: L-arginine biosynthesis II (acetyl cycle)	3.3122336758
SO4ASSIM-PWY: sulfate reduction I (assimilatory)	3.2924863416
PWY-5154: L-arginine biosynthesis III (via N-acetyl-L-citrulline)	3.2622294161
PWY-5083: NAD/NADH phosphorylation and dephosphorylation	2.6808392677
GLYCOCAT-PWY: glycogen degradation I (bacterial)	2.5305006907
PWY-2723: trehalose degradation V	2.4144679415
PWY-7199: pyrimidine deoxyribonucleosides salvage	2.2908991675
PWY-5384: sucrose degradation IV (sucrose phosphorylase)	2.2228648865
POLYAMSYN-PWY: superpathway of polyamine biosynthesis I	2.1751070044
PWY-5505: L-glutamate and L-glutamine biosynthesis	2.1059547896
PWY0-1298: superpathway of pyrimidine deoxyribonucleosides degradation	1.9412366846
GLUTORN-PWY: L-ornithine biosynthesis	1.9312690060
TCA: TCA cycle I (prokaryotic)	1.8477300557
PWY-6936: seleno-amino acid biosynthesis	1.7364729347
P42-PWY: incomplete reductive TCA cycle	1.7210340882
PWY-6803: phosphatidylcholine acyl editing	1.6904963258
PWY-6803: phosphatidylcholine acyl editing|g__Escherichia.s__Escherichia_coli	1.2836970475
PWY-6859: all-trans-farnesol biosynthesis	1.6757151240
PWY-6859: all-trans-farnesol biosynthesis|g__Escherichia.s__Escherichia_coli	1.3223140496
NAGLIPASYN-PWY: lipid IVA biosynthesis	1.5804036549
PWY-4041: &gamma;-glutamyl cycle	1.4994141074
PWY-4041: &gamma;-glutamyl cycle|g__Escherichia.s__Escherichia_coli	0.9137770830
GLUDEG-I-PWY: GABA shunt	1.4897522988
PWY0-1533: methylphosphonate degradation I	1.2135922330
PWY0-1533: methylphosphonate degradation I|g__Escherichia.s__Escherichia_coli	1.2135922330
REDCITCYC: TCA cycle VIII (helicobacter)	1.0908003319
PWY-5913: TCA cycle VI (obligate autotrophs)	0.9578825621
GALACTARDEG-PWY: D-galactarate degradation I	0.8257638315
GALACTARDEG-PWY: D-galactarate degradation I|g__Escherichia.s__Escherichia_coli	0.8257638315
GLUCARGALACTSUPER-PWY: superpathway of D-glucarate and D-galactarate degradation	0.8257638315
GLUCARGALACTSUPER-PWY: superpathway of D-glucarate and D-galactarate degradation|g__Escherichia.s__Escherichia_coli	0.8257638315