# Pathway	ERR481056_Abundance
UNMAPPED	162825.4504964078
UNINTEGRATED	166459.2384360418
UNINTEGRATED|g__Faecalibacterium.s__Faecalibacterium_prausnitzii	46846.4873763244
UNINTEGRATED|g__Bacteroides.s__Bacteroides_dorei	39948.6431996570
UNINTEGRATED|g__Eubacterium.s__Eubacterium_rectale	13169.2959645303
UNINTEGRATED|g__Bacteroides.s__Bacteroides_eggerthii	10842.1667557539
UNINTEGRATED|g__Bacteroides.s__Bacteroides_uniformis	10287.9005482572
UNINTEGRATED|g__Alistipes.s__Alistipes_putredinis	6634.5505131338
UNINTEGRATED|g__Bacteroides.s__Bacteroides_ovatus	5086.3798572731
UNINTEGRATED|g__Parabacteroides.s__Parabacteroides_merdae	3801.0433969737
UNINTEGRATED|g__Sutterella.s__Sutterella_wadsworthensis	3729.6566354136
UNINTEGRATED|g__Roseburia.s__Roseburia_inulinivorans	3614.3741592782
UNINTEGRATED|g__Dialister.s__Dialister_invisus	3232.5802602337
UNINTEGRATED|g__Blautia.s__Ruminococcus_obeum	2733.2204604295
UNINTEGRATED|g__Bifidobacterium.s__Bifidobacterium_longum	2403.5783218561
UNINTEGRATED|g__Bacteroides.s__Bacteroides_caccae	2271.2873141639
UNINTEGRATED|g__Barnesiella.s__Barnesiella_intestinihominis	2238.8874497073
UNINTEGRATED|g__Bacteroides.s__Bacteroides_xylanisolvens	1985.7749005416
UNINTEGRATED|g__Parabacteroides.s__Parabacteroides_distasonis	1959.4440726349
UNINTEGRATED|g__Coprococcus.s__Coprococcus_comes	1834.6187390392
UNINTEGRATED|g__Lachnospiraceae_noname.s__Lachnospiraceae_bacterium_8_1_57FAA	1418.8904245303
UNINTEGRATED|g__Blautia.s__Ruminococcus_torques	1397.2254967765
UNINTEGRATED|g__Bacteroides.s__Bacteroides_thetaiotaomicron	979.6169250198
UNINTEGRATED|g__Alistipes.s__Alistipes_shahii	652.3054672034
UNINTEGRATED|g__Ruminococcus.s__Ruminococcus_bromii	584.5121515804
UNINTEGRATED|g__Collinsella.s__Collinsella_aerofaciens	501.6801598799
PWY-7219: adenosine ribonucleotides de novo biosynthesis	199.7080305444
PWY-7219: adenosine ribonucleotides de novo biosynthesis|g__Faecalibacterium.s__Faecalibacterium_prausnitzii	64.8963769401
PWY-7219: adenosine ribonucleotides de novo biosynthesis|g__Bacteroides.s__Bacteroides_dorei	34.3403429556
PWY-7219: adenosine ribonucleotides de novo biosynthesis|g__Eubacterium.s__Eubacterium_rectale	30.1188767146
PWY-7219: adenosine ribonucleotides de novo biosynthesis|g__Bacteroides.s__Bacteroides_eggerthii	13.0700773783
PWY-7219: adenosine ribonucleotides de novo biosynthesis|g__Alistipes.s__Alistipes_putredinis	10.0460341360
PWY-7219: adenosine ribonucleotides de novo biosynthesis|g__Dialister.s__Dialister_invisus	9.4488196845
PWY-7219: adenosine ribonucleotides de novo biosynthesis|g__Bacteroides.s__Bacteroides_uniformis	9.4303596647
PWY-7219: adenosine ribonucleotides de novo biosynthesis|g__Sutterella.s__Sutterella_wadsworthensis	6.9897334164
PWY-7219: adenosine ribonucleotides de novo biosynthesis|g__Parabacteroides.s__Parabacteroides_merdae	2.6662824542
PWY-7219: adenosine ribonucleotides de novo biosynthesis|g__Barnesiella.s__Barnesiella_intestinihominis	2.4095606058
PWY-7219: adenosine ribonucleotides de novo biosynthesis|g__Bacteroides.s__Bacteroides_caccae	2.3902675543
PWY-7219: adenosine ribonucleotides de novo biosynthesis|g__Bifidobacterium.s__Bifidobacterium_longum	2.1189737793
PWY-7219: adenosine ribonucleotides de novo biosynthesis|g__Bacteroides.s__Bacteroides_thetaiotaomicron	2.0681419568
PWY-7219: adenosine ribonucleotides de novo biosynthesis|g__Ruminococcus.s__Ruminococcus_bromii	2.0308077505
PWY-7219: adenosine ribonucleotides de novo biosynthesis|g__Blautia.s__Ruminococcus_torques	1.5253306136
PWY-7219: adenosine ribonucleotides de novo biosynthesis|g__Roseburia.s__Roseburia_inulinivorans	1.2761266342
PWY-7219: adenosine ribonucleotides de novo biosynthesis|g__Bacteroides.s__Bacteroides_ovatus	0.9444650707
PWY-6386: UDP-N-acetylmuramoyl-pentapeptide biosynthesis II (lysine-containing)	176.6758837715
PWY-6386: UDP-N-acetylmuramoyl-pentapeptide biosynthesis II (lysine-containing)|g__Faecalibacterium.s__Faecalibacterium_prausnitzii	50.1443828889
PWY-6386: UDP-N-acetylmuramoyl-pentapeptide biosynthesis II (lysine-containing)|g__Eubacterium.s__Eubacterium_rectale	16.5533392458
PWY-6386: UDP-N-acetylmuramoyl-pentapeptide biosynthesis II (lysine-containing)|g__Alistipes.s__Alistipes_putredinis	14.6636977153
PWY-6386: UDP-N-acetylmuramoyl-pentapeptide biosynthesis II (lysine-containing)|g__Bacteroides.s__Bacteroides_uniformis	7.6358204692
PWY-6386: UDP-N-acetylmuramoyl-pentapeptide biosynthesis II (lysine-containing)|g__Barnesiella.s__Barnesiella_intestinihominis	3.1645152717
PWY-6386: UDP-N-acetylmuramoyl-pentapeptide biosynthesis II (lysine-containing)|g__Parabacteroides.s__Parabacteroides_merdae	3.1014247779
PWY-6386: UDP-N-acetylmuramoyl-pentapeptide biosynthesis II (lysine-containing)|g__Sutterella.s__Sutterella_wadsworthensis	2.6097543169
PWY-6387: UDP-N-acetylmuramoyl-pentapeptide biosynthesis I (meso-diaminopimelate containing)	170.5028237455
PWY-6387: UDP-N-acetylmuramoyl-pentapeptide biosynthesis I (meso-diaminopimelate containing)|g__Faecalibacterium.s__Faecalibacterium_prausnitzii	52.0912011238
PWY-6387: UDP-N-acetylmuramoyl-pentapeptide biosynthesis I (meso-diaminopimelate containing)|g__Bacteroides.s__Bacteroides_dorei	30.5617141219
PWY-6387: UDP-N-acetylmuramoyl-pentapeptide biosynthesis I (meso-diaminopimelate containing)|g__Eubacterium.s__Eubacterium_rectale	15.6130994813
PWY-6387: UDP-N-acetylmuramoyl-pentapeptide biosynthesis I (meso-diaminopimelate containing)|g__Alistipes.s__Alistipes_putredinis	14.1365127816
PWY-6387: UDP-N-acetylmuramoyl-pentapeptide biosynthesis I (meso-diaminopimelate containing)|g__Bacteroides.s__Bacteroides_uniformis	7.5784261084
PWY-6387: UDP-N-acetylmuramoyl-pentapeptide biosynthesis I (meso-diaminopimelate containing)|g__Barnesiella.s__Barnesiella_intestinihominis	2.9494549630
PWY-6387: UDP-N-acetylmuramoyl-pentapeptide biosynthesis I (meso-diaminopimelate containing)|g__Parabacteroides.s__Parabacteroides_merdae	2.9409571411
PWY-6387: UDP-N-acetylmuramoyl-pentapeptide biosynthesis I (meso-diaminopimelate containing)|g__Sutterella.s__Sutterella_wadsworthensis	2.6334801300
PWY-6387: UDP-N-acetylmuramoyl-pentapeptide biosynthesis I (meso-diaminopimelate containing)|g__Parabacteroides.s__Parabacteroides_distasonis	1.7073017327
PEPTIDOGLYCANSYN-PWY: peptidoglycan biosynthesis I (meso-diaminopimelate containing)	168.3810321582
PEPTIDOGLYCANSYN-PWY: peptidoglycan biosynthesis I (meso-diaminopimelate containing)|g__Faecalibacterium.s__Faecalibacterium_prausnitzii	47.8540977342
PEPTIDOGLYCANSYN-PWY: peptidoglycan biosynthesis I (meso-diaminopimelate containing)|g__Bacteroides.s__Bacteroides_dorei	30.6609781775
PEPTIDOGLYCANSYN-PWY: peptidoglycan biosynthesis I (meso-diaminopimelate containing)|g__Alistipes.s__Alistipes_putredinis	11.4558003621
PEPTIDOGLYCANSYN-PWY: peptidoglycan biosynthesis I (meso-diaminopimelate containing)|g__Bacteroides.s__Bacteroides_uniformis	7.9901341179
PEPTIDOGLYCANSYN-PWY: peptidoglycan biosynthesis I (meso-diaminopimelate containing)|g__Parabacteroides.s__Parabacteroides_merdae	3.1566923444
PEPTIDOGLYCANSYN-PWY: peptidoglycan biosynthesis I (meso-diaminopimelate containing)|g__Barnesiella.s__Barnesiella_intestinihominis	3.0372909366
PEPTIDOGLYCANSYN-PWY: peptidoglycan biosynthesis I (meso-diaminopimelate containing)|g__Sutterella.s__Sutterella_wadsworthensis	3.0117860909
ILEUSYN-PWY: L-isoleucine biosynthesis I (from threonine)	166.4356317885
ILEUSYN-PWY: L-isoleucine biosynthesis I (from threonine)|g__Faecalibacterium.s__Faecalibacterium_prausnitzii	80.5435949100
ILEUSYN-PWY: L-isoleucine biosynthesis I (from threonine)|g__Bifidobacterium.s__Bifidobacterium_longum	2.8536811468
PWY-7111: pyruvate fermentation to isobutanol (engineered)	166.4356317885
PWY-7111: pyruvate fermentation to isobutanol (engineered)|g__Faecalibacterium.s__Faecalibacterium_prausnitzii	76.0388295526
PWY-7111: pyruvate fermentation to isobutanol (engineered)|g__Eubacterium.s__Eubacterium_rectale	17.8103604170
PWY-7111: pyruvate fermentation to isobutanol (engineered)|g__Barnesiella.s__Barnesiella_intestinihominis	3.7680833071
PWY-7111: pyruvate fermentation to isobutanol (engineered)|g__Bifidobacterium.s__Bifidobacterium_longum	3.6024751300
PWY-7111: pyruvate fermentation to isobutanol (engineered)|g__Blautia.s__Ruminococcus_torques	2.5864094124
PWY-7111: pyruvate fermentation to isobutanol (engineered)|g__Ruminococcus.s__Ruminococcus_bromii	2.2202876393
PWY-7111: pyruvate fermentation to isobutanol (engineered)|g__Parabacteroides.s__Parabacteroides_distasonis	1.6563792321
PWY-7111: pyruvate fermentation to isobutanol (engineered)|g__Parabacteroides.s__Parabacteroides_merdae	1.4868649882
PWY-7111: pyruvate fermentation to isobutanol (engineered)|g__Bacteroides.s__Bacteroides_caccae	1.4630218837
PWY-7111: pyruvate fermentation to isobutanol (engineered)|g__Lachnospiraceae_noname.s__Lachnospiraceae_bacterium_8_1_57FAA	1.1552397122
VALSYN-PWY: L-valine biosynthesis	166.4356317885
VALSYN-PWY: L-valine biosynthesis|g__Faecalibacterium.s__Faecalibacterium_prausnitzii	80.5435949100
VALSYN-PWY: L-valine biosynthesis|g__Eubacterium.s__Eubacterium_rectale	17.8103604170
VALSYN-PWY: L-valine biosynthesis|g__Barnesiella.s__Barnesiella_intestinihominis	3.7680833071
VALSYN-PWY: L-valine biosynthesis|g__Bifidobacterium.s__Bifidobacterium_longum	2.8536811468
VALSYN-PWY: L-valine biosynthesis|g__Blautia.s__Ruminococcus_torques	2.5864094124
VALSYN-PWY: L-valine biosynthesis|g__Ruminococcus.s__Ruminococcus_bromii	2.2202876393
VALSYN-PWY: L-valine biosynthesis|g__Parabacteroides.s__Parabacteroides_distasonis	1.6563792321
VALSYN-PWY: L-valine biosynthesis|g__Parabacteroides.s__Parabacteroides_merdae	1.4868649882
VALSYN-PWY: L-valine biosynthesis|g__Bacteroides.s__Bacteroides_caccae	1.4630218837
VALSYN-PWY: L-valine biosynthesis|g__Lachnospiraceae_noname.s__Lachnospiraceae_bacterium_8_1_57FAA	1.1552397122
PWY-1042: glycolysis IV (plant cytosol)	164.1847344184
PWY-1042: glycolysis IV (plant cytosol)|g__Faecalibacterium.s__Faecalibacterium_prausnitzii	71.5625243413
PWY-1042: glycolysis IV (plant cytosol)|g__Barnesiella.s__Barnesiella_intestinihominis	3.4922309102
PWY-1042: glycolysis IV (plant cytosol)|g__Bacteroides.s__Bacteroides_thetaiotaomicron	1.4650309452
PWY-6737: starch degradation V	163.8421248845
PWY-6737: starch degradation V|g__Faecalibacterium.s__Faecalibacterium_prausnitzii	50.6014861016
PWY-6737: starch degradation V|g__Eubacterium.s__Eubacterium_rectale	19.5949773976
PWY-6737: starch degradation V|g__Roseburia.s__Roseburia_inulinivorans	3.6622235374
PWY-6737: starch degradation V|g__Blautia.s__Ruminococcus_obeum	1.3610509796
PWY-6737: starch degradation V|g__Lachnospiraceae_noname.s__Lachnospiraceae_bacterium_8_1_57FAA	0.8503401361
PWY-5686: UMP biosynthesis	163.2204634427
PWY-5686: UMP biosynthesis|g__Faecalibacterium.s__Faecalibacterium_prausnitzii	58.2224819063
PWY-5686: UMP biosynthesis|g__Eubacterium.s__Eubacterium_rectale	15.5025981682
PWY-5686: UMP biosynthesis|g__Alistipes.s__Alistipes_putredinis	11.9555848234
PWY-5686: UMP biosynthesis|g__Bacteroides.s__Bacteroides_eggerthii	9.6013262094
PWY-5686: UMP biosynthesis|g__Bacteroides.s__Bacteroides_uniformis	7.2858116307
PWY-5686: UMP biosynthesis|g__Dialister.s__Dialister_invisus	6.1056985781
PWY-5686: UMP biosynthesis|g__Parabacteroides.s__Parabacteroides_distasonis	1.4832389796
PWY-5686: UMP biosynthesis|g__Bacteroides.s__Bacteroides_thetaiotaomicron	1.1383241411
PWY-5695: urate biosynthesis/inosine 5'-phosphate degradation	156.8020765758
PWY-5695: urate biosynthesis/inosine 5'-phosphate degradation|g__Faecalibacterium.s__Faecalibacterium_prausnitzii	51.2172975374
PWY-5695: urate biosynthesis/inosine 5'-phosphate degradation|g__Bacteroides.s__Bacteroides_dorei	21.2740825584
PWY-5695: urate biosynthesis/inosine 5'-phosphate degradation|g__Bacteroides.s__Bacteroides_eggerthii	17.4967580927
PWY-5695: urate biosynthesis/inosine 5'-phosphate degradation|g__Barnesiella.s__Barnesiella_intestinihominis	2.1950205426
PWY-5695: urate biosynthesis/inosine 5'-phosphate degradation|g__Roseburia.s__Roseburia_inulinivorans	1.3081250319
PWY-5695: urate biosynthesis/inosine 5'-phosphate degradation|g__Bacteroides.s__Bacteroides_caccae	1.0578841124
PWY-5695: urate biosynthesis/inosine 5'-phosphate degradation|g__Bacteroides.s__Bacteroides_xylanisolvens	1.0277492292
COA-PWY-1: coenzyme A biosynthesis II (mammalian)	156.5406072709
COA-PWY-1: coenzyme A biosynthesis II (mammalian)|g__Faecalibacterium.s__Faecalibacterium_prausnitzii	42.1742179309
COA-PWY-1: coenzyme A biosynthesis II (mammalian)|g__Bacteroides.s__Bacteroides_dorei	26.9028067328
COA-PWY-1: coenzyme A biosynthesis II (mammalian)|g__Eubacterium.s__Eubacterium_rectale	15.5733870639
COA-PWY-1: coenzyme A biosynthesis II (mammalian)|g__Bacteroides.s__Bacteroides_eggerthii	10.3445857904
COA-PWY-1: coenzyme A biosynthesis II (mammalian)|g__Alistipes.s__Alistipes_putredinis	7.4657588536
COA-PWY-1: coenzyme A biosynthesis II (mammalian)|g__Bacteroides.s__Bacteroides_uniformis	6.3361317984
COA-PWY-1: coenzyme A biosynthesis II (mammalian)|g__Dialister.s__Dialister_invisus	4.2872866981
COA-PWY-1: coenzyme A biosynthesis II (mammalian)|g__Barnesiella.s__Barnesiella_intestinihominis	2.9878890155
COA-PWY-1: coenzyme A biosynthesis II (mammalian)|g__Bifidobacterium.s__Bifidobacterium_longum	2.3541501443
COA-PWY-1: coenzyme A biosynthesis II (mammalian)|g__Sutterella.s__Sutterella_wadsworthensis	2.1067150066
COA-PWY-1: coenzyme A biosynthesis II (mammalian)|g__Parabacteroides.s__Parabacteroides_merdae	1.8788163457
COA-PWY-1: coenzyme A biosynthesis II (mammalian)|g__Coprococcus.s__Coprococcus_comes	1.6977928693
PWY-6385: peptidoglycan biosynthesis III (mycobacteria)	153.0853521754
PWY-6385: peptidoglycan biosynthesis III (mycobacteria)|g__Faecalibacterium.s__Faecalibacterium_prausnitzii	47.8540977342
PWY-7221: guanosine ribonucleotides de novo biosynthesis	151.1351977602
PWY-7221: guanosine ribonucleotides de novo biosynthesis|g__Faecalibacterium.s__Faecalibacterium_prausnitzii	39.5888906470
PWY-7221: guanosine ribonucleotides de novo biosynthesis|g__Bacteroides.s__Bacteroides_dorei	30.5040216723
PWY-7221: guanosine ribonucleotides de novo biosynthesis|g__Eubacterium.s__Eubacterium_rectale	19.0411321987
PWY-7221: guanosine ribonucleotides de novo biosynthesis|g__Alistipes.s__Alistipes_putredinis	6.1765742699
PWY-7221: guanosine ribonucleotides de novo biosynthesis|g__Dialister.s__Dialister_invisus	5.7823855386
PWY-7221: guanosine ribonucleotides de novo biosynthesis|g__Sutterella.s__Sutterella_wadsworthensis	3.9717555200
PWY-7221: guanosine ribonucleotides de novo biosynthesis|g__Bifidobacterium.s__Bifidobacterium_longum	2.0513814759
PWY-7221: guanosine ribonucleotides de novo biosynthesis|g__Bacteroides.s__Bacteroides_caccae	1.2733447582
PWY-7221: guanosine ribonucleotides de novo biosynthesis|g__Bacteroides.s__Bacteroides_xylanisolvens	1.0018827888
PWY-6121: 5-aminoimidazole ribonucleotide biosynthesis I	149.7284237826
PWY-6121: 5-aminoimidazole ribonucleotide biosynthesis I|g__Faecalibacterium.s__Faecalibacterium_prausnitzii	39.9840964007
PWY-6121: 5-aminoimidazole ribonucleotide biosynthesis I|g__Alistipes.s__Alistipes_putredinis	12.6626018233
PWY-6121: 5-aminoimidazole ribonucleotide biosynthesis I|g__Dialister.s__Dialister_invisus	5.6053711646
PWY-6121: 5-aminoimidazole ribonucleotide biosynthesis I|g__Sutterella.s__Sutterella_wadsworthensis	4.1888729855
PWY-6121: 5-aminoimidazole ribonucleotide biosynthesis I|g__Coprococcus.s__Coprococcus_comes	1.5554818620
PWY-6121: 5-aminoimidazole ribonucleotide biosynthesis I|g__Roseburia.s__Roseburia_inulinivorans	1.5553041185
PWY-6121: 5-aminoimidazole ribonucleotide biosynthesis I|g__Collinsella.s__Collinsella_aerofaciens	0.9627352885
PWY-6122: 5-aminoimidazole ribonucleotide biosynthesis II	146.8481107692
PWY-6122: 5-aminoimidazole ribonucleotide biosynthesis II|g__Faecalibacterium.s__Faecalibacterium_prausnitzii	40.0718716769
PWY-6122: 5-aminoimidazole ribonucleotide biosynthesis II|g__Alistipes.s__Alistipes_putredinis	12.2965627075
PWY-6122: 5-aminoimidazole ribonucleotide biosynthesis II|g__Dialister.s__Dialister_invisus	8.0046816917
PWY-6122: 5-aminoimidazole ribonucleotide biosynthesis II|g__Sutterella.s__Sutterella_wadsworthensis	3.6481726235
PWY-6122: 5-aminoimidazole ribonucleotide biosynthesis II|g__Roseburia.s__Roseburia_inulinivorans	1.5216037205
PWY-6122: 5-aminoimidazole ribonucleotide biosynthesis II|g__Coprococcus.s__Coprococcus_comes	1.4939655018
PWY-6122: 5-aminoimidazole ribonucleotide biosynthesis II|g__Bifidobacterium.s__Bifidobacterium_longum	1.3402527100
PWY-6122: 5-aminoimidazole ribonucleotide biosynthesis II|g__Ruminococcus.s__Ruminococcus_bromii	1.1460621114
PWY-6122: 5-aminoimidazole ribonucleotide biosynthesis II|g__Collinsella.s__Collinsella_aerofaciens	0.8811474008
PWY-6277: superpathway of 5-aminoimidazole ribonucleotide biosynthesis	146.8481107692
PWY-6277: superpathway of 5-aminoimidazole ribonucleotide biosynthesis|g__Faecalibacterium.s__Faecalibacterium_prausnitzii	40.0718716769
PWY-6277: superpathway of 5-aminoimidazole ribonucleotide biosynthesis|g__Alistipes.s__Alistipes_putredinis	12.2965627075
PWY-6277: superpathway of 5-aminoimidazole ribonucleotide biosynthesis|g__Dialister.s__Dialister_invisus	8.0046816917
PWY-6277: superpathway of 5-aminoimidazole ribonucleotide biosynthesis|g__Sutterella.s__Sutterella_wadsworthensis	3.6481726235
PWY-6277: superpathway of 5-aminoimidazole ribonucleotide biosynthesis|g__Roseburia.s__Roseburia_inulinivorans	1.5216037205
PWY-6277: superpathway of 5-aminoimidazole ribonucleotide biosynthesis|g__Coprococcus.s__Coprococcus_comes	1.4939655018
PWY-6277: superpathway of 5-aminoimidazole ribonucleotide biosynthesis|g__Bifidobacterium.s__Bifidobacterium_longum	1.3402527100
PWY-6277: superpathway of 5-aminoimidazole ribonucleotide biosynthesis|g__Ruminococcus.s__Ruminococcus_bromii	1.1460621114
PWY-6277: superpathway of 5-aminoimidazole ribonucleotide biosynthesis|g__Collinsella.s__Collinsella_aerofaciens	0.8811474008
ANAGLYCOLYSIS-PWY: glycolysis III (from glucose)	146.4237725404
PWY-5667: CDP-diacylglycerol biosynthesis I	143.5741348424
PWY-5667: CDP-diacylglycerol biosynthesis I|g__Faecalibacterium.s__Faecalibacterium_prausnitzii	41.9898166308
PWY-5667: CDP-diacylglycerol biosynthesis I|g__Eubacterium.s__Eubacterium_rectale	16.2697621165
PWY-5667: CDP-diacylglycerol biosynthesis I|g__Bacteroides.s__Bacteroides_eggerthii	13.1858469996
PWY-5667: CDP-diacylglycerol biosynthesis I|g__Dialister.s__Dialister_invisus	7.9403938080
PWY-5667: CDP-diacylglycerol biosynthesis I|g__Bacteroides.s__Bacteroides_uniformis	6.9053575730
PWY-5667: CDP-diacylglycerol biosynthesis I|g__Bacteroides.s__Bacteroides_ovatus	1.8157960734
PWY-5667: CDP-diacylglycerol biosynthesis I|g__Barnesiella.s__Barnesiella_intestinihominis	1.7575899497
PWY0-1319: CDP-diacylglycerol biosynthesis II	143.5741348424
PWY0-1319: CDP-diacylglycerol biosynthesis II|g__Faecalibacterium.s__Faecalibacterium_prausnitzii	41.9898166308
PWY0-1319: CDP-diacylglycerol biosynthesis II|g__Eubacterium.s__Eubacterium_rectale	16.2697621165
PWY0-1319: CDP-diacylglycerol biosynthesis II|g__Bacteroides.s__Bacteroides_eggerthii	13.1858469996
PWY0-1319: CDP-diacylglycerol biosynthesis II|g__Dialister.s__Dialister_invisus	7.9403938080
PWY0-1319: CDP-diacylglycerol biosynthesis II|g__Bacteroides.s__Bacteroides_uniformis	6.9053575730
PWY0-1319: CDP-diacylglycerol biosynthesis II|g__Bacteroides.s__Bacteroides_ovatus	1.8157960734
PWY0-1319: CDP-diacylglycerol biosynthesis II|g__Barnesiella.s__Barnesiella_intestinihominis	1.7575899497
PWY-2942: L-lysine biosynthesis III	141.9055734824
PWY-2942: L-lysine biosynthesis III|g__Bacteroides.s__Bacteroides_dorei	22.8568498171
PWY-2942: L-lysine biosynthesis III|g__Faecalibacterium.s__Faecalibacterium_prausnitzii	17.8570967785
PWY-2942: L-lysine biosynthesis III|g__Bacteroides.s__Bacteroides_eggerthii	14.2519955830
PWY-2942: L-lysine biosynthesis III|g__Bacteroides.s__Bacteroides_uniformis	7.9710781533
PWY-2942: L-lysine biosynthesis III|g__Dialister.s__Dialister_invisus	5.2537896979
PWY-2942: L-lysine biosynthesis III|g__Parabacteroides.s__Parabacteroides_merdae	4.3337985354
PWY-2942: L-lysine biosynthesis III|g__Parabacteroides.s__Parabacteroides_distasonis	2.8021780105
PWY-2942: L-lysine biosynthesis III|g__Barnesiella.s__Barnesiella_intestinihominis	1.6943171990
NONMEVIPP-PWY: methylerythritol phosphate pathway I	141.6062968974
NONMEVIPP-PWY: methylerythritol phosphate pathway I|g__Eubacterium.s__Eubacterium_rectale	15.6192729648
NONMEVIPP-PWY: methylerythritol phosphate pathway I|g__Bacteroides.s__Bacteroides_eggerthii	12.8610256530
NONMEVIPP-PWY: methylerythritol phosphate pathway I|g__Alistipes.s__Alistipes_putredinis	9.3447410323
PWY-5097: L-lysine biosynthesis VI	140.7980031533
PWY-5097: L-lysine biosynthesis VI|g__Faecalibacterium.s__Faecalibacterium_prausnitzii	38.8932441896
PWY-5097: L-lysine biosynthesis VI|g__Eubacterium.s__Eubacterium_rectale	17.8156433870
PWY-5097: L-lysine biosynthesis VI|g__Bacteroides.s__Bacteroides_eggerthii	14.6154553287
PWY-5097: L-lysine biosynthesis VI|g__Bacteroides.s__Bacteroides_uniformis	8.0386970407
PWY-5097: L-lysine biosynthesis VI|g__Dialister.s__Dialister_invisus	4.8048176640
PWY-5097: L-lysine biosynthesis VI|g__Parabacteroides.s__Parabacteroides_merdae	3.9255859617
PWY-5097: L-lysine biosynthesis VI|g__Parabacteroides.s__Parabacteroides_distasonis	2.2711978058
PWY-5097: L-lysine biosynthesis VI|g__Barnesiella.s__Barnesiella_intestinihominis	1.7827747327
PWY-5097: L-lysine biosynthesis VI|g__Bacteroides.s__Bacteroides_thetaiotaomicron	1.6220870480
CALVIN-PWY: Calvin-Benson-Bassham cycle	139.4196271620
CALVIN-PWY: Calvin-Benson-Bassham cycle|g__Faecalibacterium.s__Faecalibacterium_prausnitzii	38.9602028050
CALVIN-PWY: Calvin-Benson-Bassham cycle|g__Ruminococcus.s__Ruminococcus_bromii	3.0871334402
CALVIN-PWY: Calvin-Benson-Bassham cycle|g__Blautia.s__Ruminococcus_torques	1.5349188658
PWY-6151: S-adenosyl-L-methionine cycle I	137.3280441784
PWY-6151: S-adenosyl-L-methionine cycle I|g__Faecalibacterium.s__Faecalibacterium_prausnitzii	46.2921329412
PWY-6151: S-adenosyl-L-methionine cycle I|g__Bacteroides.s__Bacteroides_dorei	27.5673975568
PWY-6151: S-adenosyl-L-methionine cycle I|g__Bacteroides.s__Bacteroides_uniformis	14.1367449578
PWY-6151: S-adenosyl-L-methionine cycle I|g__Eubacterium.s__Eubacterium_rectale	12.5985328997
PWY-6151: S-adenosyl-L-methionine cycle I|g__Ruminococcus.s__Ruminococcus_bromii	1.8458503768
PWY-6151: S-adenosyl-L-methionine cycle I|g__Bifidobacterium.s__Bifidobacterium_longum	1.1648223646
NONOXIPENT-PWY: pentose phosphate pathway (non-oxidative branch)	126.1905907950
NONOXIPENT-PWY: pentose phosphate pathway (non-oxidative branch)|g__Faecalibacterium.s__Faecalibacterium_prausnitzii	47.8532043709
NONOXIPENT-PWY: pentose phosphate pathway (non-oxidative branch)|g__Blautia.s__Ruminococcus_torques	1.5133000436
ARO-PWY: chorismate biosynthesis I	123.5025124307
ARO-PWY: chorismate biosynthesis I|g__Eubacterium.s__Eubacterium_rectale	17.0942722513
ARO-PWY: chorismate biosynthesis I|g__Roseburia.s__Roseburia_inulinivorans	2.0948994169
COMPLETE-ARO-PWY: superpathway of aromatic amino acid biosynthesis	122.3559552461
COMPLETE-ARO-PWY: superpathway of aromatic amino acid biosynthesis|g__Eubacterium.s__Eubacterium_rectale	17.9511066808
BRANCHED-CHAIN-AA-SYN-PWY: superpathway of branched amino acid biosynthesis	119.1985515565
BRANCHED-CHAIN-AA-SYN-PWY: superpathway of branched amino acid biosynthesis|g__Faecalibacterium.s__Faecalibacterium_prausnitzii	75.5182412459
BRANCHED-CHAIN-AA-SYN-PWY: superpathway of branched amino acid biosynthesis|g__Bifidobacterium.s__Bifidobacterium_longum	1.6218486019
DTDPRHAMSYN-PWY: dTDP-L-rhamnose biosynthesis I	116.9642204969
DTDPRHAMSYN-PWY: dTDP-L-rhamnose biosynthesis I|g__Faecalibacterium.s__Faecalibacterium_prausnitzii	57.5488607928
DTDPRHAMSYN-PWY: dTDP-L-rhamnose biosynthesis I|g__Eubacterium.s__Eubacterium_rectale	16.1212016670
DTDPRHAMSYN-PWY: dTDP-L-rhamnose biosynthesis I|g__Alistipes.s__Alistipes_shahii	1.6386491330
DTDPRHAMSYN-PWY: dTDP-L-rhamnose biosynthesis I|g__Bacteroides.s__Bacteroides_caccae	1.3725859571
DTDPRHAMSYN-PWY: dTDP-L-rhamnose biosynthesis I|g__Bifidobacterium.s__Bifidobacterium_longum	1.3509599533
PWY-6163: chorismate biosynthesis from 3-dehydroquinate	113.4268180092
PWY-6163: chorismate biosynthesis from 3-dehydroquinate|g__Eubacterium.s__Eubacterium_rectale	16.5165138667
PWY-6163: chorismate biosynthesis from 3-dehydroquinate|g__Roseburia.s__Roseburia_inulinivorans	2.4056870864
PANTO-PWY: phosphopantothenate biosynthesis I	110.3805139360
PANTO-PWY: phosphopantothenate biosynthesis I|g__Bacteroides.s__Bacteroides_dorei	29.6484431964
PANTO-PWY: phosphopantothenate biosynthesis I|g__Bacteroides.s__Bacteroides_eggerthii	17.5036654493
PANTO-PWY: phosphopantothenate biosynthesis I|g__Eubacterium.s__Eubacterium_rectale	13.1870106025
PANTO-PWY: phosphopantothenate biosynthesis I|g__Alistipes.s__Alistipes_putredinis	12.7349148659
PANTO-PWY: phosphopantothenate biosynthesis I|g__Bacteroides.s__Bacteroides_uniformis	9.0146787694
PANTO-PWY: phosphopantothenate biosynthesis I|g__Bacteroides.s__Bacteroides_caccae	4.4204692649
PANTO-PWY: phosphopantothenate biosynthesis I|g__Parabacteroides.s__Parabacteroides_distasonis	2.5011117939
PANTO-PWY: phosphopantothenate biosynthesis I|g__Parabacteroides.s__Parabacteroides_merdae	2.2828651905
PANTO-PWY: phosphopantothenate biosynthesis I|g__Blautia.s__Ruminococcus_torques	2.1020818740
PANTO-PWY: phosphopantothenate biosynthesis I|g__Barnesiella.s__Barnesiella_intestinihominis	2.0269075264
PWY-5103: L-isoleucine biosynthesis III	108.6705576159
PWY-5103: L-isoleucine biosynthesis III|g__Faecalibacterium.s__Faecalibacterium_prausnitzii	74.5178739842
PWY-5103: L-isoleucine biosynthesis III|g__Bifidobacterium.s__Bifidobacterium_longum	1.6218486019
PWY-724: superpathway of L-lysine, L-threonine and L-methionine biosynthesis II	107.5246699570
PWY-724: superpathway of L-lysine, L-threonine and L-methionine biosynthesis II|g__Faecalibacterium.s__Faecalibacterium_prausnitzii	37.2271286114
PWY-6123: inosine-5'-phosphate biosynthesis I	104.2693523171
PWY-6123: inosine-5'-phosphate biosynthesis I|g__Faecalibacterium.s__Faecalibacterium_prausnitzii	39.4119593813
PWY-6123: inosine-5'-phosphate biosynthesis I|g__Bifidobacterium.s__Bifidobacterium_longum	2.5906093420
PWY-3841: folate transformations II	101.2543355319
PWY-3841: folate transformations II|g__Bacteroides.s__Bacteroides_dorei	22.9171352472
PWY-3841: folate transformations II|g__Bacteroides.s__Bacteroides_uniformis	12.4632288042
PWY-3841: folate transformations II|g__Bacteroides.s__Bacteroides_caccae	2.1314281300
PWY-3841: folate transformations II|g__Parabacteroides.s__Parabacteroides_merdae	2.1130030928
PWY-3841: folate transformations II|g__Parabacteroides.s__Parabacteroides_distasonis	1.7024584626
SER-GLYSYN-PWY: superpathway of L-serine and glycine biosynthesis I	100.9129407355
SER-GLYSYN-PWY: superpathway of L-serine and glycine biosynthesis I|g__Faecalibacterium.s__Faecalibacterium_prausnitzii	36.0612996481
SER-GLYSYN-PWY: superpathway of L-serine and glycine biosynthesis I|g__Ruminococcus.s__Ruminococcus_bromii	1.1019283747
PWY-5973: cis-vaccenate biosynthesis	100.1559995500
PWY-5973: cis-vaccenate biosynthesis|g__Eubacterium.s__Eubacterium_rectale	14.3973352926
PWY-7229: superpathway of adenosine nucleotides de novo biosynthesis I	99.6318061760
PWY-7229: superpathway of adenosine nucleotides de novo biosynthesis I|g__Bacteroides.s__Bacteroides_dorei	28.0641367012
PWY-7229: superpathway of adenosine nucleotides de novo biosynthesis I|g__Sutterella.s__Sutterella_wadsworthensis	5.8305134835
PWY0-1296: purine ribonucleosides degradation	99.4831719056
PWY0-1296: purine ribonucleosides degradation|g__Faecalibacterium.s__Faecalibacterium_prausnitzii	49.7061720780
PWY0-1296: purine ribonucleosides degradation|g__Eubacterium.s__Eubacterium_rectale	21.0155923957
PWY0-1296: purine ribonucleosides degradation|g__Roseburia.s__Roseburia_inulinivorans	5.2071855608
PWY0-1296: purine ribonucleosides degradation|g__Blautia.s__Ruminococcus_obeum	1.1959678797
PWY-6124: inosine-5'-phosphate biosynthesis II	98.3193036477
PWY-6124: inosine-5'-phosphate biosynthesis II|g__Faecalibacterium.s__Faecalibacterium_prausnitzii	56.2439241080
1CMET2-PWY: N10-formyl-tetrahydrofolate biosynthesis	95.1478584349
1CMET2-PWY: N10-formyl-tetrahydrofolate biosynthesis|g__Bacteroides.s__Bacteroides_uniformis	9.4025238657
PWY-6700: queuosine biosynthesis	93.4112517922
PWY-6700: queuosine biosynthesis|g__Bacteroides.s__Bacteroides_dorei	33.1848328809
PWY-6700: queuosine biosynthesis|g__Bacteroides.s__Bacteroides_eggerthii	8.0331577371
PWY-6700: queuosine biosynthesis|g__Barnesiella.s__Barnesiella_intestinihominis	5.7233724120
PWY-6700: queuosine biosynthesis|g__Bacteroides.s__Bacteroides_uniformis	5.7101464643
PWY-6700: queuosine biosynthesis|g__Sutterella.s__Sutterella_wadsworthensis	2.9564908927
PWY-6700: queuosine biosynthesis|g__Dialister.s__Dialister_invisus	1.7869434791
PWY-7663: gondoate biosynthesis (anaerobic)	92.3044149756
PWY-7663: gondoate biosynthesis (anaerobic)|g__Bacteroides.s__Bacteroides_eggerthii	15.7362672427
PWY-6317: galactose degradation I (Leloir pathway)	92.1917677673
PWY-6317: galactose degradation I (Leloir pathway)|g__Faecalibacterium.s__Faecalibacterium_prausnitzii	46.7503506785
PWY66-422: D-galactose degradation V (Leloir pathway)	92.1917677673
PWY66-422: D-galactose degradation V (Leloir pathway)|g__Faecalibacterium.s__Faecalibacterium_prausnitzii	46.7503506785
PWY66-422: D-galactose degradation V (Leloir pathway)|g__Eubacterium.s__Eubacterium_rectale	15.5829909148
PWY-3001: superpathway of L-isoleucine biosynthesis I	92.0170381243
PWY-3001: superpathway of L-isoleucine biosynthesis I|g__Faecalibacterium.s__Faecalibacterium_prausnitzii	51.5351762203
GALACTUROCAT-PWY: D-galacturonate degradation I	90.6652136182
GALACTUROCAT-PWY: D-galacturonate degradation I|g__Faecalibacterium.s__Faecalibacterium_prausnitzii	69.0511390372
PWY-6507: 4-deoxy-L-threo-hex-4-enopyranuronate degradation	88.1751931954
PWY-6507: 4-deoxy-L-threo-hex-4-enopyranuronate degradation|g__Faecalibacterium.s__Faecalibacterium_prausnitzii	72.4883643211
PWY-6703: preQ0 biosynthesis	86.4076847369
PWY-6703: preQ0 biosynthesis|g__Bacteroides.s__Bacteroides_dorei	25.7217808656
PWY-6703: preQ0 biosynthesis|g__Bacteroides.s__Bacteroides_eggerthii	14.8603920807
PWY-6703: preQ0 biosynthesis|g__Bacteroides.s__Bacteroides_uniformis	10.1671486999
PWY-6703: preQ0 biosynthesis|g__Dialister.s__Dialister_invisus	8.0919862538
PWY-6703: preQ0 biosynthesis|g__Parabacteroides.s__Parabacteroides_merdae	2.5321750502
PWY-6703: preQ0 biosynthesis|g__Bacteroides.s__Bacteroides_caccae	2.1148946846
PWY-6168: flavin biosynthesis III (fungi)	85.4030493655
PWY-7242: D-fructuronate degradation	82.7268657000
PWY-7242: D-fructuronate degradation|g__Faecalibacterium.s__Faecalibacterium_prausnitzii	58.1415901821
PWY-7242: D-fructuronate degradation|g__Eubacterium.s__Eubacterium_rectale	11.4829703204
PWY-6897: thiamin salvage II	81.9339443169
PWY-6126: superpathway of adenosine nucleotides de novo biosynthesis II	80.3315303621
PWY-6126: superpathway of adenosine nucleotides de novo biosynthesis II|g__Bacteroides.s__Bacteroides_dorei	26.1694793187
PWY-6126: superpathway of adenosine nucleotides de novo biosynthesis II|g__Sutterella.s__Sutterella_wadsworthensis	5.1157449146
PANTOSYN-PWY: pantothenate and coenzyme A biosynthesis I	79.4861727338
COBALSYN-PWY: adenosylcobalamin salvage from cobinamide I	78.8853982854
COBALSYN-PWY: adenosylcobalamin salvage from cobinamide I|g__Faecalibacterium.s__Faecalibacterium_prausnitzii	38.8526297123
COBALSYN-PWY: adenosylcobalamin salvage from cobinamide I|g__Eubacterium.s__Eubacterium_rectale	10.0217788447
GALACT-GLUCUROCAT-PWY: superpathway of hexuronide and hexuronate degradation	78.6441530230
GALACT-GLUCUROCAT-PWY: superpathway of hexuronide and hexuronate degradation|g__Faecalibacterium.s__Faecalibacterium_prausnitzii	51.5188137992
PWY-6609: adenine and adenosine salvage III	78.0684000967
PWY-6609: adenine and adenosine salvage III|g__Faecalibacterium.s__Faecalibacterium_prausnitzii	52.2352648305
THRESYN-PWY: superpathway of L-threonine biosynthesis	77.9613241807
THRESYN-PWY: superpathway of L-threonine biosynthesis|g__Faecalibacterium.s__Faecalibacterium_prausnitzii	41.9848783162
PWY-6527: stachyose degradation	75.6427356587
PWY-6527: stachyose degradation|g__Faecalibacterium.s__Faecalibacterium_prausnitzii	17.4637143479
PWY-7357: thiamin formation from pyrithiamine and oxythiamine (yeast)	74.2900764488
PWY-7357: thiamin formation from pyrithiamine and oxythiamine (yeast)|g__Faecalibacterium.s__Faecalibacterium_prausnitzii	30.7576741941
PWY-7357: thiamin formation from pyrithiamine and oxythiamine (yeast)|g__Roseburia.s__Roseburia_inulinivorans	1.5900087296
PWY-7357: thiamin formation from pyrithiamine and oxythiamine (yeast)|g__Ruminococcus.s__Ruminococcus_bromii	1.5387574534
GLUCUROCAT-PWY: superpathway of &beta;-D-glucuronide and D-glucuronate degradation	73.5763290871
GLUCUROCAT-PWY: superpathway of &beta;-D-glucuronide and D-glucuronate degradation|g__Faecalibacterium.s__Faecalibacterium_prausnitzii	48.2046542516
PWY-7228: superpathway of guanosine nucleotides de novo biosynthesis I	70.9750756251
PWY-7228: superpathway of guanosine nucleotides de novo biosynthesis I|g__Bacteroides.s__Bacteroides_dorei	28.0438955922
PWY-7228: superpathway of guanosine nucleotides de novo biosynthesis I|g__Sutterella.s__Sutterella_wadsworthensis	4.1026068171
PWY-7228: superpathway of guanosine nucleotides de novo biosynthesis I|g__Dialister.s__Dialister_invisus	4.0343556917
ASPASN-PWY: superpathway of L-aspartate and L-asparagine biosynthesis	67.3546046614
ASPASN-PWY: superpathway of L-aspartate and L-asparagine biosynthesis|g__Faecalibacterium.s__Faecalibacterium_prausnitzii	50.2070840739
ASPASN-PWY: superpathway of L-aspartate and L-asparagine biosynthesis|g__Bacteroides.s__Bacteroides_ovatus	1.4149460870
PWY-6125: superpathway of guanosine nucleotides de novo biosynthesis II	62.8062527471
PWY-6125: superpathway of guanosine nucleotides de novo biosynthesis II|g__Bacteroides.s__Bacteroides_dorei	24.8149786327
PWY-6125: superpathway of guanosine nucleotides de novo biosynthesis II|g__Sutterella.s__Sutterella_wadsworthensis	3.7765182153
COA-PWY: coenzyme A biosynthesis I	62.3382485110
COA-PWY: coenzyme A biosynthesis I|g__Faecalibacterium.s__Faecalibacterium_prausnitzii	36.8033965372
PWY0-166: superpathway of pyrimidine deoxyribonucleotides de novo biosynthesis (E. coli)	61.9107977831
PWY0-166: superpathway of pyrimidine deoxyribonucleotides de novo biosynthesis (E. coli)|g__Sutterella.s__Sutterella_wadsworthensis	4.3331856366
GLCMANNANAUT-PWY: superpathway of N-acetylglucosamine, N-acetylmannosamine and N-acetylneuraminate degradation	61.4456719460
GLCMANNANAUT-PWY: superpathway of N-acetylglucosamine, N-acetylmannosamine and N-acetylneuraminate degradation|g__Faecalibacterium.s__Faecalibacterium_prausnitzii	44.9437371848
PWY-621: sucrose degradation III (sucrose invertase)	61.0284635446
PWY-621: sucrose degradation III (sucrose invertase)|g__Faecalibacterium.s__Faecalibacterium_prausnitzii	39.5842049183
PWY-5659: GDP-mannose biosynthesis	59.5411120588
PWY-5659: GDP-mannose biosynthesis|g__Faecalibacterium.s__Faecalibacterium_prausnitzii	42.7876504755
PWY-5659: GDP-mannose biosynthesis|g__Alistipes.s__Alistipes_shahii	1.1840473613
PWY-7208: superpathway of pyrimidine nucleobases salvage	57.5385736107
PWY-7208: superpathway of pyrimidine nucleobases salvage|g__Sutterella.s__Sutterella_wadsworthensis	6.9085860995
PWY-7208: superpathway of pyrimidine nucleobases salvage|g__Dialister.s__Dialister_invisus	4.3618177714
RIBOSYN2-PWY: flavin biosynthesis I (bacteria and plants)	56.5902203354
PWY-7184: pyrimidine deoxyribonucleotides de novo biosynthesis I	54.4055780363
PWY-7184: pyrimidine deoxyribonucleotides de novo biosynthesis I|g__Sutterella.s__Sutterella_wadsworthensis	4.0596394571
PWY-7282: 4-amino-2-methyl-5-phosphomethylpyrimidine biosynthesis (yeast)	54.2827194422
PWY-5101: L-isoleucine biosynthesis II	53.4622223293
THISYNARA-PWY: superpathway of thiamin diphosphate biosynthesis III (eukaryotes)	53.1001009847
THISYNARA-PWY: superpathway of thiamin diphosphate biosynthesis III (eukaryotes)|g__Faecalibacterium.s__Faecalibacterium_prausnitzii	30.5032319585
PWY-6545: pyrimidine deoxyribonucleotides de novo biosynthesis III	52.3537095170
ARGININE-SYN4-PWY: L-ornithine de novo  biosynthesis	51.2115519819
ARGININE-SYN4-PWY: L-ornithine de novo  biosynthesis|g__Bacteroides.s__Bacteroides_uniformis	7.8252456040
ARGININE-SYN4-PWY: L-ornithine de novo  biosynthesis|g__Bacteroides.s__Bacteroides_thetaiotaomicron	2.0393183860
ARGININE-SYN4-PWY: L-ornithine de novo  biosynthesis|g__Bacteroides.s__Bacteroides_caccae	1.0634459312
PWY-5177: glutaryl-CoA degradation	49.9507398592
PWY-5177: glutaryl-CoA degradation|g__Faecalibacterium.s__Faecalibacterium_prausnitzii	46.3900168601
PWY0-845: superpathway of pyridoxal 5'-phosphate biosynthesis and salvage	47.6662704862
PWY0-845: superpathway of pyridoxal 5'-phosphate biosynthesis and salvage|g__Bacteroides.s__Bacteroides_uniformis	3.8031936512
PYRIDOXSYN-PWY: pyridoxal 5'-phosphate biosynthesis I	47.6300593551
PYRIDOXSYN-PWY: pyridoxal 5'-phosphate biosynthesis I|g__Bacteroides.s__Bacteroides_eggerthii	14.1825003142
PYRIDOXSYN-PWY: pyridoxal 5'-phosphate biosynthesis I|g__Bacteroides.s__Bacteroides_uniformis	7.1927595638
PWY-7220: adenosine deoxyribonucleotides de novo biosynthesis II	45.8615391859
PWY-7220: adenosine deoxyribonucleotides de novo biosynthesis II|g__Bacteroides.s__Bacteroides_dorei	20.4600337225
PWY-7220: adenosine deoxyribonucleotides de novo biosynthesis II|g__Sutterella.s__Sutterella_wadsworthensis	3.7753456357
PWY-7222: guanosine deoxyribonucleotides de novo biosynthesis II	45.8615391859
PWY-7222: guanosine deoxyribonucleotides de novo biosynthesis II|g__Bacteroides.s__Bacteroides_dorei	20.4600337225
PWY-7222: guanosine deoxyribonucleotides de novo biosynthesis II|g__Sutterella.s__Sutterella_wadsworthensis	3.7753456357
RHAMCAT-PWY: L-rhamnose degradation I	45.5553100738
RHAMCAT-PWY: L-rhamnose degradation I|g__Faecalibacterium.s__Faecalibacterium_prausnitzii	29.6485616871
PWY0-1586: peptidoglycan maturation (meso-diaminopimelate containing)	43.8006789667
PWY0-1586: peptidoglycan maturation (meso-diaminopimelate containing)|g__Faecalibacterium.s__Faecalibacterium_prausnitzii	38.6165636114
PWY-841: superpathway of purine nucleotides de novo biosynthesis I	43.0442753473
PWY-7197: pyrimidine deoxyribonucleotide phosphorylation	42.0125210225
PWY-7197: pyrimidine deoxyribonucleotide phosphorylation|g__Sutterella.s__Sutterella_wadsworthensis	6.7012461129
PWY-7197: pyrimidine deoxyribonucleotide phosphorylation|g__Dialister.s__Dialister_invisus	3.7542668518
GLYCOGENSYNTH-PWY: glycogen biosynthesis I (from ADP-D-Glucose)	39.1330789378
GLYCOGENSYNTH-PWY: glycogen biosynthesis I (from ADP-D-Glucose)|g__Eubacterium.s__Eubacterium_rectale	23.1137303479
PWY-7234: inosine-5'-phosphate biosynthesis III	38.0772220360
PWY-7199: pyrimidine deoxyribonucleosides salvage	34.2220729457
PWY-5100: pyruvate fermentation to acetate and lactate II	32.2863688598
PWY-5030: L-histidine degradation III	30.1350654963
PWY-4242: pantothenate and coenzyme A biosynthesis III	24.2866195154
PWY-4242: pantothenate and coenzyme A biosynthesis III|g__Faecalibacterium.s__Faecalibacterium_prausnitzii	18.9733177681
PWY4FS-7: phosphatidylglycerol biosynthesis I (plastidic)	23.7104988017
PWY4FS-8: phosphatidylglycerol biosynthesis II (non-plastidic)	23.7104988017
PWY-5989: stearate biosynthesis II (bacteria and plants)	22.8797468671
ANAEROFRUCAT-PWY: homolactic fermentation	22.2686446843
HISTSYN-PWY: L-histidine biosynthesis	22.1117799708
PWY-6305: putrescine biosynthesis IV	20.5734139931
PWY-6305: putrescine biosynthesis IV|g__Faecalibacterium.s__Faecalibacterium_prausnitzii	19.7038130318
HSERMETANA-PWY: L-methionine biosynthesis III	18.6134410628
PWY-5188: tetrapyrrole biosynthesis I (from glutamate)	17.2687349718
PWY-5188: tetrapyrrole biosynthesis I (from glutamate)|g__Dialister.s__Dialister_invisus	7.6263887001
PWY-5188: tetrapyrrole biosynthesis I (from glutamate)|g__Sutterella.s__Sutterella_wadsworthensis	1.6724244527
PWY-5367: petroselinate biosynthesis	17.2250613998
PWY-5367: petroselinate biosynthesis|g__Eubacterium.s__Eubacterium_rectale	13.4827452523
DENOVOPURINE2-PWY: superpathway of purine nucleotides de novo biosynthesis II	17.1734966073
PWY0-162: superpathway of pyrimidine ribonucleotides de novo biosynthesis	15.2921485547
PWY-7187: pyrimidine deoxyribonucleotides de novo biosynthesis II	15.0277439629
TCA: TCA cycle I (prokaryotic)	13.7863775264
GLUCONEO-PWY: gluconeogenesis I	13.3717484673
PWY-6969: TCA cycle V (2-oxoglutarate:ferredoxin oxidoreductase)	13.1650695141
PYRIDNUCSYN-PWY: NAD biosynthesis I (from aspartate)	12.5328430576
PYRIDNUCSYN-PWY: NAD biosynthesis I (from aspartate)|g__Ruminococcus.s__Ruminococcus_bromii	1.5249603060
PYRIDNUCSYN-PWY: NAD biosynthesis I (from aspartate)|g__Alistipes.s__Alistipes_shahii	1.1180971199
PWY-7400: L-arginine biosynthesis IV (archaebacteria)	11.9553036139
PWY-7400: L-arginine biosynthesis IV (archaebacteria)|g__Bifidobacterium.s__Bifidobacterium_longum	2.4112021308
ARGSYN-PWY: L-arginine biosynthesis I (via L-ornithine)	10.3787140700
ARGSYN-PWY: L-arginine biosynthesis I (via L-ornithine)|g__Bifidobacterium.s__Bifidobacterium_longum	2.3591913376
PWY66-400: glycolysis VI (metazoan)	10.3054132430
CITRULBIO-PWY: L-citrulline biosynthesis	10.2461174791
PWY-5690: TCA cycle II (plants and fungi)	10.2112421426
POLYAMSYN-PWY: superpathway of polyamine biosynthesis I	10.1898858032
GLYCOLYSIS: glycolysis I (from glucose 6-phosphate)	9.3388199111
PWY-5484: glycolysis II (from fructose 6-phosphate)	9.3061528007
PWY66-409: superpathway of purine nucleotide salvage	9.1582482474
HEMESYN2-PWY: heme biosynthesis II (anaerobic)	8.9781424206
HEMESYN2-PWY: heme biosynthesis II (anaerobic)|g__Sutterella.s__Sutterella_wadsworthensis	1.3107948425
DAPLYSINESYN-PWY: L-lysine biosynthesis I	8.9025286574
PWY-4984: urea cycle	8.6569368946
TRPSYN-PWY: L-tryptophan biosynthesis	8.3454850164
TRNA-CHARGING-PWY: tRNA charging	8.3429504626
ARG+POLYAMINE-SYN: superpathway of arginine and polyamine biosynthesis	7.3419357284
PWY-2941: L-lysine biosynthesis II	6.0144608176
PWY-5347: superpathway of L-methionine biosynthesis (transsulfuration)	5.9845149239
METSYN-PWY: L-homoserine and L-methionine biosynthesis	5.2126319465
PWY-6936: seleno-amino acid biosynthesis	5.0129718811
PWY-4981: L-proline biosynthesis II (from arginine)	4.9893504217
MET-SAM-PWY: superpathway of S-adenosyl-L-methionine biosynthesis	4.1196812386
PWY-1269: CMP-3-deoxy-D-manno-octulosonate biosynthesis I	4.0445837205
PWY-5154: L-arginine biosynthesis III (via N-acetyl-L-citrulline)	3.9899219645
ARGSYNBSUB-PWY: L-arginine biosynthesis II (acetyl cycle)	3.8632937085
ARGSYNBSUB-PWY: L-arginine biosynthesis II (acetyl cycle)|g__Bifidobacterium.s__Bifidobacterium_longum	1.8365645855
PWY-7211: superpathway of pyrimidine deoxyribonucleotides de novo biosynthesis	3.4828479604
PWY0-1297: superpathway of purine deoxyribonucleosides degradation	3.2752161649
P441-PWY: superpathway of N-acetylneuraminate degradation	3.1746857093
PWY-5005: biotin biosynthesis II	3.0895412833
HISDEG-PWY: L-histidine degradation I	2.9846889664
HISDEG-PWY: L-histidine degradation I|g__Alistipes.s__Alistipes_shahii	1.6820137652
HOMOSER-METSYN-PWY: L-methionine biosynthesis I	2.6589680949
GLUTORN-PWY: L-ornithine biosynthesis	2.3069127301
GLUTORN-PWY: L-ornithine biosynthesis|g__Bifidobacterium.s__Bifidobacterium_longum	1.4150528938
PWY-7210: pyrimidine deoxyribonucleotides biosynthesis from CTP	2.0560288053
GLYCOCAT-PWY: glycogen degradation I (bacterial)	1.5865044398
PWY-6147: 6-hydroxymethyl-dihydropterin diphosphate biosynthesis I	1.5390552274
PWY-7539: 6-hydroxymethyl-dihydropterin diphosphate biosynthesis III (Chlamydia)	1.5354459177
PWY-7198: pyrimidine deoxyribonucleotides de novo biosynthesis IV	1.4592535326