# Pathway	ERR481015_Abundance
UNMAPPED	232625.1196777734
UNINTEGRATED	200235.4041853547
UNINTEGRATED|g__Bacteroides.s__Bacteroides_cellulosilyticus	26884.4949364122
UNINTEGRATED|g__Bacteroides.s__Bacteroides_uniformis	21925.8933437270
UNINTEGRATED|g__Bacteroides.s__Bacteroides_vulgatus	14982.0750988347
UNINTEGRATED|g__Bacteroides.s__Bacteroides_ovatus	12845.8962442145
UNINTEGRATED|g__Bacteroides.s__Bacteroides_dorei	11205.7669517978
UNINTEGRATED|g__Faecalibacterium.s__Faecalibacterium_prausnitzii	8555.9187285582
UNINTEGRATED|g__Clostridium.s__Clostridium_clostridioforme	8037.2374332609
UNINTEGRATED|g__Bacteroides.s__Bacteroides_fragilis	7940.5682730629
UNINTEGRATED|g__Eubacterium.s__Eubacterium_siraeum	7399.7924642063
UNINTEGRATED|g__Parabacteroides.s__Parabacteroides_distasonis	7342.7733783260
UNINTEGRATED|g__Bacteroides.s__Bacteroides_thetaiotaomicron	7314.1213768194
UNINTEGRATED|g__Parabacteroides.s__Parabacteroides_merdae	6934.9067562178
UNINTEGRATED|g__Clostridium.s__Clostridium_symbiosum	5948.7334233734
UNINTEGRATED|g__Ruminococcus.s__Ruminococcus_callidus	5269.8023823030
UNINTEGRATED|g__Bacteroides.s__Bacteroides_intestinalis	5163.5198030726
UNINTEGRATED|g__Sutterella.s__Sutterella_wadsworthensis	5050.3053660759
UNINTEGRATED|g__Alistipes.s__Alistipes_onderdonkii	5014.1371574169
UNINTEGRATED|g__Bacteroides.s__Bacteroides_xylanisolvens	4861.8021522025
UNINTEGRATED|g__Clostridium.s__Clostridium_bolteae	4123.3027592699
UNINTEGRATED|g__Roseburia.s__Roseburia_inulinivorans	4120.8864406297
UNINTEGRATED|g__Holdemania.s__Holdemania_filiformis	2740.6970895408
UNINTEGRATED|g__Blautia.s__Ruminococcus_torques	2500.4385188030
UNINTEGRATED|g__Alistipes.s__Alistipes_shahii	2387.9554492861
UNINTEGRATED|g__Flavonifractor.s__Flavonifractor_plautii	2014.0397138850
UNINTEGRATED|g__Collinsella.s__Collinsella_aerofaciens	1848.9845303826
UNINTEGRATED|g__Ruminococcus.s__Ruminococcus_bromii	1824.0639274802
UNINTEGRATED|g__Lachnospiraceae_noname.s__Lachnospiraceae_bacterium_7_1_58FAA	1806.8725773665
UNINTEGRATED|g__Roseburia.s__Roseburia_intestinalis	1541.6527600308
UNINTEGRATED|g__Bilophila.s__Bilophila_wadsworthia	1519.9864761824
UNINTEGRATED|g__Dorea.s__Dorea_longicatena	1353.3605271174
UNINTEGRATED|g__Lachnospiraceae_noname.s__Lachnospiraceae_bacterium_3_1_46FAA	1297.3919109677
UNINTEGRATED|g__Lachnospiraceae_noname.s__Lachnospiraceae_bacterium_8_1_57FAA	1255.3260712955
UNINTEGRATED|g__Coprobacter.s__Coprobacter_fastidiosus	974.6095855058
UNINTEGRATED|g__Eubacterium.s__Eubacterium_hallii	654.1176500648
UNINTEGRATED|g__Lachnospiraceae_noname.s__Lachnospiraceae_bacterium_2_1_58FAA	653.9756762989
UNINTEGRATED|g__Erysipelotrichaceae_noname.s__Eubacterium_cylindroides	492.6019616285
UNINTEGRATED|g__Morganella.s__Morganella_morganii	441.7939921405
UNINTEGRATED|g__Porphyromonas.s__Porphyromonas_asaccharolytica	424.1323795503
PWY-7219: adenosine ribonucleotides de novo biosynthesis	186.7215948539
PWY-7219: adenosine ribonucleotides de novo biosynthesis|g__Bacteroides.s__Bacteroides_uniformis	27.8809344385
PWY-7219: adenosine ribonucleotides de novo biosynthesis|g__Bacteroides.s__Bacteroides_vulgatus	17.5734258713
PWY-7219: adenosine ribonucleotides de novo biosynthesis|g__Bacteroides.s__Bacteroides_cellulosilyticus	17.2925711076
PWY-7219: adenosine ribonucleotides de novo biosynthesis|g__Eubacterium.s__Eubacterium_siraeum	10.6065600436
PWY-7219: adenosine ribonucleotides de novo biosynthesis|g__Bacteroides.s__Bacteroides_thetaiotaomicron	10.0590321667
PWY-7219: adenosine ribonucleotides de novo biosynthesis|g__Clostridium.s__Clostridium_clostridioforme	9.7837547242
PWY-7219: adenosine ribonucleotides de novo biosynthesis|g__Ruminococcus.s__Ruminococcus_callidus	8.1978427300
PWY-7219: adenosine ribonucleotides de novo biosynthesis|g__Bacteroides.s__Bacteroides_ovatus	7.4394973772
PWY-7219: adenosine ribonucleotides de novo biosynthesis|g__Parabacteroides.s__Parabacteroides_distasonis	7.3063010761
PWY-7219: adenosine ribonucleotides de novo biosynthesis|g__Sutterella.s__Sutterella_wadsworthensis	7.1367733413
PWY-7219: adenosine ribonucleotides de novo biosynthesis|g__Collinsella.s__Collinsella_aerofaciens	6.8702627022
PWY-7219: adenosine ribonucleotides de novo biosynthesis|g__Faecalibacterium.s__Faecalibacterium_prausnitzii	6.2335972320
PWY-7219: adenosine ribonucleotides de novo biosynthesis|g__Alistipes.s__Alistipes_onderdonkii	5.9105798476
PWY-7219: adenosine ribonucleotides de novo biosynthesis|g__Ruminococcus.s__Ruminococcus_bromii	5.7499696447
PWY-7219: adenosine ribonucleotides de novo biosynthesis|g__Alistipes.s__Alistipes_shahii	4.6269091348
PWY-7219: adenosine ribonucleotides de novo biosynthesis|g__Bacteroides.s__Bacteroides_dorei	4.3209069883
PWY-7219: adenosine ribonucleotides de novo biosynthesis|g__Parabacteroides.s__Parabacteroides_merdae	4.1104750264
PWY-7219: adenosine ribonucleotides de novo biosynthesis|g__Bacteroides.s__Bacteroides_intestinalis	3.4482817777
PWY-7219: adenosine ribonucleotides de novo biosynthesis|g__Bacteroides.s__Bacteroides_fragilis	3.3404216846
PWY-7219: adenosine ribonucleotides de novo biosynthesis|g__Bacteroides.s__Bacteroides_xylanisolvens	3.0296644662
PWY-7219: adenosine ribonucleotides de novo biosynthesis|g__Flavonifractor.s__Flavonifractor_plautii	2.6032490479
PWY-7219: adenosine ribonucleotides de novo biosynthesis|g__Coprobacter.s__Coprobacter_fastidiosus	1.9434821300
PWY-7219: adenosine ribonucleotides de novo biosynthesis|g__Lachnospiraceae_noname.s__Lachnospiraceae_bacterium_8_1_57FAA	1.6869967580
PWY-7219: adenosine ribonucleotides de novo biosynthesis|g__Dorea.s__Dorea_longicatena	1.3906171116
PWY-7219: adenosine ribonucleotides de novo biosynthesis|g__Lachnospiraceae_noname.s__Lachnospiraceae_bacterium_7_1_58FAA	1.2598840794
PWY-7219: adenosine ribonucleotides de novo biosynthesis|g__Blautia.s__Ruminococcus_torques	1.2528282625
PWY-7219: adenosine ribonucleotides de novo biosynthesis|g__Clostridium.s__Clostridium_bolteae	1.2025315714
PWY-7219: adenosine ribonucleotides de novo biosynthesis|g__Porphyromonas.s__Porphyromonas_asaccharolytica	1.0445267449
PWY-7219: adenosine ribonucleotides de novo biosynthesis|g__Eubacterium.s__Eubacterium_hallii	0.9359264386
PWY-7219: adenosine ribonucleotides de novo biosynthesis|g__Roseburia.s__Roseburia_intestinalis	0.9211104895
PWY-6386: UDP-N-acetylmuramoyl-pentapeptide biosynthesis II (lysine-containing)	141.5526906348
PWY-6386: UDP-N-acetylmuramoyl-pentapeptide biosynthesis II (lysine-containing)|g__Bacteroides.s__Bacteroides_uniformis	17.7274777233
PWY-6386: UDP-N-acetylmuramoyl-pentapeptide biosynthesis II (lysine-containing)|g__Bacteroides.s__Bacteroides_ovatus	7.8782356115
PWY-6386: UDP-N-acetylmuramoyl-pentapeptide biosynthesis II (lysine-containing)|g__Alistipes.s__Alistipes_onderdonkii	6.0108217264
PWY-6386: UDP-N-acetylmuramoyl-pentapeptide biosynthesis II (lysine-containing)|g__Parabacteroides.s__Parabacteroides_merdae	5.3435243011
PWY-6386: UDP-N-acetylmuramoyl-pentapeptide biosynthesis II (lysine-containing)|g__Sutterella.s__Sutterella_wadsworthensis	5.2635132726
PWY-6386: UDP-N-acetylmuramoyl-pentapeptide biosynthesis II (lysine-containing)|g__Collinsella.s__Collinsella_aerofaciens	2.6626503592
PWY-6386: UDP-N-acetylmuramoyl-pentapeptide biosynthesis II (lysine-containing)|g__Bacteroides.s__Bacteroides_intestinalis	2.3910055931
PWY-6386: UDP-N-acetylmuramoyl-pentapeptide biosynthesis II (lysine-containing)|g__Blautia.s__Ruminococcus_torques	2.3061727361
PWY-6386: UDP-N-acetylmuramoyl-pentapeptide biosynthesis II (lysine-containing)|g__Parabacteroides.s__Parabacteroides_distasonis	2.2009178885
PWY-6386: UDP-N-acetylmuramoyl-pentapeptide biosynthesis II (lysine-containing)|g__Lachnospiraceae_noname.s__Lachnospiraceae_bacterium_7_1_58FAA	1.7645564912
PEPTIDOGLYCANSYN-PWY: peptidoglycan biosynthesis I (meso-diaminopimelate containing)	140.0933948399
PEPTIDOGLYCANSYN-PWY: peptidoglycan biosynthesis I (meso-diaminopimelate containing)|g__Bacteroides.s__Bacteroides_uniformis	17.3935942842
PEPTIDOGLYCANSYN-PWY: peptidoglycan biosynthesis I (meso-diaminopimelate containing)|g__Bacteroides.s__Bacteroides_vulgatus	12.6615064950
PEPTIDOGLYCANSYN-PWY: peptidoglycan biosynthesis I (meso-diaminopimelate containing)|g__Bacteroides.s__Bacteroides_ovatus	7.6930909861
PEPTIDOGLYCANSYN-PWY: peptidoglycan biosynthesis I (meso-diaminopimelate containing)|g__Alistipes.s__Alistipes_onderdonkii	5.3686852689
PEPTIDOGLYCANSYN-PWY: peptidoglycan biosynthesis I (meso-diaminopimelate containing)|g__Parabacteroides.s__Parabacteroides_merdae	5.1108308797
PEPTIDOGLYCANSYN-PWY: peptidoglycan biosynthesis I (meso-diaminopimelate containing)|g__Sutterella.s__Sutterella_wadsworthensis	4.8613434073
PEPTIDOGLYCANSYN-PWY: peptidoglycan biosynthesis I (meso-diaminopimelate containing)|g__Parabacteroides.s__Parabacteroides_distasonis	3.3080355352
PEPTIDOGLYCANSYN-PWY: peptidoglycan biosynthesis I (meso-diaminopimelate containing)|g__Bacteroides.s__Bacteroides_intestinalis	2.4722169153
PEPTIDOGLYCANSYN-PWY: peptidoglycan biosynthesis I (meso-diaminopimelate containing)|g__Bacteroides.s__Bacteroides_dorei	2.2467432823
PEPTIDOGLYCANSYN-PWY: peptidoglycan biosynthesis I (meso-diaminopimelate containing)|g__Faecalibacterium.s__Faecalibacterium_prausnitzii	1.8445859730
PEPTIDOGLYCANSYN-PWY: peptidoglycan biosynthesis I (meso-diaminopimelate containing)|g__Blautia.s__Ruminococcus_torques	1.5572065796
PWY-6387: UDP-N-acetylmuramoyl-pentapeptide biosynthesis I (meso-diaminopimelate containing)	137.1117129843
PWY-6387: UDP-N-acetylmuramoyl-pentapeptide biosynthesis I (meso-diaminopimelate containing)|g__Bacteroides.s__Bacteroides_uniformis	16.7968395277
PWY-6387: UDP-N-acetylmuramoyl-pentapeptide biosynthesis I (meso-diaminopimelate containing)|g__Bacteroides.s__Bacteroides_vulgatus	12.1067716738
PWY-6387: UDP-N-acetylmuramoyl-pentapeptide biosynthesis I (meso-diaminopimelate containing)|g__Bacteroides.s__Bacteroides_ovatus	7.3288895488
PWY-6387: UDP-N-acetylmuramoyl-pentapeptide biosynthesis I (meso-diaminopimelate containing)|g__Alistipes.s__Alistipes_onderdonkii	5.7805958875
PWY-6387: UDP-N-acetylmuramoyl-pentapeptide biosynthesis I (meso-diaminopimelate containing)|g__Parabacteroides.s__Parabacteroides_merdae	5.1031383890
PWY-6387: UDP-N-acetylmuramoyl-pentapeptide biosynthesis I (meso-diaminopimelate containing)|g__Sutterella.s__Sutterella_wadsworthensis	4.8815851765
PWY-6387: UDP-N-acetylmuramoyl-pentapeptide biosynthesis I (meso-diaminopimelate containing)|g__Bacteroides.s__Bacteroides_dorei	3.2141271008
PWY-6387: UDP-N-acetylmuramoyl-pentapeptide biosynthesis I (meso-diaminopimelate containing)|g__Parabacteroides.s__Parabacteroides_distasonis	2.9523900093
PWY-6387: UDP-N-acetylmuramoyl-pentapeptide biosynthesis I (meso-diaminopimelate containing)|g__Bacteroides.s__Bacteroides_intestinalis	2.3069607096
PWY-6387: UDP-N-acetylmuramoyl-pentapeptide biosynthesis I (meso-diaminopimelate containing)|g__Collinsella.s__Collinsella_aerofaciens	2.0521396094
PWY-6387: UDP-N-acetylmuramoyl-pentapeptide biosynthesis I (meso-diaminopimelate containing)|g__Blautia.s__Ruminococcus_torques	1.9375616283
PWY-6387: UDP-N-acetylmuramoyl-pentapeptide biosynthesis I (meso-diaminopimelate containing)|g__Faecalibacterium.s__Faecalibacterium_prausnitzii	1.9003010325
PWY-6387: UDP-N-acetylmuramoyl-pentapeptide biosynthesis I (meso-diaminopimelate containing)|g__Lachnospiraceae_noname.s__Lachnospiraceae_bacterium_7_1_58FAA	1.8247546650
PWY-7221: guanosine ribonucleotides de novo biosynthesis	135.6035036963
PWY-7221: guanosine ribonucleotides de novo biosynthesis|g__Bacteroides.s__Bacteroides_cellulosilyticus	14.8471684847
PWY-7221: guanosine ribonucleotides de novo biosynthesis|g__Bacteroides.s__Bacteroides_vulgatus	13.5976828533
PWY-7221: guanosine ribonucleotides de novo biosynthesis|g__Ruminococcus.s__Ruminococcus_callidus	8.4008744014
PWY-7221: guanosine ribonucleotides de novo biosynthesis|g__Sutterella.s__Sutterella_wadsworthensis	8.3150368689
PWY-7221: guanosine ribonucleotides de novo biosynthesis|g__Eubacterium.s__Eubacterium_siraeum	8.2199315892
PWY-7221: guanosine ribonucleotides de novo biosynthesis|g__Bacteroides.s__Bacteroides_ovatus	7.9184627601
PWY-7221: guanosine ribonucleotides de novo biosynthesis|g__Bacteroides.s__Bacteroides_thetaiotaomicron	7.0807371904
PWY-7221: guanosine ribonucleotides de novo biosynthesis|g__Parabacteroides.s__Parabacteroides_distasonis	6.7916788423
PWY-7221: guanosine ribonucleotides de novo biosynthesis|g__Alistipes.s__Alistipes_onderdonkii	4.9902288876
PWY-7221: guanosine ribonucleotides de novo biosynthesis|g__Bacteroides.s__Bacteroides_dorei	4.6253191894
PWY-7221: guanosine ribonucleotides de novo biosynthesis|g__Ruminococcus.s__Ruminococcus_bromii	2.8937351957
PWY-7221: guanosine ribonucleotides de novo biosynthesis|g__Faecalibacterium.s__Faecalibacterium_prausnitzii	2.8897478481
PWY-7221: guanosine ribonucleotides de novo biosynthesis|g__Clostridium.s__Clostridium_clostridioforme	2.5935572996
PWY-7221: guanosine ribonucleotides de novo biosynthesis|g__Coprobacter.s__Coprobacter_fastidiosus	1.6992436585
PWY-7221: guanosine ribonucleotides de novo biosynthesis|g__Bacteroides.s__Bacteroides_intestinalis	1.1828413450
PWY-7221: guanosine ribonucleotides de novo biosynthesis|g__Roseburia.s__Roseburia_intestinalis	1.0473856496
PWY-7221: guanosine ribonucleotides de novo biosynthesis|g__Porphyromonas.s__Porphyromonas_asaccharolytica	0.8359456635
COA-PWY-1: coenzyme A biosynthesis II (mammalian)	132.8351483557
COA-PWY-1: coenzyme A biosynthesis II (mammalian)|g__Bacteroides.s__Bacteroides_cellulosilyticus	16.6476802908
COA-PWY-1: coenzyme A biosynthesis II (mammalian)|g__Bacteroides.s__Bacteroides_uniformis	16.1729832900
COA-PWY-1: coenzyme A biosynthesis II (mammalian)|g__Bacteroides.s__Bacteroides_vulgatus	10.3293469567
COA-PWY-1: coenzyme A biosynthesis II (mammalian)|g__Bacteroides.s__Bacteroides_thetaiotaomicron	6.7032441564
COA-PWY-1: coenzyme A biosynthesis II (mammalian)|g__Parabacteroides.s__Parabacteroides_merdae	5.8589305223
COA-PWY-1: coenzyme A biosynthesis II (mammalian)|g__Eubacterium.s__Eubacterium_siraeum	5.3773393020
COA-PWY-1: coenzyme A biosynthesis II (mammalian)|g__Sutterella.s__Sutterella_wadsworthensis	2.8422753470
COA-PWY-1: coenzyme A biosynthesis II (mammalian)|g__Bacteroides.s__Bacteroides_ovatus	2.7332764781
COA-PWY-1: coenzyme A biosynthesis II (mammalian)|g__Bacteroides.s__Bacteroides_dorei	2.4301281960
COA-PWY-1: coenzyme A biosynthesis II (mammalian)|g__Faecalibacterium.s__Faecalibacterium_prausnitzii	2.3180177635
COA-PWY-1: coenzyme A biosynthesis II (mammalian)|g__Clostridium.s__Clostridium_clostridioforme	2.1523133574
NONMEVIPP-PWY: methylerythritol phosphate pathway I	131.8703666808
NONMEVIPP-PWY: methylerythritol phosphate pathway I|g__Bacteroides.s__Bacteroides_vulgatus	9.0626954124
NONMEVIPP-PWY: methylerythritol phosphate pathway I|g__Bacteroides.s__Bacteroides_ovatus	4.2154388799
PWY-6700: queuosine biosynthesis	131.6651575395
PWY-6700: queuosine biosynthesis|g__Bacteroides.s__Bacteroides_uniformis	16.2540210035
PWY-6700: queuosine biosynthesis|g__Bacteroides.s__Bacteroides_cellulosilyticus	15.8382744459
PWY-6700: queuosine biosynthesis|g__Bacteroides.s__Bacteroides_ovatus	7.7595119787
PWY-6700: queuosine biosynthesis|g__Parabacteroides.s__Parabacteroides_distasonis	7.3813911618
PWY-6700: queuosine biosynthesis|g__Bacteroides.s__Bacteroides_thetaiotaomicron	6.9334140655
PWY-6700: queuosine biosynthesis|g__Bacteroides.s__Bacteroides_vulgatus	6.7620562991
PWY-6700: queuosine biosynthesis|g__Bacteroides.s__Bacteroides_dorei	6.3929048085
PWY-6700: queuosine biosynthesis|g__Sutterella.s__Sutterella_wadsworthensis	5.8504093033
PWY-6700: queuosine biosynthesis|g__Ruminococcus.s__Ruminococcus_callidus	5.6648144357
PWY-6700: queuosine biosynthesis|g__Porphyromonas.s__Porphyromonas_asaccharolytica	2.5994529489
PWY-6700: queuosine biosynthesis|g__Coprobacter.s__Coprobacter_fastidiosus	2.2487326628
PWY-6700: queuosine biosynthesis|g__Bacteroides.s__Bacteroides_fragilis	1.4124505545
PWY-5097: L-lysine biosynthesis VI	120.4519569109
PWY-5097: L-lysine biosynthesis VI|g__Bacteroides.s__Bacteroides_uniformis	19.2088677662
PWY-5097: L-lysine biosynthesis VI|g__Bacteroides.s__Bacteroides_vulgatus	9.5318204876
PWY-5097: L-lysine biosynthesis VI|g__Eubacterium.s__Eubacterium_siraeum	8.0652697107
PWY-5097: L-lysine biosynthesis VI|g__Bacteroides.s__Bacteroides_thetaiotaomicron	7.4386238201
PWY-5097: L-lysine biosynthesis VI|g__Bacteroides.s__Bacteroides_ovatus	5.7134591863
PWY-5097: L-lysine biosynthesis VI|g__Bacteroides.s__Bacteroides_cellulosilyticus	5.3112058100
PWY-5097: L-lysine biosynthesis VI|g__Parabacteroides.s__Parabacteroides_merdae	5.1851262957
PWY-5097: L-lysine biosynthesis VI|g__Parabacteroides.s__Parabacteroides_distasonis	4.2923877579
PWY-5097: L-lysine biosynthesis VI|g__Faecalibacterium.s__Faecalibacterium_prausnitzii	2.3522447976
PWY-5097: L-lysine biosynthesis VI|g__Ruminococcus.s__Ruminococcus_callidus	2.0130260073
PWY-5097: L-lysine biosynthesis VI|g__Bacteroides.s__Bacteroides_intestinalis	1.9278061688
PWY-5097: L-lysine biosynthesis VI|g__Coprobacter.s__Coprobacter_fastidiosus	1.1112547513
PWY-6737: starch degradation V	119.9348637652
PWY-6737: starch degradation V|g__Eubacterium.s__Eubacterium_siraeum	12.5552174538
PWY-6737: starch degradation V|g__Ruminococcus.s__Ruminococcus_bromii	7.4899222905
PWY-6737: starch degradation V|g__Clostridium.s__Clostridium_clostridioforme	6.0125541623
PWY-6737: starch degradation V|g__Faecalibacterium.s__Faecalibacterium_prausnitzii	3.6750825492
PWY-6737: starch degradation V|g__Dorea.s__Dorea_longicatena	3.5841398675
PWY-6737: starch degradation V|g__Lachnospiraceae_noname.s__Lachnospiraceae_bacterium_8_1_57FAA	2.6038839648
PWY-6737: starch degradation V|g__Clostridium.s__Clostridium_bolteae	1.6394396352
PWY-6737: starch degradation V|g__Roseburia.s__Roseburia_inulinivorans	1.5835852301
PWY-6737: starch degradation V|g__Lachnospiraceae_noname.s__Lachnospiraceae_bacterium_3_1_46FAA	1.1917176254
PWY-6737: starch degradation V|g__Blautia.s__Ruminococcus_torques	1.0442657058
ILEUSYN-PWY: L-isoleucine biosynthesis I (from threonine)	119.0320014481
ILEUSYN-PWY: L-isoleucine biosynthesis I (from threonine)|g__Eubacterium.s__Eubacterium_siraeum	9.7696210762
ILEUSYN-PWY: L-isoleucine biosynthesis I (from threonine)|g__Faecalibacterium.s__Faecalibacterium_prausnitzii	7.7313248849
PWY-7111: pyruvate fermentation to isobutanol (engineered)	119.0320014481
PWY-7111: pyruvate fermentation to isobutanol (engineered)|g__Bacteroides.s__Bacteroides_cellulosilyticus	12.8080501568
PWY-7111: pyruvate fermentation to isobutanol (engineered)|g__Eubacterium.s__Eubacterium_siraeum	8.5882224869
PWY-7111: pyruvate fermentation to isobutanol (engineered)|g__Faecalibacterium.s__Faecalibacterium_prausnitzii	7.0713396956
PWY-7111: pyruvate fermentation to isobutanol (engineered)|g__Bacteroides.s__Bacteroides_vulgatus	6.5550521328
PWY-7111: pyruvate fermentation to isobutanol (engineered)|g__Parabacteroides.s__Parabacteroides_merdae	6.1429772614
PWY-7111: pyruvate fermentation to isobutanol (engineered)|g__Ruminococcus.s__Ruminococcus_bromii	5.4616207604
PWY-7111: pyruvate fermentation to isobutanol (engineered)|g__Bacteroides.s__Bacteroides_intestinalis	4.7201263481
PWY-7111: pyruvate fermentation to isobutanol (engineered)|g__Blautia.s__Ruminococcus_torques	2.9670303800
PWY-7111: pyruvate fermentation to isobutanol (engineered)|g__Parabacteroides.s__Parabacteroides_distasonis	1.7471153406
PWY-7111: pyruvate fermentation to isobutanol (engineered)|g__Bacteroides.s__Bacteroides_xylanisolvens	1.5160100838
PWY-7111: pyruvate fermentation to isobutanol (engineered)|g__Coprobacter.s__Coprobacter_fastidiosus	1.3765626244
PWY-7111: pyruvate fermentation to isobutanol (engineered)|g__Dorea.s__Dorea_longicatena	1.1936569250
PWY-7111: pyruvate fermentation to isobutanol (engineered)|g__Lachnospiraceae_noname.s__Lachnospiraceae_bacterium_3_1_46FAA	0.8885173227
PWY-7111: pyruvate fermentation to isobutanol (engineered)|g__Bilophila.s__Bilophila_wadsworthia	0.8662211650
VALSYN-PWY: L-valine biosynthesis	119.0320014481
VALSYN-PWY: L-valine biosynthesis|g__Bacteroides.s__Bacteroides_cellulosilyticus	12.8080501568
VALSYN-PWY: L-valine biosynthesis|g__Eubacterium.s__Eubacterium_siraeum	9.7696210762
VALSYN-PWY: L-valine biosynthesis|g__Faecalibacterium.s__Faecalibacterium_prausnitzii	7.7313248849
VALSYN-PWY: L-valine biosynthesis|g__Bacteroides.s__Bacteroides_vulgatus	6.5550521328
VALSYN-PWY: L-valine biosynthesis|g__Parabacteroides.s__Parabacteroides_merdae	6.1429772614
VALSYN-PWY: L-valine biosynthesis|g__Ruminococcus.s__Ruminococcus_bromii	5.4616207604
VALSYN-PWY: L-valine biosynthesis|g__Bacteroides.s__Bacteroides_intestinalis	4.7201263481
VALSYN-PWY: L-valine biosynthesis|g__Blautia.s__Ruminococcus_torques	2.9670303800
VALSYN-PWY: L-valine biosynthesis|g__Parabacteroides.s__Parabacteroides_distasonis	1.7471153406
VALSYN-PWY: L-valine biosynthesis|g__Bacteroides.s__Bacteroides_xylanisolvens	1.5160100838
VALSYN-PWY: L-valine biosynthesis|g__Coprobacter.s__Coprobacter_fastidiosus	1.3765626244
VALSYN-PWY: L-valine biosynthesis|g__Dorea.s__Dorea_longicatena	0.9010943893
VALSYN-PWY: L-valine biosynthesis|g__Lachnospiraceae_noname.s__Lachnospiraceae_bacterium_3_1_46FAA	0.8885173227
VALSYN-PWY: L-valine biosynthesis|g__Bilophila.s__Bilophila_wadsworthia	0.8662211650
VALSYN-PWY: L-valine biosynthesis|g__Roseburia.s__Roseburia_inulinivorans	0.8507079759
PWY-6163: chorismate biosynthesis from 3-dehydroquinate	118.4368427598
PWY-6163: chorismate biosynthesis from 3-dehydroquinate|g__Eubacterium.s__Eubacterium_siraeum	8.9919048079
PWY-6163: chorismate biosynthesis from 3-dehydroquinate|g__Ruminococcus.s__Ruminococcus_callidus	6.3861012558
PWY-5686: UMP biosynthesis	116.0200350261
PWY-5686: UMP biosynthesis|g__Bacteroides.s__Bacteroides_thetaiotaomicron	6.7668112124
PWY-5686: UMP biosynthesis|g__Alistipes.s__Alistipes_onderdonkii	6.3455994626
PWY-5686: UMP biosynthesis|g__Bacteroides.s__Bacteroides_cellulosilyticus	6.1340333600
PWY-5686: UMP biosynthesis|g__Collinsella.s__Collinsella_aerofaciens	6.0487041625
PWY-5686: UMP biosynthesis|g__Eubacterium.s__Eubacterium_siraeum	5.9202182659
PWY-5686: UMP biosynthesis|g__Parabacteroides.s__Parabacteroides_merdae	4.8150145647
PWY-5686: UMP biosynthesis|g__Parabacteroides.s__Parabacteroides_distasonis	3.1628970127
PWY-5686: UMP biosynthesis|g__Ruminococcus.s__Ruminococcus_bromii	1.9964204643
PWY-2942: L-lysine biosynthesis III	115.5327042731
PWY-2942: L-lysine biosynthesis III|g__Bacteroides.s__Bacteroides_uniformis	22.6837066228
PWY-2942: L-lysine biosynthesis III|g__Bacteroides.s__Bacteroides_vulgatus	9.9474754493
PWY-2942: L-lysine biosynthesis III|g__Eubacterium.s__Eubacterium_siraeum	7.4257073254
PWY-2942: L-lysine biosynthesis III|g__Bacteroides.s__Bacteroides_thetaiotaomicron	7.3854026402
PWY-2942: L-lysine biosynthesis III|g__Bacteroides.s__Bacteroides_ovatus	5.2832862103
PWY-2942: L-lysine biosynthesis III|g__Bacteroides.s__Bacteroides_cellulosilyticus	4.8402546510
PWY-2942: L-lysine biosynthesis III|g__Parabacteroides.s__Parabacteroides_merdae	4.3924150046
PWY-2942: L-lysine biosynthesis III|g__Parabacteroides.s__Parabacteroides_distasonis	4.2975930470
PWY-2942: L-lysine biosynthesis III|g__Bacteroides.s__Bacteroides_dorei	3.7407016807
PWY-2942: L-lysine biosynthesis III|g__Bacteroides.s__Bacteroides_intestinalis	1.7050167979
PWY-2942: L-lysine biosynthesis III|g__Lachnospiraceae_noname.s__Lachnospiraceae_bacterium_7_1_58FAA	1.4058764550
PWY-2942: L-lysine biosynthesis III|g__Coprobacter.s__Coprobacter_fastidiosus	1.1607244136
PWY-7229: superpathway of adenosine nucleotides de novo biosynthesis I	113.1791854450
PWY-7229: superpathway of adenosine nucleotides de novo biosynthesis I|g__Bacteroides.s__Bacteroides_cellulosilyticus	13.0835264503
PWY-7229: superpathway of adenosine nucleotides de novo biosynthesis I|g__Bacteroides.s__Bacteroides_vulgatus	12.3978235069
PWY-7229: superpathway of adenosine nucleotides de novo biosynthesis I|g__Sutterella.s__Sutterella_wadsworthensis	6.8037901053
PWY-7229: superpathway of adenosine nucleotides de novo biosynthesis I|g__Bacteroides.s__Bacteroides_dorei	4.2961661488
PWY-5695: urate biosynthesis/inosine 5'-phosphate degradation	111.0559465668
PWY-5695: urate biosynthesis/inosine 5'-phosphate degradation|g__Bacteroides.s__Bacteroides_vulgatus	11.9602017035
PWY-5695: urate biosynthesis/inosine 5'-phosphate degradation|g__Bacteroides.s__Bacteroides_thetaiotaomicron	8.2624000100
PWY-5695: urate biosynthesis/inosine 5'-phosphate degradation|g__Parabacteroides.s__Parabacteroides_distasonis	5.1477606438
PWY-5695: urate biosynthesis/inosine 5'-phosphate degradation|g__Alistipes.s__Alistipes_shahii	3.3872995503
PWY-5695: urate biosynthesis/inosine 5'-phosphate degradation|g__Faecalibacterium.s__Faecalibacterium_prausnitzii	2.5546377459
PWY-5695: urate biosynthesis/inosine 5'-phosphate degradation|g__Bacteroides.s__Bacteroides_ovatus	2.4440262824
PWY-5695: urate biosynthesis/inosine 5'-phosphate degradation|g__Bacteroides.s__Bacteroides_intestinalis	1.6534971867
PWY-5695: urate biosynthesis/inosine 5'-phosphate degradation|g__Coprobacter.s__Coprobacter_fastidiosus	1.6024343003
PWY-5695: urate biosynthesis/inosine 5'-phosphate degradation|g__Porphyromonas.s__Porphyromonas_asaccharolytica	0.9352349778
ARO-PWY: chorismate biosynthesis I	110.4208350597
ARO-PWY: chorismate biosynthesis I|g__Eubacterium.s__Eubacterium_siraeum	9.8975815792
COMPLETE-ARO-PWY: superpathway of aromatic amino acid biosynthesis	109.7093476359
COMPLETE-ARO-PWY: superpathway of aromatic amino acid biosynthesis|g__Eubacterium.s__Eubacterium_siraeum	10.5308999619
PWY0-1319: CDP-diacylglycerol biosynthesis II	106.6693056459
PWY0-1319: CDP-diacylglycerol biosynthesis II|g__Bacteroides.s__Bacteroides_uniformis	14.6426352529
PWY0-1319: CDP-diacylglycerol biosynthesis II|g__Bacteroides.s__Bacteroides_cellulosilyticus	12.6320055821
PWY0-1319: CDP-diacylglycerol biosynthesis II|g__Eubacterium.s__Eubacterium_siraeum	9.0227308881
PWY0-1319: CDP-diacylglycerol biosynthesis II|g__Bacteroides.s__Bacteroides_ovatus	7.1357345603
PWY0-1319: CDP-diacylglycerol biosynthesis II|g__Bacteroides.s__Bacteroides_thetaiotaomicron	3.5799899724
PWY0-1319: CDP-diacylglycerol biosynthesis II|g__Bacteroides.s__Bacteroides_intestinalis	2.8438385679
PWY0-1319: CDP-diacylglycerol biosynthesis II|g__Parabacteroides.s__Parabacteroides_merdae	2.6747212331
PWY0-1319: CDP-diacylglycerol biosynthesis II|g__Ruminococcus.s__Ruminococcus_bromii	2.3285145556
PWY0-1319: CDP-diacylglycerol biosynthesis II|g__Clostridium.s__Clostridium_clostridioforme	1.6152655176
PWY-5667: CDP-diacylglycerol biosynthesis I	106.6693056459
PWY-5667: CDP-diacylglycerol biosynthesis I|g__Bacteroides.s__Bacteroides_uniformis	14.6426352529
PWY-5667: CDP-diacylglycerol biosynthesis I|g__Bacteroides.s__Bacteroides_cellulosilyticus	12.6320055821
PWY-5667: CDP-diacylglycerol biosynthesis I|g__Eubacterium.s__Eubacterium_siraeum	9.0227308881
PWY-5667: CDP-diacylglycerol biosynthesis I|g__Bacteroides.s__Bacteroides_ovatus	7.1357345603
PWY-5667: CDP-diacylglycerol biosynthesis I|g__Bacteroides.s__Bacteroides_thetaiotaomicron	3.5799899724
PWY-5667: CDP-diacylglycerol biosynthesis I|g__Bacteroides.s__Bacteroides_intestinalis	2.8438385679
PWY-5667: CDP-diacylglycerol biosynthesis I|g__Parabacteroides.s__Parabacteroides_merdae	2.6747212331
PWY-5667: CDP-diacylglycerol biosynthesis I|g__Ruminococcus.s__Ruminococcus_bromii	2.3285145556
PWY-5667: CDP-diacylglycerol biosynthesis I|g__Clostridium.s__Clostridium_clostridioforme	1.6152655176
PWY-3841: folate transformations II	104.7118082581
PWY-3841: folate transformations II|g__Bacteroides.s__Bacteroides_uniformis	15.8629759180
PWY-3841: folate transformations II|g__Bacteroides.s__Bacteroides_cellulosilyticus	10.2488025927
PWY-3841: folate transformations II|g__Bacteroides.s__Bacteroides_ovatus	8.4900398369
PWY-3841: folate transformations II|g__Bacteroides.s__Bacteroides_vulgatus	6.9071627456
PWY-3841: folate transformations II|g__Parabacteroides.s__Parabacteroides_distasonis	6.7980517926
PWY-3841: folate transformations II|g__Bacteroides.s__Bacteroides_thetaiotaomicron	6.0946208695
PWY-3841: folate transformations II|g__Bacteroides.s__Bacteroides_dorei	3.1206496733
PWY-3841: folate transformations II|g__Parabacteroides.s__Parabacteroides_merdae	2.5175202142
PWY-3841: folate transformations II|g__Bacteroides.s__Bacteroides_intestinalis	2.2537200750
PWY-6703: preQ0 biosynthesis	102.9042671626
PWY-6703: preQ0 biosynthesis|g__Bacteroides.s__Bacteroides_uniformis	24.2694222502
PWY-6703: preQ0 biosynthesis|g__Bacteroides.s__Bacteroides_vulgatus	9.2932588961
PWY-6703: preQ0 biosynthesis|g__Parabacteroides.s__Parabacteroides_distasonis	7.2978874540
PWY-6703: preQ0 biosynthesis|g__Bacteroides.s__Bacteroides_thetaiotaomicron	6.7786685409
PWY-6703: preQ0 biosynthesis|g__Bacteroides.s__Bacteroides_ovatus	5.5914669926
PWY-6703: preQ0 biosynthesis|g__Bacteroides.s__Bacteroides_dorei	4.4424185854
PWY-6703: preQ0 biosynthesis|g__Bacteroides.s__Bacteroides_cellulosilyticus	3.3941799056
PWY-6703: preQ0 biosynthesis|g__Ruminococcus.s__Ruminococcus_callidus	1.9366714869
ANAGLYCOLYSIS-PWY: glycolysis III (from glucose)	101.9208196109
ANAGLYCOLYSIS-PWY: glycolysis III (from glucose)|g__Bacteroides.s__Bacteroides_ovatus	4.9195015134
ANAGLYCOLYSIS-PWY: glycolysis III (from glucose)|g__Alistipes.s__Alistipes_shahii	4.7776164272
PWY-6126: superpathway of adenosine nucleotides de novo biosynthesis II	100.6500112003
PWY-6126: superpathway of adenosine nucleotides de novo biosynthesis II|g__Bacteroides.s__Bacteroides_cellulosilyticus	12.3315151470
PWY-6126: superpathway of adenosine nucleotides de novo biosynthesis II|g__Bacteroides.s__Bacteroides_vulgatus	10.2933797709
PWY-6126: superpathway of adenosine nucleotides de novo biosynthesis II|g__Sutterella.s__Sutterella_wadsworthensis	6.7855450058
PWY-6126: superpathway of adenosine nucleotides de novo biosynthesis II|g__Bacteroides.s__Bacteroides_dorei	4.2608125055
1CMET2-PWY: N10-formyl-tetrahydrofolate biosynthesis	98.0193874171
1CMET2-PWY: N10-formyl-tetrahydrofolate biosynthesis|g__Bacteroides.s__Bacteroides_uniformis	11.4676227890
1CMET2-PWY: N10-formyl-tetrahydrofolate biosynthesis|g__Parabacteroides.s__Parabacteroides_distasonis	5.8562651904
1CMET2-PWY: N10-formyl-tetrahydrofolate biosynthesis|g__Bacteroides.s__Bacteroides_thetaiotaomicron	4.9771156199
1CMET2-PWY: N10-formyl-tetrahydrofolate biosynthesis|g__Parabacteroides.s__Parabacteroides_merdae	2.3584474442
PANTO-PWY: phosphopantothenate biosynthesis I	97.8508517565
PANTO-PWY: phosphopantothenate biosynthesis I|g__Bacteroides.s__Bacteroides_uniformis	16.9543641359
PANTO-PWY: phosphopantothenate biosynthesis I|g__Bacteroides.s__Bacteroides_vulgatus	8.5177422204
PANTO-PWY: phosphopantothenate biosynthesis I|g__Bacteroides.s__Bacteroides_cellulosilyticus	8.4782802753
PANTO-PWY: phosphopantothenate biosynthesis I|g__Bacteroides.s__Bacteroides_thetaiotaomicron	8.3066201401
PANTO-PWY: phosphopantothenate biosynthesis I|g__Bacteroides.s__Bacteroides_ovatus	6.6662956736
PANTO-PWY: phosphopantothenate biosynthesis I|g__Parabacteroides.s__Parabacteroides_merdae	6.0513299226
PANTO-PWY: phosphopantothenate biosynthesis I|g__Parabacteroides.s__Parabacteroides_distasonis	4.1861902664
PANTO-PWY: phosphopantothenate biosynthesis I|g__Bacteroides.s__Bacteroides_dorei	3.1092822880
PANTO-PWY: phosphopantothenate biosynthesis I|g__Lachnospiraceae_noname.s__Lachnospiraceae_bacterium_2_1_58FAA	3.0688571461
PANTO-PWY: phosphopantothenate biosynthesis I|g__Bacteroides.s__Bacteroides_xylanisolvens	1.9971511770
PANTO-PWY: phosphopantothenate biosynthesis I|g__Ruminococcus.s__Ruminococcus_callidus	1.9272116077
PANTO-PWY: phosphopantothenate biosynthesis I|g__Bilophila.s__Bilophila_wadsworthia	1.8547460485
PANTO-PWY: phosphopantothenate biosynthesis I|g__Eubacterium.s__Eubacterium_hallii	1.8117403953
PANTO-PWY: phosphopantothenate biosynthesis I|g__Blautia.s__Ruminococcus_torques	1.4122507644
PWY-6121: 5-aminoimidazole ribonucleotide biosynthesis I	95.9221542335
PWY-6121: 5-aminoimidazole ribonucleotide biosynthesis I|g__Eubacterium.s__Eubacterium_siraeum	10.5014785524
PWY-6121: 5-aminoimidazole ribonucleotide biosynthesis I|g__Alistipes.s__Alistipes_onderdonkii	7.9097198833
PWY-6121: 5-aminoimidazole ribonucleotide biosynthesis I|g__Ruminococcus.s__Ruminococcus_callidus	6.1611825842
PWY-6121: 5-aminoimidazole ribonucleotide biosynthesis I|g__Collinsella.s__Collinsella_aerofaciens	4.9614340393
PWY-6121: 5-aminoimidazole ribonucleotide biosynthesis I|g__Sutterella.s__Sutterella_wadsworthensis	4.1129265394
PWY-6121: 5-aminoimidazole ribonucleotide biosynthesis I|g__Clostridium.s__Clostridium_clostridioforme	2.7722675888
PWY-6121: 5-aminoimidazole ribonucleotide biosynthesis I|g__Ruminococcus.s__Ruminococcus_bromii	2.2291148446
PWY-6121: 5-aminoimidazole ribonucleotide biosynthesis I|g__Flavonifractor.s__Flavonifractor_plautii	2.0093350472
PWY-6121: 5-aminoimidazole ribonucleotide biosynthesis I|g__Blautia.s__Ruminococcus_torques	1.8397783905
PWY-6121: 5-aminoimidazole ribonucleotide biosynthesis I|g__Bilophila.s__Bilophila_wadsworthia	0.9330098899
PWY-1042: glycolysis IV (plant cytosol)	94.8919449476
PWY-1042: glycolysis IV (plant cytosol)|g__Bacteroides.s__Bacteroides_thetaiotaomicron	8.3275058605
PWY-1042: glycolysis IV (plant cytosol)|g__Bacteroides.s__Bacteroides_ovatus	6.3634784827
PWY-1042: glycolysis IV (plant cytosol)|g__Alistipes.s__Alistipes_shahii	6.1386613919
PWY-1042: glycolysis IV (plant cytosol)|g__Ruminococcus.s__Ruminococcus_bromii	3.8717085290
NONOXIPENT-PWY: pentose phosphate pathway (non-oxidative branch)	89.8648028105
NONOXIPENT-PWY: pentose phosphate pathway (non-oxidative branch)|g__Eubacterium.s__Eubacterium_siraeum	27.8808843735
NONOXIPENT-PWY: pentose phosphate pathway (non-oxidative branch)|g__Bacteroides.s__Bacteroides_thetaiotaomicron	7.2920995697
NONOXIPENT-PWY: pentose phosphate pathway (non-oxidative branch)|g__Ruminococcus.s__Ruminococcus_bromii	6.0239024833
NONOXIPENT-PWY: pentose phosphate pathway (non-oxidative branch)|g__Alistipes.s__Alistipes_shahii	3.1851189609
NONOXIPENT-PWY: pentose phosphate pathway (non-oxidative branch)|g__Erysipelotrichaceae_noname.s__Eubacterium_cylindroides	2.4519820188
NONOXIPENT-PWY: pentose phosphate pathway (non-oxidative branch)|g__Clostridium.s__Clostridium_bolteae	1.3433331032
PWY-5973: cis-vaccenate biosynthesis	89.4877879689
PWY-6122: 5-aminoimidazole ribonucleotide biosynthesis II	87.6362744732
PWY-6122: 5-aminoimidazole ribonucleotide biosynthesis II|g__Eubacterium.s__Eubacterium_siraeum	11.4361717373
PWY-6122: 5-aminoimidazole ribonucleotide biosynthesis II|g__Alistipes.s__Alistipes_onderdonkii	7.8587441533
PWY-6122: 5-aminoimidazole ribonucleotide biosynthesis II|g__Collinsella.s__Collinsella_aerofaciens	7.4208179712
PWY-6122: 5-aminoimidazole ribonucleotide biosynthesis II|g__Ruminococcus.s__Ruminococcus_callidus	5.7100339864
PWY-6122: 5-aminoimidazole ribonucleotide biosynthesis II|g__Sutterella.s__Sutterella_wadsworthensis	4.4862872600
PWY-6122: 5-aminoimidazole ribonucleotide biosynthesis II|g__Clostridium.s__Clostridium_clostridioforme	3.6340921353
PWY-6122: 5-aminoimidazole ribonucleotide biosynthesis II|g__Ruminococcus.s__Ruminococcus_bromii	2.0416336737
PWY-6122: 5-aminoimidazole ribonucleotide biosynthesis II|g__Blautia.s__Ruminococcus_torques	1.8572528237
PWY-6122: 5-aminoimidazole ribonucleotide biosynthesis II|g__Flavonifractor.s__Flavonifractor_plautii	1.8075721468
PWY-6122: 5-aminoimidazole ribonucleotide biosynthesis II|g__Faecalibacterium.s__Faecalibacterium_prausnitzii	1.6058475735
PWY-6122: 5-aminoimidazole ribonucleotide biosynthesis II|g__Bilophila.s__Bilophila_wadsworthia	0.8392782207
PWY-6122: 5-aminoimidazole ribonucleotide biosynthesis II|g__Lachnospiraceae_noname.s__Lachnospiraceae_bacterium_2_1_58FAA	0.8269588588
PWY-6277: superpathway of 5-aminoimidazole ribonucleotide biosynthesis	87.6362744732
PWY-6277: superpathway of 5-aminoimidazole ribonucleotide biosynthesis|g__Eubacterium.s__Eubacterium_siraeum	11.4361717373
PWY-6277: superpathway of 5-aminoimidazole ribonucleotide biosynthesis|g__Alistipes.s__Alistipes_onderdonkii	7.8587441533
PWY-6277: superpathway of 5-aminoimidazole ribonucleotide biosynthesis|g__Collinsella.s__Collinsella_aerofaciens	7.4208179712
PWY-6277: superpathway of 5-aminoimidazole ribonucleotide biosynthesis|g__Ruminococcus.s__Ruminococcus_callidus	5.7100339864
PWY-6277: superpathway of 5-aminoimidazole ribonucleotide biosynthesis|g__Sutterella.s__Sutterella_wadsworthensis	4.4862872600
PWY-6277: superpathway of 5-aminoimidazole ribonucleotide biosynthesis|g__Clostridium.s__Clostridium_clostridioforme	3.6340921353
PWY-6277: superpathway of 5-aminoimidazole ribonucleotide biosynthesis|g__Ruminococcus.s__Ruminococcus_bromii	2.0416336737
PWY-6277: superpathway of 5-aminoimidazole ribonucleotide biosynthesis|g__Blautia.s__Ruminococcus_torques	1.8572528237
PWY-6277: superpathway of 5-aminoimidazole ribonucleotide biosynthesis|g__Flavonifractor.s__Flavonifractor_plautii	1.8075721468
PWY-6277: superpathway of 5-aminoimidazole ribonucleotide biosynthesis|g__Faecalibacterium.s__Faecalibacterium_prausnitzii	1.6058475735
PWY-6277: superpathway of 5-aminoimidazole ribonucleotide biosynthesis|g__Bilophila.s__Bilophila_wadsworthia	0.8392782207
PWY-6277: superpathway of 5-aminoimidazole ribonucleotide biosynthesis|g__Lachnospiraceae_noname.s__Lachnospiraceae_bacterium_2_1_58FAA	0.8269588588
PWY-7228: superpathway of guanosine nucleotides de novo biosynthesis I	87.4067995358
PWY-7228: superpathway of guanosine nucleotides de novo biosynthesis I|g__Bacteroides.s__Bacteroides_vulgatus	13.5280819352
PWY-7228: superpathway of guanosine nucleotides de novo biosynthesis I|g__Bacteroides.s__Bacteroides_cellulosilyticus	13.0581432879
PWY-7228: superpathway of guanosine nucleotides de novo biosynthesis I|g__Sutterella.s__Sutterella_wadsworthensis	8.3389245345
PWY-7228: superpathway of guanosine nucleotides de novo biosynthesis I|g__Parabacteroides.s__Parabacteroides_distasonis	5.5629934871
PWY-7228: superpathway of guanosine nucleotides de novo biosynthesis I|g__Bacteroides.s__Bacteroides_dorei	4.8325787027
PWY-7663: gondoate biosynthesis (anaerobic)	86.3684049807
PWY-7663: gondoate biosynthesis (anaerobic)|g__Bacteroides.s__Bacteroides_thetaiotaomicron	6.8401655053
PWY-7663: gondoate biosynthesis (anaerobic)|g__Bacteroides.s__Bacteroides_ovatus	2.5151761988
PWY-724: superpathway of L-lysine, L-threonine and L-methionine biosynthesis II	83.7063087133
PWY-6125: superpathway of guanosine nucleotides de novo biosynthesis II	82.1796923640
PWY-6125: superpathway of guanosine nucleotides de novo biosynthesis II|g__Bacteroides.s__Bacteroides_vulgatus	9.3604931609
PWY-6125: superpathway of guanosine nucleotides de novo biosynthesis II|g__Sutterella.s__Sutterella_wadsworthensis	7.0113887835
PWY-6125: superpathway of guanosine nucleotides de novo biosynthesis II|g__Bacteroides.s__Bacteroides_dorei	4.4334852756
PWY-6385: peptidoglycan biosynthesis III (mycobacteria)	75.8005042310
PWY-6385: peptidoglycan biosynthesis III (mycobacteria)|g__Bacteroides.s__Bacteroides_ovatus	7.1963892174
PWY-6385: peptidoglycan biosynthesis III (mycobacteria)|g__Parabacteroides.s__Parabacteroides_distasonis	2.5614741394
PWY-6385: peptidoglycan biosynthesis III (mycobacteria)|g__Faecalibacterium.s__Faecalibacterium_prausnitzii	2.1674480264
PWY-6385: peptidoglycan biosynthesis III (mycobacteria)|g__Blautia.s__Ruminococcus_torques	1.5572065796
CALVIN-PWY: Calvin-Benson-Bassham cycle	75.3362731979
CALVIN-PWY: Calvin-Benson-Bassham cycle|g__Ruminococcus.s__Ruminococcus_bromii	4.9288406937
PWY-6151: S-adenosyl-L-methionine cycle I	68.4252518861
PWY-6151: S-adenosyl-L-methionine cycle I|g__Bacteroides.s__Bacteroides_uniformis	19.0600244592
PWY-6151: S-adenosyl-L-methionine cycle I|g__Bacteroides.s__Bacteroides_vulgatus	4.2121109342
PWY-6151: S-adenosyl-L-methionine cycle I|g__Ruminococcus.s__Ruminococcus_callidus	4.1975340711
PWY-6151: S-adenosyl-L-methionine cycle I|g__Dorea.s__Dorea_longicatena	3.1366130562
PWY-6151: S-adenosyl-L-methionine cycle I|g__Ruminococcus.s__Ruminococcus_bromii	3.0034776552
PWY-6151: S-adenosyl-L-methionine cycle I|g__Bacteroides.s__Bacteroides_dorei	2.5624175912
PWY-6151: S-adenosyl-L-methionine cycle I|g__Collinsella.s__Collinsella_aerofaciens	2.3867070184
PWY-6151: S-adenosyl-L-methionine cycle I|g__Eubacterium.s__Eubacterium_hallii	1.4175903088
PWY0-845: superpathway of pyridoxal 5'-phosphate biosynthesis and salvage	67.7382935136
PWY0-845: superpathway of pyridoxal 5'-phosphate biosynthesis and salvage|g__Bacteroides.s__Bacteroides_uniformis	17.8294101416
PWY0-845: superpathway of pyridoxal 5'-phosphate biosynthesis and salvage|g__Bacteroides.s__Bacteroides_thetaiotaomicron	6.6400482012
PWY-6897: thiamin salvage II	67.7082039083
ARGININE-SYN4-PWY: L-ornithine de novo  biosynthesis	66.0878996422
ARGININE-SYN4-PWY: L-ornithine de novo  biosynthesis|g__Bacteroides.s__Bacteroides_uniformis	12.5917422319
ARGININE-SYN4-PWY: L-ornithine de novo  biosynthesis|g__Bacteroides.s__Bacteroides_cellulosilyticus	8.7163345186
ARGININE-SYN4-PWY: L-ornithine de novo  biosynthesis|g__Bacteroides.s__Bacteroides_ovatus	8.2116704730
ARGININE-SYN4-PWY: L-ornithine de novo  biosynthesis|g__Bacteroides.s__Bacteroides_thetaiotaomicron	8.0014415587
ARGININE-SYN4-PWY: L-ornithine de novo  biosynthesis|g__Bacteroides.s__Bacteroides_intestinalis	1.3837737833
ARGININE-SYN4-PWY: L-ornithine de novo  biosynthesis|g__Bacteroides.s__Bacteroides_fragilis	1.0906933979
PWY-7208: superpathway of pyrimidine nucleobases salvage	64.4767871883
PWY-7208: superpathway of pyrimidine nucleobases salvage|g__Eubacterium.s__Eubacterium_siraeum	8.6910937312
PWY-7208: superpathway of pyrimidine nucleobases salvage|g__Sutterella.s__Sutterella_wadsworthensis	6.0680753371
PWY-841: superpathway of purine nucleotides de novo biosynthesis I	63.2179535898
PYRIDOXSYN-PWY: pyridoxal 5'-phosphate biosynthesis I	62.7644424049
PYRIDOXSYN-PWY: pyridoxal 5'-phosphate biosynthesis I|g__Bacteroides.s__Bacteroides_uniformis	14.5871239488
PYRIDOXSYN-PWY: pyridoxal 5'-phosphate biosynthesis I|g__Bacteroides.s__Bacteroides_thetaiotaomicron	5.3003010217
PWY-7220: adenosine deoxyribonucleotides de novo biosynthesis II	62.5492758811
PWY-7220: adenosine deoxyribonucleotides de novo biosynthesis II|g__Bacteroides.s__Bacteroides_cellulosilyticus	10.9946995167
PWY-7220: adenosine deoxyribonucleotides de novo biosynthesis II|g__Sutterella.s__Sutterella_wadsworthensis	7.7762188675
PWY-7220: adenosine deoxyribonucleotides de novo biosynthesis II|g__Bacteroides.s__Bacteroides_vulgatus	6.6956166255
PWY-7220: adenosine deoxyribonucleotides de novo biosynthesis II|g__Bacteroides.s__Bacteroides_dorei	4.8149989995
PWY-7222: guanosine deoxyribonucleotides de novo biosynthesis II	62.5492758811
PWY-7222: guanosine deoxyribonucleotides de novo biosynthesis II|g__Bacteroides.s__Bacteroides_cellulosilyticus	10.9946995167
PWY-7222: guanosine deoxyribonucleotides de novo biosynthesis II|g__Sutterella.s__Sutterella_wadsworthensis	7.7762188675
PWY-7222: guanosine deoxyribonucleotides de novo biosynthesis II|g__Bacteroides.s__Bacteroides_vulgatus	6.6956166255
PWY-7222: guanosine deoxyribonucleotides de novo biosynthesis II|g__Bacteroides.s__Bacteroides_dorei	4.8149989995
PWY-7357: thiamin formation from pyrithiamine and oxythiamine (yeast)	62.3351619063
PWY-7357: thiamin formation from pyrithiamine and oxythiamine (yeast)|g__Faecalibacterium.s__Faecalibacterium_prausnitzii	3.0138642455
PWY-7357: thiamin formation from pyrithiamine and oxythiamine (yeast)|g__Ruminococcus.s__Ruminococcus_bromii	2.7051399194
PWY-7357: thiamin formation from pyrithiamine and oxythiamine (yeast)|g__Eubacterium.s__Eubacterium_siraeum	2.6672308805
PWY-7282: 4-amino-2-methyl-5-phosphomethylpyrimidine biosynthesis (yeast)	61.0013861322
PWY-7282: 4-amino-2-methyl-5-phosphomethylpyrimidine biosynthesis (yeast)|g__Bacteroides.s__Bacteroides_ovatus	4.9052080948
PWY-6168: flavin biosynthesis III (fungi)	60.1354461395
PWY-6168: flavin biosynthesis III (fungi)|g__Bacteroides.s__Bacteroides_thetaiotaomicron	5.8082562576
PWY0-166: superpathway of pyrimidine deoxyribonucleotides de novo biosynthesis (E. coli)	60.1281609834
PWY-7184: pyrimidine deoxyribonucleotides de novo biosynthesis I	57.3857983640
PHOSLIPSYN-PWY: superpathway of phospholipid biosynthesis I (bacteria)	55.1346537349
PWY-6609: adenine and adenosine salvage III	53.8290614812
PWY-6609: adenine and adenosine salvage III|g__Bacteroides.s__Bacteroides_ovatus	8.9362347096
PWY-6609: adenine and adenosine salvage III|g__Bacteroides.s__Bacteroides_thetaiotaomicron	6.6881341042
PWY-6609: adenine and adenosine salvage III|g__Alistipes.s__Alistipes_shahii	3.2233366142
PWY-6609: adenine and adenosine salvage III|g__Porphyromonas.s__Porphyromonas_asaccharolytica	1.6517895433
PWY-6609: adenine and adenosine salvage III|g__Blautia.s__Ruminococcus_torques	1.1976047904
PWY-1269: CMP-3-deoxy-D-manno-octulosonate biosynthesis I	53.2644665527
PWY-1269: CMP-3-deoxy-D-manno-octulosonate biosynthesis I|g__Bacteroides.s__Bacteroides_thetaiotaomicron	7.8633175489
PWY-1269: CMP-3-deoxy-D-manno-octulosonate biosynthesis I|g__Bacteroides.s__Bacteroides_ovatus	6.1313700141
PWY-1269: CMP-3-deoxy-D-manno-octulosonate biosynthesis I|g__Alistipes.s__Alistipes_shahii	4.8763836799
PWY-6123: inosine-5'-phosphate biosynthesis I	52.5636176492
PWY-6123: inosine-5'-phosphate biosynthesis I|g__Eubacterium.s__Eubacterium_siraeum	7.9835997033
PWY-6123: inosine-5'-phosphate biosynthesis I|g__Bacteroides.s__Bacteroides_thetaiotaomicron	5.2398842336
PWY-6123: inosine-5'-phosphate biosynthesis I|g__Bacteroides.s__Bacteroides_ovatus	4.0213418274
PWY-6123: inosine-5'-phosphate biosynthesis I|g__Faecalibacterium.s__Faecalibacterium_prausnitzii	2.8017068913
PWY-6123: inosine-5'-phosphate biosynthesis I|g__Bacteroides.s__Bacteroides_fragilis	1.0311796763
BRANCHED-CHAIN-AA-SYN-PWY: superpathway of branched amino acid biosynthesis	51.5771649387
BRANCHED-CHAIN-AA-SYN-PWY: superpathway of branched amino acid biosynthesis|g__Eubacterium.s__Eubacterium_siraeum	8.8560496711
BRANCHED-CHAIN-AA-SYN-PWY: superpathway of branched amino acid biosynthesis|g__Faecalibacterium.s__Faecalibacterium_prausnitzii	5.7794790198
TRNA-CHARGING-PWY: tRNA charging	50.9079559946
PWY0-162: superpathway of pyrimidine ribonucleotides de novo biosynthesis	50.8077110222
PYRIDNUCSYN-PWY: NAD biosynthesis I (from aspartate)	48.7838511295
PYRIDNUCSYN-PWY: NAD biosynthesis I (from aspartate)|g__Eubacterium.s__Eubacterium_siraeum	8.7381198564
PYRIDNUCSYN-PWY: NAD biosynthesis I (from aspartate)|g__Alistipes.s__Alistipes_shahii	5.0944906230
PYRIDNUCSYN-PWY: NAD biosynthesis I (from aspartate)|g__Ruminococcus.s__Ruminococcus_bromii	2.8318210478
THRESYN-PWY: superpathway of L-threonine biosynthesis	48.7280704259
PWY-3001: superpathway of L-isoleucine biosynthesis I	48.3843615652
ANAEROFRUCAT-PWY: homolactic fermentation	48.2896515673
PWY-5659: GDP-mannose biosynthesis	47.6844473270
PWY-5659: GDP-mannose biosynthesis|g__Eubacterium.s__Eubacterium_siraeum	7.1175331129
PWY-5659: GDP-mannose biosynthesis|g__Bacteroides.s__Bacteroides_ovatus	6.9959873790
PWY-5659: GDP-mannose biosynthesis|g__Alistipes.s__Alistipes_shahii	4.8368387279
PWY-5659: GDP-mannose biosynthesis|g__Bacteroides.s__Bacteroides_xylanisolvens	4.2968093506
PWY-5659: GDP-mannose biosynthesis|g__Alistipes.s__Alistipes_onderdonkii	3.2923852481
PWY-5659: GDP-mannose biosynthesis|g__Faecalibacterium.s__Faecalibacterium_prausnitzii	1.7700164423
PWY-7197: pyrimidine deoxyribonucleotide phosphorylation	46.4351060436
PWY-7197: pyrimidine deoxyribonucleotide phosphorylation|g__Sutterella.s__Sutterella_wadsworthensis	11.3547852149
PWY-6124: inosine-5'-phosphate biosynthesis II	46.2380100545
PWY-6124: inosine-5'-phosphate biosynthesis II|g__Eubacterium.s__Eubacterium_siraeum	7.7302088505
PWY-6124: inosine-5'-phosphate biosynthesis II|g__Bacteroides.s__Bacteroides_xylanisolvens	5.0908283447
PWY-6124: inosine-5'-phosphate biosynthesis II|g__Bacteroides.s__Bacteroides_thetaiotaomicron	4.5597008412
PWY-6124: inosine-5'-phosphate biosynthesis II|g__Bacteroides.s__Bacteroides_ovatus	3.6984136343
PWY-6124: inosine-5'-phosphate biosynthesis II|g__Faecalibacterium.s__Faecalibacterium_prausnitzii	3.1177938609
PWY-6124: inosine-5'-phosphate biosynthesis II|g__Bacteroides.s__Bacteroides_fragilis	0.8915662355
THISYNARA-PWY: superpathway of thiamin diphosphate biosynthesis III (eukaryotes)	45.0205982236
THISYNARA-PWY: superpathway of thiamin diphosphate biosynthesis III (eukaryotes)|g__Bacteroides.s__Bacteroides_ovatus	6.6721940121
THISYNARA-PWY: superpathway of thiamin diphosphate biosynthesis III (eukaryotes)|g__Faecalibacterium.s__Faecalibacterium_prausnitzii	2.5203227551
PWY-7456: mannan degradation	44.7400847222
PWY-7456: mannan degradation|g__Eubacterium.s__Eubacterium_siraeum	8.3875341098
PWY-7456: mannan degradation|g__Bacteroides.s__Bacteroides_ovatus	5.0324928252
DTDPRHAMSYN-PWY: dTDP-L-rhamnose biosynthesis I	44.7206518795
DTDPRHAMSYN-PWY: dTDP-L-rhamnose biosynthesis I|g__Bacteroides.s__Bacteroides_ovatus	9.3506804173
DTDPRHAMSYN-PWY: dTDP-L-rhamnose biosynthesis I|g__Alistipes.s__Alistipes_shahii	8.8679915640
DTDPRHAMSYN-PWY: dTDP-L-rhamnose biosynthesis I|g__Clostridium.s__Clostridium_clostridioforme	3.0213810800
DTDPRHAMSYN-PWY: dTDP-L-rhamnose biosynthesis I|g__Faecalibacterium.s__Faecalibacterium_prausnitzii	2.7499058149
DTDPRHAMSYN-PWY: dTDP-L-rhamnose biosynthesis I|g__Porphyromonas.s__Porphyromonas_asaccharolytica	1.7023761027
HISTSYN-PWY: L-histidine biosynthesis	44.2641926674
HISTSYN-PWY: L-histidine biosynthesis|g__Eubacterium.s__Eubacterium_siraeum	8.8206069109
HISTSYN-PWY: L-histidine biosynthesis|g__Bacteroides.s__Bacteroides_thetaiotaomicron	4.6960605030
HISTSYN-PWY: L-histidine biosynthesis|g__Ruminococcus.s__Ruminococcus_bromii	3.6877495079
SER-GLYSYN-PWY: superpathway of L-serine and glycine biosynthesis I	43.6217465632
SER-GLYSYN-PWY: superpathway of L-serine and glycine biosynthesis I|g__Eubacterium.s__Eubacterium_siraeum	11.4470876366
SER-GLYSYN-PWY: superpathway of L-serine and glycine biosynthesis I|g__Ruminococcus.s__Ruminococcus_bromii	4.0743048648
SER-GLYSYN-PWY: superpathway of L-serine and glycine biosynthesis I|g__Faecalibacterium.s__Faecalibacterium_prausnitzii	3.4630345379
SER-GLYSYN-PWY: superpathway of L-serine and glycine biosynthesis I|g__Blautia.s__Ruminococcus_torques	1.1612514700
PWY-5103: L-isoleucine biosynthesis III	42.8105562150
PWY-5103: L-isoleucine biosynthesis III|g__Eubacterium.s__Eubacterium_siraeum	8.3820488922
PWY-5103: L-isoleucine biosynthesis III|g__Faecalibacterium.s__Faecalibacterium_prausnitzii	5.1861615976
PWY-7211: superpathway of pyrimidine deoxyribonucleotides de novo biosynthesis	42.4576213543
PWY4FS-7: phosphatidylglycerol biosynthesis I (plastidic)	41.2847826101
PWY4FS-8: phosphatidylglycerol biosynthesis II (non-plastidic)	41.2847826101
ASPASN-PWY: superpathway of L-aspartate and L-asparagine biosynthesis	40.4232918748
ASPASN-PWY: superpathway of L-aspartate and L-asparagine biosynthesis|g__Bacteroides.s__Bacteroides_ovatus	7.1025535324
ASPASN-PWY: superpathway of L-aspartate and L-asparagine biosynthesis|g__Bacteroides.s__Bacteroides_thetaiotaomicron	4.5317622264
DAPLYSINESYN-PWY: L-lysine biosynthesis I	39.1311290612
DENOVOPURINE2-PWY: superpathway of purine nucleotides de novo biosynthesis II	39.0128705771
PWY-6317: galactose degradation I (Leloir pathway)	38.2517326656
PWY-6317: galactose degradation I (Leloir pathway)|g__Eubacterium.s__Eubacterium_siraeum	9.4286796931
PWY-6317: galactose degradation I (Leloir pathway)|g__Ruminococcus.s__Ruminococcus_bromii	4.5066984316
PWY-6317: galactose degradation I (Leloir pathway)|g__Faecalibacterium.s__Faecalibacterium_prausnitzii	3.5115305856
PWY66-422: D-galactose degradation V (Leloir pathway)	38.2517326656
PWY66-422: D-galactose degradation V (Leloir pathway)|g__Eubacterium.s__Eubacterium_siraeum	10.2928753960
PWY66-422: D-galactose degradation V (Leloir pathway)|g__Ruminococcus.s__Ruminococcus_bromii	4.5066984316
PWY66-422: D-galactose degradation V (Leloir pathway)|g__Faecalibacterium.s__Faecalibacterium_prausnitzii	3.5115305856
PWY-2941: L-lysine biosynthesis II	37.7654139191
RHAMCAT-PWY: L-rhamnose degradation I	37.7345132678
RHAMCAT-PWY: L-rhamnose degradation I|g__Bacteroides.s__Bacteroides_thetaiotaomicron	9.1520185027
RHAMCAT-PWY: L-rhamnose degradation I|g__Bacteroides.s__Bacteroides_ovatus	4.1612797402
PWY-4981: L-proline biosynthesis II (from arginine)	36.2237876549
PWY-4981: L-proline biosynthesis II (from arginine)|g__Collinsella.s__Collinsella_aerofaciens	2.5620094184
PWY-7234: inosine-5'-phosphate biosynthesis III	36.1003269658
PWY-6527: stachyose degradation	34.4500928322
PWY-6527: stachyose degradation|g__Eubacterium.s__Eubacterium_siraeum	10.6729240023
PWY-6527: stachyose degradation|g__Faecalibacterium.s__Faecalibacterium_prausnitzii	2.5233246287
PRPP-PWY: superpathway of histidine, purine, and pyrimidine biosynthesis	34.2166498407
PWY-7196: superpathway of pyrimidine ribonucleosides salvage	33.7356033781
PWY0-1296: purine ribonucleosides degradation	33.1045049526
PWY0-1296: purine ribonucleosides degradation|g__Clostridium.s__Clostridium_clostridioforme	3.0503243255
PWY0-1296: purine ribonucleosides degradation|g__Faecalibacterium.s__Faecalibacterium_prausnitzii	1.6156020386
PWY0-1296: purine ribonucleosides degradation|g__Blautia.s__Ruminococcus_torques	1.6104064586
PWY0-1296: purine ribonucleosides degradation|g__Lachnospiraceae_noname.s__Lachnospiraceae_bacterium_8_1_57FAA	1.5553514906
PWY0-1296: purine ribonucleosides degradation|g__Morganella.s__Morganella_morganii	1.1343380327
CITRULBIO-PWY: L-citrulline biosynthesis	31.9305025448
PWY0-1586: peptidoglycan maturation (meso-diaminopimelate containing)	31.8504642360
PWY0-1586: peptidoglycan maturation (meso-diaminopimelate containing)|g__Faecalibacterium.s__Faecalibacterium_prausnitzii	6.7926761713
PANTOSYN-PWY: pantothenate and coenzyme A biosynthesis I	31.8019919061
PANTOSYN-PWY: pantothenate and coenzyme A biosynthesis I|g__Bacteroides.s__Bacteroides_ovatus	4.1284703078
RIBOSYN2-PWY: flavin biosynthesis I (bacteria and plants)	31.5466235788
TRPSYN-PWY: L-tryptophan biosynthesis	31.1165064584
TRPSYN-PWY: L-tryptophan biosynthesis|g__Blautia.s__Ruminococcus_torques	1.0491812445
PWY-5484: glycolysis II (from fructose 6-phosphate)	30.7369207913
GLYCOLYSIS: glycolysis I (from glucose 6-phosphate)	30.7190095052
PWY-7117: C4 photosynthetic carbon assimilation cycle, PEPCK type	30.1698469308
PWY-7383: anaerobic energy metabolism (invertebrates, cytosol)	29.6746391039
PWY66-400: glycolysis VI (metazoan)	28.9548353992
PWY66-399: gluconeogenesis III	28.9539038227
GLCMANNANAUT-PWY: superpathway of N-acetylglucosamine, N-acetylmannosamine and N-acetylneuraminate degradation	28.8854353794
GLCMANNANAUT-PWY: superpathway of N-acetylglucosamine, N-acetylmannosamine and N-acetylneuraminate degradation|g__Faecalibacterium.s__Faecalibacterium_prausnitzii	2.0203296970
PWY-6147: 6-hydroxymethyl-dihydropterin diphosphate biosynthesis I	28.2151120869
PWY-6147: 6-hydroxymethyl-dihydropterin diphosphate biosynthesis I|g__Bacteroides.s__Bacteroides_xylanisolvens	3.6024021585
PWY-6147: 6-hydroxymethyl-dihydropterin diphosphate biosynthesis I|g__Collinsella.s__Collinsella_aerofaciens	3.4766008347
PWY-6545: pyrimidine deoxyribonucleotides de novo biosynthesis III	28.2108951632
PWY-4984: urea cycle	27.8802833580
PWY-7323: superpathway of GDP-mannose-derived O-antigen building blocks biosynthesis	26.4814240335
PWY-7323: superpathway of GDP-mannose-derived O-antigen building blocks biosynthesis|g__Bacteroides.s__Bacteroides_ovatus	4.1165172784
COLANSYN-PWY: colanic acid building blocks biosynthesis	25.7643643115
PWY-7539: 6-hydroxymethyl-dihydropterin diphosphate biosynthesis III (Chlamydia)	25.7065722814
PWY-7187: pyrimidine deoxyribonucleotides de novo biosynthesis II	25.4418464403
PWY-5022: 4-aminobutanoate degradation V	25.2756412829
GLUDEG-I-PWY: GABA shunt	23.8203452457
PWY66-409: superpathway of purine nucleotide salvage	22.7363461454
PWY-5347: superpathway of L-methionine biosynthesis (transsulfuration)	22.6329130303
PWY-5913: TCA cycle VI (obligate autotrophs)	22.4095695215
METSYN-PWY: L-homoserine and L-methionine biosynthesis	21.7362553272
GALACT-GLUCUROCAT-PWY: superpathway of hexuronide and hexuronate degradation	21.6904618927
GALACT-GLUCUROCAT-PWY: superpathway of hexuronide and hexuronate degradation|g__Faecalibacterium.s__Faecalibacterium_prausnitzii	3.0605639363
PWY-5188: tetrapyrrole biosynthesis I (from glutamate)	21.3243704912
PWY-5188: tetrapyrrole biosynthesis I (from glutamate)|g__Sutterella.s__Sutterella_wadsworthensis	5.9025449560
PWY-5188: tetrapyrrole biosynthesis I (from glutamate)|g__Ruminococcus.s__Ruminococcus_callidus	3.8922442302
PWY-5188: tetrapyrrole biosynthesis I (from glutamate)|g__Ruminococcus.s__Ruminococcus_bromii	3.3464926292
GLYCOGENSYNTH-PWY: glycogen biosynthesis I (from ADP-D-Glucose)	20.9731125339
GLYCOGENSYNTH-PWY: glycogen biosynthesis I (from ADP-D-Glucose)|g__Eubacterium.s__Eubacterium_siraeum	9.4083525519
PWY-7400: L-arginine biosynthesis IV (archaebacteria)	20.5841353035
GLUCUROCAT-PWY: superpathway of &beta;-D-glucuronide and D-glucuronate degradation	20.5350655155
GLUCUROCAT-PWY: superpathway of &beta;-D-glucuronide and D-glucuronate degradation|g__Faecalibacterium.s__Faecalibacterium_prausnitzii	2.7796357354
MET-SAM-PWY: superpathway of S-adenosyl-L-methionine biosynthesis	20.0123266631
GALACTUROCAT-PWY: D-galacturonate degradation I	19.7651812200
GALACTUROCAT-PWY: D-galacturonate degradation I|g__Alistipes.s__Alistipes_shahii	5.2716816161
GALACTUROCAT-PWY: D-galacturonate degradation I|g__Faecalibacterium.s__Faecalibacterium_prausnitzii	4.5391996423
ARGSYN-PWY: L-arginine biosynthesis I (via L-ornithine)	18.1673110436
P4-PWY: superpathway of L-lysine, L-threonine and L-methionine biosynthesis I	18.0437391819
THISYN-PWY: superpathway of thiamin diphosphate biosynthesis I	17.3842726565
COA-PWY: coenzyme A biosynthesis I	17.1427573150
COA-PWY: coenzyme A biosynthesis I|g__Bacteroides.s__Bacteroides_ovatus	4.8394704288
COA-PWY: coenzyme A biosynthesis I|g__Faecalibacterium.s__Faecalibacterium_prausnitzii	1.2084592145
PWY-7242: D-fructuronate degradation	16.9623671469
PWY-7242: D-fructuronate degradation|g__Faecalibacterium.s__Faecalibacterium_prausnitzii	4.2814872784
NAGLIPASYN-PWY: lipid IVA biosynthesis	16.9618374014
NAGLIPASYN-PWY: lipid IVA biosynthesis|g__Sutterella.s__Sutterella_wadsworthensis	7.0723013092
PWY0-781: aspartate superpathway	16.3481380969
PWY-6270: isoprene biosynthesis I	15.2357029794
PWY-6895: superpathway of thiamin diphosphate biosynthesis II	14.4487034227
PWY-5101: L-isoleucine biosynthesis II	14.4255266822
PWY-5030: L-histidine degradation III	14.0123383577
COBALSYN-PWY: adenosylcobalamin salvage from cobinamide I	13.9479793853
COBALSYN-PWY: adenosylcobalamin salvage from cobinamide I|g__Faecalibacterium.s__Faecalibacterium_prausnitzii	2.6450184666
PWY-4242: pantothenate and coenzyme A biosynthesis III	13.7745772637
PWY-4242: pantothenate and coenzyme A biosynthesis III|g__Bacteroides.s__Bacteroides_ovatus	2.3121468401
PWY-4242: pantothenate and coenzyme A biosynthesis III|g__Faecalibacterium.s__Faecalibacterium_prausnitzii	1.2929328270
HEMESYN2-PWY: heme biosynthesis II (anaerobic)	13.5996208701
HEMESYN2-PWY: heme biosynthesis II (anaerobic)|g__Sutterella.s__Sutterella_wadsworthensis	6.8923187938
PWY-7560: methylerythritol phosphate pathway II	13.5385953277
HISDEG-PWY: L-histidine degradation I	12.5403776697
HISDEG-PWY: L-histidine degradation I|g__Alistipes.s__Alistipes_shahii	4.9202787875
HOMOSER-METSYN-PWY: L-methionine biosynthesis I	12.4627310587
HOMOSER-METSYN-PWY: L-methionine biosynthesis I|g__Ruminococcus.s__Ruminococcus_bromii	6.2670526515
PWY-621: sucrose degradation III (sucrose invertase)	12.4359051144
PWY-621: sucrose degradation III (sucrose invertase)|g__Faecalibacterium.s__Faecalibacterium_prausnitzii	3.9589693755
PWY-621: sucrose degradation III (sucrose invertase)|g__Blautia.s__Ruminococcus_torques	0.8833922261
PWY-7199: pyrimidine deoxyribonucleosides salvage	11.8536749423
PWY-5840: superpathway of menaquinol-7 biosynthesis	11.2295408704
PYRIDNUCSAL-PWY: NAD salvage pathway I	11.0815803838
P441-PWY: superpathway of N-acetylneuraminate degradation	10.9220799697
PWY-5897: superpathway of menaquinol-11 biosynthesis	10.5874691078
PWY-5898: superpathway of menaquinol-12 biosynthesis	10.5874691078
PWY-5899: superpathway of menaquinol-13 biosynthesis	10.5874691078
PWY-7210: pyrimidine deoxyribonucleotides biosynthesis from CTP	10.4712393266
HSERMETANA-PWY: L-methionine biosynthesis III	9.8975905091
PWY-5838: superpathway of menaquinol-8 biosynthesis I	8.9203635566
PWY-5845: superpathway of menaquinol-9 biosynthesis	8.9203635566
PWY-5850: superpathway of menaquinol-6 biosynthesis I	8.9203635566
PWY-5896: superpathway of menaquinol-10 biosynthesis	8.9203635566
FERMENTATION-PWY: mixed acid fermentation	8.8738248199
PWY-5345: superpathway of L-methionine biosynthesis (by sulfhydrylation)	8.8213150619
TCA: TCA cycle I (prokaryotic)	8.7705696055
POLYAMSYN-PWY: superpathway of polyamine biosynthesis I	8.6561892128
PWY0-1297: superpathway of purine deoxyribonucleosides degradation	8.6396269063
PWY0-1297: superpathway of purine deoxyribonucleosides degradation|g__Blautia.s__Ruminococcus_torques	1.5182770371
PWY-6507: 4-deoxy-L-threo-hex-4-enopyranuronate degradation	8.0179756310
PWY-6507: 4-deoxy-L-threo-hex-4-enopyranuronate degradation|g__Faecalibacterium.s__Faecalibacterium_prausnitzii	2.0654297340
PWY-7198: pyrimidine deoxyribonucleotides de novo biosynthesis IV	7.8465900988
PWY-6531: mannitol cycle	7.8243952107
PWY-5154: L-arginine biosynthesis III (via N-acetyl-L-citrulline)	7.5199790528
PWY-5676: acetyl-CoA fermentation to butanoate II	7.5046122897
ARG+POLYAMINE-SYN: superpathway of arginine and polyamine biosynthesis	7.4555120640
PWY-6969: TCA cycle V (2-oxoglutarate:ferredoxin oxidoreductase)	7.4527477190
SULFATE-CYS-PWY: superpathway of sulfate assimilation and cysteine biosynthesis	7.2973498218
PWY-6901: superpathway of glucose and xylose degradation	7.2565041600
PWY-6305: putrescine biosynthesis IV	7.1979090502
PWY-5100: pyruvate fermentation to acetate and lactate II	6.8579183741
PWY0-1061: superpathway of L-alanine biosynthesis	6.7888441062
FUCCAT-PWY: fucose degradation	6.6234002637
PWY-5860: superpathway of demethylmenaquinol-6 biosynthesis I	6.2104163525
PWY-5861: superpathway of demethylmenaquinol-8 biosynthesis	6.2104163525
PWY-5862: superpathway of demethylmenaquinol-9 biosynthesis	6.2104163525
PWY-6936: seleno-amino acid biosynthesis	5.6387082196
PWY-5690: TCA cycle II (plants and fungi)	5.4505003673
P161-PWY: acetylene degradation	5.3600992853
GLYCOLYSIS-E-D: superpathway of glycolysis and Entner-Doudoroff	5.3146797663
SO4ASSIM-PWY: sulfate reduction I (assimilatory)	4.5698140200
PWY-5918: superpathay of heme biosynthesis from glutamate	4.5665407310
GLUTORN-PWY: L-ornithine biosynthesis	4.4003573408
GLUTORN-PWY: L-ornithine biosynthesis|g__Blautia.s__Ruminococcus_torques	1.2558510370
PWY-5723: Rubisco shunt	4.2783310739
PWY-6892: thiazole biosynthesis I (E. coli)	4.0960272235
GLYCOLYSIS-TCA-GLYOX-BYPASS: superpathway of glycolysis, pyruvate dehydrogenase, TCA, and glyoxylate bypass	4.0873727317
PENTOSE-P-PWY: pentose phosphate pathway	4.0604165166
PWY-5791: 1,4-dihydroxy-2-naphthoate biosynthesis II (plants)	3.8592141951
PWY-5837: 1,4-dihydroxy-2-naphthoate biosynthesis I	3.8592141951
HEME-BIOSYNTHESIS-II: heme biosynthesis I (aerobic)	3.8300037058
GLUCOSE1PMETAB-PWY: glucose and glucose-1-phosphate degradation	3.7722674262
PWY0-1298: superpathway of pyrimidine deoxyribonucleosides degradation	3.5926708311
ARGSYNBSUB-PWY: L-arginine biosynthesis II (acetyl cycle)	3.4946850444
PWY-6891: thiazole biosynthesis II (Bacillus)	3.3049709030
PWY-5863: superpathway of phylloquinol biosynthesis	3.2043534736
PWY-7315: dTDP-N-acetylthomosamine biosynthesis	3.1761807514
P105-PWY: TCA cycle IV (2-oxoglutarate decarboxylase)	2.8809380111
PWY-5189: tetrapyrrole biosynthesis II (from glycine)	2.7451494343
PWY-5920: superpathway of heme biosynthesis from glycine	2.5850049636
PWY0-1415: superpathway of heme biosynthesis from uroporphyrinogen-III	2.5646768282
PWY-7237: myo-, chiro- and scillo-inositol degradation	2.3753103137
PWY-7237: myo-, chiro- and scillo-inositol degradation|g__Clostridium.s__Clostridium_symbiosum	2.1574998138
PWY-7237: myo-, chiro- and scillo-inositol degradation|g__Holdemania.s__Holdemania_filiformis	1.1904761905
PWY-7237: myo-, chiro- and scillo-inositol degradation|g__Dorea.s__Dorea_longicatena	1.1848341232
PWY-5177: glutaryl-CoA degradation	2.2023639420
PWY-5177: glutaryl-CoA degradation|g__Faecalibacterium.s__Faecalibacterium_prausnitzii	1.6751263573
TCA-GLYOX-BYPASS: superpathway of glyoxylate bypass and TCA	2.1973713888
P42-PWY: incomplete reductive TCA cycle	1.9917337400
P185-PWY: formaldehyde assimilation III (dihydroxyacetone cycle)	1.9519484773
GLYOXYLATE-BYPASS: glyoxylate cycle	1.7979815428
P461-PWY: hexitol fermentation to lactate, formate, ethanol and acetate	1.7197561953
PWY-5173: superpathway of acetyl-CoA biosynthesis	1.6216738419
P108-PWY: pyruvate fermentation to propanoate I	1.3310004560
PWY-5384: sucrose degradation IV (sucrose phosphorylase)	1.2122203068
PPGPPMET-PWY: ppGpp biosynthesis	0.8105738592