# Pathway	ERR481054_Abundance
UNMAPPED	127329.4790046706
UNINTEGRATED	124113.7696134524
UNINTEGRATED|g__Faecalibacterium.s__Faecalibacterium_prausnitzii	35246.6662216468
UNINTEGRATED|g__Bacteroides.s__Bacteroides_dorei	24334.4574034775
UNINTEGRATED|g__Eubacterium.s__Eubacterium_rectale	8281.1065777195
UNINTEGRATED|g__Bacteroides.s__Bacteroides_uniformis	6403.0900103993
UNINTEGRATED|g__Bacteroides.s__Bacteroides_eggerthii	6100.2739996038
UNINTEGRATED|g__Alistipes.s__Alistipes_putredinis	4319.2616236309
UNINTEGRATED|g__Bacteroides.s__Bacteroides_fragilis	3129.6138969266
UNINTEGRATED|g__Parabacteroides.s__Parabacteroides_merdae	3014.7489574673
UNINTEGRATED|g__Bacteroides.s__Bacteroides_caccae	2359.3815130218
UNINTEGRATED|g__Roseburia.s__Roseburia_inulinivorans	2346.0130231400
UNINTEGRATED|g__Sutterella.s__Sutterella_wadsworthensis	2197.4981822988
UNINTEGRATED|g__Dialister.s__Dialister_invisus	2173.1411663785
UNINTEGRATED|g__Bacteroides.s__Bacteroides_ovatus	2121.0039372521
UNINTEGRATED|g__Bifidobacterium.s__Bifidobacterium_longum	1960.4834679975
UNINTEGRATED|g__Barnesiella.s__Barnesiella_intestinihominis	1593.2492641042
UNINTEGRATED|g__Blautia.s__Ruminococcus_torques	1286.1986576514
UNINTEGRATED|g__Parabacteroides.s__Parabacteroides_distasonis	1178.1435458872
UNINTEGRATED|g__Ruminococcus.s__Ruminococcus_bromii	704.6823819954
UNINTEGRATED|g__Alistipes.s__Alistipes_shahii	563.2650433144
UNINTEGRATED|g__Coprococcus.s__Coprococcus_comes	540.3053031750
PWY-7219: adenosine ribonucleotides de novo biosynthesis	143.3401552924
PWY-7219: adenosine ribonucleotides de novo biosynthesis|g__Faecalibacterium.s__Faecalibacterium_prausnitzii	52.0974859978
PWY-7219: adenosine ribonucleotides de novo biosynthesis|g__Eubacterium.s__Eubacterium_rectale	21.1403253237
PWY-7219: adenosine ribonucleotides de novo biosynthesis|g__Bacteroides.s__Bacteroides_dorei	18.2789033889
PWY-7219: adenosine ribonucleotides de novo biosynthesis|g__Bacteroides.s__Bacteroides_eggerthii	12.7772883473
PWY-7219: adenosine ribonucleotides de novo biosynthesis|g__Alistipes.s__Alistipes_putredinis	7.4657548498
PWY-7219: adenosine ribonucleotides de novo biosynthesis|g__Dialister.s__Dialister_invisus	7.0588415994
PWY-7219: adenosine ribonucleotides de novo biosynthesis|g__Bacteroides.s__Bacteroides_uniformis	6.9307388281
PWY-7219: adenosine ribonucleotides de novo biosynthesis|g__Barnesiella.s__Barnesiella_intestinihominis	5.4723200878
PWY-7219: adenosine ribonucleotides de novo biosynthesis|g__Sutterella.s__Sutterella_wadsworthensis	2.5916450734
PWY-7219: adenosine ribonucleotides de novo biosynthesis|g__Parabacteroides.s__Parabacteroides_merdae	2.3004541661
PWY-7219: adenosine ribonucleotides de novo biosynthesis|g__Coprococcus.s__Coprococcus_comes	2.2020106836
PWY-7219: adenosine ribonucleotides de novo biosynthesis|g__Roseburia.s__Roseburia_inulinivorans	1.3164317546
PWY-7219: adenosine ribonucleotides de novo biosynthesis|g__Parabacteroides.s__Parabacteroides_distasonis	1.2132418778
PWY-7219: adenosine ribonucleotides de novo biosynthesis|g__Bacteroides.s__Bacteroides_ovatus	1.0271177043
PWY-1042: glycolysis IV (plant cytosol)	131.3329209870
PWY-1042: glycolysis IV (plant cytosol)|g__Faecalibacterium.s__Faecalibacterium_prausnitzii	57.5432003935
PWY-1042: glycolysis IV (plant cytosol)|g__Barnesiella.s__Barnesiella_intestinihominis	2.3126927989
PWY-6737: starch degradation V	126.5012229851
PWY-6737: starch degradation V|g__Faecalibacterium.s__Faecalibacterium_prausnitzii	57.5125137953
PWY-6737: starch degradation V|g__Eubacterium.s__Eubacterium_rectale	13.0651236146
PWY-6737: starch degradation V|g__Roseburia.s__Roseburia_inulinivorans	1.2423708944
PWY-5686: UMP biosynthesis	124.7934722622
PWY-5686: UMP biosynthesis|g__Faecalibacterium.s__Faecalibacterium_prausnitzii	52.2700010151
PWY-5686: UMP biosynthesis|g__Alistipes.s__Alistipes_putredinis	11.0335729055
PWY-5686: UMP biosynthesis|g__Eubacterium.s__Eubacterium_rectale	9.4897755521
PWY-5686: UMP biosynthesis|g__Bacteroides.s__Bacteroides_uniformis	3.6476962262
PWY-5686: UMP biosynthesis|g__Bacteroides.s__Bacteroides_eggerthii	3.6417410004
PWY-5686: UMP biosynthesis|g__Dialister.s__Dialister_invisus	2.0273904079
PWY-5686: UMP biosynthesis|g__Bifidobacterium.s__Bifidobacterium_longum	0.9444356997
PWY-6386: UDP-N-acetylmuramoyl-pentapeptide biosynthesis II (lysine-containing)	119.3806323574
PWY-6386: UDP-N-acetylmuramoyl-pentapeptide biosynthesis II (lysine-containing)|g__Faecalibacterium.s__Faecalibacterium_prausnitzii	29.6424127429
PWY-6386: UDP-N-acetylmuramoyl-pentapeptide biosynthesis II (lysine-containing)|g__Eubacterium.s__Eubacterium_rectale	10.7534002974
PWY-6386: UDP-N-acetylmuramoyl-pentapeptide biosynthesis II (lysine-containing)|g__Alistipes.s__Alistipes_putredinis	10.6364672900
PWY-6386: UDP-N-acetylmuramoyl-pentapeptide biosynthesis II (lysine-containing)|g__Bacteroides.s__Bacteroides_uniformis	3.0399059514
PWY-6386: UDP-N-acetylmuramoyl-pentapeptide biosynthesis II (lysine-containing)|g__Sutterella.s__Sutterella_wadsworthensis	2.3563210016
PWY-6386: UDP-N-acetylmuramoyl-pentapeptide biosynthesis II (lysine-containing)|g__Parabacteroides.s__Parabacteroides_merdae	2.0338354897
PWY-6386: UDP-N-acetylmuramoyl-pentapeptide biosynthesis II (lysine-containing)|g__Barnesiella.s__Barnesiella_intestinihominis	1.1360773020
PWY-6387: UDP-N-acetylmuramoyl-pentapeptide biosynthesis I (meso-diaminopimelate containing)	116.4385876915
PWY-6387: UDP-N-acetylmuramoyl-pentapeptide biosynthesis I (meso-diaminopimelate containing)|g__Faecalibacterium.s__Faecalibacterium_prausnitzii	38.1782162856
PWY-6387: UDP-N-acetylmuramoyl-pentapeptide biosynthesis I (meso-diaminopimelate containing)|g__Bacteroides.s__Bacteroides_dorei	19.1308185171
PWY-6387: UDP-N-acetylmuramoyl-pentapeptide biosynthesis I (meso-diaminopimelate containing)|g__Eubacterium.s__Eubacterium_rectale	10.9455302224
PWY-6387: UDP-N-acetylmuramoyl-pentapeptide biosynthesis I (meso-diaminopimelate containing)|g__Alistipes.s__Alistipes_putredinis	9.8946263297
PWY-6387: UDP-N-acetylmuramoyl-pentapeptide biosynthesis I (meso-diaminopimelate containing)|g__Bacteroides.s__Bacteroides_uniformis	2.8541111110
PWY-6387: UDP-N-acetylmuramoyl-pentapeptide biosynthesis I (meso-diaminopimelate containing)|g__Sutterella.s__Sutterella_wadsworthensis	2.2098796423
PWY-6387: UDP-N-acetylmuramoyl-pentapeptide biosynthesis I (meso-diaminopimelate containing)|g__Parabacteroides.s__Parabacteroides_merdae	1.8805455975
PWY-6387: UDP-N-acetylmuramoyl-pentapeptide biosynthesis I (meso-diaminopimelate containing)|g__Parabacteroides.s__Parabacteroides_distasonis	1.0731348163
PWY-6387: UDP-N-acetylmuramoyl-pentapeptide biosynthesis I (meso-diaminopimelate containing)|g__Barnesiella.s__Barnesiella_intestinihominis	1.0314155299
PEPTIDOGLYCANSYN-PWY: peptidoglycan biosynthesis I (meso-diaminopimelate containing)	114.9187471922
PEPTIDOGLYCANSYN-PWY: peptidoglycan biosynthesis I (meso-diaminopimelate containing)|g__Faecalibacterium.s__Faecalibacterium_prausnitzii	33.4320233344
PEPTIDOGLYCANSYN-PWY: peptidoglycan biosynthesis I (meso-diaminopimelate containing)|g__Bacteroides.s__Bacteroides_dorei	19.7270842544
PEPTIDOGLYCANSYN-PWY: peptidoglycan biosynthesis I (meso-diaminopimelate containing)|g__Alistipes.s__Alistipes_putredinis	9.0480830225
PEPTIDOGLYCANSYN-PWY: peptidoglycan biosynthesis I (meso-diaminopimelate containing)|g__Sutterella.s__Sutterella_wadsworthensis	2.3898766721
PEPTIDOGLYCANSYN-PWY: peptidoglycan biosynthesis I (meso-diaminopimelate containing)|g__Bacteroides.s__Bacteroides_uniformis	2.3149223131
PEPTIDOGLYCANSYN-PWY: peptidoglycan biosynthesis I (meso-diaminopimelate containing)|g__Parabacteroides.s__Parabacteroides_merdae	2.1880514443
PEPTIDOGLYCANSYN-PWY: peptidoglycan biosynthesis I (meso-diaminopimelate containing)|g__Barnesiella.s__Barnesiella_intestinihominis	1.1965899099
ILEUSYN-PWY: L-isoleucine biosynthesis I (from threonine)	113.5352544899
ILEUSYN-PWY: L-isoleucine biosynthesis I (from threonine)|g__Faecalibacterium.s__Faecalibacterium_prausnitzii	58.1276314603
ILEUSYN-PWY: L-isoleucine biosynthesis I (from threonine)|g__Bifidobacterium.s__Bifidobacterium_longum	2.2596122327
PWY-7111: pyruvate fermentation to isobutanol (engineered)	113.5352544899
PWY-7111: pyruvate fermentation to isobutanol (engineered)|g__Faecalibacterium.s__Faecalibacterium_prausnitzii	49.3348411945
PWY-7111: pyruvate fermentation to isobutanol (engineered)|g__Eubacterium.s__Eubacterium_rectale	12.2820867335
PWY-7111: pyruvate fermentation to isobutanol (engineered)|g__Parabacteroides.s__Parabacteroides_merdae	3.3967588442
PWY-7111: pyruvate fermentation to isobutanol (engineered)|g__Bifidobacterium.s__Bifidobacterium_longum	2.2596122327
VALSYN-PWY: L-valine biosynthesis	113.5352544899
VALSYN-PWY: L-valine biosynthesis|g__Faecalibacterium.s__Faecalibacterium_prausnitzii	58.1276314603
VALSYN-PWY: L-valine biosynthesis|g__Eubacterium.s__Eubacterium_rectale	12.2820867335
VALSYN-PWY: L-valine biosynthesis|g__Parabacteroides.s__Parabacteroides_merdae	3.3967588442
VALSYN-PWY: L-valine biosynthesis|g__Bifidobacterium.s__Bifidobacterium_longum	2.2596122327
PWY-7221: guanosine ribonucleotides de novo biosynthesis	113.3749854683
PWY-7221: guanosine ribonucleotides de novo biosynthesis|g__Faecalibacterium.s__Faecalibacterium_prausnitzii	27.7539658090
PWY-7221: guanosine ribonucleotides de novo biosynthesis|g__Bacteroides.s__Bacteroides_dorei	18.7209548896
PWY-7221: guanosine ribonucleotides de novo biosynthesis|g__Eubacterium.s__Eubacterium_rectale	7.7643917769
PWY-7221: guanosine ribonucleotides de novo biosynthesis|g__Alistipes.s__Alistipes_putredinis	6.8219611007
PWY-7221: guanosine ribonucleotides de novo biosynthesis|g__Sutterella.s__Sutterella_wadsworthensis	3.3591288998
PWY-7221: guanosine ribonucleotides de novo biosynthesis|g__Dialister.s__Dialister_invisus	3.1760801461
PWY-7221: guanosine ribonucleotides de novo biosynthesis|g__Bacteroides.s__Bacteroides_caccae	2.7838017910
PWY-7221: guanosine ribonucleotides de novo biosynthesis|g__Ruminococcus.s__Ruminococcus_bromii	2.0482609375
PWY-7221: guanosine ribonucleotides de novo biosynthesis|g__Parabacteroides.s__Parabacteroides_distasonis	1.7572826154
PWY-7221: guanosine ribonucleotides de novo biosynthesis|g__Bifidobacterium.s__Bifidobacterium_longum	1.5994085073
PWY-5695: urate biosynthesis/inosine 5'-phosphate degradation	112.4621713796
PWY-5695: urate biosynthesis/inosine 5'-phosphate degradation|g__Faecalibacterium.s__Faecalibacterium_prausnitzii	38.4401862685
PWY-5695: urate biosynthesis/inosine 5'-phosphate degradation|g__Bacteroides.s__Bacteroides_dorei	20.6686803380
PWY-5695: urate biosynthesis/inosine 5'-phosphate degradation|g__Bacteroides.s__Bacteroides_eggerthii	8.5067479587
PWY-5695: urate biosynthesis/inosine 5'-phosphate degradation|g__Roseburia.s__Roseburia_inulinivorans	1.6157280727
PWY-5695: urate biosynthesis/inosine 5'-phosphate degradation|g__Barnesiella.s__Barnesiella_intestinihominis	1.6004277875
NONMEVIPP-PWY: methylerythritol phosphate pathway I	111.0280395495
NONMEVIPP-PWY: methylerythritol phosphate pathway I|g__Alistipes.s__Alistipes_putredinis	11.8618069050
NONMEVIPP-PWY: methylerythritol phosphate pathway I|g__Bacteroides.s__Bacteroides_eggerthii	10.3126050501
NONMEVIPP-PWY: methylerythritol phosphate pathway I|g__Eubacterium.s__Eubacterium_rectale	9.7340569865
PWY-6122: 5-aminoimidazole ribonucleotide biosynthesis II	106.5339868946
PWY-6122: 5-aminoimidazole ribonucleotide biosynthesis II|g__Faecalibacterium.s__Faecalibacterium_prausnitzii	30.2304848021
PWY-6122: 5-aminoimidazole ribonucleotide biosynthesis II|g__Alistipes.s__Alistipes_putredinis	7.4437306585
PWY-6122: 5-aminoimidazole ribonucleotide biosynthesis II|g__Dialister.s__Dialister_invisus	5.7566687669
PWY-6122: 5-aminoimidazole ribonucleotide biosynthesis II|g__Sutterella.s__Sutterella_wadsworthensis	3.4329297975
PWY-6122: 5-aminoimidazole ribonucleotide biosynthesis II|g__Ruminococcus.s__Ruminococcus_bromii	2.8164891348
PWY-6122: 5-aminoimidazole ribonucleotide biosynthesis II|g__Bifidobacterium.s__Bifidobacterium_longum	1.9934885248
PWY-6122: 5-aminoimidazole ribonucleotide biosynthesis II|g__Roseburia.s__Roseburia_inulinivorans	1.1396218822
PWY-6277: superpathway of 5-aminoimidazole ribonucleotide biosynthesis	106.5339868946
PWY-6277: superpathway of 5-aminoimidazole ribonucleotide biosynthesis|g__Faecalibacterium.s__Faecalibacterium_prausnitzii	30.2304848021
PWY-6277: superpathway of 5-aminoimidazole ribonucleotide biosynthesis|g__Alistipes.s__Alistipes_putredinis	7.4437306585
PWY-6277: superpathway of 5-aminoimidazole ribonucleotide biosynthesis|g__Dialister.s__Dialister_invisus	5.7566687669
PWY-6277: superpathway of 5-aminoimidazole ribonucleotide biosynthesis|g__Sutterella.s__Sutterella_wadsworthensis	3.4329297975
PWY-6277: superpathway of 5-aminoimidazole ribonucleotide biosynthesis|g__Ruminococcus.s__Ruminococcus_bromii	2.8164891348
PWY-6277: superpathway of 5-aminoimidazole ribonucleotide biosynthesis|g__Bifidobacterium.s__Bifidobacterium_longum	1.9934885248
PWY-6277: superpathway of 5-aminoimidazole ribonucleotide biosynthesis|g__Roseburia.s__Roseburia_inulinivorans	1.1396218822
COA-PWY-1: coenzyme A biosynthesis II (mammalian)	106.3515973930
COA-PWY-1: coenzyme A biosynthesis II (mammalian)|g__Faecalibacterium.s__Faecalibacterium_prausnitzii	34.0231587536
COA-PWY-1: coenzyme A biosynthesis II (mammalian)|g__Bacteroides.s__Bacteroides_dorei	14.6716778674
COA-PWY-1: coenzyme A biosynthesis II (mammalian)|g__Eubacterium.s__Eubacterium_rectale	9.8118435177
COA-PWY-1: coenzyme A biosynthesis II (mammalian)|g__Bacteroides.s__Bacteroides_eggerthii	8.5374259480
COA-PWY-1: coenzyme A biosynthesis II (mammalian)|g__Dialister.s__Dialister_invisus	5.5862677831
COA-PWY-1: coenzyme A biosynthesis II (mammalian)|g__Alistipes.s__Alistipes_putredinis	4.0771114380
COA-PWY-1: coenzyme A biosynthesis II (mammalian)|g__Bacteroides.s__Bacteroides_uniformis	3.7417789098
COA-PWY-1: coenzyme A biosynthesis II (mammalian)|g__Bacteroides.s__Bacteroides_caccae	3.2949909045
COA-PWY-1: coenzyme A biosynthesis II (mammalian)|g__Sutterella.s__Sutterella_wadsworthensis	2.0805425887
ANAGLYCOLYSIS-PWY: glycolysis III (from glucose)	104.7136946835
PWY-6121: 5-aminoimidazole ribonucleotide biosynthesis I	103.3324058415
PWY-6121: 5-aminoimidazole ribonucleotide biosynthesis I|g__Faecalibacterium.s__Faecalibacterium_prausnitzii	27.9666421709
PWY-6121: 5-aminoimidazole ribonucleotide biosynthesis I|g__Alistipes.s__Alistipes_putredinis	5.8987806976
PWY-6121: 5-aminoimidazole ribonucleotide biosynthesis I|g__Sutterella.s__Sutterella_wadsworthensis	3.4549821172
PWY-6121: 5-aminoimidazole ribonucleotide biosynthesis I|g__Ruminococcus.s__Ruminococcus_bromii	1.3981085765
PWY-6121: 5-aminoimidazole ribonucleotide biosynthesis I|g__Roseburia.s__Roseburia_inulinivorans	1.2345873762
PWY-6385: peptidoglycan biosynthesis III (mycobacteria)	99.0315155026
PWY-6385: peptidoglycan biosynthesis III (mycobacteria)|g__Faecalibacterium.s__Faecalibacterium_prausnitzii	32.6369828115
PWY-5667: CDP-diacylglycerol biosynthesis I	97.4026058922
PWY-5667: CDP-diacylglycerol biosynthesis I|g__Faecalibacterium.s__Faecalibacterium_prausnitzii	34.5116657377
PWY-5667: CDP-diacylglycerol biosynthesis I|g__Eubacterium.s__Eubacterium_rectale	6.3409958080
PWY-5667: CDP-diacylglycerol biosynthesis I|g__Bacteroides.s__Bacteroides_uniformis	5.1206059226
PWY-5667: CDP-diacylglycerol biosynthesis I|g__Bacteroides.s__Bacteroides_eggerthii	4.3447081559
PWY-5667: CDP-diacylglycerol biosynthesis I|g__Dialister.s__Dialister_invisus	4.3187996139
PWY-5667: CDP-diacylglycerol biosynthesis I|g__Bacteroides.s__Bacteroides_caccae	1.8459259626
PWY-5667: CDP-diacylglycerol biosynthesis I|g__Barnesiella.s__Barnesiella_intestinihominis	1.6612455539
PWY0-1319: CDP-diacylglycerol biosynthesis II	97.4026058922
PWY0-1319: CDP-diacylglycerol biosynthesis II|g__Faecalibacterium.s__Faecalibacterium_prausnitzii	34.5116657377
PWY0-1319: CDP-diacylglycerol biosynthesis II|g__Eubacterium.s__Eubacterium_rectale	6.3409958080
PWY0-1319: CDP-diacylglycerol biosynthesis II|g__Bacteroides.s__Bacteroides_uniformis	5.1206059226
PWY0-1319: CDP-diacylglycerol biosynthesis II|g__Bacteroides.s__Bacteroides_eggerthii	4.3447081559
PWY0-1319: CDP-diacylglycerol biosynthesis II|g__Dialister.s__Dialister_invisus	4.3187996139
PWY0-1319: CDP-diacylglycerol biosynthesis II|g__Bacteroides.s__Bacteroides_caccae	1.8459259626
PWY0-1319: CDP-diacylglycerol biosynthesis II|g__Barnesiella.s__Barnesiella_intestinihominis	1.6612455539
CALVIN-PWY: Calvin-Benson-Bassham cycle	94.6099510927
CALVIN-PWY: Calvin-Benson-Bassham cycle|g__Faecalibacterium.s__Faecalibacterium_prausnitzii	31.1637605185
ARO-PWY: chorismate biosynthesis I	93.9067433731
ARO-PWY: chorismate biosynthesis I|g__Eubacterium.s__Eubacterium_rectale	12.8042338328
PWY-5097: L-lysine biosynthesis VI	93.0742220412
PWY-5097: L-lysine biosynthesis VI|g__Faecalibacterium.s__Faecalibacterium_prausnitzii	23.6219114526
PWY-5097: L-lysine biosynthesis VI|g__Bacteroides.s__Bacteroides_eggerthii	9.4243484236
PWY-5097: L-lysine biosynthesis VI|g__Eubacterium.s__Eubacterium_rectale	9.3657060392
PWY-5097: L-lysine biosynthesis VI|g__Bacteroides.s__Bacteroides_uniformis	6.7482955494
PWY-5097: L-lysine biosynthesis VI|g__Parabacteroides.s__Parabacteroides_merdae	2.4787414854
PWY-5097: L-lysine biosynthesis VI|g__Barnesiella.s__Barnesiella_intestinihominis	1.6962756165
PWY-6151: S-adenosyl-L-methionine cycle I	91.4580166913
PWY-6151: S-adenosyl-L-methionine cycle I|g__Faecalibacterium.s__Faecalibacterium_prausnitzii	31.3960482360
PWY-6151: S-adenosyl-L-methionine cycle I|g__Bacteroides.s__Bacteroides_dorei	25.4295996656
PWY-6151: S-adenosyl-L-methionine cycle I|g__Eubacterium.s__Eubacterium_rectale	7.8790955318
PWY-6151: S-adenosyl-L-methionine cycle I|g__Bacteroides.s__Bacteroides_uniformis	3.9001530752
PWY-6151: S-adenosyl-L-methionine cycle I|g__Ruminococcus.s__Ruminococcus_bromii	1.2198841110
PWY-2942: L-lysine biosynthesis III	90.8366368276
PWY-2942: L-lysine biosynthesis III|g__Faecalibacterium.s__Faecalibacterium_prausnitzii	17.9204926259
PWY-2942: L-lysine biosynthesis III|g__Bacteroides.s__Bacteroides_dorei	15.7841302314
PWY-2942: L-lysine biosynthesis III|g__Bacteroides.s__Bacteroides_eggerthii	8.0153086119
PWY-2942: L-lysine biosynthesis III|g__Bacteroides.s__Bacteroides_uniformis	7.5225781229
PWY-2942: L-lysine biosynthesis III|g__Dialister.s__Dialister_invisus	4.3983129022
PWY-2942: L-lysine biosynthesis III|g__Parabacteroides.s__Parabacteroides_distasonis	2.6790774040
PWY-2942: L-lysine biosynthesis III|g__Parabacteroides.s__Parabacteroides_merdae	2.6299018151
COMPLETE-ARO-PWY: superpathway of aromatic amino acid biosynthesis	89.0796207837
COMPLETE-ARO-PWY: superpathway of aromatic amino acid biosynthesis|g__Eubacterium.s__Eubacterium_rectale	12.8842668305
BRANCHED-CHAIN-AA-SYN-PWY: superpathway of branched amino acid biosynthesis	85.8101902310
BRANCHED-CHAIN-AA-SYN-PWY: superpathway of branched amino acid biosynthesis|g__Faecalibacterium.s__Faecalibacterium_prausnitzii	51.9914108013
BRANCHED-CHAIN-AA-SYN-PWY: superpathway of branched amino acid biosynthesis|g__Bifidobacterium.s__Bifidobacterium_longum	1.4561432138
PWY-6163: chorismate biosynthesis from 3-dehydroquinate	85.6990705212
PWY-6163: chorismate biosynthesis from 3-dehydroquinate|g__Eubacterium.s__Eubacterium_rectale	13.7843712059
DTDPRHAMSYN-PWY: dTDP-L-rhamnose biosynthesis I	84.5010410233
DTDPRHAMSYN-PWY: dTDP-L-rhamnose biosynthesis I|g__Faecalibacterium.s__Faecalibacterium_prausnitzii	41.2205991334
DTDPRHAMSYN-PWY: dTDP-L-rhamnose biosynthesis I|g__Eubacterium.s__Eubacterium_rectale	9.6781169144
DTDPRHAMSYN-PWY: dTDP-L-rhamnose biosynthesis I|g__Bifidobacterium.s__Bifidobacterium_longum	2.0836210056
DTDPRHAMSYN-PWY: dTDP-L-rhamnose biosynthesis I|g__Alistipes.s__Alistipes_shahii	1.3616699607
PWY-6123: inosine-5'-phosphate biosynthesis I	82.7622451419
PWY-6123: inosine-5'-phosphate biosynthesis I|g__Faecalibacterium.s__Faecalibacterium_prausnitzii	34.3251204917
PWY-6123: inosine-5'-phosphate biosynthesis I|g__Bifidobacterium.s__Bifidobacterium_longum	2.1345901300
PWY-5103: L-isoleucine biosynthesis III	78.7092072214
PWY-5103: L-isoleucine biosynthesis III|g__Faecalibacterium.s__Faecalibacterium_prausnitzii	49.8235080883
PWY-5103: L-isoleucine biosynthesis III|g__Bifidobacterium.s__Bifidobacterium_longum	1.4561432138
PWY-724: superpathway of L-lysine, L-threonine and L-methionine biosynthesis II	76.7714448507
PWY-724: superpathway of L-lysine, L-threonine and L-methionine biosynthesis II|g__Faecalibacterium.s__Faecalibacterium_prausnitzii	25.0271460731
PWY-6124: inosine-5'-phosphate biosynthesis II	76.5844162348
PWY-6124: inosine-5'-phosphate biosynthesis II|g__Faecalibacterium.s__Faecalibacterium_prausnitzii	45.6610398104
PWY-6124: inosine-5'-phosphate biosynthesis II|g__Bacteroides.s__Bacteroides_ovatus	0.7763975155
PWY-6700: queuosine biosynthesis	75.8594087745
PWY-6700: queuosine biosynthesis|g__Bacteroides.s__Bacteroides_dorei	21.0190347212
PWY-6700: queuosine biosynthesis|g__Bacteroides.s__Bacteroides_eggerthii	10.7872557101
PWY-6700: queuosine biosynthesis|g__Bacteroides.s__Bacteroides_uniformis	6.1174786892
PWY-6700: queuosine biosynthesis|g__Bacteroides.s__Bacteroides_caccae	3.7603387956
PWY-6700: queuosine biosynthesis|g__Barnesiella.s__Barnesiella_intestinihominis	3.1121369781
PWY-6700: queuosine biosynthesis|g__Dialister.s__Dialister_invisus	2.8535773374
PANTO-PWY: phosphopantothenate biosynthesis I	74.7753479481
PANTO-PWY: phosphopantothenate biosynthesis I|g__Bacteroides.s__Bacteroides_dorei	19.8914545657
PANTO-PWY: phosphopantothenate biosynthesis I|g__Bacteroides.s__Bacteroides_uniformis	13.0099138521
PANTO-PWY: phosphopantothenate biosynthesis I|g__Eubacterium.s__Eubacterium_rectale	10.2517647885
PANTO-PWY: phosphopantothenate biosynthesis I|g__Bacteroides.s__Bacteroides_eggerthii	9.5437740953
PANTO-PWY: phosphopantothenate biosynthesis I|g__Alistipes.s__Alistipes_putredinis	7.4321401722
PANTO-PWY: phosphopantothenate biosynthesis I|g__Barnesiella.s__Barnesiella_intestinihominis	2.7334734199
PANTO-PWY: phosphopantothenate biosynthesis I|g__Parabacteroides.s__Parabacteroides_merdae	2.0435242134
PANTO-PWY: phosphopantothenate biosynthesis I|g__Blautia.s__Ruminococcus_torques	1.7287605793
NONOXIPENT-PWY: pentose phosphate pathway (non-oxidative branch)	69.4714265984
NONOXIPENT-PWY: pentose phosphate pathway (non-oxidative branch)|g__Faecalibacterium.s__Faecalibacterium_prausnitzii	35.8009916531
PWY-3001: superpathway of L-isoleucine biosynthesis I	68.9392676531
PWY-3001: superpathway of L-isoleucine biosynthesis I|g__Faecalibacterium.s__Faecalibacterium_prausnitzii	36.2684618605
PWY-3841: folate transformations II	68.6653121121
PWY-3841: folate transformations II|g__Bacteroides.s__Bacteroides_uniformis	7.2456115045
PWY-3841: folate transformations II|g__Bacteroides.s__Bacteroides_dorei	4.3698154713
PWY-3841: folate transformations II|g__Parabacteroides.s__Parabacteroides_merdae	1.7963573814
PWY-3841: folate transformations II|g__Parabacteroides.s__Parabacteroides_distasonis	1.3543575864
PWY0-1296: purine ribonucleosides degradation	65.9379089828
PWY0-1296: purine ribonucleosides degradation|g__Faecalibacterium.s__Faecalibacterium_prausnitzii	36.8578708708
PWY0-1296: purine ribonucleosides degradation|g__Eubacterium.s__Eubacterium_rectale	11.6835473078
PWY0-1296: purine ribonucleosides degradation|g__Roseburia.s__Roseburia_inulinivorans	1.0772545399
PWY-6317: galactose degradation I (Leloir pathway)	65.8083532504
PWY-6317: galactose degradation I (Leloir pathway)|g__Faecalibacterium.s__Faecalibacterium_prausnitzii	42.0525675654
PWY66-422: D-galactose degradation V (Leloir pathway)	65.8083532504
PWY66-422: D-galactose degradation V (Leloir pathway)|g__Faecalibacterium.s__Faecalibacterium_prausnitzii	42.0525675654
PWY66-422: D-galactose degradation V (Leloir pathway)|g__Eubacterium.s__Eubacterium_rectale	9.5924611575
PWY-7229: superpathway of adenosine nucleotides de novo biosynthesis I	65.6323958560
PWY-7229: superpathway of adenosine nucleotides de novo biosynthesis I|g__Bacteroides.s__Bacteroides_dorei	11.7075417456
PWY-7229: superpathway of adenosine nucleotides de novo biosynthesis I|g__Sutterella.s__Sutterella_wadsworthensis	2.1214618442
SER-GLYSYN-PWY: superpathway of L-serine and glycine biosynthesis I	64.2613633482
SER-GLYSYN-PWY: superpathway of L-serine and glycine biosynthesis I|g__Faecalibacterium.s__Faecalibacterium_prausnitzii	20.8840605454
SER-GLYSYN-PWY: superpathway of L-serine and glycine biosynthesis I|g__Ruminococcus.s__Ruminococcus_bromii	1.1382687932
1CMET2-PWY: N10-formyl-tetrahydrofolate biosynthesis	61.4878745506
1CMET2-PWY: N10-formyl-tetrahydrofolate biosynthesis|g__Bacteroides.s__Bacteroides_uniformis	5.1538503549
1CMET2-PWY: N10-formyl-tetrahydrofolate biosynthesis|g__Parabacteroides.s__Parabacteroides_merdae	1.6943190636
PWY-6609: adenine and adenosine salvage III	60.0415165865
PWY-6609: adenine and adenosine salvage III|g__Faecalibacterium.s__Faecalibacterium_prausnitzii	40.5680293085
PWY-6897: thiamin salvage II	59.7678219752
THRESYN-PWY: superpathway of L-threonine biosynthesis	59.7218686617
THRESYN-PWY: superpathway of L-threonine biosynthesis|g__Faecalibacterium.s__Faecalibacterium_prausnitzii	29.8841540743
PWY-7357: thiamin formation from pyrithiamine and oxythiamine (yeast)	58.2737259743
PWY-7357: thiamin formation from pyrithiamine and oxythiamine (yeast)|g__Faecalibacterium.s__Faecalibacterium_prausnitzii	27.6756272146
PWY-7357: thiamin formation from pyrithiamine and oxythiamine (yeast)|g__Roseburia.s__Roseburia_inulinivorans	2.0469583752
COBALSYN-PWY: adenosylcobalamin salvage from cobinamide I	57.2971707347
COBALSYN-PWY: adenosylcobalamin salvage from cobinamide I|g__Faecalibacterium.s__Faecalibacterium_prausnitzii	26.2528466327
COBALSYN-PWY: adenosylcobalamin salvage from cobinamide I|g__Eubacterium.s__Eubacterium_rectale	10.0348516011
PANTOSYN-PWY: pantothenate and coenzyme A biosynthesis I	57.1673353100
PWY-6507: 4-deoxy-L-threo-hex-4-enopyranuronate degradation	55.3242961134
PWY-6507: 4-deoxy-L-threo-hex-4-enopyranuronate degradation|g__Faecalibacterium.s__Faecalibacterium_prausnitzii	47.0868007371
PWY-7242: D-fructuronate degradation	53.9693196905
PWY-7242: D-fructuronate degradation|g__Faecalibacterium.s__Faecalibacterium_prausnitzii	43.4991897182
PWY-7242: D-fructuronate degradation|g__Eubacterium.s__Eubacterium_rectale	3.8575170120
PWY-6703: preQ0 biosynthesis	53.9095391710
PWY-6703: preQ0 biosynthesis|g__Bacteroides.s__Bacteroides_dorei	14.6979845865
PWY-6703: preQ0 biosynthesis|g__Dialister.s__Dialister_invisus	8.1634116527
PWY-6703: preQ0 biosynthesis|g__Bacteroides.s__Bacteroides_eggerthii	8.0578900573
PWY-6703: preQ0 biosynthesis|g__Bacteroides.s__Bacteroides_uniformis	2.8577991987
PWY-6126: superpathway of adenosine nucleotides de novo biosynthesis II	53.5602892244
PWY-6126: superpathway of adenosine nucleotides de novo biosynthesis II|g__Bacteroides.s__Bacteroides_dorei	9.2298423755
PWY-6126: superpathway of adenosine nucleotides de novo biosynthesis II|g__Sutterella.s__Sutterella_wadsworthensis	2.1805233679
GALACTUROCAT-PWY: D-galacturonate degradation I	52.5667099367
GALACTUROCAT-PWY: D-galacturonate degradation I|g__Faecalibacterium.s__Faecalibacterium_prausnitzii	44.4439087642
GLUCUROCAT-PWY: superpathway of &beta;-D-glucuronide and D-glucuronate degradation	52.3211152269
GLUCUROCAT-PWY: superpathway of &beta;-D-glucuronide and D-glucuronate degradation|g__Faecalibacterium.s__Faecalibacterium_prausnitzii	34.8931227295
GALACT-GLUCUROCAT-PWY: superpathway of hexuronide and hexuronate degradation	51.9885104859
GALACT-GLUCUROCAT-PWY: superpathway of hexuronide and hexuronate degradation|g__Faecalibacterium.s__Faecalibacterium_prausnitzii	35.6356652323
PWY-6527: stachyose degradation	51.6694592688
PWY-6527: stachyose degradation|g__Faecalibacterium.s__Faecalibacterium_prausnitzii	16.6684440774
PWY-5659: GDP-mannose biosynthesis	48.7661899778
PWY-5659: GDP-mannose biosynthesis|g__Faecalibacterium.s__Faecalibacterium_prausnitzii	35.2162106002
PWY-5659: GDP-mannose biosynthesis|g__Alistipes.s__Alistipes_shahii	1.2475849063
ASPASN-PWY: superpathway of L-aspartate and L-asparagine biosynthesis	48.4631986206
ASPASN-PWY: superpathway of L-aspartate and L-asparagine biosynthesis|g__Faecalibacterium.s__Faecalibacterium_prausnitzii	38.0897478071
ASPASN-PWY: superpathway of L-aspartate and L-asparagine biosynthesis|g__Bacteroides.s__Bacteroides_ovatus	1.1248149340
COA-PWY: coenzyme A biosynthesis I	46.9247993257
COA-PWY: coenzyme A biosynthesis I|g__Faecalibacterium.s__Faecalibacterium_prausnitzii	30.3970639835
PWY-7228: superpathway of guanosine nucleotides de novo biosynthesis I	46.8050732084
PWY-7228: superpathway of guanosine nucleotides de novo biosynthesis I|g__Bacteroides.s__Bacteroides_dorei	17.5670173833
PWY-7228: superpathway of guanosine nucleotides de novo biosynthesis I|g__Sutterella.s__Sutterella_wadsworthensis	3.1126484175
THISYNARA-PWY: superpathway of thiamin diphosphate biosynthesis III (eukaryotes)	45.8741536676
THISYNARA-PWY: superpathway of thiamin diphosphate biosynthesis III (eukaryotes)|g__Faecalibacterium.s__Faecalibacterium_prausnitzii	30.0216841778
THISYNARA-PWY: superpathway of thiamin diphosphate biosynthesis III (eukaryotes)|g__Bacteroides.s__Bacteroides_ovatus	1.4938612294
PWY-5973: cis-vaccenate biosynthesis	43.5767768717
PWY-5973: cis-vaccenate biosynthesis|g__Eubacterium.s__Eubacterium_rectale	10.1458351505
PWY-7282: 4-amino-2-methyl-5-phosphomethylpyrimidine biosynthesis (yeast)	43.1305536398
PWY-841: superpathway of purine nucleotides de novo biosynthesis I	43.1037800931
PWY-621: sucrose degradation III (sucrose invertase)	42.9170637184
PWY-621: sucrose degradation III (sucrose invertase)|g__Faecalibacterium.s__Faecalibacterium_prausnitzii	28.8121791127
PWY-621: sucrose degradation III (sucrose invertase)|g__Blautia.s__Ruminococcus_torques	0.9041591320
PWY-6125: superpathway of guanosine nucleotides de novo biosynthesis II	41.7993283417
PWY-6125: superpathway of guanosine nucleotides de novo biosynthesis II|g__Bacteroides.s__Bacteroides_dorei	9.2038211050
PWY-6125: superpathway of guanosine nucleotides de novo biosynthesis II|g__Sutterella.s__Sutterella_wadsworthensis	2.3098213198
PWY-5101: L-isoleucine biosynthesis II	41.4635329318
PWY-7208: superpathway of pyrimidine nucleobases salvage	39.8226029559
PWY-7208: superpathway of pyrimidine nucleobases salvage|g__Sutterella.s__Sutterella_wadsworthensis	3.0274475099
PWY-6168: flavin biosynthesis III (fungi)	39.0737337491
PWY-7663: gondoate biosynthesis (anaerobic)	37.8340207540
PWY-7663: gondoate biosynthesis (anaerobic)|g__Bacteroides.s__Bacteroides_eggerthii	3.3665268785
PWY0-845: superpathway of pyridoxal 5'-phosphate biosynthesis and salvage	37.7661179164
PWY0-845: superpathway of pyridoxal 5'-phosphate biosynthesis and salvage|g__Bacteroides.s__Bacteroides_uniformis	2.7277453904
RIBOSYN2-PWY: flavin biosynthesis I (bacteria and plants)	37.1116204996
ARGININE-SYN4-PWY: L-ornithine de novo  biosynthesis	36.6962918182
ARGININE-SYN4-PWY: L-ornithine de novo  biosynthesis|g__Bacteroides.s__Bacteroides_uniformis	6.1993803887
ARGININE-SYN4-PWY: L-ornithine de novo  biosynthesis|g__Bacteroides.s__Bacteroides_caccae	2.0109845658
ARGININE-SYN4-PWY: L-ornithine de novo  biosynthesis|g__Bacteroides.s__Bacteroides_fragilis	0.9848405352
ARGININE-SYN4-PWY: L-ornithine de novo  biosynthesis|g__Bacteroides.s__Bacteroides_ovatus	0.8548835221
PYRIDOXSYN-PWY: pyridoxal 5'-phosphate biosynthesis I	35.6770606127
PYRIDOXSYN-PWY: pyridoxal 5'-phosphate biosynthesis I|g__Bacteroides.s__Bacteroides_eggerthii	9.4223823955
PYRIDOXSYN-PWY: pyridoxal 5'-phosphate biosynthesis I|g__Bacteroides.s__Bacteroides_uniformis	2.1299648059
HSERMETANA-PWY: L-methionine biosynthesis III	35.4459154755
PWY-5177: glutaryl-CoA degradation	35.3235854938
PWY-5177: glutaryl-CoA degradation|g__Faecalibacterium.s__Faecalibacterium_prausnitzii	25.5558210125
PWY-7400: L-arginine biosynthesis IV (archaebacteria)	33.6626241187
PWY-7400: L-arginine biosynthesis IV (archaebacteria)|g__Bifidobacterium.s__Bifidobacterium_longum	2.1462070135
PWY-7234: inosine-5'-phosphate biosynthesis III	32.7400038118
PWY0-1586: peptidoglycan maturation (meso-diaminopimelate containing)	31.9550849690
PWY0-1586: peptidoglycan maturation (meso-diaminopimelate containing)|g__Faecalibacterium.s__Faecalibacterium_prausnitzii	31.8578564636
PWY-6545: pyrimidine deoxyribonucleotides de novo biosynthesis III	31.6203800939
PWY0-166: superpathway of pyrimidine deoxyribonucleotides de novo biosynthesis (E. coli)	30.9290978648
ARGSYN-PWY: L-arginine biosynthesis I (via L-ornithine)	30.4188641643
ARGSYN-PWY: L-arginine biosynthesis I (via L-ornithine)|g__Bifidobacterium.s__Bifidobacterium_longum	2.1245490096
PWY-7184: pyrimidine deoxyribonucleotides de novo biosynthesis I	30.3523864096
PWY-5100: pyruvate fermentation to acetate and lactate II	29.5330256565
RHAMCAT-PWY: L-rhamnose degradation I	29.4028469717
RHAMCAT-PWY: L-rhamnose degradation I|g__Faecalibacterium.s__Faecalibacterium_prausnitzii	21.7023779728
RHAMCAT-PWY: L-rhamnose degradation I|g__Bacteroides.s__Bacteroides_ovatus	1.1248155410
PWY-7220: adenosine deoxyribonucleotides de novo biosynthesis II	29.2708914515
PWY-7220: adenosine deoxyribonucleotides de novo biosynthesis II|g__Bacteroides.s__Bacteroides_dorei	5.6010368033
PWY-7220: adenosine deoxyribonucleotides de novo biosynthesis II|g__Sutterella.s__Sutterella_wadsworthensis	2.6813628770
PWY-7222: guanosine deoxyribonucleotides de novo biosynthesis II	29.2708914515
PWY-7222: guanosine deoxyribonucleotides de novo biosynthesis II|g__Bacteroides.s__Bacteroides_dorei	5.6010368033
PWY-7222: guanosine deoxyribonucleotides de novo biosynthesis II|g__Sutterella.s__Sutterella_wadsworthensis	2.6813628770
GLCMANNANAUT-PWY: superpathway of N-acetylglucosamine, N-acetylmannosamine and N-acetylneuraminate degradation	26.9039451478
GLCMANNANAUT-PWY: superpathway of N-acetylglucosamine, N-acetylmannosamine and N-acetylneuraminate degradation|g__Faecalibacterium.s__Faecalibacterium_prausnitzii	20.9180094196
GLYCOGENSYNTH-PWY: glycogen biosynthesis I (from ADP-D-Glucose)	25.2579505542
GLYCOGENSYNTH-PWY: glycogen biosynthesis I (from ADP-D-Glucose)|g__Eubacterium.s__Eubacterium_rectale	15.8016042007
PWY-7197: pyrimidine deoxyribonucleotide phosphorylation	25.2176388714
PWY-7197: pyrimidine deoxyribonucleotide phosphorylation|g__Sutterella.s__Sutterella_wadsworthensis	2.8182493236
PWY-5030: L-histidine degradation III	24.8123987933
PWY-7199: pyrimidine deoxyribonucleosides salvage	24.3714268127
PWY-5989: stearate biosynthesis II (bacteria and plants)	24.2278176273
PWY-4242: pantothenate and coenzyme A biosynthesis III	21.3901854914
PWY-4242: pantothenate and coenzyme A biosynthesis III|g__Faecalibacterium.s__Faecalibacterium_prausnitzii	17.8999395057
PWY-5367: petroselinate biosynthesis	21.1481426233
PWY-5367: petroselinate biosynthesis|g__Eubacterium.s__Eubacterium_rectale	9.8724565771
PWY-6305: putrescine biosynthesis IV	15.5456787166
PWY-6305: putrescine biosynthesis IV|g__Faecalibacterium.s__Faecalibacterium_prausnitzii	15.4433148554
ARGSYNBSUB-PWY: L-arginine biosynthesis II (acetyl cycle)	14.1226930524
ARGSYNBSUB-PWY: L-arginine biosynthesis II (acetyl cycle)|g__Bifidobacterium.s__Bifidobacterium_longum	2.2288863175
PWY-5154: L-arginine biosynthesis III (via N-acetyl-L-citrulline)	13.3958986864
TRPSYN-PWY: L-tryptophan biosynthesis	12.4070086181
ANAEROFRUCAT-PWY: homolactic fermentation	12.3296673992
PWY4FS-7: phosphatidylglycerol biosynthesis I (plastidic)	11.7540789695
PWY4FS-8: phosphatidylglycerol biosynthesis II (non-plastidic)	11.7540789695
DENOVOPURINE2-PWY: superpathway of purine nucleotides de novo biosynthesis II	11.4328394699
PWY0-162: superpathway of pyrimidine ribonucleotides de novo biosynthesis	10.5449601120
CITRULBIO-PWY: L-citrulline biosynthesis	10.2782513293
PWY-6969: TCA cycle V (2-oxoglutarate:ferredoxin oxidoreductase)	9.5494570906
TCA: TCA cycle I (prokaryotic)	9.4655231760
OANTIGEN-PWY: O-antigen building blocks biosynthesis (E. coli)	9.3737868497
PWY-1269: CMP-3-deoxy-D-manno-octulosonate biosynthesis I	9.2498939603
PWY-1269: CMP-3-deoxy-D-manno-octulosonate biosynthesis I|g__Alistipes.s__Alistipes_shahii	2.1279107344
PWY-7187: pyrimidine deoxyribonucleotides de novo biosynthesis II	9.0955103667
DAPLYSINESYN-PWY: L-lysine biosynthesis I	8.8761935473
PYRIDNUCSYN-PWY: NAD biosynthesis I (from aspartate)	8.8460858537
PYRIDNUCSYN-PWY: NAD biosynthesis I (from aspartate)|g__Alistipes.s__Alistipes_shahii	1.0681313094
PWY-4984: urea cycle	8.7248390719
PWY-5188: tetrapyrrole biosynthesis I (from glutamate)	8.6302100294
PWY-5188: tetrapyrrole biosynthesis I (from glutamate)|g__Dialister.s__Dialister_invisus	3.6953957666
PWY-5188: tetrapyrrole biosynthesis I (from glutamate)|g__Sutterella.s__Sutterella_wadsworthensis	1.6619534829
GLUTORN-PWY: L-ornithine biosynthesis	8.4078852173
GLUTORN-PWY: L-ornithine biosynthesis|g__Bifidobacterium.s__Bifidobacterium_longum	1.5152022369
PWY0-1261: anhydromuropeptides recycling	7.4956528525
GLUCONEO-PWY: gluconeogenesis I	7.3531018067
PWY-5690: TCA cycle II (plants and fungi)	6.7206097325
HISTSYN-PWY: L-histidine biosynthesis	6.2915435674
PWY-2941: L-lysine biosynthesis II	5.8389207437
HISDEG-PWY: L-histidine degradation I	5.7807024997
HISDEG-PWY: L-histidine degradation I|g__Alistipes.s__Alistipes_shahii	0.9346337505
PWY-5347: superpathway of L-methionine biosynthesis (transsulfuration)	5.7472278069
UDPNAGSYN-PWY: UDP-N-acetyl-D-glucosamine biosynthesis I	5.4478637626
UDPNAGSYN-PWY: UDP-N-acetyl-D-glucosamine biosynthesis I|g__Bifidobacterium.s__Bifidobacterium_longum	2.7090407603
POLYAMSYN-PWY: superpathway of polyamine biosynthesis I	5.3345920280
PWY66-400: glycolysis VI (metazoan)	5.3193170915
PWY66-400: glycolysis VI (metazoan)|g__Bacteroides.s__Bacteroides_ovatus	1.0137875101
METSYN-PWY: L-homoserine and L-methionine biosynthesis	5.0238101084
PWY-5005: biotin biosynthesis II	4.9043703063
GLYCOLYSIS: glycolysis I (from glucose 6-phosphate)	4.8015168222
PWY-5484: glycolysis II (from fructose 6-phosphate)	4.7847329490
HEMESYN2-PWY: heme biosynthesis II (anaerobic)	4.0899520802
HEMESYN2-PWY: heme biosynthesis II (anaerobic)|g__Sutterella.s__Sutterella_wadsworthensis	2.6830548639
MET-SAM-PWY: superpathway of S-adenosyl-L-methionine biosynthesis	3.9893494060
PWY-7211: superpathway of pyrimidine deoxyribonucleotides de novo biosynthesis	3.3479563726
NAGLIPASYN-PWY: lipid IVA biosynthesis	3.0033940930
NAGLIPASYN-PWY: lipid IVA biosynthesis|g__Sutterella.s__Sutterella_wadsworthensis	2.2832276385
HOMOSER-METSYN-PWY: L-methionine biosynthesis I	2.5942811744
HOMOSER-METSYN-PWY: L-methionine biosynthesis I|g__Ruminococcus.s__Ruminococcus_bromii	1.1664074650
PWY-7210: pyrimidine deoxyribonucleotides biosynthesis from CTP	2.0263220103
GLYCOCAT-PWY: glycogen degradation I (bacterial)	1.8729013381
PWY-6936: seleno-amino acid biosynthesis	1.7245353530
PWY-7198: pyrimidine deoxyribonucleotides de novo biosynthesis IV	1.4494667106