# Pathway	ERR480756_Abundance
UNMAPPED	218139.9044627612
UNINTEGRATED	197401.4137438430
UNINTEGRATED|g__Bacteroides.s__Bacteroides_dorei	55304.6756258619
UNINTEGRATED|g__Streptococcus.s__Streptococcus_thermophilus	34961.8706291609
UNINTEGRATED|g__Escherichia.s__Escherichia_coli	15482.1864202259
UNINTEGRATED|g__Bifidobacterium.s__Bifidobacterium_animalis	14954.3741132450
UNINTEGRATED|g__Bacteroides.s__Bacteroides_ovatus	14444.8564693439
UNINTEGRATED|g__Blautia.s__Ruminococcus_torques	4467.0976259648
UNINTEGRATED|g__Bacteroides.s__Bacteroides_fragilis	4303.5653544090
UNINTEGRATED|g__Dorea.s__Dorea_longicatena	3892.9037729672
UNINTEGRATED|g__Blautia.s__Ruminococcus_gnavus	3043.5878853118
UNINTEGRATED|g__Streptococcus.s__Streptococcus_salivarius	2765.3112455808
UNINTEGRATED|g__Eubacterium.s__Eubacterium_rectale	2133.7629653436
UNINTEGRATED|g__Bacteroides.s__Bacteroides_uniformis	1699.8311213337
UNINTEGRATED|g__Parabacteroides.s__Parabacteroides_distasonis	1569.7933236753
UNINTEGRATED|g__Lactococcus.s__Lactococcus_lactis	1366.1017733268
UNINTEGRATED|g__Streptococcus.s__Streptococcus_mitis_oralis_pneumoniae	1365.2643468454
UNINTEGRATED|g__Bacteroides.s__Bacteroides_thetaiotaomicron	1320.5640536200
UNINTEGRATED|g__Blautia.s__Ruminococcus_obeum	1266.8259264361
UNINTEGRATED|g__Peptostreptococcaceae_noname.s__Clostridium_bartlettii	1085.3847385780
UNINTEGRATED|g__Lactobacillus.s__Lactobacillus_delbrueckii	610.7330288292
UNINTEGRATED|g__Abiotrophia.s__Abiotrophia_defectiva	102.3252083347
PWY-7219: adenosine ribonucleotides de novo biosynthesis	186.2665811925
PWY-7219: adenosine ribonucleotides de novo biosynthesis|g__Streptococcus.s__Streptococcus_thermophilus	59.5973290362
PWY-7219: adenosine ribonucleotides de novo biosynthesis|g__Bacteroides.s__Bacteroides_dorei	54.8697244975
PWY-7219: adenosine ribonucleotides de novo biosynthesis|g__Bifidobacterium.s__Bifidobacterium_animalis	32.1442494865
PWY-7219: adenosine ribonucleotides de novo biosynthesis|g__Bacteroides.s__Bacteroides_ovatus	10.3688002282
PWY-7219: adenosine ribonucleotides de novo biosynthesis|g__Escherichia.s__Escherichia_coli	6.5979857682
PWY-7219: adenosine ribonucleotides de novo biosynthesis|g__Blautia.s__Ruminococcus_torques	3.5795217517
PWY-7219: adenosine ribonucleotides de novo biosynthesis|g__Parabacteroides.s__Parabacteroides_distasonis	2.6412807040
PWY-7219: adenosine ribonucleotides de novo biosynthesis|g__Eubacterium.s__Eubacterium_rectale	2.4410946917
PWY-7219: adenosine ribonucleotides de novo biosynthesis|g__Streptococcus.s__Streptococcus_mitis_oralis_pneumoniae	1.7463124947
PWY-7219: adenosine ribonucleotides de novo biosynthesis|g__Abiotrophia.s__Abiotrophia_defectiva	1.4329718568
PWY-7219: adenosine ribonucleotides de novo biosynthesis|g__Blautia.s__Ruminococcus_obeum	1.3297760507
PWY-7219: adenosine ribonucleotides de novo biosynthesis|g__Streptococcus.s__Streptococcus_salivarius	1.2658673757
PWY-7219: adenosine ribonucleotides de novo biosynthesis|g__Bacteroides.s__Bacteroides_thetaiotaomicron	1.2310053773
PWY-7219: adenosine ribonucleotides de novo biosynthesis|g__Blautia.s__Ruminococcus_gnavus	1.0165976829
PWY-7221: guanosine ribonucleotides de novo biosynthesis	155.7636595407
PWY-7221: guanosine ribonucleotides de novo biosynthesis|g__Streptococcus.s__Streptococcus_thermophilus	47.9427463078
PWY-7221: guanosine ribonucleotides de novo biosynthesis|g__Bacteroides.s__Bacteroides_dorei	35.3974831166
PWY-7221: guanosine ribonucleotides de novo biosynthesis|g__Bifidobacterium.s__Bifidobacterium_animalis	20.6229672221
PWY-7221: guanosine ribonucleotides de novo biosynthesis|g__Bacteroides.s__Bacteroides_ovatus	13.1539369940
PWY-7221: guanosine ribonucleotides de novo biosynthesis|g__Escherichia.s__Escherichia_coli	2.8878101037
PWY-7221: guanosine ribonucleotides de novo biosynthesis|g__Parabacteroides.s__Parabacteroides_distasonis	2.5866189043
PWY-7221: guanosine ribonucleotides de novo biosynthesis|g__Streptococcus.s__Streptococcus_salivarius	2.2900754793
PWY-7221: guanosine ribonucleotides de novo biosynthesis|g__Blautia.s__Ruminococcus_gnavus	2.1402086688
PWY-7221: guanosine ribonucleotides de novo biosynthesis|g__Eubacterium.s__Eubacterium_rectale	1.2776425645
PWY-7221: guanosine ribonucleotides de novo biosynthesis|g__Peptostreptococcaceae_noname.s__Clostridium_bartlettii	1.0835932968
PWY-7221: guanosine ribonucleotides de novo biosynthesis|g__Bacteroides.s__Bacteroides_thetaiotaomicron	1.0385804250
PWY-7221: guanosine ribonucleotides de novo biosynthesis|g__Streptococcus.s__Streptococcus_mitis_oralis_pneumoniae	1.0106335193
PWY-7221: guanosine ribonucleotides de novo biosynthesis|g__Abiotrophia.s__Abiotrophia_defectiva	0.8111944839
PWY-7221: guanosine ribonucleotides de novo biosynthesis|g__Lactococcus.s__Lactococcus_lactis	0.8105369807
PWY-6386: UDP-N-acetylmuramoyl-pentapeptide biosynthesis II (lysine-containing)	148.1826454396
PWY-6386: UDP-N-acetylmuramoyl-pentapeptide biosynthesis II (lysine-containing)|g__Streptococcus.s__Streptococcus_thermophilus	59.9331899392
PWY-6386: UDP-N-acetylmuramoyl-pentapeptide biosynthesis II (lysine-containing)|g__Escherichia.s__Escherichia_coli	2.9021021544
PWY-6386: UDP-N-acetylmuramoyl-pentapeptide biosynthesis II (lysine-containing)|g__Blautia.s__Ruminococcus_torques	2.4640649501
PWY-6386: UDP-N-acetylmuramoyl-pentapeptide biosynthesis II (lysine-containing)|g__Blautia.s__Ruminococcus_gnavus	1.4939680471
PWY-6387: UDP-N-acetylmuramoyl-pentapeptide biosynthesis I (meso-diaminopimelate containing)	141.4073610683
PWY-6387: UDP-N-acetylmuramoyl-pentapeptide biosynthesis I (meso-diaminopimelate containing)|g__Bacteroides.s__Bacteroides_dorei	41.0322107699
PWY-6387: UDP-N-acetylmuramoyl-pentapeptide biosynthesis I (meso-diaminopimelate containing)|g__Bifidobacterium.s__Bifidobacterium_animalis	26.2449759964
PWY-6387: UDP-N-acetylmuramoyl-pentapeptide biosynthesis I (meso-diaminopimelate containing)|g__Escherichia.s__Escherichia_coli	3.5614279687
PWY-6387: UDP-N-acetylmuramoyl-pentapeptide biosynthesis I (meso-diaminopimelate containing)|g__Blautia.s__Ruminococcus_torques	2.7922992629
PWY-6387: UDP-N-acetylmuramoyl-pentapeptide biosynthesis I (meso-diaminopimelate containing)|g__Blautia.s__Ruminococcus_gnavus	1.3968528979
PWY-6387: UDP-N-acetylmuramoyl-pentapeptide biosynthesis I (meso-diaminopimelate containing)|g__Parabacteroides.s__Parabacteroides_distasonis	1.1282431977
PEPTIDOGLYCANSYN-PWY: peptidoglycan biosynthesis I (meso-diaminopimelate containing)	140.9376932592
PEPTIDOGLYCANSYN-PWY: peptidoglycan biosynthesis I (meso-diaminopimelate containing)|g__Bacteroides.s__Bacteroides_dorei	41.8185031234
PEPTIDOGLYCANSYN-PWY: peptidoglycan biosynthesis I (meso-diaminopimelate containing)|g__Bifidobacterium.s__Bifidobacterium_animalis	23.2597451004
PEPTIDOGLYCANSYN-PWY: peptidoglycan biosynthesis I (meso-diaminopimelate containing)|g__Escherichia.s__Escherichia_coli	3.7836881388
PEPTIDOGLYCANSYN-PWY: peptidoglycan biosynthesis I (meso-diaminopimelate containing)|g__Blautia.s__Ruminococcus_torques	1.9694567612
PEPTIDOGLYCANSYN-PWY: peptidoglycan biosynthesis I (meso-diaminopimelate containing)|g__Blautia.s__Ruminococcus_gnavus	1.4224351059
PEPTIDOGLYCANSYN-PWY: peptidoglycan biosynthesis I (meso-diaminopimelate containing)|g__Parabacteroides.s__Parabacteroides_distasonis	1.2491960751
PWY-6121: 5-aminoimidazole ribonucleotide biosynthesis I	138.6213929780
PWY-6121: 5-aminoimidazole ribonucleotide biosynthesis I|g__Streptococcus.s__Streptococcus_thermophilus	58.0359152554
PWY-6121: 5-aminoimidazole ribonucleotide biosynthesis I|g__Streptococcus.s__Streptococcus_salivarius	3.5203751252
PWY-6121: 5-aminoimidazole ribonucleotide biosynthesis I|g__Blautia.s__Ruminococcus_gnavus	2.0583102314
PWY-6121: 5-aminoimidazole ribonucleotide biosynthesis I|g__Lactobacillus.s__Lactobacillus_delbrueckii	1.1228385358
PWY-6121: 5-aminoimidazole ribonucleotide biosynthesis I|g__Streptococcus.s__Streptococcus_mitis_oralis_pneumoniae	1.1180113661
PWY-6121: 5-aminoimidazole ribonucleotide biosynthesis I|g__Peptostreptococcaceae_noname.s__Clostridium_bartlettii	1.0993259611
PWY-6122: 5-aminoimidazole ribonucleotide biosynthesis II	134.5754563454
PWY-6122: 5-aminoimidazole ribonucleotide biosynthesis II|g__Streptococcus.s__Streptococcus_thermophilus	57.0670248130
PWY-6122: 5-aminoimidazole ribonucleotide biosynthesis II|g__Bifidobacterium.s__Bifidobacterium_animalis	24.3786182709
PWY-6122: 5-aminoimidazole ribonucleotide biosynthesis II|g__Streptococcus.s__Streptococcus_salivarius	3.3702893193
PWY-6122: 5-aminoimidazole ribonucleotide biosynthesis II|g__Blautia.s__Ruminococcus_gnavus	2.1274592066
PWY-6122: 5-aminoimidazole ribonucleotide biosynthesis II|g__Lactobacillus.s__Lactobacillus_delbrueckii	1.0160020320
PWY-6122: 5-aminoimidazole ribonucleotide biosynthesis II|g__Streptococcus.s__Streptococcus_mitis_oralis_pneumoniae	0.9964559928
PWY-6122: 5-aminoimidazole ribonucleotide biosynthesis II|g__Peptostreptococcaceae_noname.s__Clostridium_bartlettii	0.9895499719
PWY-6277: superpathway of 5-aminoimidazole ribonucleotide biosynthesis	134.5754563454
PWY-6277: superpathway of 5-aminoimidazole ribonucleotide biosynthesis|g__Streptococcus.s__Streptococcus_thermophilus	57.0670248130
PWY-6277: superpathway of 5-aminoimidazole ribonucleotide biosynthesis|g__Bifidobacterium.s__Bifidobacterium_animalis	24.3786182709
PWY-6277: superpathway of 5-aminoimidazole ribonucleotide biosynthesis|g__Streptococcus.s__Streptococcus_salivarius	3.3702893193
PWY-6277: superpathway of 5-aminoimidazole ribonucleotide biosynthesis|g__Blautia.s__Ruminococcus_gnavus	2.1274592066
PWY-6277: superpathway of 5-aminoimidazole ribonucleotide biosynthesis|g__Lactobacillus.s__Lactobacillus_delbrueckii	1.0160020320
PWY-6277: superpathway of 5-aminoimidazole ribonucleotide biosynthesis|g__Streptococcus.s__Streptococcus_mitis_oralis_pneumoniae	0.9964559928
PWY-6277: superpathway of 5-aminoimidazole ribonucleotide biosynthesis|g__Peptostreptococcaceae_noname.s__Clostridium_bartlettii	0.9895499719
PWY-6385: peptidoglycan biosynthesis III (mycobacteria)	132.0657569071
PWY-6385: peptidoglycan biosynthesis III (mycobacteria)|g__Bifidobacterium.s__Bifidobacterium_animalis	24.9261146416
PWY-6385: peptidoglycan biosynthesis III (mycobacteria)|g__Escherichia.s__Escherichia_coli	3.6640538684
PWY-6385: peptidoglycan biosynthesis III (mycobacteria)|g__Blautia.s__Ruminococcus_torques	1.7034201442
COA-PWY-1: coenzyme A biosynthesis II (mammalian)	131.0047538386
COA-PWY-1: coenzyme A biosynthesis II (mammalian)|g__Bacteroides.s__Bacteroides_dorei	32.7122537384
COA-PWY-1: coenzyme A biosynthesis II (mammalian)|g__Bacteroides.s__Bacteroides_ovatus	11.2409785782
COA-PWY-1: coenzyme A biosynthesis II (mammalian)|g__Escherichia.s__Escherichia_coli	4.4206037160
COA-PWY-1: coenzyme A biosynthesis II (mammalian)|g__Parabacteroides.s__Parabacteroides_distasonis	3.1306524638
COA-PWY-1: coenzyme A biosynthesis II (mammalian)|g__Blautia.s__Ruminococcus_torques	2.9411331102
COA-PWY-1: coenzyme A biosynthesis II (mammalian)|g__Bacteroides.s__Bacteroides_fragilis	2.2595244529
PWY-6151: S-adenosyl-L-methionine cycle I	128.2204030584
PWY-6151: S-adenosyl-L-methionine cycle I|g__Bacteroides.s__Bacteroides_dorei	50.3874618395
PWY-6151: S-adenosyl-L-methionine cycle I|g__Streptococcus.s__Streptococcus_thermophilus	35.1384876375
PWY-6151: S-adenosyl-L-methionine cycle I|g__Bifidobacterium.s__Bifidobacterium_animalis	31.4125879803
PWY-6151: S-adenosyl-L-methionine cycle I|g__Streptococcus.s__Streptococcus_salivarius	5.3089803857
PWY-6151: S-adenosyl-L-methionine cycle I|g__Blautia.s__Ruminococcus_torques	3.6779514136
PWY-6151: S-adenosyl-L-methionine cycle I|g__Escherichia.s__Escherichia_coli	3.6737285280
PWY-6151: S-adenosyl-L-methionine cycle I|g__Blautia.s__Ruminococcus_gnavus	2.3834723139
PWY-6151: S-adenosyl-L-methionine cycle I|g__Streptococcus.s__Streptococcus_mitis_oralis_pneumoniae	1.3628676760
PWY-6151: S-adenosyl-L-methionine cycle I|g__Lactococcus.s__Lactococcus_lactis	1.1991588933
PWY-5686: UMP biosynthesis	128.0610297327
PWY-5686: UMP biosynthesis|g__Bifidobacterium.s__Bifidobacterium_animalis	19.5379849250
PWY-5686: UMP biosynthesis|g__Bacteroides.s__Bacteroides_ovatus	6.0281445024
PWY-5686: UMP biosynthesis|g__Blautia.s__Ruminococcus_torques	4.5482571908
PWY-5686: UMP biosynthesis|g__Escherichia.s__Escherichia_coli	4.0322567279
PWY-5686: UMP biosynthesis|g__Blautia.s__Ruminococcus_gnavus	1.4508556936
PWY-5686: UMP biosynthesis|g__Bacteroides.s__Bacteroides_uniformis	1.2392556415
PWY-5686: UMP biosynthesis|g__Bacteroides.s__Bacteroides_thetaiotaomicron	1.1322891112
PWY-5097: L-lysine biosynthesis VI	126.6807323933
PWY-5097: L-lysine biosynthesis VI|g__Bifidobacterium.s__Bifidobacterium_animalis	27.4729751735
PWY-5097: L-lysine biosynthesis VI|g__Bacteroides.s__Bacteroides_ovatus	6.6966720892
PWY-5097: L-lysine biosynthesis VI|g__Blautia.s__Ruminococcus_torques	4.6542915738
PWY-5097: L-lysine biosynthesis VI|g__Parabacteroides.s__Parabacteroides_distasonis	2.0664926342
PWY-2942: L-lysine biosynthesis III	123.6228869994
PWY-2942: L-lysine biosynthesis III|g__Bacteroides.s__Bacteroides_dorei	36.7249005878
PWY-2942: L-lysine biosynthesis III|g__Bifidobacterium.s__Bifidobacterium_animalis	33.2512101498
PWY-2942: L-lysine biosynthesis III|g__Bacteroides.s__Bacteroides_ovatus	7.1093311363
PWY-2942: L-lysine biosynthesis III|g__Blautia.s__Ruminococcus_torques	4.7428798210
PWY-2942: L-lysine biosynthesis III|g__Parabacteroides.s__Parabacteroides_distasonis	1.6669886384
PWY-3841: folate transformations II	122.3275678658
PWY-3841: folate transformations II|g__Streptococcus.s__Streptococcus_thermophilus	41.6600689396
PWY-3841: folate transformations II|g__Bacteroides.s__Bacteroides_dorei	33.5557151013
PWY-3841: folate transformations II|g__Bacteroides.s__Bacteroides_ovatus	10.5021808867
PWY-3841: folate transformations II|g__Streptococcus.s__Streptococcus_salivarius	3.3397825415
PWY-3841: folate transformations II|g__Escherichia.s__Escherichia_coli	2.7889602050
PWY-3841: folate transformations II|g__Bacteroides.s__Bacteroides_thetaiotaomicron	1.5382283623
PWY-3841: folate transformations II|g__Streptococcus.s__Streptococcus_mitis_oralis_pneumoniae	1.2689978137
ILEUSYN-PWY: L-isoleucine biosynthesis I (from threonine)	115.5288458168
ILEUSYN-PWY: L-isoleucine biosynthesis I (from threonine)|g__Escherichia.s__Escherichia_coli	7.9712291966
ILEUSYN-PWY: L-isoleucine biosynthesis I (from threonine)|g__Lactococcus.s__Lactococcus_lactis	1.1441622162
PWY-7111: pyruvate fermentation to isobutanol (engineered)	115.5288458168
PWY-7111: pyruvate fermentation to isobutanol (engineered)|g__Streptococcus.s__Streptococcus_thermophilus	14.6188822368
PWY-7111: pyruvate fermentation to isobutanol (engineered)|g__Escherichia.s__Escherichia_coli	11.4316239965
PWY-7111: pyruvate fermentation to isobutanol (engineered)|g__Blautia.s__Ruminococcus_torques	5.9286519634
PWY-7111: pyruvate fermentation to isobutanol (engineered)|g__Streptococcus.s__Streptococcus_salivarius	4.8845343734
PWY-7111: pyruvate fermentation to isobutanol (engineered)|g__Blautia.s__Ruminococcus_gnavus	3.6059456661
PWY-7111: pyruvate fermentation to isobutanol (engineered)|g__Dorea.s__Dorea_longicatena	2.1455384863
PWY-7111: pyruvate fermentation to isobutanol (engineered)|g__Eubacterium.s__Eubacterium_rectale	1.8682177289
PWY-7111: pyruvate fermentation to isobutanol (engineered)|g__Lactococcus.s__Lactococcus_lactis	1.1441622162
PWY-7111: pyruvate fermentation to isobutanol (engineered)|g__Streptococcus.s__Streptococcus_mitis_oralis_pneumoniae	1.1350009774
PWY-7111: pyruvate fermentation to isobutanol (engineered)|g__Parabacteroides.s__Parabacteroides_distasonis	0.8256586870
VALSYN-PWY: L-valine biosynthesis	115.5288458168
VALSYN-PWY: L-valine biosynthesis|g__Streptococcus.s__Streptococcus_thermophilus	45.5090881186
VALSYN-PWY: L-valine biosynthesis|g__Escherichia.s__Escherichia_coli	7.9712291966
VALSYN-PWY: L-valine biosynthesis|g__Blautia.s__Ruminococcus_torques	5.9286519634
VALSYN-PWY: L-valine biosynthesis|g__Dorea.s__Dorea_longicatena	2.1455384863
VALSYN-PWY: L-valine biosynthesis|g__Eubacterium.s__Eubacterium_rectale	1.8682177289
VALSYN-PWY: L-valine biosynthesis|g__Blautia.s__Ruminococcus_obeum	1.6863218444
VALSYN-PWY: L-valine biosynthesis|g__Lactococcus.s__Lactococcus_lactis	1.1441622162
VALSYN-PWY: L-valine biosynthesis|g__Streptococcus.s__Streptococcus_mitis_oralis_pneumoniae	1.1350009774
VALSYN-PWY: L-valine biosynthesis|g__Parabacteroides.s__Parabacteroides_distasonis	0.8256586870
PWY-7229: superpathway of adenosine nucleotides de novo biosynthesis I	114.9682259635
PWY-7229: superpathway of adenosine nucleotides de novo biosynthesis I|g__Streptococcus.s__Streptococcus_thermophilus	46.3744312329
PWY-7229: superpathway of adenosine nucleotides de novo biosynthesis I|g__Bacteroides.s__Bacteroides_dorei	41.2261914010
COMPLETE-ARO-PWY: superpathway of aromatic amino acid biosynthesis	109.6023038175
COMPLETE-ARO-PWY: superpathway of aromatic amino acid biosynthesis|g__Streptococcus.s__Streptococcus_thermophilus	49.5838512031
COMPLETE-ARO-PWY: superpathway of aromatic amino acid biosynthesis|g__Escherichia.s__Escherichia_coli	4.5186267258
COMPLETE-ARO-PWY: superpathway of aromatic amino acid biosynthesis|g__Blautia.s__Ruminococcus_torques	3.1231072642
BRANCHED-CHAIN-AA-SYN-PWY: superpathway of branched amino acid biosynthesis	107.5733330414
BRANCHED-CHAIN-AA-SYN-PWY: superpathway of branched amino acid biosynthesis|g__Escherichia.s__Escherichia_coli	3.6448591808
BRANCHED-CHAIN-AA-SYN-PWY: superpathway of branched amino acid biosynthesis|g__Lactococcus.s__Lactococcus_lactis	1.1284114715
PWY-6700: queuosine biosynthesis	106.9253197963
PWY-6700: queuosine biosynthesis|g__Bacteroides.s__Bacteroides_dorei	44.9019826010
PWY-6700: queuosine biosynthesis|g__Bacteroides.s__Bacteroides_ovatus	13.5088007952
PWY-6700: queuosine biosynthesis|g__Escherichia.s__Escherichia_coli	1.3673375597
ARO-PWY: chorismate biosynthesis I	106.2636878699
ARO-PWY: chorismate biosynthesis I|g__Streptococcus.s__Streptococcus_thermophilus	48.3592202563
ARO-PWY: chorismate biosynthesis I|g__Escherichia.s__Escherichia_coli	4.1604918353
ARO-PWY: chorismate biosynthesis I|g__Blautia.s__Ruminococcus_torques	2.8598154173
ARO-PWY: chorismate biosynthesis I|g__Peptostreptococcaceae_noname.s__Clostridium_bartlettii	1.1896546728
PWY-6126: superpathway of adenosine nucleotides de novo biosynthesis II	104.6992227921
PWY-6126: superpathway of adenosine nucleotides de novo biosynthesis II|g__Bacteroides.s__Bacteroides_dorei	38.2449789061
PWY-5695: urate biosynthesis/inosine 5'-phosphate degradation	103.8137816155
PWY-5695: urate biosynthesis/inosine 5'-phosphate degradation|g__Bacteroides.s__Bacteroides_dorei	42.1609896269
PWY-5695: urate biosynthesis/inosine 5'-phosphate degradation|g__Blautia.s__Ruminococcus_torques	6.2812055765
PWY-5695: urate biosynthesis/inosine 5'-phosphate degradation|g__Escherichia.s__Escherichia_coli	5.6827897014
PWY66-409: superpathway of purine nucleotide salvage	103.4703079673
PWY-6163: chorismate biosynthesis from 3-dehydroquinate	103.4504397728
PWY-6163: chorismate biosynthesis from 3-dehydroquinate|g__Streptococcus.s__Streptococcus_thermophilus	49.9734398389
PWY-6163: chorismate biosynthesis from 3-dehydroquinate|g__Escherichia.s__Escherichia_coli	3.4973104528
PWY-6163: chorismate biosynthesis from 3-dehydroquinate|g__Blautia.s__Ruminococcus_torques	2.5507972513
PWY-6163: chorismate biosynthesis from 3-dehydroquinate|g__Peptostreptococcaceae_noname.s__Clostridium_bartlettii	1.2645229058
1CMET2-PWY: N10-formyl-tetrahydrofolate biosynthesis	102.5626433954
1CMET2-PWY: N10-formyl-tetrahydrofolate biosynthesis|g__Escherichia.s__Escherichia_coli	2.7973719562
PWY-5103: L-isoleucine biosynthesis III	101.8700804533
PWY-5103: L-isoleucine biosynthesis III|g__Escherichia.s__Escherichia_coli	2.3931606831
PWY-5103: L-isoleucine biosynthesis III|g__Lactococcus.s__Lactococcus_lactis	1.1284114715
PWY-3001: superpathway of L-isoleucine biosynthesis I	99.6051215085
PWY-3001: superpathway of L-isoleucine biosynthesis I|g__Escherichia.s__Escherichia_coli	2.9125816841
PWY-6609: adenine and adenosine salvage III	98.4349001404
PWY-6609: adenine and adenosine salvage III|g__Streptococcus.s__Streptococcus_thermophilus	36.8470759732
PWY-6609: adenine and adenosine salvage III|g__Blautia.s__Ruminococcus_torques	10.9725964019
PWY-6609: adenine and adenosine salvage III|g__Bacteroides.s__Bacteroides_ovatus	4.7726927193
PWY-6609: adenine and adenosine salvage III|g__Escherichia.s__Escherichia_coli	3.3150921006
PWY-6609: adenine and adenosine salvage III|g__Blautia.s__Ruminococcus_gnavus	1.5929908403
PWY-6123: inosine-5'-phosphate biosynthesis I	97.5522312908
PWY-6123: inosine-5'-phosphate biosynthesis I|g__Streptococcus.s__Streptococcus_thermophilus	39.8705210078
PWY-6123: inosine-5'-phosphate biosynthesis I|g__Bacteroides.s__Bacteroides_ovatus	7.7146625357
PWY-6123: inosine-5'-phosphate biosynthesis I|g__Escherichia.s__Escherichia_coli	4.3134576157
PWY-6123: inosine-5'-phosphate biosynthesis I|g__Bacteroides.s__Bacteroides_fragilis	1.9123785538
PWY-6123: inosine-5'-phosphate biosynthesis I|g__Lactobacillus.s__Lactobacillus_delbrueckii	1.0200987257
PWY-7228: superpathway of guanosine nucleotides de novo biosynthesis I	96.2861070687
PWY-7228: superpathway of guanosine nucleotides de novo biosynthesis I|g__Streptococcus.s__Streptococcus_thermophilus	37.4211916907
PWY-7228: superpathway of guanosine nucleotides de novo biosynthesis I|g__Bacteroides.s__Bacteroides_dorei	34.8060568291
ANAGLYCOLYSIS-PWY: glycolysis III (from glucose)	95.4779416802
ANAGLYCOLYSIS-PWY: glycolysis III (from glucose)|g__Bacteroides.s__Bacteroides_ovatus	8.5407125498
ANAGLYCOLYSIS-PWY: glycolysis III (from glucose)|g__Escherichia.s__Escherichia_coli	5.8585854477
NONMEVIPP-PWY: methylerythritol phosphate pathway I	95.2973099778
NONMEVIPP-PWY: methylerythritol phosphate pathway I|g__Bacteroides.s__Bacteroides_ovatus	7.7305183412
THRESYN-PWY: superpathway of L-threonine biosynthesis	94.0217661110
THRESYN-PWY: superpathway of L-threonine biosynthesis|g__Bifidobacterium.s__Bifidobacterium_animalis	40.0248170009
THRESYN-PWY: superpathway of L-threonine biosynthesis|g__Blautia.s__Ruminococcus_torques	3.5601530476
THRESYN-PWY: superpathway of L-threonine biosynthesis|g__Escherichia.s__Escherichia_coli	3.2084171536
PWY-6936: seleno-amino acid biosynthesis	93.8809668042
PWY-6936: seleno-amino acid biosynthesis|g__Escherichia.s__Escherichia_coli	6.4898821796
PWY-6936: seleno-amino acid biosynthesis|g__Lactococcus.s__Lactococcus_lactis	1.3316682812
PWY-7208: superpathway of pyrimidine nucleobases salvage	91.7657504909
PWY-7208: superpathway of pyrimidine nucleobases salvage|g__Streptococcus.s__Streptococcus_thermophilus	42.4290610693
PWY-7208: superpathway of pyrimidine nucleobases salvage|g__Blautia.s__Ruminococcus_torques	3.0763375694
PWY-6125: superpathway of guanosine nucleotides de novo biosynthesis II	90.9278216584
PWY-6125: superpathway of guanosine nucleotides de novo biosynthesis II|g__Bacteroides.s__Bacteroides_dorei	32.3678104226
UDPNAGSYN-PWY: UDP-N-acetyl-D-glucosamine biosynthesis I	90.3641701344
UDPNAGSYN-PWY: UDP-N-acetyl-D-glucosamine biosynthesis I|g__Streptococcus.s__Streptococcus_thermophilus	54.6329240723
UDPNAGSYN-PWY: UDP-N-acetyl-D-glucosamine biosynthesis I|g__Bifidobacterium.s__Bifidobacterium_animalis	22.2981086313
UDPNAGSYN-PWY: UDP-N-acetyl-D-glucosamine biosynthesis I|g__Escherichia.s__Escherichia_coli	3.9043429526
UDPNAGSYN-PWY: UDP-N-acetyl-D-glucosamine biosynthesis I|g__Streptococcus.s__Streptococcus_salivarius	2.5334489939
PWY-6124: inosine-5'-phosphate biosynthesis II	88.4056787615
PWY-6124: inosine-5'-phosphate biosynthesis II|g__Streptococcus.s__Streptococcus_thermophilus	36.9176255843
PWY-6124: inosine-5'-phosphate biosynthesis II|g__Bacteroides.s__Bacteroides_ovatus	7.9355548975
PWY-6124: inosine-5'-phosphate biosynthesis II|g__Escherichia.s__Escherichia_coli	4.3094238484
PWY-6124: inosine-5'-phosphate biosynthesis II|g__Bacteroides.s__Bacteroides_fragilis	1.8522263210
PWY-6124: inosine-5'-phosphate biosynthesis II|g__Lactobacillus.s__Lactobacillus_delbrueckii	0.8806222720
PWY-724: superpathway of L-lysine, L-threonine and L-methionine biosynthesis II	88.0714979058
PWY-1042: glycolysis IV (plant cytosol)	87.2427959111
PWY-1042: glycolysis IV (plant cytosol)|g__Bacteroides.s__Bacteroides_ovatus	7.3860061098
PWY-1042: glycolysis IV (plant cytosol)|g__Escherichia.s__Escherichia_coli	5.7546487795
PWY-1042: glycolysis IV (plant cytosol)|g__Blautia.s__Ruminococcus_torques	5.3517113971
ARGSYNBSUB-PWY: L-arginine biosynthesis II (acetyl cycle)	87.0909437562
ARGSYNBSUB-PWY: L-arginine biosynthesis II (acetyl cycle)|g__Blautia.s__Ruminococcus_torques	4.7238368807
ARGSYNBSUB-PWY: L-arginine biosynthesis II (acetyl cycle)|g__Escherichia.s__Escherichia_coli	3.4613288472
GLYCOLYSIS: glycolysis I (from glucose 6-phosphate)	86.5022659807
GLYCOLYSIS: glycolysis I (from glucose 6-phosphate)|g__Escherichia.s__Escherichia_coli	4.0651506440
PWY-6270: isoprene biosynthesis I	85.5997671379
PWY-7560: methylerythritol phosphate pathway II	83.8556367096
PANTO-PWY: phosphopantothenate biosynthesis I	82.9275153982
PANTO-PWY: phosphopantothenate biosynthesis I|g__Bacteroides.s__Bacteroides_dorei	41.2375597813
PANTO-PWY: phosphopantothenate biosynthesis I|g__Bacteroides.s__Bacteroides_ovatus	7.9778864762
PANTO-PWY: phosphopantothenate biosynthesis I|g__Blautia.s__Ruminococcus_torques	4.5630622365
PANTO-PWY: phosphopantothenate biosynthesis I|g__Escherichia.s__Escherichia_coli	3.2063803069
PANTO-PWY: phosphopantothenate biosynthesis I|g__Bacteroides.s__Bacteroides_fragilis	1.8952874963
PANTO-PWY: phosphopantothenate biosynthesis I|g__Bacteroides.s__Bacteroides_uniformis	1.5669831006
PWY-5484: glycolysis II (from fructose 6-phosphate)	82.5443808202
PWY-5484: glycolysis II (from fructose 6-phosphate)|g__Escherichia.s__Escherichia_coli	3.3118804982
PWY-5347: superpathway of L-methionine biosynthesis (transsulfuration)	82.4868061244
PWY-5347: superpathway of L-methionine biosynthesis (transsulfuration)|g__Escherichia.s__Escherichia_coli	1.8335052039
PWY-7400: L-arginine biosynthesis IV (archaebacteria)	82.3488952138
PWY-7400: L-arginine biosynthesis IV (archaebacteria)|g__Blautia.s__Ruminococcus_torques	4.6738146943
PWY-7400: L-arginine biosynthesis IV (archaebacteria)|g__Escherichia.s__Escherichia_coli	3.4102040533
ARGSYN-PWY: L-arginine biosynthesis I (via L-ornithine)	82.2805521083
ARGSYN-PWY: L-arginine biosynthesis I (via L-ornithine)|g__Blautia.s__Ruminococcus_torques	4.6683842503
ARGSYN-PWY: L-arginine biosynthesis I (via L-ornithine)|g__Escherichia.s__Escherichia_coli	3.7657295795
PWY-6317: galactose degradation I (Leloir pathway)	81.4427664097
PWY-6317: galactose degradation I (Leloir pathway)|g__Streptococcus.s__Streptococcus_thermophilus	36.1447837582
PWY-6317: galactose degradation I (Leloir pathway)|g__Blautia.s__Ruminococcus_torques	3.2988663899
PWY-6317: galactose degradation I (Leloir pathway)|g__Escherichia.s__Escherichia_coli	1.5310405465
PWY66-422: D-galactose degradation V (Leloir pathway)	81.4427664097
PWY66-422: D-galactose degradation V (Leloir pathway)|g__Streptococcus.s__Streptococcus_thermophilus	36.1447837582
PWY66-422: D-galactose degradation V (Leloir pathway)|g__Blautia.s__Ruminococcus_torques	3.2988663899
PWY66-422: D-galactose degradation V (Leloir pathway)|g__Escherichia.s__Escherichia_coli	1.4391950169
PWY0-166: superpathway of pyrimidine deoxyribonucleotides de novo biosynthesis (E. coli)	80.5848668725
PWY-2941: L-lysine biosynthesis II	80.4397345231
PWY-6737: starch degradation V	80.2403413990
PWY-6737: starch degradation V|g__Blautia.s__Ruminococcus_gnavus	3.3103822987
PWY-6737: starch degradation V|g__Blautia.s__Ruminococcus_torques	3.2871266351
PWY-6737: starch degradation V|g__Lactococcus.s__Lactococcus_lactis	2.5401273341
DTDPRHAMSYN-PWY: dTDP-L-rhamnose biosynthesis I	80.2156012925
DTDPRHAMSYN-PWY: dTDP-L-rhamnose biosynthesis I|g__Bifidobacterium.s__Bifidobacterium_animalis	27.4201951578
DTDPRHAMSYN-PWY: dTDP-L-rhamnose biosynthesis I|g__Bacteroides.s__Bacteroides_ovatus	16.2666113052
DTDPRHAMSYN-PWY: dTDP-L-rhamnose biosynthesis I|g__Blautia.s__Ruminococcus_torques	1.8611423269
DTDPRHAMSYN-PWY: dTDP-L-rhamnose biosynthesis I|g__Eubacterium.s__Eubacterium_rectale	1.4382231780
DENOVOPURINE2-PWY: superpathway of purine nucleotides de novo biosynthesis II	78.5926945955
PWY66-400: glycolysis VI (metazoan)	78.2096148676
PWY66-400: glycolysis VI (metazoan)|g__Escherichia.s__Escherichia_coli	3.9571805883
MET-SAM-PWY: superpathway of S-adenosyl-L-methionine biosynthesis	78.0555952561
MET-SAM-PWY: superpathway of S-adenosyl-L-methionine biosynthesis|g__Escherichia.s__Escherichia_coli	1.4261748464
PWY0-1296: purine ribonucleosides degradation	77.8123719834
PWY0-1296: purine ribonucleosides degradation|g__Streptococcus.s__Streptococcus_thermophilus	32.5416132186
PWY0-1296: purine ribonucleosides degradation|g__Blautia.s__Ruminococcus_torques	5.9731910610
PWY0-1296: purine ribonucleosides degradation|g__Escherichia.s__Escherichia_coli	4.0902666665
PWY0-1296: purine ribonucleosides degradation|g__Dorea.s__Dorea_longicatena	1.6184875281
PWY0-1296: purine ribonucleosides degradation|g__Streptococcus.s__Streptococcus_salivarius	1.5291039451
PWY0-1296: purine ribonucleosides degradation|g__Blautia.s__Ruminococcus_gnavus	1.5207473387
PWY0-1296: purine ribonucleosides degradation|g__Eubacterium.s__Eubacterium_rectale	1.4518823776
OANTIGEN-PWY: O-antigen building blocks biosynthesis (E. coli)	77.0134460071
OANTIGEN-PWY: O-antigen building blocks biosynthesis (E. coli)|g__Bifidobacterium.s__Bifidobacterium_animalis	24.4260771788
PWY-6471: peptidoglycan biosynthesis IV (Enterococcus faecium)	76.5578688937
PWY-6527: stachyose degradation	76.2186773228
PWY-6527: stachyose degradation|g__Escherichia.s__Escherichia_coli	1.8890621085
PWY-7184: pyrimidine deoxyribonucleotides de novo biosynthesis I	75.0554770942
DAPLYSINESYN-PWY: L-lysine biosynthesis I	74.8468176641
DAPLYSINESYN-PWY: L-lysine biosynthesis I|g__Bifidobacterium.s__Bifidobacterium_animalis	25.7213027558
DAPLYSINESYN-PWY: L-lysine biosynthesis I|g__Escherichia.s__Escherichia_coli	1.6528486486
METSYN-PWY: L-homoserine and L-methionine biosynthesis	74.7147755053
METSYN-PWY: L-homoserine and L-methionine biosynthesis|g__Escherichia.s__Escherichia_coli	1.6083858885
PWY4FS-7: phosphatidylglycerol biosynthesis I (plastidic)	73.8465294701
PWY4FS-7: phosphatidylglycerol biosynthesis I (plastidic)|g__Escherichia.s__Escherichia_coli	3.5419632318
PWY4FS-8: phosphatidylglycerol biosynthesis II (non-plastidic)	73.8465294701
PWY4FS-8: phosphatidylglycerol biosynthesis II (non-plastidic)|g__Escherichia.s__Escherichia_coli	3.5419632318
PWY-5667: CDP-diacylglycerol biosynthesis I	72.5364462063
PWY-5667: CDP-diacylglycerol biosynthesis I|g__Bacteroides.s__Bacteroides_ovatus	10.2598187759
PWY-5667: CDP-diacylglycerol biosynthesis I|g__Escherichia.s__Escherichia_coli	4.0561803219
PWY-5667: CDP-diacylglycerol biosynthesis I|g__Blautia.s__Ruminococcus_torques	1.9636438676
PWY-5667: CDP-diacylglycerol biosynthesis I|g__Blautia.s__Ruminococcus_gnavus	1.6238986536
PWY-5667: CDP-diacylglycerol biosynthesis I|g__Parabacteroides.s__Parabacteroides_distasonis	1.5861098419
PWY-5667: CDP-diacylglycerol biosynthesis I|g__Bacteroides.s__Bacteroides_thetaiotaomicron	1.4358025712
PWY0-1319: CDP-diacylglycerol biosynthesis II	72.5364462063
PWY0-1319: CDP-diacylglycerol biosynthesis II|g__Bacteroides.s__Bacteroides_ovatus	10.2598187759
PWY0-1319: CDP-diacylglycerol biosynthesis II|g__Escherichia.s__Escherichia_coli	4.0561803219
PWY0-1319: CDP-diacylglycerol biosynthesis II|g__Blautia.s__Ruminococcus_torques	1.9636438676
PWY0-1319: CDP-diacylglycerol biosynthesis II|g__Blautia.s__Ruminococcus_gnavus	1.6238986536
PWY0-1319: CDP-diacylglycerol biosynthesis II|g__Parabacteroides.s__Parabacteroides_distasonis	1.5861098419
PWY0-1319: CDP-diacylglycerol biosynthesis II|g__Bacteroides.s__Bacteroides_thetaiotaomicron	1.4358025712
PWY-6703: preQ0 biosynthesis	71.3779658202
PWY-6703: preQ0 biosynthesis|g__Bacteroides.s__Bacteroides_dorei	36.3845387667
PWY-6703: preQ0 biosynthesis|g__Bacteroides.s__Bacteroides_ovatus	8.7925686099
PWY-6703: preQ0 biosynthesis|g__Escherichia.s__Escherichia_coli	3.2909773775
SER-GLYSYN-PWY: superpathway of L-serine and glycine biosynthesis I	71.2720703853
SER-GLYSYN-PWY: superpathway of L-serine and glycine biosynthesis I|g__Escherichia.s__Escherichia_coli	3.9647837149
SER-GLYSYN-PWY: superpathway of L-serine and glycine biosynthesis I|g__Blautia.s__Ruminococcus_torques	2.5587109054
SER-GLYSYN-PWY: superpathway of L-serine and glycine biosynthesis I|g__Lactococcus.s__Lactococcus_lactis	1.2966359729
PWY-7187: pyrimidine deoxyribonucleotides de novo biosynthesis II	69.5834994020
PYRIDNUCSAL-PWY: NAD salvage pathway I	69.0760603454
PWY-7220: adenosine deoxyribonucleotides de novo biosynthesis II	69.0185748501
PWY-7220: adenosine deoxyribonucleotides de novo biosynthesis II|g__Bacteroides.s__Bacteroides_dorei	29.0985642155
PWY-7222: guanosine deoxyribonucleotides de novo biosynthesis II	69.0185748501
PWY-7222: guanosine deoxyribonucleotides de novo biosynthesis II|g__Bacteroides.s__Bacteroides_dorei	29.0985642155
PWY-7197: pyrimidine deoxyribonucleotide phosphorylation	68.6217528790
PWY-7197: pyrimidine deoxyribonucleotide phosphorylation|g__Streptococcus.s__Streptococcus_thermophilus	31.2469521410
HOMOSER-METSYN-PWY: L-methionine biosynthesis I	65.7191439376
HOMOSER-METSYN-PWY: L-methionine biosynthesis I|g__Escherichia.s__Escherichia_coli	4.0722489933
HOMOSER-METSYN-PWY: L-methionine biosynthesis I|g__Lactococcus.s__Lactococcus_lactis	1.9228627093
GLUTORN-PWY: L-ornithine biosynthesis	65.7189511067
GLUTORN-PWY: L-ornithine biosynthesis|g__Blautia.s__Ruminococcus_torques	4.7708920133
GLUTORN-PWY: L-ornithine biosynthesis|g__Escherichia.s__Escherichia_coli	2.6406000498
PWY-5100: pyruvate fermentation to acetate and lactate II	64.6175093882
PWY-5100: pyruvate fermentation to acetate and lactate II|g__Bifidobacterium.s__Bifidobacterium_animalis	29.2614971767
PWY-5100: pyruvate fermentation to acetate and lactate II|g__Streptococcus.s__Streptococcus_thermophilus	19.9336288472
PWY-5100: pyruvate fermentation to acetate and lactate II|g__Blautia.s__Ruminococcus_torques	3.6084506004
FASYN-INITIAL-PWY: superpathway of fatty acid biosynthesis initiation (E. coli)	63.8994760495
PWY-7199: pyrimidine deoxyribonucleosides salvage	62.9536364790
PWY-7199: pyrimidine deoxyribonucleosides salvage|g__Streptococcus.s__Streptococcus_thermophilus	45.1736033971
PWY-7199: pyrimidine deoxyribonucleosides salvage|g__Escherichia.s__Escherichia_coli	1.5259409969
PWY-6897: thiamin salvage II	62.7087320161
PWY-6897: thiamin salvage II|g__Bifidobacterium.s__Bifidobacterium_animalis	26.0128318885
PWY-5973: cis-vaccenate biosynthesis	62.3434477950
PWY-5973: cis-vaccenate biosynthesis|g__Blautia.s__Ruminococcus_torques	4.8797021144
PWY-7282: 4-amino-2-methyl-5-phosphomethylpyrimidine biosynthesis (yeast)	59.7726175507
PWY-7282: 4-amino-2-methyl-5-phosphomethylpyrimidine biosynthesis (yeast)|g__Bacteroides.s__Bacteroides_ovatus	10.3827194330
PWY-7234: inosine-5'-phosphate biosynthesis III	59.0084003640
PWY-7234: inosine-5'-phosphate biosynthesis III|g__Escherichia.s__Escherichia_coli	3.4167762393
PWY-7357: thiamin formation from pyrithiamine and oxythiamine (yeast)	58.9980985310
PWY-7357: thiamin formation from pyrithiamine and oxythiamine (yeast)|g__Bifidobacterium.s__Bifidobacterium_animalis	29.6594734524
PWY-7357: thiamin formation from pyrithiamine and oxythiamine (yeast)|g__Blautia.s__Ruminococcus_torques	4.6912979172
PWY-7663: gondoate biosynthesis (anaerobic)	58.6546378857
PWY-7663: gondoate biosynthesis (anaerobic)|g__Bacteroides.s__Bacteroides_ovatus	10.4126630752
PWY-7663: gondoate biosynthesis (anaerobic)|g__Escherichia.s__Escherichia_coli	5.7317419870
PWY-7663: gondoate biosynthesis (anaerobic)|g__Bacteroides.s__Bacteroides_fragilis	1.9597971461
PWY-5121: superpathway of geranylgeranyl diphosphate biosynthesis II (via MEP)	58.5011239817
PWY0-1297: superpathway of purine deoxyribonucleosides degradation	57.4550451825
PWY0-1297: superpathway of purine deoxyribonucleosides degradation|g__Blautia.s__Ruminococcus_torques	5.1850914640
PWY0-1297: superpathway of purine deoxyribonucleosides degradation|g__Escherichia.s__Escherichia_coli	3.2946825012
FASYN-ELONG-PWY: fatty acid elongation -- saturated	57.1889944894
FASYN-ELONG-PWY: fatty acid elongation -- saturated|g__Escherichia.s__Escherichia_coli	4.2662170135
PWY-5971: palmitate biosynthesis II (bacteria and plants)	56.3053143387
ANAEROFRUCAT-PWY: homolactic fermentation	56.1461003977
ANAEROFRUCAT-PWY: homolactic fermentation|g__Escherichia.s__Escherichia_coli	3.4979100731
PWY-5989: stearate biosynthesis II (bacteria and plants)	54.4425330254
PWY-5989: stearate biosynthesis II (bacteria and plants)|g__Escherichia.s__Escherichia_coli	3.8818744278
PWY-6282: palmitoleate biosynthesis I (from (5Z)-dodec-5-enoate)	53.7008797321
PWY-6282: palmitoleate biosynthesis I (from (5Z)-dodec-5-enoate)|g__Escherichia.s__Escherichia_coli	3.8359939992
PWY-5659: GDP-mannose biosynthesis	53.6317234672
PWY-5659: GDP-mannose biosynthesis|g__Bifidobacterium.s__Bifidobacterium_animalis	28.3080925403
PWY-5659: GDP-mannose biosynthesis|g__Bacteroides.s__Bacteroides_ovatus	12.9596702381
PWY-5659: GDP-mannose biosynthesis|g__Escherichia.s__Escherichia_coli	2.4956505603
CALVIN-PWY: Calvin-Benson-Bassham cycle	53.5003734612
PWYG-321: mycolate biosynthesis	53.0230568463
PWY-7664: oleate biosynthesis IV (anaerobic)	52.7810898810
PWY-7664: oleate biosynthesis IV (anaerobic)|g__Escherichia.s__Escherichia_coli	3.7285643172
PWY-7388: octanoyl-[acyl-carrier protein] biosynthesis (mitochondria, yeast)	51.9657499966
PWY-7388: octanoyl-[acyl-carrier protein] biosynthesis (mitochondria, yeast)|g__Escherichia.s__Escherichia_coli	3.5232546257
KETOGLUCONMET-PWY: ketogluconate metabolism	51.8510235685
THISYNARA-PWY: superpathway of thiamin diphosphate biosynthesis III (eukaryotes)	50.8559107371
THISYNARA-PWY: superpathway of thiamin diphosphate biosynthesis III (eukaryotes)|g__Bacteroides.s__Bacteroides_ovatus	5.2402659673
THISYNARA-PWY: superpathway of thiamin diphosphate biosynthesis III (eukaryotes)|g__Blautia.s__Ruminococcus_torques	2.6899770364
PWY-7392: taxadiene biosynthesis (engineered)	50.6695016617
PYRIDNUCSYN-PWY: NAD biosynthesis I (from aspartate)	48.1840886429
PWY0-862: (5Z)-dodec-5-enoate biosynthesis	47.8623641191
PWY0-862: (5Z)-dodec-5-enoate biosynthesis|g__Escherichia.s__Escherichia_coli	3.1921705656
PWY-6113: superpathway of mycolate biosynthesis	47.6217130177
PWY0-845: superpathway of pyridoxal 5'-phosphate biosynthesis and salvage	46.7461056171
PWY0-845: superpathway of pyridoxal 5'-phosphate biosynthesis and salvage|g__Bacteroides.s__Bacteroides_ovatus	11.5488521259
PHOSLIPSYN-PWY: superpathway of phospholipid biosynthesis I (bacteria)	45.9687438836
PHOSLIPSYN-PWY: superpathway of phospholipid biosynthesis I (bacteria)|g__Escherichia.s__Escherichia_coli	3.4341230116
BIOTIN-BIOSYNTHESIS-PWY: biotin biosynthesis I	45.3251901164
BIOTIN-BIOSYNTHESIS-PWY: biotin biosynthesis I|g__Escherichia.s__Escherichia_coli	4.2008124545
PANTOSYN-PWY: pantothenate and coenzyme A biosynthesis I	43.6184781096
PANTOSYN-PWY: pantothenate and coenzyme A biosynthesis I|g__Bacteroides.s__Bacteroides_ovatus	7.0508825721
PANTOSYN-PWY: pantothenate and coenzyme A biosynthesis I|g__Escherichia.s__Escherichia_coli	2.3420436918
PWY-6519: 8-amino-7-oxononanoate biosynthesis I	43.1506348494
PWY-6519: 8-amino-7-oxononanoate biosynthesis I|g__Escherichia.s__Escherichia_coli	4.3128604791
PWY-841: superpathway of purine nucleotides de novo biosynthesis I	42.5482147995
FOLSYN-PWY: superpathway of tetrahydrofolate biosynthesis and salvage	41.6619560731
ASPASN-PWY: superpathway of L-aspartate and L-asparagine biosynthesis	41.1470679178
ASPASN-PWY: superpathway of L-aspartate and L-asparagine biosynthesis|g__Bacteroides.s__Bacteroides_ovatus	7.3227074938
ASPASN-PWY: superpathway of L-aspartate and L-asparagine biosynthesis|g__Escherichia.s__Escherichia_coli	6.9118597506
PWY0-1586: peptidoglycan maturation (meso-diaminopimelate containing)	39.9578364446
PWY0-1586: peptidoglycan maturation (meso-diaminopimelate containing)|g__Escherichia.s__Escherichia_coli	8.9171034135
PWY-6628: superpathway of L-phenylalanine biosynthesis	39.4956992106
PWY-6628: superpathway of L-phenylalanine biosynthesis|g__Escherichia.s__Escherichia_coli	3.1442773612
TRPSYN-PWY: L-tryptophan biosynthesis	39.0084896794
TRPSYN-PWY: L-tryptophan biosynthesis|g__Blautia.s__Ruminococcus_torques	4.8391198548
TRPSYN-PWY: L-tryptophan biosynthesis|g__Escherichia.s__Escherichia_coli	2.1947995409
PWY-6353: purine nucleotides degradation II (aerobic)	38.9652741637
PWY-6353: purine nucleotides degradation II (aerobic)|g__Escherichia.s__Escherichia_coli	4.5597073927
COLANSYN-PWY: colanic acid building blocks biosynthesis	38.8723653226
PYRIDOXSYN-PWY: pyridoxal 5'-phosphate biosynthesis I	37.9895393011
PYRIDOXSYN-PWY: pyridoxal 5'-phosphate biosynthesis I|g__Bacteroides.s__Bacteroides_ovatus	11.2341011172
PYRIDOXSYN-PWY: pyridoxal 5'-phosphate biosynthesis I|g__Bacteroides.s__Bacteroides_thetaiotaomicron	1.3825528353
RHAMCAT-PWY: L-rhamnose degradation I	37.6173287608
RHAMCAT-PWY: L-rhamnose degradation I|g__Bacteroides.s__Bacteroides_ovatus	7.1325320649
RHAMCAT-PWY: L-rhamnose degradation I|g__Escherichia.s__Escherichia_coli	4.9465619325
RHAMCAT-PWY: L-rhamnose degradation I|g__Blautia.s__Ruminococcus_torques	2.2488524507
PWY-6630: superpathway of L-tyrosine biosynthesis	37.4591942771
PWY-6630: superpathway of L-tyrosine biosynthesis|g__Escherichia.s__Escherichia_coli	4.0998537278
THISYN-PWY: superpathway of thiamin diphosphate biosynthesis I	37.1766076361
ENTBACSYN-PWY: enterobactin biosynthesis	37.0196928516
ENTBACSYN-PWY: enterobactin biosynthesis|g__Escherichia.s__Escherichia_coli	7.7583276925
PWY-7323: superpathway of GDP-mannose-derived O-antigen building blocks biosynthesis	36.7560930136
PWY-7323: superpathway of GDP-mannose-derived O-antigen building blocks biosynthesis|g__Bacteroides.s__Bacteroides_ovatus	8.3307263894
PWY-7456: mannan degradation	36.5503915739
PWY-6859: all-trans-farnesol biosynthesis	34.9112503040
HISTSYN-PWY: L-histidine biosynthesis	32.9096374222
HISTSYN-PWY: L-histidine biosynthesis|g__Bifidobacterium.s__Bifidobacterium_animalis	16.0352211415
P4-PWY: superpathway of L-lysine, L-threonine and L-methionine biosynthesis I	32.8412455047
NONOXIPENT-PWY: pentose phosphate pathway (non-oxidative branch)	32.4880816275
NONOXIPENT-PWY: pentose phosphate pathway (non-oxidative branch)|g__Blautia.s__Ruminococcus_torques	4.5840213481
NONOXIPENT-PWY: pentose phosphate pathway (non-oxidative branch)|g__Peptostreptococcaceae_noname.s__Clostridium_bartlettii	1.6936635346
PWY-6612: superpathway of tetrahydrofolate biosynthesis	30.8230805906
PWY-5384: sucrose degradation IV (sucrose phosphorylase)	30.3035304431
PWY-5384: sucrose degradation IV (sucrose phosphorylase)|g__Escherichia.s__Escherichia_coli	2.8573322157
PWY-6168: flavin biosynthesis III (fungi)	29.7890522973
PWY-6168: flavin biosynthesis III (fungi)|g__Escherichia.s__Escherichia_coli	2.5464176875
COA-PWY: coenzyme A biosynthesis I	29.7569985266
COA-PWY: coenzyme A biosynthesis I|g__Bacteroides.s__Bacteroides_ovatus	11.2409785782
COA-PWY: coenzyme A biosynthesis I|g__Blautia.s__Ruminococcus_torques	2.9555257589
COA-PWY: coenzyme A biosynthesis I|g__Escherichia.s__Escherichia_coli	2.6476302052
SALVADEHYPOX-PWY: adenosine nucleotides degradation II	29.5638320192
SALVADEHYPOX-PWY: adenosine nucleotides degradation II|g__Blautia.s__Ruminococcus_torques	10.7508148396
SALVADEHYPOX-PWY: adenosine nucleotides degradation II|g__Escherichia.s__Escherichia_coli	5.2792776115
HEXITOLDEGSUPER-PWY: superpathway of hexitol degradation (bacteria)	29.4539043072
PWY-6285: superpathway of fatty acids biosynthesis (E. coli)	29.1880031822
PWY-5897: superpathway of menaquinol-11 biosynthesis	27.9695018581
PWY-5897: superpathway of menaquinol-11 biosynthesis|g__Escherichia.s__Escherichia_coli	3.8667839627
PWY-5898: superpathway of menaquinol-12 biosynthesis	27.9695018581
PWY-5898: superpathway of menaquinol-12 biosynthesis|g__Escherichia.s__Escherichia_coli	3.8667839627
PWY-5899: superpathway of menaquinol-13 biosynthesis	27.9695018581
PWY-5899: superpathway of menaquinol-13 biosynthesis|g__Escherichia.s__Escherichia_coli	3.8667839627
NAD-BIOSYNTHESIS-II: NAD salvage pathway II	27.4055543173
NAD-BIOSYNTHESIS-II: NAD salvage pathway II|g__Escherichia.s__Escherichia_coli	10.9491255579
PWY-4242: pantothenate and coenzyme A biosynthesis III	27.2561295636
PWY-4242: pantothenate and coenzyme A biosynthesis III|g__Bacteroides.s__Bacteroides_ovatus	5.6772972798
PWY-4242: pantothenate and coenzyme A biosynthesis III|g__Escherichia.s__Escherichia_coli	2.5227918796
SULFATE-CYS-PWY: superpathway of sulfate assimilation and cysteine biosynthesis	27.2047063021
SULFATE-CYS-PWY: superpathway of sulfate assimilation and cysteine biosynthesis|g__Escherichia.s__Escherichia_coli	5.2925175266
PWY0-781: aspartate superpathway	26.9422310012
PWY-5154: L-arginine biosynthesis III (via N-acetyl-L-citrulline)	26.7529956858
PWY-5154: L-arginine biosynthesis III (via N-acetyl-L-citrulline)|g__Blautia.s__Ruminococcus_torques	3.8486917476
PWY-5154: L-arginine biosynthesis III (via N-acetyl-L-citrulline)|g__Escherichia.s__Escherichia_coli	2.2039518985
PWY-6608: guanosine nucleotides degradation III	26.1268034126
PWY-6608: guanosine nucleotides degradation III|g__Escherichia.s__Escherichia_coli	5.6827897014
PWY-6608: guanosine nucleotides degradation III|g__Blautia.s__Ruminococcus_torques	1.5674500636
PWY-6284: superpathway of unsaturated fatty acids biosynthesis (E. coli)	25.7676598248
PWY-5838: superpathway of menaquinol-8 biosynthesis I	25.7296812228
PWY-5838: superpathway of menaquinol-8 biosynthesis I|g__Escherichia.s__Escherichia_coli	3.9045326012
PWY-5840: superpathway of menaquinol-7 biosynthesis	25.0001935491
PWY-5840: superpathway of menaquinol-7 biosynthesis|g__Escherichia.s__Escherichia_coli	2.3069967213
PWY-5845: superpathway of menaquinol-9 biosynthesis	25.0001935491
PWY-5845: superpathway of menaquinol-9 biosynthesis|g__Escherichia.s__Escherichia_coli	2.3069967213
PWY-5850: superpathway of menaquinol-6 biosynthesis I	25.0001935491
PWY-5850: superpathway of menaquinol-6 biosynthesis I|g__Escherichia.s__Escherichia_coli	2.3069967213
PWY-5896: superpathway of menaquinol-10 biosynthesis	25.0001935491
PWY-5896: superpathway of menaquinol-10 biosynthesis|g__Escherichia.s__Escherichia_coli	2.3069967213
GLYCOGENSYNTH-PWY: glycogen biosynthesis I (from ADP-D-Glucose)	23.8715501402
GLYCOGENSYNTH-PWY: glycogen biosynthesis I (from ADP-D-Glucose)|g__Escherichia.s__Escherichia_coli	2.0780326795
GLYCOGENSYNTH-PWY: glycogen biosynthesis I (from ADP-D-Glucose)|g__Eubacterium.s__Eubacterium_rectale	1.7805790279
P441-PWY: superpathway of N-acetylneuraminate degradation	23.7433647092
PWY-621: sucrose degradation III (sucrose invertase)	23.1580432050
PWY-621: sucrose degradation III (sucrose invertase)|g__Blautia.s__Ruminococcus_torques	8.6676425413
PWY-621: sucrose degradation III (sucrose invertase)|g__Escherichia.s__Escherichia_coli	2.1732178479
RIBOSYN2-PWY: flavin biosynthesis I (bacteria and plants)	22.8480237803
RIBOSYN2-PWY: flavin biosynthesis I (bacteria and plants)|g__Escherichia.s__Escherichia_coli	2.8042259816
PRPP-PWY: superpathway of histidine, purine, and pyrimidine biosynthesis	22.1037623125
ARGININE-SYN4-PWY: L-ornithine de novo  biosynthesis	22.0715222608
ARGININE-SYN4-PWY: L-ornithine de novo  biosynthesis|g__Bacteroides.s__Bacteroides_ovatus	8.0330224330
ARGININE-SYN4-PWY: L-ornithine de novo  biosynthesis|g__Bacteroides.s__Bacteroides_uniformis	1.1505619511
PWY-6595: superpathway of guanosine nucleotides degradation (plants)	21.4746262647
PWY-6606: guanosine nucleotides degradation II	21.1969979612
PWY0-1061: superpathway of L-alanine biosynthesis	20.5344731238
PWY0-1061: superpathway of L-alanine biosynthesis|g__Escherichia.s__Escherichia_coli	6.4385199848
PWY-5861: superpathway of demethylmenaquinol-8 biosynthesis	20.3099936103
PWY-5861: superpathway of demethylmenaquinol-8 biosynthesis|g__Escherichia.s__Escherichia_coli	3.3394985234
PWY-5860: superpathway of demethylmenaquinol-6 biosynthesis I	19.6317280640
PWY-5860: superpathway of demethylmenaquinol-6 biosynthesis I|g__Escherichia.s__Escherichia_coli	1.7684302847
PWY-5862: superpathway of demethylmenaquinol-9 biosynthesis	19.6317280640
PWY-5862: superpathway of demethylmenaquinol-9 biosynthesis|g__Escherichia.s__Escherichia_coli	1.7684302847
PWY0-1261: anhydromuropeptides recycling	19.0966131914
PWY0-1261: anhydromuropeptides recycling|g__Escherichia.s__Escherichia_coli	5.7351739678
PWY-6147: 6-hydroxymethyl-dihydropterin diphosphate biosynthesis I	19.0846847892
PWY-6147: 6-hydroxymethyl-dihydropterin diphosphate biosynthesis I|g__Bacteroides.s__Bacteroides_ovatus	4.8769841961
PWY-6147: 6-hydroxymethyl-dihydropterin diphosphate biosynthesis I|g__Escherichia.s__Escherichia_coli	4.6267986396
PWY-6147: 6-hydroxymethyl-dihydropterin diphosphate biosynthesis I|g__Streptococcus.s__Streptococcus_mitis_oralis_pneumoniae	1.6289380677
PWY-7204: pyridoxal 5'-phosphate salvage II (plants)	18.7344520533
PWY-6901: superpathway of glucose and xylose degradation	18.6779507089
SO4ASSIM-PWY: sulfate reduction I (assimilatory)	18.3349335999
SO4ASSIM-PWY: sulfate reduction I (assimilatory)|g__Escherichia.s__Escherichia_coli	10.4393925023
PWY-7539: 6-hydroxymethyl-dihydropterin diphosphate biosynthesis III (Chlamydia)	18.2542764860
PWY-7539: 6-hydroxymethyl-dihydropterin diphosphate biosynthesis III (Chlamydia)|g__Bacteroides.s__Bacteroides_ovatus	5.0973176743
PWY-1269: CMP-3-deoxy-D-manno-octulosonate biosynthesis I	17.0074568133
PWY-1269: CMP-3-deoxy-D-manno-octulosonate biosynthesis I|g__Escherichia.s__Escherichia_coli	6.5303148059
PWY-1269: CMP-3-deoxy-D-manno-octulosonate biosynthesis I|g__Bacteroides.s__Bacteroides_ovatus	5.5388887796
POLYISOPRENSYN-PWY: polyisoprenoid biosynthesis (E. coli)	16.9732462326
POLYISOPRENSYN-PWY: polyisoprenoid biosynthesis (E. coli)|g__Escherichia.s__Escherichia_coli	4.8267296693
GLYCOLYSIS-E-D: superpathway of glycolysis and Entner-Doudoroff	16.5937356596
GLYCOLYSIS-E-D: superpathway of glycolysis and Entner-Doudoroff|g__Escherichia.s__Escherichia_coli	3.8466071065
GLCMANNANAUT-PWY: superpathway of N-acetylglucosamine, N-acetylmannosamine and N-acetylneuraminate degradation	16.0366473641
GLCMANNANAUT-PWY: superpathway of N-acetylglucosamine, N-acetylmannosamine and N-acetylneuraminate degradation|g__Escherichia.s__Escherichia_coli	2.3396947152
GLCMANNANAUT-PWY: superpathway of N-acetylglucosamine, N-acetylmannosamine and N-acetylneuraminate degradation|g__Blautia.s__Ruminococcus_torques	2.3058358275
GLUCOSE1PMETAB-PWY: glucose and glucose-1-phosphate degradation	15.9715431503
GLUCOSE1PMETAB-PWY: glucose and glucose-1-phosphate degradation|g__Escherichia.s__Escherichia_coli	7.0877993234
PWY-6545: pyrimidine deoxyribonucleotides de novo biosynthesis III	15.9154785741
PWY-5345: superpathway of L-methionine biosynthesis (by sulfhydrylation)	15.6764630072
PWY-5723: Rubisco shunt	15.6526919247
HEME-BIOSYNTHESIS-II: heme biosynthesis I (aerobic)	15.6314833566
GLUCUROCAT-PWY: superpathway of &beta;-D-glucuronide and D-glucuronate degradation	14.9613443813
GLUCUROCAT-PWY: superpathway of &beta;-D-glucuronide and D-glucuronate degradation|g__Escherichia.s__Escherichia_coli	4.3455439476
PWY0-1415: superpathway of heme biosynthesis from uroporphyrinogen-III	14.6807934007
HEMESYN2-PWY: heme biosynthesis II (anaerobic)	14.5090755037
HEMESYN2-PWY: heme biosynthesis II (anaerobic)|g__Escherichia.s__Escherichia_coli	5.4437284779
PWY-7211: superpathway of pyrimidine deoxyribonucleotides de novo biosynthesis	14.2144823959
FUC-RHAMCAT-PWY: superpathway of fucose and rhamnose degradation	14.1625397796
FUC-RHAMCAT-PWY: superpathway of fucose and rhamnose degradation|g__Escherichia.s__Escherichia_coli	4.5662910523
PWY-6895: superpathway of thiamin diphosphate biosynthesis II	13.9000331921
PWY-821: superpathway of sulfur amino acid biosynthesis (Saccharomyces cerevisiae)	13.5348101703
PWY-5863: superpathway of phylloquinol biosynthesis	13.4589710418
PWY-5863: superpathway of phylloquinol biosynthesis|g__Escherichia.s__Escherichia_coli	4.2346663964
PWY0-162: superpathway of pyrimidine ribonucleotides de novo biosynthesis	13.4471448728
PWY-7196: superpathway of pyrimidine ribonucleosides salvage	13.2845821372
PWY-7315: dTDP-N-acetylthomosamine biosynthesis	12.8607668998
PWY-7315: dTDP-N-acetylthomosamine biosynthesis|g__Escherichia.s__Escherichia_coli	8.3015408700
PWY-5791: 1,4-dihydroxy-2-naphthoate biosynthesis II (plants)	12.6433838265
PWY-5791: 1,4-dihydroxy-2-naphthoate biosynthesis II (plants)|g__Escherichia.s__Escherichia_coli	5.0975868681
PWY-5837: 1,4-dihydroxy-2-naphthoate biosynthesis I	12.6433838265
PWY-5837: 1,4-dihydroxy-2-naphthoate biosynthesis I|g__Escherichia.s__Escherichia_coli	5.0975868681
GALACT-GLUCUROCAT-PWY: superpathway of hexuronide and hexuronate degradation	12.6244373300
GALACT-GLUCUROCAT-PWY: superpathway of hexuronide and hexuronate degradation|g__Escherichia.s__Escherichia_coli	3.6665047509
COBALSYN-PWY: adenosylcobalamin salvage from cobinamide I	12.6161193053
COBALSYN-PWY: adenosylcobalamin salvage from cobinamide I|g__Escherichia.s__Escherichia_coli	4.7656911546
PWY-7242: D-fructuronate degradation	12.5441453460
PWY-7242: D-fructuronate degradation|g__Escherichia.s__Escherichia_coli	7.2071523618
PWY-6892: thiazole biosynthesis I (E. coli)	12.3975779224
FUCCAT-PWY: fucose degradation	12.1040082711
FUCCAT-PWY: fucose degradation|g__Escherichia.s__Escherichia_coli	4.4902407017
P461-PWY: hexitol fermentation to lactate, formate, ethanol and acetate	11.9523843024
P461-PWY: hexitol fermentation to lactate, formate, ethanol and acetate|g__Escherichia.s__Escherichia_coli	6.7462743776
PWY-5367: petroselinate biosynthesis	11.6845578866
PWY-5367: petroselinate biosynthesis|g__Blautia.s__Ruminococcus_torques	4.4476276647
PWY-6507: 4-deoxy-L-threo-hex-4-enopyranuronate degradation	11.6512887654
PWY-6507: 4-deoxy-L-threo-hex-4-enopyranuronate degradation|g__Escherichia.s__Escherichia_coli	6.4632477834
TCA: TCA cycle I (prokaryotic)	11.4374561962
TCA: TCA cycle I (prokaryotic)|g__Escherichia.s__Escherichia_coli	3.8437940271
P42-PWY: incomplete reductive TCA cycle	11.1061115131
PENTOSE-P-PWY: pentose phosphate pathway	10.4707117403
PWY-6531: mannitol cycle	10.3044944589
PWY-7269: NAD/NADP-NADH/NADPH mitochondrial interconversion (yeast)	10.0018916159
PWY-7269: NAD/NADP-NADH/NADPH mitochondrial interconversion (yeast)|g__Escherichia.s__Escherichia_coli	6.2491163208
PWY-5083: NAD/NADH phosphorylation and dephosphorylation	9.5263382903
PWY-5083: NAD/NADH phosphorylation and dephosphorylation|g__Escherichia.s__Escherichia_coli	5.1897264136
HSERMETANA-PWY: L-methionine biosynthesis III	9.3879970985
GLYCOLYSIS-TCA-GLYOX-BYPASS: superpathway of glycolysis, pyruvate dehydrogenase, TCA, and glyoxylate bypass	9.1585322472
ARG+POLYAMINE-SYN: superpathway of arginine and polyamine biosynthesis	9.0080576574
ARG+POLYAMINE-SYN: superpathway of arginine and polyamine biosynthesis|g__Escherichia.s__Escherichia_coli	2.5548894418
GALACTUROCAT-PWY: D-galacturonate degradation I	8.9425998623
GALACTUROCAT-PWY: D-galacturonate degradation I|g__Escherichia.s__Escherichia_coli	3.7972057920
PWY-5918: superpathay of heme biosynthesis from glutamate	8.3473347323
PPGPPMET-PWY: ppGpp biosynthesis	8.1398802610
PWY-6305: putrescine biosynthesis IV	8.0886290283
PWY-6305: putrescine biosynthesis IV|g__Blautia.s__Ruminococcus_torques	3.4517786192
PWY-6305: putrescine biosynthesis IV|g__Escherichia.s__Escherichia_coli	2.9066584575
PWY-5920: superpathway of heme biosynthesis from glycine	7.4219529307
PWY-5505: L-glutamate and L-glutamine biosynthesis	7.0600059804
GLUDEG-I-PWY: GABA shunt	6.9189504663
NAGLIPASYN-PWY: lipid IVA biosynthesis	6.8350933170
NAGLIPASYN-PWY: lipid IVA biosynthesis|g__Escherichia.s__Escherichia_coli	1.8377983349
PWY-7039: phosphatidate metabolism, as a signaling molecule	6.6963405002
PWY-7039: phosphatidate metabolism, as a signaling molecule|g__Escherichia.s__Escherichia_coli	4.2400513956
GLYCOL-GLYOXDEG-PWY: superpathway of glycol metabolism and degradation	6.6457351553
GLYCOL-GLYOXDEG-PWY: superpathway of glycol metabolism and degradation|g__Escherichia.s__Escherichia_coli	5.5531793501
PWY-5188: tetrapyrrole biosynthesis I (from glutamate)	6.4608753699
PWY-5188: tetrapyrrole biosynthesis I (from glutamate)|g__Escherichia.s__Escherichia_coli	4.5807382541
ECASYN-PWY: enterobacterial common antigen biosynthesis	5.9212474813
ECASYN-PWY: enterobacterial common antigen biosynthesis|g__Escherichia.s__Escherichia_coli	5.2038851087
TRNA-CHARGING-PWY: tRNA charging	5.8061224788
PWY-6969: TCA cycle V (2-oxoglutarate:ferredoxin oxidoreductase)	5.6502300045
PWY-4041: &gamma;-glutamyl cycle	5.5723747712
PWY-4041: &gamma;-glutamyl cycle|g__Escherichia.s__Escherichia_coli	4.3826024761
PWY0-1533: methylphosphonate degradation I	5.4562809996
PWY0-1533: methylphosphonate degradation I|g__Escherichia.s__Escherichia_coli	5.4562809996
PWY0-1241: ADP-L-glycero-&beta;-D-manno-heptose biosynthesis	5.4175644909
PWY0-1241: ADP-L-glycero-&beta;-D-manno-heptose biosynthesis|g__Escherichia.s__Escherichia_coli	5.4175644909
KDO-NAGLIPASYN-PWY: superpathway of (Kdo)2-lipid A biosynthesis	5.3816455760
TCA-GLYOX-BYPASS: superpathway of glyoxylate bypass and TCA	5.1410145316
TCA-GLYOX-BYPASS: superpathway of glyoxylate bypass and TCA|g__Escherichia.s__Escherichia_coli	3.5464939645
PWY-5101: L-isoleucine biosynthesis II	5.1004694585
PWY-4981: L-proline biosynthesis II (from arginine)	5.0871055324
PWY-5189: tetrapyrrole biosynthesis II (from glycine)	4.9470482299
PWY-5189: tetrapyrrole biosynthesis II (from glycine)|g__Escherichia.s__Escherichia_coli	2.9727414643
POLYAMSYN-PWY: superpathway of polyamine biosynthesis I	4.8299250301
POLYAMSYN-PWY: superpathway of polyamine biosynthesis I|g__Escherichia.s__Escherichia_coli	3.0606130635
PWY-5173: superpathway of acetyl-CoA biosynthesis	4.5150776049
PWY-5173: superpathway of acetyl-CoA biosynthesis|g__Escherichia.s__Escherichia_coli	3.3858218902
AST-PWY: L-arginine degradation II (AST pathway)	4.4800977487
AST-PWY: L-arginine degradation II (AST pathway)|g__Escherichia.s__Escherichia_coli	4.4800977487
LACTOSECAT-PWY: lactose and galactose degradation I	4.2974289562
PWY-5690: TCA cycle II (plants and fungi)	4.2432816777
PWY-5690: TCA cycle II (plants and fungi)|g__Escherichia.s__Escherichia_coli	3.4553212079
REDCITCYC: TCA cycle VIII (helicobacter)	4.0944931375
PWY-7254: TCA cycle VII (acetate-producers)	3.7251673883
PWY-7254: TCA cycle VII (acetate-producers)|g__Escherichia.s__Escherichia_coli	2.8232300385
PWY-5913: TCA cycle VI (obligate autotrophs)	3.5316728200
PWY-5913: TCA cycle VI (obligate autotrophs)|g__Escherichia.s__Escherichia_coli	3.0810798053
PWY-6891: thiazole biosynthesis II (Bacillus)	3.2692653992
GLYOXYLATE-BYPASS: glyoxylate cycle	3.2177823476
GLYOXYLATE-BYPASS: glyoxylate cycle|g__Escherichia.s__Escherichia_coli	2.8562221087
TEICHOICACID-PWY: teichoic acid (poly-glycerol) biosynthesis	2.9792907724
PWY-7328: superpathway of UDP-glucose-derived O-antigen building blocks biosynthesis	2.8868706911
PWY-5705: allantoin degradation to glyoxylate III	2.6965594648
PWY-5705: allantoin degradation to glyoxylate III|g__Escherichia.s__Escherichia_coli	2.6965594648
PWY-6803: phosphatidylcholine acyl editing	2.5171276112
PWY-6803: phosphatidylcholine acyl editing|g__Escherichia.s__Escherichia_coli	2.1761690676
METHGLYUT-PWY: superpathway of methylglyoxal degradation	2.4294086141
METHGLYUT-PWY: superpathway of methylglyoxal degradation|g__Escherichia.s__Escherichia_coli	2.1088323807
PWY-4702: phytate degradation I	2.3999409595
PWY-4702: phytate degradation I|g__Escherichia.s__Escherichia_coli	2.3999409595
PWY-7409: phospholipid remodeling (phosphatidylethanolamine, yeast)	2.3637746126
PWY-7409: phospholipid remodeling (phosphatidylethanolamine, yeast)|g__Escherichia.s__Escherichia_coli	2.1358671134
PWY-2723: trehalose degradation V	2.3342872085
PWY0-1338: polymyxin resistance	2.3240549495
PWY0-1338: polymyxin resistance|g__Escherichia.s__Escherichia_coli	2.3240549495
GLUCARDEG-PWY: D-glucarate degradation I	2.2943077508
GLUCARDEG-PWY: D-glucarate degradation I|g__Escherichia.s__Escherichia_coli	2.2643088991
GLYCOCAT-PWY: glycogen degradation I (bacterial)	2.1906960740
AEROBACTINSYN-PWY: aerobactin biosynthesis	2.0933204159
AEROBACTINSYN-PWY: aerobactin biosynthesis|g__Escherichia.s__Escherichia_coli	2.0933204159
PWY-5656: mannosylglycerate biosynthesis I	1.9785012875
PWY0-1479: tRNA processing	1.5304962026
PWY-5138: unsaturated, even numbered fatty acid &beta;-oxidation	1.4245825756
PWY-5138: unsaturated, even numbered fatty acid &beta;-oxidation|g__Escherichia.s__Escherichia_coli	0.4844961240
FAO-PWY: fatty acid &beta;-oxidation I	1.3837728510
FAO-PWY: fatty acid &beta;-oxidation I|g__Escherichia.s__Escherichia_coli	0.9241236247
PWY-7446: sulfoglycolysis	1.2150001392
PWY-7446: sulfoglycolysis|g__Escherichia.s__Escherichia_coli	1.2150001392
PWY-5136: fatty acid &beta;-oxidation II (peroxisome)	1.1768348819
PWY-5136: fatty acid &beta;-oxidation II (peroxisome)|g__Escherichia.s__Escherichia_coli	0.7805974128