# Pathway	ERR481026_Abundance
UNMAPPED	188447.4651153304
UNINTEGRATED	254458.2501161256
UNINTEGRATED|g__Bacteroides.s__Bacteroides_vulgatus	46592.1938172110
UNINTEGRATED|g__Faecalibacterium.s__Faecalibacterium_prausnitzii	42003.9044850280
UNINTEGRATED|g__Escherichia.s__Escherichia_coli	29795.3804068289
UNINTEGRATED|g__Bacteroides.s__Bacteroides_dorei	12092.6375922850
UNINTEGRATED|g__Bacteroides.s__Bacteroides_eggerthii	9488.1507215676
UNINTEGRATED|g__Roseburia.s__Roseburia_inulinivorans	9399.0651744291
UNINTEGRATED|g__Bacteroides.s__Bacteroides_stercoris	5220.2680702304
UNINTEGRATED|g__Bacteroides.s__Bacteroides_ovatus	5189.5036459427
UNINTEGRATED|g__Parabacteroides.s__Parabacteroides_merdae	4792.5505666891
UNINTEGRATED|g__Eubacterium.s__Eubacterium_rectale	4589.9287239459
UNINTEGRATED|g__Bacteroides.s__Bacteroides_coprocola	4168.4627433685
UNINTEGRATED|g__Bacteroides.s__Bacteroides_uniformis	3909.2768773285
UNINTEGRATED|g__Blautia.s__Ruminococcus_gnavus	3691.3483691511
UNINTEGRATED|g__Bifidobacterium.s__Bifidobacterium_longum	3366.9619182151
UNINTEGRATED|g__Coprococcus.s__Coprococcus_comes	3315.0999329758
UNINTEGRATED|g__Roseburia.s__Roseburia_intestinalis	2804.0350264060
UNINTEGRATED|g__Coprococcus.s__Coprococcus_catus	2385.1244096752
UNINTEGRATED|g__Dorea.s__Dorea_formicigenerans	2073.4771658788
UNINTEGRATED|g__Bacteroides.s__Bacteroides_salyersiae	2040.1003602460
UNINTEGRATED|g__Bacteroides.s__Bacteroides_massiliensis	1688.9496957471
UNINTEGRATED|g__Parabacteroides.s__Parabacteroides_distasonis	1625.7209480754
UNINTEGRATED|g__Lachnospiraceae_noname.s__Lachnospiraceae_bacterium_2_1_58FAA	1612.0366748890
UNINTEGRATED|g__Paraprevotella.s__Paraprevotella_clara	1551.2967800455
UNINTEGRATED|g__Dorea.s__Dorea_longicatena	1468.2471551489
UNINTEGRATED|g__Collinsella.s__Collinsella_aerofaciens	949.9920856974
UNINTEGRATED|g__Bacteroides.s__Bacteroides_thetaiotaomicron	829.2445446659
UNINTEGRATED|g__Alistipes.s__Alistipes_putredinis	809.6004451558
UNINTEGRATED|g__Streptococcus.s__Streptococcus_parasanguinis	747.4935755754
UNINTEGRATED|g__Alistipes.s__Alistipes_shahii	672.1365303384
UNINTEGRATED|g__Streptococcus.s__Streptococcus_mitis_oralis_pneumoniae	651.8336132857
UNINTEGRATED|g__Veillonella.s__Veillonella_parvula	536.0822228904
UNINTEGRATED|g__Eubacterium.s__Eubacterium_eligens	307.5021779717
PWY-7219: adenosine ribonucleotides de novo biosynthesis	202.4900241189
PWY-7219: adenosine ribonucleotides de novo biosynthesis|g__Faecalibacterium.s__Faecalibacterium_prausnitzii	49.8610005074
PWY-7219: adenosine ribonucleotides de novo biosynthesis|g__Bacteroides.s__Bacteroides_vulgatus	47.8482122365
PWY-7219: adenosine ribonucleotides de novo biosynthesis|g__Bacteroides.s__Bacteroides_coprocola	17.7624386261
PWY-7219: adenosine ribonucleotides de novo biosynthesis|g__Bacteroides.s__Bacteroides_eggerthii	12.3537101381
PWY-7219: adenosine ribonucleotides de novo biosynthesis|g__Roseburia.s__Roseburia_inulinivorans	11.1974016927
PWY-7219: adenosine ribonucleotides de novo biosynthesis|g__Escherichia.s__Escherichia_coli	9.9815524086
PWY-7219: adenosine ribonucleotides de novo biosynthesis|g__Eubacterium.s__Eubacterium_rectale	7.6161707416
PWY-7219: adenosine ribonucleotides de novo biosynthesis|g__Bacteroides.s__Bacteroides_stercoris	7.2715641638
PWY-7219: adenosine ribonucleotides de novo biosynthesis|g__Bacteroides.s__Bacteroides_dorei	5.3662981477
PWY-7219: adenosine ribonucleotides de novo biosynthesis|g__Parabacteroides.s__Parabacteroides_merdae	3.7952183883
PWY-7219: adenosine ribonucleotides de novo biosynthesis|g__Bacteroides.s__Bacteroides_ovatus	3.3962428279
PWY-7219: adenosine ribonucleotides de novo biosynthesis|g__Bifidobacterium.s__Bifidobacterium_longum	3.1599456102
PWY-7219: adenosine ribonucleotides de novo biosynthesis|g__Collinsella.s__Collinsella_aerofaciens	2.9539482608
PWY-7219: adenosine ribonucleotides de novo biosynthesis|g__Blautia.s__Ruminococcus_gnavus	2.4480395324
PWY-7219: adenosine ribonucleotides de novo biosynthesis|g__Paraprevotella.s__Paraprevotella_clara	2.4135807154
PWY-7219: adenosine ribonucleotides de novo biosynthesis|g__Lachnospiraceae_noname.s__Lachnospiraceae_bacterium_2_1_58FAA	2.3986411784
PWY-7219: adenosine ribonucleotides de novo biosynthesis|g__Bacteroides.s__Bacteroides_salyersiae	2.1591014936
PWY-7219: adenosine ribonucleotides de novo biosynthesis|g__Eubacterium.s__Eubacterium_eligens	2.0671092674
PWY-7219: adenosine ribonucleotides de novo biosynthesis|g__Bacteroides.s__Bacteroides_uniformis	1.8500488205
PWY-7219: adenosine ribonucleotides de novo biosynthesis|g__Streptococcus.s__Streptococcus_parasanguinis	1.2410465710
PWY-7219: adenosine ribonucleotides de novo biosynthesis|g__Parabacteroides.s__Parabacteroides_distasonis	0.9890435939
PWY-7219: adenosine ribonucleotides de novo biosynthesis|g__Roseburia.s__Roseburia_intestinalis	0.9728704569
PWY-7219: adenosine ribonucleotides de novo biosynthesis|g__Alistipes.s__Alistipes_putredinis	0.8736513626
PWY-6737: starch degradation V	181.5415434112
PWY-6737: starch degradation V|g__Faecalibacterium.s__Faecalibacterium_prausnitzii	66.1584190890
PWY-6737: starch degradation V|g__Roseburia.s__Roseburia_inulinivorans	14.7430409646
PWY-6737: starch degradation V|g__Eubacterium.s__Eubacterium_rectale	5.1623736136
PWY-6737: starch degradation V|g__Escherichia.s__Escherichia_coli	2.5203152200
PWY-6737: starch degradation V|g__Blautia.s__Ruminococcus_gnavus	2.5094331312
PWY-6737: starch degradation V|g__Dorea.s__Dorea_longicatena	2.3908457505
PWY-6737: starch degradation V|g__Lachnospiraceae_noname.s__Lachnospiraceae_bacterium_2_1_58FAA	1.8466474835
PWY-6737: starch degradation V|g__Streptococcus.s__Streptococcus_parasanguinis	1.1873740929
PWY-6737: starch degradation V|g__Coprococcus.s__Coprococcus_comes	0.9872679306
PWY-5695: urate biosynthesis/inosine 5'-phosphate degradation	176.9758771307
PWY-5695: urate biosynthesis/inosine 5'-phosphate degradation|g__Bacteroides.s__Bacteroides_vulgatus	38.1391569234
PWY-5695: urate biosynthesis/inosine 5'-phosphate degradation|g__Faecalibacterium.s__Faecalibacterium_prausnitzii	36.5185390413
PWY-5695: urate biosynthesis/inosine 5'-phosphate degradation|g__Escherichia.s__Escherichia_coli	11.6512145783
PWY-5695: urate biosynthesis/inosine 5'-phosphate degradation|g__Bacteroides.s__Bacteroides_eggerthii	11.1366363778
PWY-5695: urate biosynthesis/inosine 5'-phosphate degradation|g__Roseburia.s__Roseburia_inulinivorans	10.6980386093
PWY-5695: urate biosynthesis/inosine 5'-phosphate degradation|g__Bacteroides.s__Bacteroides_stercoris	8.2771622481
PWY-5695: urate biosynthesis/inosine 5'-phosphate degradation|g__Bacteroides.s__Bacteroides_coprocola	2.3802257424
PWY-5695: urate biosynthesis/inosine 5'-phosphate degradation|g__Roseburia.s__Roseburia_intestinalis	1.8277271728
PWY-5695: urate biosynthesis/inosine 5'-phosphate degradation|g__Bacteroides.s__Bacteroides_ovatus	1.0366073019
ILEUSYN-PWY: L-isoleucine biosynthesis I (from threonine)	169.4155681697
ILEUSYN-PWY: L-isoleucine biosynthesis I (from threonine)|g__Faecalibacterium.s__Faecalibacterium_prausnitzii	61.9216938862
ILEUSYN-PWY: L-isoleucine biosynthesis I (from threonine)|g__Bifidobacterium.s__Bifidobacterium_longum	4.1376318241
ILEUSYN-PWY: L-isoleucine biosynthesis I (from threonine)|g__Coprococcus.s__Coprococcus_catus	1.6228882712
ILEUSYN-PWY: L-isoleucine biosynthesis I (from threonine)|g__Streptococcus.s__Streptococcus_parasanguinis	1.1429619780
PWY-7111: pyruvate fermentation to isobutanol (engineered)	169.4155681697
PWY-7111: pyruvate fermentation to isobutanol (engineered)|g__Faecalibacterium.s__Faecalibacterium_prausnitzii	50.9946860468
PWY-7111: pyruvate fermentation to isobutanol (engineered)|g__Bacteroides.s__Bacteroides_vulgatus	31.4823389628
PWY-7111: pyruvate fermentation to isobutanol (engineered)|g__Escherichia.s__Escherichia_coli	22.0718927394
PWY-7111: pyruvate fermentation to isobutanol (engineered)|g__Bacteroides.s__Bacteroides_stercoris	5.7332277157
PWY-7111: pyruvate fermentation to isobutanol (engineered)|g__Coprococcus.s__Coprococcus_comes	4.5376215843
PWY-7111: pyruvate fermentation to isobutanol (engineered)|g__Bifidobacterium.s__Bifidobacterium_longum	4.1007724805
PWY-7111: pyruvate fermentation to isobutanol (engineered)|g__Eubacterium.s__Eubacterium_rectale	3.5354211528
PWY-7111: pyruvate fermentation to isobutanol (engineered)|g__Lachnospiraceae_noname.s__Lachnospiraceae_bacterium_2_1_58FAA	3.5058999696
PWY-7111: pyruvate fermentation to isobutanol (engineered)|g__Blautia.s__Ruminococcus_gnavus	3.1994792120
PWY-7111: pyruvate fermentation to isobutanol (engineered)|g__Dorea.s__Dorea_formicigenerans	1.9256032556
PWY-7111: pyruvate fermentation to isobutanol (engineered)|g__Dorea.s__Dorea_longicatena	1.9099030071
PWY-7111: pyruvate fermentation to isobutanol (engineered)|g__Coprococcus.s__Coprococcus_catus	1.2756970838
PWY-7111: pyruvate fermentation to isobutanol (engineered)|g__Parabacteroides.s__Parabacteroides_merdae	1.2661441108
PWY-7111: pyruvate fermentation to isobutanol (engineered)|g__Streptococcus.s__Streptococcus_parasanguinis	1.1429619780
PWY-7111: pyruvate fermentation to isobutanol (engineered)|g__Bacteroides.s__Bacteroides_salyersiae	0.8688040955
PWY-7111: pyruvate fermentation to isobutanol (engineered)|g__Paraprevotella.s__Paraprevotella_clara	0.7456964218
VALSYN-PWY: L-valine biosynthesis	169.4155681697
VALSYN-PWY: L-valine biosynthesis|g__Faecalibacterium.s__Faecalibacterium_prausnitzii	61.9216938862
VALSYN-PWY: L-valine biosynthesis|g__Bacteroides.s__Bacteroides_vulgatus	31.4823389628
VALSYN-PWY: L-valine biosynthesis|g__Escherichia.s__Escherichia_coli	15.1162180756
VALSYN-PWY: L-valine biosynthesis|g__Roseburia.s__Roseburia_inulinivorans	10.8186231272
VALSYN-PWY: L-valine biosynthesis|g__Bacteroides.s__Bacteroides_stercoris	5.7332277157
VALSYN-PWY: L-valine biosynthesis|g__Coprococcus.s__Coprococcus_comes	4.5376215843
VALSYN-PWY: L-valine biosynthesis|g__Bifidobacterium.s__Bifidobacterium_longum	4.1376318241
VALSYN-PWY: L-valine biosynthesis|g__Eubacterium.s__Eubacterium_rectale	3.5354211528
VALSYN-PWY: L-valine biosynthesis|g__Coprococcus.s__Coprococcus_catus	1.6228882712
VALSYN-PWY: L-valine biosynthesis|g__Roseburia.s__Roseburia_intestinalis	1.4868873610
VALSYN-PWY: L-valine biosynthesis|g__Dorea.s__Dorea_longicatena	1.4474960469
VALSYN-PWY: L-valine biosynthesis|g__Parabacteroides.s__Parabacteroides_merdae	1.2661441108
VALSYN-PWY: L-valine biosynthesis|g__Streptococcus.s__Streptococcus_parasanguinis	1.1429619780
VALSYN-PWY: L-valine biosynthesis|g__Bacteroides.s__Bacteroides_salyersiae	0.8688040955
VALSYN-PWY: L-valine biosynthesis|g__Paraprevotella.s__Paraprevotella_clara	0.7456964218
PWY-1042: glycolysis IV (plant cytosol)	165.1338929239
PWY-1042: glycolysis IV (plant cytosol)|g__Faecalibacterium.s__Faecalibacterium_prausnitzii	57.4793054115
PWY-1042: glycolysis IV (plant cytosol)|g__Escherichia.s__Escherichia_coli	7.3299749942
PWY-1042: glycolysis IV (plant cytosol)|g__Bacteroides.s__Bacteroides_ovatus	1.8381354772
PWY-6151: S-adenosyl-L-methionine cycle I	163.3605206351
PWY-6151: S-adenosyl-L-methionine cycle I|g__Faecalibacterium.s__Faecalibacterium_prausnitzii	40.1761919538
PWY-6151: S-adenosyl-L-methionine cycle I|g__Bacteroides.s__Bacteroides_vulgatus	34.7978279183
PWY-6151: S-adenosyl-L-methionine cycle I|g__Bacteroides.s__Bacteroides_eggerthii	12.2536987160
PWY-6151: S-adenosyl-L-methionine cycle I|g__Escherichia.s__Escherichia_coli	11.3830315008
PWY-6151: S-adenosyl-L-methionine cycle I|g__Roseburia.s__Roseburia_inulinivorans	8.4486961854
PWY-6151: S-adenosyl-L-methionine cycle I|g__Bacteroides.s__Bacteroides_stercoris	7.9758540450
PWY-6151: S-adenosyl-L-methionine cycle I|g__Bacteroides.s__Bacteroides_dorei	4.5454381519
PWY-6151: S-adenosyl-L-methionine cycle I|g__Lachnospiraceae_noname.s__Lachnospiraceae_bacterium_2_1_58FAA	3.3989522213
PWY-6151: S-adenosyl-L-methionine cycle I|g__Dorea.s__Dorea_longicatena	2.4839923828
PWY-6151: S-adenosyl-L-methionine cycle I|g__Bacteroides.s__Bacteroides_uniformis	2.3030511301
PWY-6151: S-adenosyl-L-methionine cycle I|g__Bifidobacterium.s__Bifidobacterium_longum	1.3221937312
PWY-6151: S-adenosyl-L-methionine cycle I|g__Paraprevotella.s__Paraprevotella_clara	1.1341083073
PWY-6386: UDP-N-acetylmuramoyl-pentapeptide biosynthesis II (lysine-containing)	150.4658775366
PWY-6386: UDP-N-acetylmuramoyl-pentapeptide biosynthesis II (lysine-containing)|g__Faecalibacterium.s__Faecalibacterium_prausnitzii	31.8370671231
PWY-6386: UDP-N-acetylmuramoyl-pentapeptide biosynthesis II (lysine-containing)|g__Escherichia.s__Escherichia_coli	6.6272451065
PWY-6386: UDP-N-acetylmuramoyl-pentapeptide biosynthesis II (lysine-containing)|g__Lachnospiraceae_noname.s__Lachnospiraceae_bacterium_2_1_58FAA	3.3151932878
PWY-6386: UDP-N-acetylmuramoyl-pentapeptide biosynthesis II (lysine-containing)|g__Eubacterium.s__Eubacterium_rectale	3.2137456766
PWY-6386: UDP-N-acetylmuramoyl-pentapeptide biosynthesis II (lysine-containing)|g__Alistipes.s__Alistipes_putredinis	1.6360494712
PWY-6386: UDP-N-acetylmuramoyl-pentapeptide biosynthesis II (lysine-containing)|g__Parabacteroides.s__Parabacteroides_merdae	1.4799766068
PWY-7221: guanosine ribonucleotides de novo biosynthesis	145.8581303820
PWY-7221: guanosine ribonucleotides de novo biosynthesis|g__Bacteroides.s__Bacteroides_vulgatus	44.6670081961
PWY-7221: guanosine ribonucleotides de novo biosynthesis|g__Faecalibacterium.s__Faecalibacterium_prausnitzii	29.8366385436
PWY-7221: guanosine ribonucleotides de novo biosynthesis|g__Roseburia.s__Roseburia_inulinivorans	6.8890177680
PWY-7221: guanosine ribonucleotides de novo biosynthesis|g__Escherichia.s__Escherichia_coli	6.4605671480
PWY-7221: guanosine ribonucleotides de novo biosynthesis|g__Eubacterium.s__Eubacterium_rectale	6.1521268595
PWY-7221: guanosine ribonucleotides de novo biosynthesis|g__Bifidobacterium.s__Bifidobacterium_longum	2.3944027908
PWY-7221: guanosine ribonucleotides de novo biosynthesis|g__Parabacteroides.s__Parabacteroides_distasonis	2.1469470996
PWY-7221: guanosine ribonucleotides de novo biosynthesis|g__Blautia.s__Ruminococcus_gnavus	2.0548176754
PWY-7221: guanosine ribonucleotides de novo biosynthesis|g__Alistipes.s__Alistipes_putredinis	1.4813506552
PWY-7221: guanosine ribonucleotides de novo biosynthesis|g__Roseburia.s__Roseburia_intestinalis	1.4450497011
PWY-7221: guanosine ribonucleotides de novo biosynthesis|g__Bacteroides.s__Bacteroides_ovatus	1.1509507674
PWY-7221: guanosine ribonucleotides de novo biosynthesis|g__Eubacterium.s__Eubacterium_eligens	1.0581990016
PWY-7221: guanosine ribonucleotides de novo biosynthesis|g__Coprococcus.s__Coprococcus_comes	1.0524733372
PWY-7221: guanosine ribonucleotides de novo biosynthesis|g__Bacteroides.s__Bacteroides_salyersiae	0.8440599283
PWY-7221: guanosine ribonucleotides de novo biosynthesis|g__Bacteroides.s__Bacteroides_thetaiotaomicron	0.8174943797
PWY-6387: UDP-N-acetylmuramoyl-pentapeptide biosynthesis I (meso-diaminopimelate containing)	145.4390272406
PWY-6387: UDP-N-acetylmuramoyl-pentapeptide biosynthesis I (meso-diaminopimelate containing)|g__Bacteroides.s__Bacteroides_vulgatus	37.1584627047
PWY-6387: UDP-N-acetylmuramoyl-pentapeptide biosynthesis I (meso-diaminopimelate containing)|g__Faecalibacterium.s__Faecalibacterium_prausnitzii	33.4954184693
PWY-6387: UDP-N-acetylmuramoyl-pentapeptide biosynthesis I (meso-diaminopimelate containing)|g__Escherichia.s__Escherichia_coli	9.9012914983
PWY-6387: UDP-N-acetylmuramoyl-pentapeptide biosynthesis I (meso-diaminopimelate containing)|g__Eubacterium.s__Eubacterium_rectale	2.9509205863
PWY-6387: UDP-N-acetylmuramoyl-pentapeptide biosynthesis I (meso-diaminopimelate containing)|g__Lachnospiraceae_noname.s__Lachnospiraceae_bacterium_2_1_58FAA	2.8983889214
PWY-6387: UDP-N-acetylmuramoyl-pentapeptide biosynthesis I (meso-diaminopimelate containing)|g__Alistipes.s__Alistipes_putredinis	1.5863129175
PWY-6387: UDP-N-acetylmuramoyl-pentapeptide biosynthesis I (meso-diaminopimelate containing)|g__Parabacteroides.s__Parabacteroides_merdae	1.5260927700
PEPTIDOGLYCANSYN-PWY: peptidoglycan biosynthesis I (meso-diaminopimelate containing)	143.9773200285
PEPTIDOGLYCANSYN-PWY: peptidoglycan biosynthesis I (meso-diaminopimelate containing)|g__Bacteroides.s__Bacteroides_vulgatus	36.4274321697
PEPTIDOGLYCANSYN-PWY: peptidoglycan biosynthesis I (meso-diaminopimelate containing)|g__Faecalibacterium.s__Faecalibacterium_prausnitzii	33.1262620701
PEPTIDOGLYCANSYN-PWY: peptidoglycan biosynthesis I (meso-diaminopimelate containing)|g__Escherichia.s__Escherichia_coli	9.3634492324
PEPTIDOGLYCANSYN-PWY: peptidoglycan biosynthesis I (meso-diaminopimelate containing)|g__Lachnospiraceae_noname.s__Lachnospiraceae_bacterium_2_1_58FAA	2.3588551410
PEPTIDOGLYCANSYN-PWY: peptidoglycan biosynthesis I (meso-diaminopimelate containing)|g__Parabacteroides.s__Parabacteroides_merdae	1.5714888293
ANAGLYCOLYSIS-PWY: glycolysis III (from glucose)	143.6544738029
ANAGLYCOLYSIS-PWY: glycolysis III (from glucose)|g__Escherichia.s__Escherichia_coli	9.2693667704
ANAGLYCOLYSIS-PWY: glycolysis III (from glucose)|g__Bacteroides.s__Bacteroides_ovatus	1.9862972210
COA-PWY-1: coenzyme A biosynthesis II (mammalian)	141.3796279654
COA-PWY-1: coenzyme A biosynthesis II (mammalian)|g__Bacteroides.s__Bacteroides_vulgatus	27.5752521989
COA-PWY-1: coenzyme A biosynthesis II (mammalian)|g__Faecalibacterium.s__Faecalibacterium_prausnitzii	25.9987231927
COA-PWY-1: coenzyme A biosynthesis II (mammalian)|g__Escherichia.s__Escherichia_coli	11.2235752011
COA-PWY-1: coenzyme A biosynthesis II (mammalian)|g__Roseburia.s__Roseburia_inulinivorans	7.3439587741
COA-PWY-1: coenzyme A biosynthesis II (mammalian)|g__Bacteroides.s__Bacteroides_eggerthii	5.9903562333
COA-PWY-1: coenzyme A biosynthesis II (mammalian)|g__Eubacterium.s__Eubacterium_rectale	3.4140171708
COA-PWY-1: coenzyme A biosynthesis II (mammalian)|g__Streptococcus.s__Streptococcus_mitis_oralis_pneumoniae	2.6512366423
COA-PWY-1: coenzyme A biosynthesis II (mammalian)|g__Bifidobacterium.s__Bifidobacterium_longum	2.3695199305
PWY-5097: L-lysine biosynthesis VI	135.4756503950
PWY-5097: L-lysine biosynthesis VI|g__Faecalibacterium.s__Faecalibacterium_prausnitzii	32.3295954538
PWY-5097: L-lysine biosynthesis VI|g__Bacteroides.s__Bacteroides_vulgatus	21.9896978720
PWY-5097: L-lysine biosynthesis VI|g__Bacteroides.s__Bacteroides_eggerthii	9.3887916131
PWY-5097: L-lysine biosynthesis VI|g__Escherichia.s__Escherichia_coli	8.9869318339
PWY-5097: L-lysine biosynthesis VI|g__Bacteroides.s__Bacteroides_stercoris	4.0336343314
PWY-5097: L-lysine biosynthesis VI|g__Parabacteroides.s__Parabacteroides_merdae	2.6441795697
PWY-5097: L-lysine biosynthesis VI|g__Bacteroides.s__Bacteroides_massiliensis	1.7566285100
PWY-5097: L-lysine biosynthesis VI|g__Bacteroides.s__Bacteroides_uniformis	1.5779959978
PWY-5097: L-lysine biosynthesis VI|g__Lachnospiraceae_noname.s__Lachnospiraceae_bacterium_2_1_58FAA	1.1847487848
PWY-2942: L-lysine biosynthesis III	133.0789219952
PWY-2942: L-lysine biosynthesis III|g__Bacteroides.s__Bacteroides_vulgatus	29.0179580124
PWY-2942: L-lysine biosynthesis III|g__Faecalibacterium.s__Faecalibacterium_prausnitzii	28.1507158766
PWY-2942: L-lysine biosynthesis III|g__Bacteroides.s__Bacteroides_eggerthii	9.2474225324
PWY-2942: L-lysine biosynthesis III|g__Escherichia.s__Escherichia_coli	8.9570210846
PWY-2942: L-lysine biosynthesis III|g__Bacteroides.s__Bacteroides_dorei	4.5119352374
PWY-2942: L-lysine biosynthesis III|g__Bacteroides.s__Bacteroides_stercoris	4.0461533845
PWY-2942: L-lysine biosynthesis III|g__Parabacteroides.s__Parabacteroides_merdae	2.4958336995
PWY-2942: L-lysine biosynthesis III|g__Bacteroides.s__Bacteroides_coprocola	2.3720504279
PWY-2942: L-lysine biosynthesis III|g__Bacteroides.s__Bacteroides_massiliensis	1.5704914891
PWY-2942: L-lysine biosynthesis III|g__Bacteroides.s__Bacteroides_uniformis	1.3171394354
PWY-2942: L-lysine biosynthesis III|g__Parabacteroides.s__Parabacteroides_distasonis	1.1653039506
PWY-5686: UMP biosynthesis	132.9419334282
PWY-5686: UMP biosynthesis|g__Faecalibacterium.s__Faecalibacterium_prausnitzii	38.8710018226
PWY-5686: UMP biosynthesis|g__Escherichia.s__Escherichia_coli	6.5696497998
PWY-5686: UMP biosynthesis|g__Bacteroides.s__Bacteroides_eggerthii	4.0454018125
PWY-5686: UMP biosynthesis|g__Bacteroides.s__Bacteroides_stercoris	3.6805419665
PWY-5686: UMP biosynthesis|g__Bifidobacterium.s__Bifidobacterium_longum	3.0586866881
PWY-5686: UMP biosynthesis|g__Lachnospiraceae_noname.s__Lachnospiraceae_bacterium_2_1_58FAA	2.7221709104
PWY-5686: UMP biosynthesis|g__Eubacterium.s__Eubacterium_rectale	2.1296558947
PWY-5686: UMP biosynthesis|g__Parabacteroides.s__Parabacteroides_merdae	1.8174840399
PWY-5686: UMP biosynthesis|g__Veillonella.s__Veillonella_parvula	1.2310766860
PWY-6385: peptidoglycan biosynthesis III (mycobacteria)	132.5286972490
PWY-6385: peptidoglycan biosynthesis III (mycobacteria)|g__Faecalibacterium.s__Faecalibacterium_prausnitzii	33.1329561064
PWY-6385: peptidoglycan biosynthesis III (mycobacteria)|g__Escherichia.s__Escherichia_coli	9.7387933957
PWY-5667: CDP-diacylglycerol biosynthesis I	132.0692306407
PWY-5667: CDP-diacylglycerol biosynthesis I|g__Faecalibacterium.s__Faecalibacterium_prausnitzii	38.0789813171
PWY-5667: CDP-diacylglycerol biosynthesis I|g__Escherichia.s__Escherichia_coli	8.1357079908
PWY-5667: CDP-diacylglycerol biosynthesis I|g__Bacteroides.s__Bacteroides_eggerthii	8.0498330171
PWY-5667: CDP-diacylglycerol biosynthesis I|g__Blautia.s__Ruminococcus_gnavus	6.5114820391
PWY-5667: CDP-diacylglycerol biosynthesis I|g__Bacteroides.s__Bacteroides_stercoris	4.2057630681
PWY-5667: CDP-diacylglycerol biosynthesis I|g__Parabacteroides.s__Parabacteroides_merdae	2.1116574642
PWY-5667: CDP-diacylglycerol biosynthesis I|g__Eubacterium.s__Eubacterium_rectale	1.8792770037
PWY-5667: CDP-diacylglycerol biosynthesis I|g__Veillonella.s__Veillonella_parvula	1.4427412083
PWY0-1319: CDP-diacylglycerol biosynthesis II	132.0692306407
PWY0-1319: CDP-diacylglycerol biosynthesis II|g__Faecalibacterium.s__Faecalibacterium_prausnitzii	38.0789813171
PWY0-1319: CDP-diacylglycerol biosynthesis II|g__Escherichia.s__Escherichia_coli	8.1357079908
PWY0-1319: CDP-diacylglycerol biosynthesis II|g__Bacteroides.s__Bacteroides_eggerthii	8.0498330171
PWY0-1319: CDP-diacylglycerol biosynthesis II|g__Blautia.s__Ruminococcus_gnavus	6.5114820391
PWY0-1319: CDP-diacylglycerol biosynthesis II|g__Bacteroides.s__Bacteroides_stercoris	4.2057630681
PWY0-1319: CDP-diacylglycerol biosynthesis II|g__Parabacteroides.s__Parabacteroides_merdae	2.1116574642
PWY0-1319: CDP-diacylglycerol biosynthesis II|g__Eubacterium.s__Eubacterium_rectale	1.8792770037
PWY0-1319: CDP-diacylglycerol biosynthesis II|g__Veillonella.s__Veillonella_parvula	1.4427412083
ARO-PWY: chorismate biosynthesis I	131.3853762601
ARO-PWY: chorismate biosynthesis I|g__Roseburia.s__Roseburia_inulinivorans	13.1817762951
ARO-PWY: chorismate biosynthesis I|g__Escherichia.s__Escherichia_coli	9.7277639124
ARO-PWY: chorismate biosynthesis I|g__Eubacterium.s__Eubacterium_rectale	5.9382151796
ARO-PWY: chorismate biosynthesis I|g__Blautia.s__Ruminococcus_gnavus	3.0870218156
BRANCHED-CHAIN-AA-SYN-PWY: superpathway of branched amino acid biosynthesis	127.5669677672
BRANCHED-CHAIN-AA-SYN-PWY: superpathway of branched amino acid biosynthesis|g__Faecalibacterium.s__Faecalibacterium_prausnitzii	54.6917874994
BRANCHED-CHAIN-AA-SYN-PWY: superpathway of branched amino acid biosynthesis|g__Bifidobacterium.s__Bifidobacterium_longum	4.0402237791
BRANCHED-CHAIN-AA-SYN-PWY: superpathway of branched amino acid biosynthesis|g__Coprococcus.s__Coprococcus_catus	1.4875522592
BRANCHED-CHAIN-AA-SYN-PWY: superpathway of branched amino acid biosynthesis|g__Streptococcus.s__Streptococcus_parasanguinis	1.1079892967
COMPLETE-ARO-PWY: superpathway of aromatic amino acid biosynthesis	127.2926001418
COMPLETE-ARO-PWY: superpathway of aromatic amino acid biosynthesis|g__Escherichia.s__Escherichia_coli	10.1790719527
COMPLETE-ARO-PWY: superpathway of aromatic amino acid biosynthesis|g__Eubacterium.s__Eubacterium_rectale	6.3328407645
COMPLETE-ARO-PWY: superpathway of aromatic amino acid biosynthesis|g__Blautia.s__Ruminococcus_gnavus	3.0884187102
DTDPRHAMSYN-PWY: dTDP-L-rhamnose biosynthesis I	127.1249426967
DTDPRHAMSYN-PWY: dTDP-L-rhamnose biosynthesis I|g__Faecalibacterium.s__Faecalibacterium_prausnitzii	49.9123830969
DTDPRHAMSYN-PWY: dTDP-L-rhamnose biosynthesis I|g__Eubacterium.s__Eubacterium_rectale	6.0437719752
DTDPRHAMSYN-PWY: dTDP-L-rhamnose biosynthesis I|g__Bacteroides.s__Bacteroides_ovatus	3.9675669391
DTDPRHAMSYN-PWY: dTDP-L-rhamnose biosynthesis I|g__Roseburia.s__Roseburia_intestinalis	1.9690852635
DTDPRHAMSYN-PWY: dTDP-L-rhamnose biosynthesis I|g__Bifidobacterium.s__Bifidobacterium_longum	1.3813184074
NONMEVIPP-PWY: methylerythritol phosphate pathway I	126.9745760539
NONMEVIPP-PWY: methylerythritol phosphate pathway I|g__Bacteroides.s__Bacteroides_vulgatus	29.9196340853
NONMEVIPP-PWY: methylerythritol phosphate pathway I|g__Bacteroides.s__Bacteroides_eggerthii	11.5180464056
NONMEVIPP-PWY: methylerythritol phosphate pathway I|g__Eubacterium.s__Eubacterium_rectale	4.0010419442
NONMEVIPP-PWY: methylerythritol phosphate pathway I|g__Bacteroides.s__Bacteroides_ovatus	1.9434195502
NONMEVIPP-PWY: methylerythritol phosphate pathway I|g__Bifidobacterium.s__Bifidobacterium_longum	1.6045934643
NONMEVIPP-PWY: methylerythritol phosphate pathway I|g__Alistipes.s__Alistipes_putredinis	1.5236348097
PWY-6163: chorismate biosynthesis from 3-dehydroquinate	124.3756283023
PWY-6163: chorismate biosynthesis from 3-dehydroquinate|g__Roseburia.s__Roseburia_inulinivorans	13.2756836208
PWY-6163: chorismate biosynthesis from 3-dehydroquinate|g__Escherichia.s__Escherichia_coli	8.1231715801
PWY-6163: chorismate biosynthesis from 3-dehydroquinate|g__Eubacterium.s__Eubacterium_rectale	6.4124287444
PWY-6163: chorismate biosynthesis from 3-dehydroquinate|g__Blautia.s__Ruminococcus_gnavus	3.8475337465
PANTO-PWY: phosphopantothenate biosynthesis I	123.2891553408
PANTO-PWY: phosphopantothenate biosynthesis I|g__Bacteroides.s__Bacteroides_vulgatus	30.1420486056
PANTO-PWY: phosphopantothenate biosynthesis I|g__Escherichia.s__Escherichia_coli	12.5154893184
PANTO-PWY: phosphopantothenate biosynthesis I|g__Bacteroides.s__Bacteroides_eggerthii	8.8748321425
PANTO-PWY: phosphopantothenate biosynthesis I|g__Bacteroides.s__Bacteroides_coprocola	8.7295428921
PANTO-PWY: phosphopantothenate biosynthesis I|g__Bacteroides.s__Bacteroides_stercoris	5.0354465758
PANTO-PWY: phosphopantothenate biosynthesis I|g__Bacteroides.s__Bacteroides_ovatus	4.4451545622
PANTO-PWY: phosphopantothenate biosynthesis I|g__Paraprevotella.s__Paraprevotella_clara	3.0032071438
PANTO-PWY: phosphopantothenate biosynthesis I|g__Alistipes.s__Alistipes_putredinis	2.7337913501
PANTO-PWY: phosphopantothenate biosynthesis I|g__Eubacterium.s__Eubacterium_rectale	1.9035256634
PANTO-PWY: phosphopantothenate biosynthesis I|g__Parabacteroides.s__Parabacteroides_merdae	1.8044730579
PANTO-PWY: phosphopantothenate biosynthesis I|g__Dorea.s__Dorea_longicatena	1.4082382441
CALVIN-PWY: Calvin-Benson-Bassham cycle	122.1994298356
CALVIN-PWY: Calvin-Benson-Bassham cycle|g__Faecalibacterium.s__Faecalibacterium_prausnitzii	39.4779814537
CALVIN-PWY: Calvin-Benson-Bassham cycle|g__Escherichia.s__Escherichia_coli	5.4619009301
PWY-5103: L-isoleucine biosynthesis III	117.7752387778
PWY-5103: L-isoleucine biosynthesis III|g__Faecalibacterium.s__Faecalibacterium_prausnitzii	50.7677162025
PWY-5103: L-isoleucine biosynthesis III|g__Escherichia.s__Escherichia_coli	15.1082332753
PWY-5103: L-isoleucine biosynthesis III|g__Bifidobacterium.s__Bifidobacterium_longum	4.0331441707
PWY-5103: L-isoleucine biosynthesis III|g__Coprococcus.s__Coprococcus_catus	1.3854261572
PWY-5103: L-isoleucine biosynthesis III|g__Streptococcus.s__Streptococcus_parasanguinis	1.1079892967
PWY-6121: 5-aminoimidazole ribonucleotide biosynthesis I	116.9102651175
PWY-6121: 5-aminoimidazole ribonucleotide biosynthesis I|g__Faecalibacterium.s__Faecalibacterium_prausnitzii	26.4709070577
PWY-6121: 5-aminoimidazole ribonucleotide biosynthesis I|g__Escherichia.s__Escherichia_coli	10.0229243383
PWY-6121: 5-aminoimidazole ribonucleotide biosynthesis I|g__Roseburia.s__Roseburia_inulinivorans	5.3007568457
PWY-6121: 5-aminoimidazole ribonucleotide biosynthesis I|g__Bifidobacterium.s__Bifidobacterium_longum	2.2646453833
PWY-6121: 5-aminoimidazole ribonucleotide biosynthesis I|g__Blautia.s__Ruminococcus_gnavus	2.0155600513
PWY-6121: 5-aminoimidazole ribonucleotide biosynthesis I|g__Collinsella.s__Collinsella_aerofaciens	1.9604504992
PWY-6121: 5-aminoimidazole ribonucleotide biosynthesis I|g__Coprococcus.s__Coprococcus_comes	1.9202650307
PWY-6121: 5-aminoimidazole ribonucleotide biosynthesis I|g__Lachnospiraceae_noname.s__Lachnospiraceae_bacterium_2_1_58FAA	1.1029107425
PWY-6122: 5-aminoimidazole ribonucleotide biosynthesis II	111.1991454959
PWY-6122: 5-aminoimidazole ribonucleotide biosynthesis II|g__Faecalibacterium.s__Faecalibacterium_prausnitzii	31.4305021188
PWY-6122: 5-aminoimidazole ribonucleotide biosynthesis II|g__Escherichia.s__Escherichia_coli	9.3394718805
PWY-6122: 5-aminoimidazole ribonucleotide biosynthesis II|g__Roseburia.s__Roseburia_inulinivorans	5.2817214520
PWY-6122: 5-aminoimidazole ribonucleotide biosynthesis II|g__Bifidobacterium.s__Bifidobacterium_longum	3.5104882720
PWY-6122: 5-aminoimidazole ribonucleotide biosynthesis II|g__Blautia.s__Ruminococcus_gnavus	2.0989661603
PWY-6122: 5-aminoimidazole ribonucleotide biosynthesis II|g__Collinsella.s__Collinsella_aerofaciens	1.7863185782
PWY-6122: 5-aminoimidazole ribonucleotide biosynthesis II|g__Coprococcus.s__Coprococcus_comes	1.7135704856
PWY-6122: 5-aminoimidazole ribonucleotide biosynthesis II|g__Streptococcus.s__Streptococcus_parasanguinis	0.9443207638
PWY-6122: 5-aminoimidazole ribonucleotide biosynthesis II|g__Lachnospiraceae_noname.s__Lachnospiraceae_bacterium_2_1_58FAA	0.9407943099
PWY-6122: 5-aminoimidazole ribonucleotide biosynthesis II|g__Veillonella.s__Veillonella_parvula	0.8288437630
PWY-6277: superpathway of 5-aminoimidazole ribonucleotide biosynthesis	111.1991454959
PWY-6277: superpathway of 5-aminoimidazole ribonucleotide biosynthesis|g__Faecalibacterium.s__Faecalibacterium_prausnitzii	31.4305021188
PWY-6277: superpathway of 5-aminoimidazole ribonucleotide biosynthesis|g__Escherichia.s__Escherichia_coli	9.3394718805
PWY-6277: superpathway of 5-aminoimidazole ribonucleotide biosynthesis|g__Roseburia.s__Roseburia_inulinivorans	5.2817214520
PWY-6277: superpathway of 5-aminoimidazole ribonucleotide biosynthesis|g__Bifidobacterium.s__Bifidobacterium_longum	3.5104882720
PWY-6277: superpathway of 5-aminoimidazole ribonucleotide biosynthesis|g__Blautia.s__Ruminococcus_gnavus	2.0989661603
PWY-6277: superpathway of 5-aminoimidazole ribonucleotide biosynthesis|g__Collinsella.s__Collinsella_aerofaciens	1.7863185782
PWY-6277: superpathway of 5-aminoimidazole ribonucleotide biosynthesis|g__Coprococcus.s__Coprococcus_comes	1.7135704856
PWY-6277: superpathway of 5-aminoimidazole ribonucleotide biosynthesis|g__Streptococcus.s__Streptococcus_parasanguinis	0.9443207638
PWY-6277: superpathway of 5-aminoimidazole ribonucleotide biosynthesis|g__Lachnospiraceae_noname.s__Lachnospiraceae_bacterium_2_1_58FAA	0.9407943099
PWY-6277: superpathway of 5-aminoimidazole ribonucleotide biosynthesis|g__Veillonella.s__Veillonella_parvula	0.8288437630
PWY-7229: superpathway of adenosine nucleotides de novo biosynthesis I	110.4315769252
PWY-7229: superpathway of adenosine nucleotides de novo biosynthesis I|g__Bacteroides.s__Bacteroides_vulgatus	42.2842155948
PWY-7229: superpathway of adenosine nucleotides de novo biosynthesis I|g__Bacteroides.s__Bacteroides_dorei	4.5348357605
PWY-6700: queuosine biosynthesis	107.4005545734
PWY-6700: queuosine biosynthesis|g__Bacteroides.s__Bacteroides_vulgatus	26.7990639203
PWY-6700: queuosine biosynthesis|g__Bacteroides.s__Bacteroides_dorei	13.9887087831
PWY-6700: queuosine biosynthesis|g__Bacteroides.s__Bacteroides_eggerthii	8.6093996855
PWY-6700: queuosine biosynthesis|g__Bacteroides.s__Bacteroides_stercoris	7.9787966163
PWY-6700: queuosine biosynthesis|g__Escherichia.s__Escherichia_coli	6.3394020036
PWY-6700: queuosine biosynthesis|g__Bacteroides.s__Bacteroides_ovatus	1.6439923774
PWY-6700: queuosine biosynthesis|g__Bacteroides.s__Bacteroides_uniformis	1.2171823985
PWY0-1296: purine ribonucleosides degradation	106.6172505483
PWY0-1296: purine ribonucleosides degradation|g__Faecalibacterium.s__Faecalibacterium_prausnitzii	47.1934767370
PWY0-1296: purine ribonucleosides degradation|g__Roseburia.s__Roseburia_inulinivorans	9.6117777681
PWY0-1296: purine ribonucleosides degradation|g__Escherichia.s__Escherichia_coli	7.3101869737
PWY0-1296: purine ribonucleosides degradation|g__Eubacterium.s__Eubacterium_rectale	5.5521010066
PWY0-1296: purine ribonucleosides degradation|g__Dorea.s__Dorea_longicatena	1.7218327926
PWY0-1296: purine ribonucleosides degradation|g__Roseburia.s__Roseburia_intestinalis	1.6777068136
PWY0-1296: purine ribonucleosides degradation|g__Lachnospiraceae_noname.s__Lachnospiraceae_bacterium_2_1_58FAA	1.5632160749
PWY0-1296: purine ribonucleosides degradation|g__Streptococcus.s__Streptococcus_parasanguinis	1.5253735946
PWY0-1296: purine ribonucleosides degradation|g__Dorea.s__Dorea_formicigenerans	1.2112822288
PWY-5973: cis-vaccenate biosynthesis	101.9629976999
PWY-724: superpathway of L-lysine, L-threonine and L-methionine biosynthesis II	100.7850271738
PWY-724: superpathway of L-lysine, L-threonine and L-methionine biosynthesis II|g__Faecalibacterium.s__Faecalibacterium_prausnitzii	32.1066428228
PWY-724: superpathway of L-lysine, L-threonine and L-methionine biosynthesis II|g__Escherichia.s__Escherichia_coli	1.7672650816
PWY-6123: inosine-5'-phosphate biosynthesis I	100.5774393481
PWY-6123: inosine-5'-phosphate biosynthesis I|g__Faecalibacterium.s__Faecalibacterium_prausnitzii	34.9404164035
PWY-6123: inosine-5'-phosphate biosynthesis I|g__Escherichia.s__Escherichia_coli	8.2016567342
PWY-6123: inosine-5'-phosphate biosynthesis I|g__Bacteroides.s__Bacteroides_ovatus	3.8617159105
PWY-6123: inosine-5'-phosphate biosynthesis I|g__Bifidobacterium.s__Bifidobacterium_longum	2.0408310243
PWY-6123: inosine-5'-phosphate biosynthesis I|g__Streptococcus.s__Streptococcus_parasanguinis	1.1009179695
NONOXIPENT-PWY: pentose phosphate pathway (non-oxidative branch)	99.3567335278
NONOXIPENT-PWY: pentose phosphate pathway (non-oxidative branch)|g__Faecalibacterium.s__Faecalibacterium_prausnitzii	16.9114823066
NONOXIPENT-PWY: pentose phosphate pathway (non-oxidative branch)|g__Escherichia.s__Escherichia_coli	5.0616012856
NONOXIPENT-PWY: pentose phosphate pathway (non-oxidative branch)|g__Roseburia.s__Roseburia_intestinalis	2.5937008287
NONOXIPENT-PWY: pentose phosphate pathway (non-oxidative branch)|g__Blautia.s__Ruminococcus_gnavus	1.5305282381
NONOXIPENT-PWY: pentose phosphate pathway (non-oxidative branch)|g__Lachnospiraceae_noname.s__Lachnospiraceae_bacterium_2_1_58FAA	1.4980338306
NONOXIPENT-PWY: pentose phosphate pathway (non-oxidative branch)|g__Eubacterium.s__Eubacterium_eligens	0.6996676579
NONOXIPENT-PWY: pentose phosphate pathway (non-oxidative branch)|g__Bacteroides.s__Bacteroides_massiliensis	0.6912044237
PWY-3001: superpathway of L-isoleucine biosynthesis I	97.4343874578
PWY-3001: superpathway of L-isoleucine biosynthesis I|g__Faecalibacterium.s__Faecalibacterium_prausnitzii	43.8749331427
PWY-3001: superpathway of L-isoleucine biosynthesis I|g__Escherichia.s__Escherichia_coli	1.8398107289
PWY-7663: gondoate biosynthesis (anaerobic)	95.7660322443
PWY-7663: gondoate biosynthesis (anaerobic)|g__Bacteroides.s__Bacteroides_eggerthii	6.8598324326
PWY-7663: gondoate biosynthesis (anaerobic)|g__Escherichia.s__Escherichia_coli	6.5739653631
PWY-7663: gondoate biosynthesis (anaerobic)|g__Bacteroides.s__Bacteroides_stercoris	4.2417659124
PWY-7663: gondoate biosynthesis (anaerobic)|g__Bacteroides.s__Bacteroides_ovatus	2.8517052041
PWY-6897: thiamin salvage II	92.8411350593
PWY-6897: thiamin salvage II|g__Escherichia.s__Escherichia_coli	7.7786313776
PWY-6124: inosine-5'-phosphate biosynthesis II	92.5022781197
PWY-6124: inosine-5'-phosphate biosynthesis II|g__Faecalibacterium.s__Faecalibacterium_prausnitzii	40.7268057391
PWY-6124: inosine-5'-phosphate biosynthesis II|g__Escherichia.s__Escherichia_coli	7.7690448646
PWY-6124: inosine-5'-phosphate biosynthesis II|g__Bacteroides.s__Bacteroides_ovatus	3.5526681742
PWY-7357: thiamin formation from pyrithiamine and oxythiamine (yeast)	92.4468514492
PWY-7357: thiamin formation from pyrithiamine and oxythiamine (yeast)|g__Faecalibacterium.s__Faecalibacterium_prausnitzii	35.4320266889
PWY-7357: thiamin formation from pyrithiamine and oxythiamine (yeast)|g__Escherichia.s__Escherichia_coli	10.4872152384
PWY-7357: thiamin formation from pyrithiamine and oxythiamine (yeast)|g__Roseburia.s__Roseburia_inulinivorans	10.0401279197
PWY-6126: superpathway of adenosine nucleotides de novo biosynthesis II	92.1400877157
PWY-6126: superpathway of adenosine nucleotides de novo biosynthesis II|g__Bacteroides.s__Bacteroides_vulgatus	39.6042435145
PWY-6126: superpathway of adenosine nucleotides de novo biosynthesis II|g__Bacteroides.s__Bacteroides_dorei	4.0413583003
PWY-6317: galactose degradation I (Leloir pathway)	91.8583729591
PWY-6317: galactose degradation I (Leloir pathway)|g__Faecalibacterium.s__Faecalibacterium_prausnitzii	41.9099352297
PWY-6317: galactose degradation I (Leloir pathway)|g__Escherichia.s__Escherichia_coli	4.7419962799
PWY66-422: D-galactose degradation V (Leloir pathway)	91.8583729591
PWY66-422: D-galactose degradation V (Leloir pathway)|g__Faecalibacterium.s__Faecalibacterium_prausnitzii	41.9099352297
PWY66-422: D-galactose degradation V (Leloir pathway)|g__Escherichia.s__Escherichia_coli	6.3583010791
PWY66-422: D-galactose degradation V (Leloir pathway)|g__Eubacterium.s__Eubacterium_rectale	3.8198368667
PANTOSYN-PWY: pantothenate and coenzyme A biosynthesis I	91.5704693077
PANTOSYN-PWY: pantothenate and coenzyme A biosynthesis I|g__Escherichia.s__Escherichia_coli	5.1665107564
1CMET2-PWY: N10-formyl-tetrahydrofolate biosynthesis	87.9261637253
1CMET2-PWY: N10-formyl-tetrahydrofolate biosynthesis|g__Escherichia.s__Escherichia_coli	5.8466161016
1CMET2-PWY: N10-formyl-tetrahydrofolate biosynthesis|g__Bacteroides.s__Bacteroides_stercoris	3.6736090061
ASPASN-PWY: superpathway of L-aspartate and L-asparagine biosynthesis	86.7351174881
ASPASN-PWY: superpathway of L-aspartate and L-asparagine biosynthesis|g__Faecalibacterium.s__Faecalibacterium_prausnitzii	43.6814618891
ASPASN-PWY: superpathway of L-aspartate and L-asparagine biosynthesis|g__Escherichia.s__Escherichia_coli	15.9402136477
ASPASN-PWY: superpathway of L-aspartate and L-asparagine biosynthesis|g__Bacteroides.s__Bacteroides_ovatus	2.8078351034
ASPASN-PWY: superpathway of L-aspartate and L-asparagine biosynthesis|g__Roseburia.s__Roseburia_intestinalis	1.4347750206
PWY-3841: folate transformations II	85.7378671570
PWY-3841: folate transformations II|g__Bacteroides.s__Bacteroides_vulgatus	24.6994290027
PWY-3841: folate transformations II|g__Escherichia.s__Escherichia_coli	7.7147193096
PWY-3841: folate transformations II|g__Bacteroides.s__Bacteroides_stercoris	4.5972618549
PWY-6609: adenine and adenosine salvage III	84.0624910652
PWY-6609: adenine and adenosine salvage III|g__Faecalibacterium.s__Faecalibacterium_prausnitzii	48.4108996401
PWY-6609: adenine and adenosine salvage III|g__Escherichia.s__Escherichia_coli	7.0291719967
PWY-6609: adenine and adenosine salvage III|g__Bacteroides.s__Bacteroides_ovatus	2.9320663382
PWY-6609: adenine and adenosine salvage III|g__Streptococcus.s__Streptococcus_parasanguinis	1.5287481925
PWY-6609: adenine and adenosine salvage III|g__Alistipes.s__Alistipes_shahii	1.4787430684
PWY-6609: adenine and adenosine salvage III|g__Lachnospiraceae_noname.s__Lachnospiraceae_bacterium_2_1_58FAA	1.2262415696
THRESYN-PWY: superpathway of L-threonine biosynthesis	81.9087784507
THRESYN-PWY: superpathway of L-threonine biosynthesis|g__Faecalibacterium.s__Faecalibacterium_prausnitzii	38.3626944193
THRESYN-PWY: superpathway of L-threonine biosynthesis|g__Escherichia.s__Escherichia_coli	9.4049144824
PWY-7242: D-fructuronate degradation	81.8599588585
PWY-7242: D-fructuronate degradation|g__Faecalibacterium.s__Faecalibacterium_prausnitzii	41.4062639596
PWY-7242: D-fructuronate degradation|g__Escherichia.s__Escherichia_coli	15.0493592822
COA-PWY: coenzyme A biosynthesis I	81.3336830247
COA-PWY: coenzyme A biosynthesis I|g__Faecalibacterium.s__Faecalibacterium_prausnitzii	24.0019646724
COA-PWY: coenzyme A biosynthesis I|g__Escherichia.s__Escherichia_coli	11.6796570418
COA-PWY: coenzyme A biosynthesis I|g__Streptococcus.s__Streptococcus_mitis_oralis_pneumoniae	2.6512366423
COBALSYN-PWY: adenosylcobalamin salvage from cobinamide I	81.2096548030
COBALSYN-PWY: adenosylcobalamin salvage from cobinamide I|g__Faecalibacterium.s__Faecalibacterium_prausnitzii	31.8218707836
COBALSYN-PWY: adenosylcobalamin salvage from cobinamide I|g__Escherichia.s__Escherichia_coli	9.8495409971
COBALSYN-PWY: adenosylcobalamin salvage from cobinamide I|g__Eubacterium.s__Eubacterium_rectale	3.7064483116
GALACT-GLUCUROCAT-PWY: superpathway of hexuronide and hexuronate degradation	79.5237739623
GALACT-GLUCUROCAT-PWY: superpathway of hexuronide and hexuronate degradation|g__Faecalibacterium.s__Faecalibacterium_prausnitzii	42.8440357952
GALACT-GLUCUROCAT-PWY: superpathway of hexuronide and hexuronate degradation|g__Escherichia.s__Escherichia_coli	8.5528107855
PWY-7228: superpathway of guanosine nucleotides de novo biosynthesis I	79.2927671654
PWY-7228: superpathway of guanosine nucleotides de novo biosynthesis I|g__Bacteroides.s__Bacteroides_vulgatus	40.0523878833
GLUCUROCAT-PWY: superpathway of &beta;-D-glucuronide and D-glucuronate degradation	77.4928154427
GLUCUROCAT-PWY: superpathway of &beta;-D-glucuronide and D-glucuronate degradation|g__Faecalibacterium.s__Faecalibacterium_prausnitzii	40.9072669437
GLUCUROCAT-PWY: superpathway of &beta;-D-glucuronide and D-glucuronate degradation|g__Escherichia.s__Escherichia_coli	10.4279221510
GALACTUROCAT-PWY: D-galacturonate degradation I	77.2402386557
GALACTUROCAT-PWY: D-galacturonate degradation I|g__Faecalibacterium.s__Faecalibacterium_prausnitzii	50.4207516223
GALACTUROCAT-PWY: D-galacturonate degradation I|g__Escherichia.s__Escherichia_coli	8.4239960760
ANAEROFRUCAT-PWY: homolactic fermentation	77.1430194371
THISYN-PWY: superpathway of thiamin diphosphate biosynthesis I	77.1218324306
PWY-7400: L-arginine biosynthesis IV (archaebacteria)	76.9144348701
PWY-7400: L-arginine biosynthesis IV (archaebacteria)|g__Escherichia.s__Escherichia_coli	7.5951108150
PWY-7400: L-arginine biosynthesis IV (archaebacteria)|g__Bifidobacterium.s__Bifidobacterium_longum	3.5100071947
THISYNARA-PWY: superpathway of thiamin diphosphate biosynthesis III (eukaryotes)	76.3344036983
THISYNARA-PWY: superpathway of thiamin diphosphate biosynthesis III (eukaryotes)|g__Faecalibacterium.s__Faecalibacterium_prausnitzii	40.7290699603
THISYNARA-PWY: superpathway of thiamin diphosphate biosynthesis III (eukaryotes)|g__Bacteroides.s__Bacteroides_ovatus	1.0987031852
PWY-6507: 4-deoxy-L-threo-hex-4-enopyranuronate degradation	75.9904846986
PWY-6507: 4-deoxy-L-threo-hex-4-enopyranuronate degradation|g__Faecalibacterium.s__Faecalibacterium_prausnitzii	46.0791752846
PWY-6507: 4-deoxy-L-threo-hex-4-enopyranuronate degradation|g__Escherichia.s__Escherichia_coli	13.0691871180
PWY-6168: flavin biosynthesis III (fungi)	74.9874592687
PWY-6168: flavin biosynthesis III (fungi)|g__Escherichia.s__Escherichia_coli	8.9676745427
PWY-6527: stachyose degradation	73.3114181588
PWY-6527: stachyose degradation|g__Faecalibacterium.s__Faecalibacterium_prausnitzii	8.4609437654
PWY-6527: stachyose degradation|g__Escherichia.s__Escherichia_coli	7.2383192971
PWY0-1586: peptidoglycan maturation (meso-diaminopimelate containing)	72.9987430144
PWY0-1586: peptidoglycan maturation (meso-diaminopimelate containing)|g__Faecalibacterium.s__Faecalibacterium_prausnitzii	40.1885643676
PWY0-1586: peptidoglycan maturation (meso-diaminopimelate containing)|g__Escherichia.s__Escherichia_coli	36.6438817927
PWY0-1586: peptidoglycan maturation (meso-diaminopimelate containing)|g__Veillonella.s__Veillonella_parvula	1.3431833445
ARGSYN-PWY: L-arginine biosynthesis I (via L-ornithine)	72.6595726896
ARGSYN-PWY: L-arginine biosynthesis I (via L-ornithine)|g__Escherichia.s__Escherichia_coli	7.6218722653
ARGSYN-PWY: L-arginine biosynthesis I (via L-ornithine)|g__Bifidobacterium.s__Bifidobacterium_longum	3.4675639063
PWY-6125: superpathway of guanosine nucleotides de novo biosynthesis II	71.9365799651
PWY-6125: superpathway of guanosine nucleotides de novo biosynthesis II|g__Bacteroides.s__Bacteroides_vulgatus	36.9774901279
PWY-6895: superpathway of thiamin diphosphate biosynthesis II	70.6390658617
PWY-6703: preQ0 biosynthesis	70.1360950406
PWY-6703: preQ0 biosynthesis|g__Bacteroides.s__Bacteroides_vulgatus	30.7611608025
PWY-6703: preQ0 biosynthesis|g__Escherichia.s__Escherichia_coli	8.2543568577
PWY-6703: preQ0 biosynthesis|g__Bacteroides.s__Bacteroides_eggerthii	7.5740480228
PWY-6703: preQ0 biosynthesis|g__Bacteroides.s__Bacteroides_stercoris	2.1137933951
GLCMANNANAUT-PWY: superpathway of N-acetylglucosamine, N-acetylmannosamine and N-acetylneuraminate degradation	68.3679049573
GLCMANNANAUT-PWY: superpathway of N-acetylglucosamine, N-acetylmannosamine and N-acetylneuraminate degradation|g__Faecalibacterium.s__Faecalibacterium_prausnitzii	33.8146006451
GLCMANNANAUT-PWY: superpathway of N-acetylglucosamine, N-acetylmannosamine and N-acetylneuraminate degradation|g__Escherichia.s__Escherichia_coli	7.6473154489
GLCMANNANAUT-PWY: superpathway of N-acetylglucosamine, N-acetylmannosamine and N-acetylneuraminate degradation|g__Dorea.s__Dorea_longicatena	1.3711952667
PWY-7208: superpathway of pyrimidine nucleobases salvage	67.5365051732
PWY0-166: superpathway of pyrimidine deoxyribonucleotides de novo biosynthesis (E. coli)	66.3729614564
SER-GLYSYN-PWY: superpathway of L-serine and glycine biosynthesis I	62.4184748706
SER-GLYSYN-PWY: superpathway of L-serine and glycine biosynthesis I|g__Faecalibacterium.s__Faecalibacterium_prausnitzii	16.1465966472
SER-GLYSYN-PWY: superpathway of L-serine and glycine biosynthesis I|g__Escherichia.s__Escherichia_coli	3.9559732336
PWY66-409: superpathway of purine nucleotide salvage	62.2712458809
PWY-7184: pyrimidine deoxyribonucleotides de novo biosynthesis I	60.9849031187
PWY-6270: isoprene biosynthesis I	56.6241889257
PWY-841: superpathway of purine nucleotides de novo biosynthesis I	55.1055110468
PWY4FS-7: phosphatidylglycerol biosynthesis I (plastidic)	54.9707912031
PWY4FS-7: phosphatidylglycerol biosynthesis I (plastidic)|g__Escherichia.s__Escherichia_coli	8.1384280297
PWY4FS-8: phosphatidylglycerol biosynthesis II (non-plastidic)	54.9707912031
PWY4FS-8: phosphatidylglycerol biosynthesis II (non-plastidic)|g__Escherichia.s__Escherichia_coli	8.1384280297
PWY-7220: adenosine deoxyribonucleotides de novo biosynthesis II	54.1743621588
PWY-7220: adenosine deoxyribonucleotides de novo biosynthesis II|g__Bacteroides.s__Bacteroides_vulgatus	32.4144097442
PWY-7220: adenosine deoxyribonucleotides de novo biosynthesis II|g__Bacteroides.s__Bacteroides_dorei	3.1900352373
PWY-7222: guanosine deoxyribonucleotides de novo biosynthesis II	54.1743621588
PWY-7222: guanosine deoxyribonucleotides de novo biosynthesis II|g__Bacteroides.s__Bacteroides_vulgatus	32.4144097442
PWY-7222: guanosine deoxyribonucleotides de novo biosynthesis II|g__Bacteroides.s__Bacteroides_dorei	3.1900352373
PWY-4242: pantothenate and coenzyme A biosynthesis III	52.7806323963
PWY-4242: pantothenate and coenzyme A biosynthesis III|g__Faecalibacterium.s__Faecalibacterium_prausnitzii	14.6838137745
PWY-4242: pantothenate and coenzyme A biosynthesis III|g__Escherichia.s__Escherichia_coli	4.1198909303
PWY0-1261: anhydromuropeptides recycling	52.6421810051
PWY0-1261: anhydromuropeptides recycling|g__Escherichia.s__Escherichia_coli	17.2366009368
PWY-6545: pyrimidine deoxyribonucleotides de novo biosynthesis III	52.3909478166
PWY66-400: glycolysis VI (metazoan)	52.0782320166
PWY66-400: glycolysis VI (metazoan)|g__Escherichia.s__Escherichia_coli	6.4864572607
PWY-5347: superpathway of L-methionine biosynthesis (transsulfuration)	51.9082908861
PWY-5347: superpathway of L-methionine biosynthesis (transsulfuration)|g__Escherichia.s__Escherichia_coli	2.2624558203
PWY-7560: methylerythritol phosphate pathway II	51.9029538750
PWY-5100: pyruvate fermentation to acetate and lactate II	51.8259218936
PWY-5100: pyruvate fermentation to acetate and lactate II|g__Roseburia.s__Roseburia_intestinalis	2.6059010018
PWY-7282: 4-amino-2-methyl-5-phosphomethylpyrimidine biosynthesis (yeast)	49.9508473212
RIBOSYN2-PWY: flavin biosynthesis I (bacteria and plants)	49.5516844167
RIBOSYN2-PWY: flavin biosynthesis I (bacteria and plants)|g__Escherichia.s__Escherichia_coli	10.0293804917
PWY-7197: pyrimidine deoxyribonucleotide phosphorylation	49.5327736134
METSYN-PWY: L-homoserine and L-methionine biosynthesis	49.2432697579
METSYN-PWY: L-homoserine and L-methionine biosynthesis|g__Escherichia.s__Escherichia_coli	1.9881674296
GLYCOLYSIS: glycolysis I (from glucose 6-phosphate)	49.1440521239
GLYCOLYSIS: glycolysis I (from glucose 6-phosphate)|g__Escherichia.s__Escherichia_coli	9.4097117722
PWY-5484: glycolysis II (from fructose 6-phosphate)	48.2352594889
PWY-5484: glycolysis II (from fructose 6-phosphate)|g__Escherichia.s__Escherichia_coli	9.4819028505
PWY-621: sucrose degradation III (sucrose invertase)	47.7569528171
PWY-621: sucrose degradation III (sucrose invertase)|g__Faecalibacterium.s__Faecalibacterium_prausnitzii	16.0299690235
PWY-621: sucrose degradation III (sucrose invertase)|g__Escherichia.s__Escherichia_coli	5.1919032978
MET-SAM-PWY: superpathway of S-adenosyl-L-methionine biosynthesis	47.6533067508
MET-SAM-PWY: superpathway of S-adenosyl-L-methionine biosynthesis|g__Escherichia.s__Escherichia_coli	1.6693065342
RHAMCAT-PWY: L-rhamnose degradation I	46.5859200115
RHAMCAT-PWY: L-rhamnose degradation I|g__Escherichia.s__Escherichia_coli	11.3653899449
RHAMCAT-PWY: L-rhamnose degradation I|g__Faecalibacterium.s__Faecalibacterium_prausnitzii	9.6726473140
RHAMCAT-PWY: L-rhamnose degradation I|g__Bacteroides.s__Bacteroides_ovatus	2.1324588244
OANTIGEN-PWY: O-antigen building blocks biosynthesis (E. coli)	44.5130364658
OANTIGEN-PWY: O-antigen building blocks biosynthesis (E. coli)|g__Bifidobacterium.s__Bifidobacterium_longum	2.0523795081
PHOSLIPSYN-PWY: superpathway of phospholipid biosynthesis I (bacteria)	42.9211925619
PHOSLIPSYN-PWY: superpathway of phospholipid biosynthesis I (bacteria)|g__Escherichia.s__Escherichia_coli	9.0399591239
GLYCOGENSYNTH-PWY: glycogen biosynthesis I (from ADP-D-Glucose)	42.7582660300
GLYCOGENSYNTH-PWY: glycogen biosynthesis I (from ADP-D-Glucose)|g__Eubacterium.s__Eubacterium_rectale	5.6886392857
GLYCOGENSYNTH-PWY: glycogen biosynthesis I (from ADP-D-Glucose)|g__Escherichia.s__Escherichia_coli	4.5421236697
GLYCOGENSYNTH-PWY: glycogen biosynthesis I (from ADP-D-Glucose)|g__Roseburia.s__Roseburia_intestinalis	1.7724987844
ARGSYNBSUB-PWY: L-arginine biosynthesis II (acetyl cycle)	42.4722493269
ARGSYNBSUB-PWY: L-arginine biosynthesis II (acetyl cycle)|g__Escherichia.s__Escherichia_coli	7.3439433506
ARGSYNBSUB-PWY: L-arginine biosynthesis II (acetyl cycle)|g__Bifidobacterium.s__Bifidobacterium_longum	3.6698380529
PWY-7199: pyrimidine deoxyribonucleosides salvage	41.2704241113
PWY-7199: pyrimidine deoxyribonucleosides salvage|g__Escherichia.s__Escherichia_coli	4.2723269406
ARGININE-SYN4-PWY: L-ornithine de novo  biosynthesis	39.5316719207
ARGININE-SYN4-PWY: L-ornithine de novo  biosynthesis|g__Bacteroides.s__Bacteroides_stercoris	3.3497304081
ARGININE-SYN4-PWY: L-ornithine de novo  biosynthesis|g__Bacteroides.s__Bacteroides_massiliensis	1.2428862819
PWY-6305: putrescine biosynthesis IV	39.5060225238
PWY-6305: putrescine biosynthesis IV|g__Faecalibacterium.s__Faecalibacterium_prausnitzii	25.0862450320
PWY-6305: putrescine biosynthesis IV|g__Escherichia.s__Escherichia_coli	10.6895067174
UDPNAGSYN-PWY: UDP-N-acetyl-D-glucosamine biosynthesis I	37.8938906819
UDPNAGSYN-PWY: UDP-N-acetyl-D-glucosamine biosynthesis I|g__Escherichia.s__Escherichia_coli	12.2431212387
UDPNAGSYN-PWY: UDP-N-acetyl-D-glucosamine biosynthesis I|g__Bifidobacterium.s__Bifidobacterium_longum	5.2938802598
PWY-5101: L-isoleucine biosynthesis II	37.2272798570
PWY-5154: L-arginine biosynthesis III (via N-acetyl-L-citrulline)	36.5023322957
PWY-5154: L-arginine biosynthesis III (via N-acetyl-L-citrulline)|g__Escherichia.s__Escherichia_coli	6.0972985871
HISTSYN-PWY: L-histidine biosynthesis	36.4308118011
HISTSYN-PWY: L-histidine biosynthesis|g__Escherichia.s__Escherichia_coli	3.2452187588
PYRIDOXSYN-PWY: pyridoxal 5'-phosphate biosynthesis I	36.2616072307
PYRIDOXSYN-PWY: pyridoxal 5'-phosphate biosynthesis I|g__Bacteroides.s__Bacteroides_eggerthii	8.0198551784
PYRIDOXSYN-PWY: pyridoxal 5'-phosphate biosynthesis I|g__Bacteroides.s__Bacteroides_stercoris	3.0154290805
PYRIDOXSYN-PWY: pyridoxal 5'-phosphate biosynthesis I|g__Bacteroides.s__Bacteroides_ovatus	2.2762617776
PWY-6901: superpathway of glucose and xylose degradation	36.0935236402
PWY-5121: superpathway of geranylgeranyl diphosphate biosynthesis II (via MEP)	35.9497768393
PYRIDNUCSYN-PWY: NAD biosynthesis I (from aspartate)	35.8188040689
PYRIDNUCSYN-PWY: NAD biosynthesis I (from aspartate)|g__Escherichia.s__Escherichia_coli	6.9497210499
PWY-7234: inosine-5'-phosphate biosynthesis III	35.3699119190
PWY-7234: inosine-5'-phosphate biosynthesis III|g__Escherichia.s__Escherichia_coli	7.7648892058
PWY0-845: superpathway of pyridoxal 5'-phosphate biosynthesis and salvage	35.3494285021
PWY-6892: thiazole biosynthesis I (E. coli)	34.9034199902
PWY-6892: thiazole biosynthesis I (E. coli)|g__Escherichia.s__Escherichia_coli	13.1827010697
PWY0-1297: superpathway of purine deoxyribonucleosides degradation	34.8970710309
PWY0-1297: superpathway of purine deoxyribonucleosides degradation|g__Escherichia.s__Escherichia_coli	8.4155599914
PWY0-1297: superpathway of purine deoxyribonucleosides degradation|g__Lachnospiraceae_noname.s__Lachnospiraceae_bacterium_2_1_58FAA	1.4139358775
PWY0-1297: superpathway of purine deoxyribonucleosides degradation|g__Streptococcus.s__Streptococcus_parasanguinis	1.3406263839
PWY-7013: L-1,2-propanediol degradation	34.5046263595
PWY-7013: L-1,2-propanediol degradation|g__Escherichia.s__Escherichia_coli	24.4663059846
TCA: TCA cycle I (prokaryotic)	34.4983637116
TCA: TCA cycle I (prokaryotic)|g__Escherichia.s__Escherichia_coli	13.6779272651
TRPSYN-PWY: L-tryptophan biosynthesis	33.4889253935
TRPSYN-PWY: L-tryptophan biosynthesis|g__Escherichia.s__Escherichia_coli	4.4572341757
PWY0-1061: superpathway of L-alanine biosynthesis	33.4102080214
PWY0-1061: superpathway of L-alanine biosynthesis|g__Escherichia.s__Escherichia_coli	12.7442185881
PWY-5897: superpathway of menaquinol-11 biosynthesis	33.3749290708
PWY-5897: superpathway of menaquinol-11 biosynthesis|g__Escherichia.s__Escherichia_coli	8.0121638178
PWY-5898: superpathway of menaquinol-12 biosynthesis	33.3749290708
PWY-5898: superpathway of menaquinol-12 biosynthesis|g__Escherichia.s__Escherichia_coli	8.0121638178
PWY-5899: superpathway of menaquinol-13 biosynthesis	33.3749290708
PWY-5899: superpathway of menaquinol-13 biosynthesis|g__Escherichia.s__Escherichia_coli	8.0121638178
HOMOSER-METSYN-PWY: L-methionine biosynthesis I	32.7236807594
HOMOSER-METSYN-PWY: L-methionine biosynthesis I|g__Escherichia.s__Escherichia_coli	6.5472401729
DAPLYSINESYN-PWY: L-lysine biosynthesis I	32.6904766985
DAPLYSINESYN-PWY: L-lysine biosynthesis I|g__Escherichia.s__Escherichia_coli	7.9572771825
P4-PWY: superpathway of L-lysine, L-threonine and L-methionine biosynthesis I	32.5043690991
P4-PWY: superpathway of L-lysine, L-threonine and L-methionine biosynthesis I|g__Escherichia.s__Escherichia_coli	3.6855702041
PWY-5177: glutaryl-CoA degradation	32.2638388371
PWY-5177: glutaryl-CoA degradation|g__Faecalibacterium.s__Faecalibacterium_prausnitzii	28.1560891079
PWY-6969: TCA cycle V (2-oxoglutarate:ferredoxin oxidoreductase)	31.6378853743
PWY-6969: TCA cycle V (2-oxoglutarate:ferredoxin oxidoreductase)|g__Escherichia.s__Escherichia_coli	16.0785511868
PWY-5838: superpathway of menaquinol-8 biosynthesis I	31.6309711035
PWY-5838: superpathway of menaquinol-8 biosynthesis I|g__Escherichia.s__Escherichia_coli	8.0712929124
PWY-5676: acetyl-CoA fermentation to butanoate II	31.4238453322
PWY-6353: purine nucleotides degradation II (aerobic)	31.1653514983
PWY-6353: purine nucleotides degradation II (aerobic)|g__Escherichia.s__Escherichia_coli	9.7706104819
FAO-PWY: fatty acid &beta;-oxidation I	31.0963405548
FAO-PWY: fatty acid &beta;-oxidation I|g__Escherichia.s__Escherichia_coli	0.9270784596
PWY-6628: superpathway of L-phenylalanine biosynthesis	30.9726345988
PWY-6628: superpathway of L-phenylalanine biosynthesis|g__Escherichia.s__Escherichia_coli	6.9326886810
GLUCOSE1PMETAB-PWY: glucose and glucose-1-phosphate degradation	30.9407517880
GLUCOSE1PMETAB-PWY: glucose and glucose-1-phosphate degradation|g__Escherichia.s__Escherichia_coli	12.1021511206
PWY-1269: CMP-3-deoxy-D-manno-octulosonate biosynthesis I	30.6116140087
PWY-1269: CMP-3-deoxy-D-manno-octulosonate biosynthesis I|g__Escherichia.s__Escherichia_coli	6.3995918929
PWY-5840: superpathway of menaquinol-7 biosynthesis	30.5866876394
PWY-5840: superpathway of menaquinol-7 biosynthesis|g__Escherichia.s__Escherichia_coli	7.6892890197
PWY-5845: superpathway of menaquinol-9 biosynthesis	30.5866876394
PWY-5845: superpathway of menaquinol-9 biosynthesis|g__Escherichia.s__Escherichia_coli	7.6892890197
PWY-5850: superpathway of menaquinol-6 biosynthesis I	30.5866876394
PWY-5850: superpathway of menaquinol-6 biosynthesis I|g__Escherichia.s__Escherichia_coli	7.6892890197
PWY-5896: superpathway of menaquinol-10 biosynthesis	30.5866876394
PWY-5896: superpathway of menaquinol-10 biosynthesis|g__Escherichia.s__Escherichia_coli	7.6892890197
PENTOSE-P-PWY: pentose phosphate pathway	30.4021424329
PENTOSE-P-PWY: pentose phosphate pathway|g__Escherichia.s__Escherichia_coli	4.9659815770
GLUTORN-PWY: L-ornithine biosynthesis	29.8709435276
GLUTORN-PWY: L-ornithine biosynthesis|g__Escherichia.s__Escherichia_coli	11.1152478313
GLUTORN-PWY: L-ornithine biosynthesis|g__Bifidobacterium.s__Bifidobacterium_longum	4.5833200546
PWY-5136: fatty acid &beta;-oxidation II (peroxisome)	29.7915976484
PWY-5136: fatty acid &beta;-oxidation II (peroxisome)|g__Escherichia.s__Escherichia_coli	0.7774112080
PWY-5022: 4-aminobutanoate degradation V	29.6809710931
PWY-6629: superpathway of L-tryptophan biosynthesis	29.3690901678
PWY-6629: superpathway of L-tryptophan biosynthesis|g__Escherichia.s__Escherichia_coli	6.5169161845
PWY-6891: thiazole biosynthesis II (Bacillus)	28.9014282991
P105-PWY: TCA cycle IV (2-oxoglutarate decarboxylase)	28.6501716743
P105-PWY: TCA cycle IV (2-oxoglutarate decarboxylase)|g__Escherichia.s__Escherichia_coli	16.0785511868
ENTBACSYN-PWY: enterobactin biosynthesis	28.5899065417
ENTBACSYN-PWY: enterobactin biosynthesis|g__Escherichia.s__Escherichia_coli	16.3471794067
PWY-5690: TCA cycle II (plants and fungi)	27.6821545629
PWY-5690: TCA cycle II (plants and fungi)|g__Escherichia.s__Escherichia_coli	15.7753785423
PWY-5659: GDP-mannose biosynthesis	27.5676101416
PWY-5659: GDP-mannose biosynthesis|g__Faecalibacterium.s__Faecalibacterium_prausnitzii	5.9731687347
PWY-5659: GDP-mannose biosynthesis|g__Escherichia.s__Escherichia_coli	4.0295256004
PWY-5659: GDP-mannose biosynthesis|g__Bacteroides.s__Bacteroides_ovatus	3.0043830492
PWY-5659: GDP-mannose biosynthesis|g__Alistipes.s__Alistipes_shahii	1.2157224350
PWY-5659: GDP-mannose biosynthesis|g__Roseburia.s__Roseburia_intestinalis	1.0624836414
P441-PWY: superpathway of N-acetylneuraminate degradation	27.4399682415
PWY-6630: superpathway of L-tyrosine biosynthesis	27.1929723893
PWY-6630: superpathway of L-tyrosine biosynthesis|g__Escherichia.s__Escherichia_coli	6.8264406765
PWY0-781: aspartate superpathway	26.8885146041
PWY-5861: superpathway of demethylmenaquinol-8 biosynthesis	26.5760079876
PWY-5861: superpathway of demethylmenaquinol-8 biosynthesis|g__Escherichia.s__Escherichia_coli	9.4800556515
PWY-561: superpathway of glyoxylate cycle and fatty acid degradation	26.5067776108
PWY-561: superpathway of glyoxylate cycle and fatty acid degradation|g__Escherichia.s__Escherichia_coli	1.7276629653
HEXITOLDEGSUPER-PWY: superpathway of hexitol degradation (bacteria)	26.5019627306
PWY0-162: superpathway of pyrimidine ribonucleotides de novo biosynthesis	26.3276428560
GLUDEG-I-PWY: GABA shunt	25.9086060479
GLYCOLYSIS-TCA-GLYOX-BYPASS: superpathway of glycolysis, pyruvate dehydrogenase, TCA, and glyoxylate bypass	25.8615952670
GLYCOLYSIS-TCA-GLYOX-BYPASS: superpathway of glycolysis, pyruvate dehydrogenase, TCA, and glyoxylate bypass|g__Escherichia.s__Escherichia_coli	9.6257867611
PWY-7269: NAD/NADP-NADH/NADPH mitochondrial interconversion (yeast)	25.7605582967
PWY-7269: NAD/NADP-NADH/NADPH mitochondrial interconversion (yeast)|g__Escherichia.s__Escherichia_coli	9.2341933053
PWY-5723: Rubisco shunt	25.7400928247
PWY-5723: Rubisco shunt|g__Escherichia.s__Escherichia_coli	5.4714315400
PWY-5860: superpathway of demethylmenaquinol-6 biosynthesis I	25.4796608782
PWY-5860: superpathway of demethylmenaquinol-6 biosynthesis I|g__Escherichia.s__Escherichia_coli	9.0378803271
PWY-5862: superpathway of demethylmenaquinol-9 biosynthesis	25.4796608782
PWY-5862: superpathway of demethylmenaquinol-9 biosynthesis|g__Escherichia.s__Escherichia_coli	9.0378803271
NAD-BIOSYNTHESIS-II: NAD salvage pathway II	25.1983111402
NAD-BIOSYNTHESIS-II: NAD salvage pathway II|g__Escherichia.s__Escherichia_coli	17.1855285053
TCA-GLYOX-BYPASS: superpathway of glyoxylate bypass and TCA	24.3461807392
TCA-GLYOX-BYPASS: superpathway of glyoxylate bypass and TCA|g__Escherichia.s__Escherichia_coli	12.7565547893
GLYOXYLATE-BYPASS: glyoxylate cycle	24.0515479745
GLYOXYLATE-BYPASS: glyoxylate cycle|g__Escherichia.s__Escherichia_coli	14.0451250969
PWY-5083: NAD/NADH phosphorylation and dephosphorylation	24.0025783879
PWY-5083: NAD/NADH phosphorylation and dephosphorylation|g__Escherichia.s__Escherichia_coli	9.3053561532
COLANSYN-PWY: colanic acid building blocks biosynthesis	22.9358375137
COLANSYN-PWY: colanic acid building blocks biosynthesis|g__Escherichia.s__Escherichia_coli	3.0231214718
ARG+POLYAMINE-SYN: superpathway of arginine and polyamine biosynthesis	22.8591419217
ARG+POLYAMINE-SYN: superpathway of arginine and polyamine biosynthesis|g__Escherichia.s__Escherichia_coli	1.8837447064
PWY-5989: stearate biosynthesis II (bacteria and plants)	22.7365827736
PWY-5989: stearate biosynthesis II (bacteria and plants)|g__Escherichia.s__Escherichia_coli	6.1100969134
PWY-6608: guanosine nucleotides degradation III	22.6257132825
PWY-6608: guanosine nucleotides degradation III|g__Escherichia.s__Escherichia_coli	8.7160261967
PWY-6608: guanosine nucleotides degradation III|g__Roseburia.s__Roseburia_intestinalis	1.7843594712
PWY-5345: superpathway of L-methionine biosynthesis (by sulfhydrylation)	22.3267099464
HEMESYN2-PWY: heme biosynthesis II (anaerobic)	22.3009804432
HEMESYN2-PWY: heme biosynthesis II (anaerobic)|g__Escherichia.s__Escherichia_coli	15.9093173061
SULFATE-CYS-PWY: superpathway of sulfate assimilation and cysteine biosynthesis	22.2517395067
SULFATE-CYS-PWY: superpathway of sulfate assimilation and cysteine biosynthesis|g__Escherichia.s__Escherichia_coli	5.9389765029
PWY-7315: dTDP-N-acetylthomosamine biosynthesis	21.9746032973
PWY-7315: dTDP-N-acetylthomosamine biosynthesis|g__Escherichia.s__Escherichia_coli	13.7646088939
SALVADEHYPOX-PWY: adenosine nucleotides degradation II	20.5625819864
SALVADEHYPOX-PWY: adenosine nucleotides degradation II|g__Escherichia.s__Escherichia_coli	10.7662896227
SALVADEHYPOX-PWY: adenosine nucleotides degradation II|g__Roseburia.s__Roseburia_intestinalis	1.6908995592
PWY-7211: superpathway of pyrimidine deoxyribonucleotides de novo biosynthesis	20.5199581323
PWY-7204: pyridoxal 5'-phosphate salvage II (plants)	20.5048271874
BIOTIN-BIOSYNTHESIS-PWY: biotin biosynthesis I	20.1713495092
BIOTIN-BIOSYNTHESIS-PWY: biotin biosynthesis I|g__Escherichia.s__Escherichia_coli	7.2232741006
PWY-5505: L-glutamate and L-glutamine biosynthesis	19.8812128412
PPGPPMET-PWY: ppGpp biosynthesis	19.6563902028
GLYCOLYSIS-E-D: superpathway of glycolysis and Entner-Doudoroff	19.3666788262
GLYCOLYSIS-E-D: superpathway of glycolysis and Entner-Doudoroff|g__Escherichia.s__Escherichia_coli	8.1521978755
GLUCONEO-PWY: gluconeogenesis I	19.1850138257
PWY-6936: seleno-amino acid biosynthesis	19.0708853089
PWY-6936: seleno-amino acid biosynthesis|g__Escherichia.s__Escherichia_coli	10.9495980374
PWY-6936: seleno-amino acid biosynthesis|g__Dorea.s__Dorea_longicatena	2.4492584217
PWY-7392: taxadiene biosynthesis (engineered)	18.8413011773
PWY0-1533: methylphosphonate degradation I	18.0944211821
PWY0-1533: methylphosphonate degradation I|g__Escherichia.s__Escherichia_coli	18.0944211821
PWY-7323: superpathway of GDP-mannose-derived O-antigen building blocks biosynthesis	17.8570557956
PWY-7323: superpathway of GDP-mannose-derived O-antigen building blocks biosynthesis|g__Bacteroides.s__Bacteroides_ovatus	2.1970755153
PWY-7323: superpathway of GDP-mannose-derived O-antigen building blocks biosynthesis|g__Escherichia.s__Escherichia_coli	1.6986310364
PWY-7196: superpathway of pyrimidine ribonucleosides salvage	17.7682926960
PWY-5971: palmitate biosynthesis II (bacteria and plants)	17.5521790001
PWY-6113: superpathway of mycolate biosynthesis	17.4963123703
FOLSYN-PWY: superpathway of tetrahydrofolate biosynthesis and salvage	17.4405559942
FOLSYN-PWY: superpathway of tetrahydrofolate biosynthesis and salvage|g__Escherichia.s__Escherichia_coli	7.4475051071
PWY-5863: superpathway of phylloquinol biosynthesis	17.2702138266
PWY-5863: superpathway of phylloquinol biosynthesis|g__Escherichia.s__Escherichia_coli	7.9425819590
P161-PWY: acetylene degradation	17.2329704311
PWY-5367: petroselinate biosynthesis	17.0287894007
PWY-5367: petroselinate biosynthesis|g__Eubacterium.s__Eubacterium_rectale	6.9308316368
FUC-RHAMCAT-PWY: superpathway of fucose and rhamnose degradation	16.8360325107
FUC-RHAMCAT-PWY: superpathway of fucose and rhamnose degradation|g__Escherichia.s__Escherichia_coli	9.1119028984
PWY-5791: 1,4-dihydroxy-2-naphthoate biosynthesis II (plants)	16.7300417408
PWY-5791: 1,4-dihydroxy-2-naphthoate biosynthesis II (plants)|g__Escherichia.s__Escherichia_coli	8.4824193582
PWY-5837: 1,4-dihydroxy-2-naphthoate biosynthesis I	16.7300417408
PWY-5837: 1,4-dihydroxy-2-naphthoate biosynthesis I|g__Escherichia.s__Escherichia_coli	8.4824193582
PWY-6519: 8-amino-7-oxononanoate biosynthesis I	16.5983361102
PWY-6519: 8-amino-7-oxononanoate biosynthesis I|g__Escherichia.s__Escherichia_coli	7.3732055970
SO4ASSIM-PWY: sulfate reduction I (assimilatory)	16.5081422957
SO4ASSIM-PWY: sulfate reduction I (assimilatory)|g__Escherichia.s__Escherichia_coli	9.9158780958
PWY-6284: superpathway of unsaturated fatty acids biosynthesis (E. coli)	15.6860185114
PWY-5913: TCA cycle VI (obligate autotrophs)	15.5901267751
PWY-5913: TCA cycle VI (obligate autotrophs)|g__Escherichia.s__Escherichia_coli	5.4689486166
PWY-5030: L-histidine degradation III	15.4571947765
FASYN-ELONG-PWY: fatty acid elongation -- saturated	15.3146725778
FASYN-ELONG-PWY: fatty acid elongation -- saturated|g__Escherichia.s__Escherichia_coli	6.4269600662
PWY-6803: phosphatidylcholine acyl editing	15.3013426771
PWY-6803: phosphatidylcholine acyl editing|g__Escherichia.s__Escherichia_coli	8.8981244672
P42-PWY: incomplete reductive TCA cycle	15.1461940109
KETOGLUCONMET-PWY: ketogluconate metabolism	15.0132792479
KETOGLUCONMET-PWY: ketogluconate metabolism|g__Escherichia.s__Escherichia_coli	9.2181474162
HSERMETANA-PWY: L-methionine biosynthesis III	14.9141491710
PWY-7254: TCA cycle VII (acetate-producers)	14.6228673821
PWY-7254: TCA cycle VII (acetate-producers)|g__Escherichia.s__Escherichia_coli	6.6009744641
PWY-7446: sulfoglycolysis	14.6047176564
PWY-7446: sulfoglycolysis|g__Escherichia.s__Escherichia_coli	14.6047176564
PWY-6282: palmitoleate biosynthesis I (from (5Z)-dodec-5-enoate)	14.2804666206
PWY-6282: palmitoleate biosynthesis I (from (5Z)-dodec-5-enoate)|g__Escherichia.s__Escherichia_coli	6.0971911756
P461-PWY: hexitol fermentation to lactate, formate, ethanol and acetate	14.1623749437
P461-PWY: hexitol fermentation to lactate, formate, ethanol and acetate|g__Escherichia.s__Escherichia_coli	12.2660537042
PWYG-321: mycolate biosynthesis	14.0757930153
PWY-2941: L-lysine biosynthesis II	14.0757374537
PWY-7664: oleate biosynthesis IV (anaerobic)	13.6961612642
PWY-7664: oleate biosynthesis IV (anaerobic)|g__Escherichia.s__Escherichia_coli	6.5054480890
POLYAMSYN-PWY: superpathway of polyamine biosynthesis I	13.5927022826
POLYAMSYN-PWY: superpathway of polyamine biosynthesis I|g__Veillonella.s__Veillonella_parvula	1.5383614964
POLYAMSYN-PWY: superpathway of polyamine biosynthesis I|g__Escherichia.s__Escherichia_coli	1.0808691383
CITRULBIO-PWY: L-citrulline biosynthesis	13.5820586431
FERMENTATION-PWY: mixed acid fermentation	13.3790820975
PWY-4041: &gamma;-glutamyl cycle	13.2323262153
PWY-4041: &gamma;-glutamyl cycle|g__Escherichia.s__Escherichia_coli	13.2323262153
POLYISOPRENSYN-PWY: polyisoprenoid biosynthesis (E. coli)	13.1333845291
POLYISOPRENSYN-PWY: polyisoprenoid biosynthesis (E. coli)|g__Escherichia.s__Escherichia_coli	6.6961779455
GLYCOL-GLYOXDEG-PWY: superpathway of glycol metabolism and degradation	12.8233954610
GLYCOL-GLYOXDEG-PWY: superpathway of glycol metabolism and degradation|g__Escherichia.s__Escherichia_coli	10.0291989668
PWY0-1241: ADP-L-glycero-&beta;-D-manno-heptose biosynthesis	12.3705765446
PWY0-1241: ADP-L-glycero-&beta;-D-manno-heptose biosynthesis|g__Escherichia.s__Escherichia_coli	11.6348694421
PWY-6612: superpathway of tetrahydrofolate biosynthesis	12.3202185750
PWY-6612: superpathway of tetrahydrofolate biosynthesis|g__Escherichia.s__Escherichia_coli	5.9781308577
NAGLIPASYN-PWY: lipid IVA biosynthesis	12.2532540545
NAGLIPASYN-PWY: lipid IVA biosynthesis|g__Escherichia.s__Escherichia_coli	3.6017882629
REDCITCYC: TCA cycle VIII (helicobacter)	12.1155077407
PWY0-862: (5Z)-dodec-5-enoate biosynthesis	12.0045770510
PWY0-862: (5Z)-dodec-5-enoate biosynthesis|g__Escherichia.s__Escherichia_coli	6.6131302092
PWY0-1298: superpathway of pyrimidine deoxyribonucleosides degradation	11.9688796859
PWY0-1298: superpathway of pyrimidine deoxyribonucleosides degradation|g__Escherichia.s__Escherichia_coli	7.6522857910
METHGLYUT-PWY: superpathway of methylglyoxal degradation	11.8416141387
METHGLYUT-PWY: superpathway of methylglyoxal degradation|g__Escherichia.s__Escherichia_coli	7.8803417828
PWY-4984: urea cycle	11.4914262475
PWY-7409: phospholipid remodeling (phosphatidylethanolamine, yeast)	11.0597403492
PWY-7409: phospholipid remodeling (phosphatidylethanolamine, yeast)|g__Escherichia.s__Escherichia_coli	10.9388601217
PWY-5188: tetrapyrrole biosynthesis I (from glutamate)	10.7230850463
PWY-5188: tetrapyrrole biosynthesis I (from glutamate)|g__Escherichia.s__Escherichia_coli	6.5247537563
PWY-4702: phytate degradation I	10.4889013074
PWY-4702: phytate degradation I|g__Escherichia.s__Escherichia_coli	9.1935828060
FASYN-INITIAL-PWY: superpathway of fatty acid biosynthesis initiation (E. coli)	10.3687576675
FASYN-INITIAL-PWY: superpathway of fatty acid biosynthesis initiation (E. coli)|g__Escherichia.s__Escherichia_coli	6.9848176152
PRPP-PWY: superpathway of histidine, purine, and pyrimidine biosynthesis	10.3266801324
ECASYN-PWY: enterobacterial common antigen biosynthesis	10.2619301390
ECASYN-PWY: enterobacterial common antigen biosynthesis|g__Escherichia.s__Escherichia_coli	9.3583009999
LPSSYN-PWY: superpathway of lipopolysaccharide biosynthesis	10.0630499583
LPSSYN-PWY: superpathway of lipopolysaccharide biosynthesis|g__Escherichia.s__Escherichia_coli	5.2737250322
ARGDEG-PWY: superpathway of L-arginine, putrescine, and 4-aminobutanoate degradation	9.8714525774
ARGDEG-PWY: superpathway of L-arginine, putrescine, and 4-aminobutanoate degradation|g__Escherichia.s__Escherichia_coli	8.2782467563
ORNARGDEG-PWY: superpathway of L-arginine and L-ornithine degradation	9.8714525774
ORNARGDEG-PWY: superpathway of L-arginine and L-ornithine degradation|g__Escherichia.s__Escherichia_coli	8.2782467563
PWY-7388: octanoyl-[acyl-carrier protein] biosynthesis (mitochondria, yeast)	9.6374028986
PWY-7388: octanoyl-[acyl-carrier protein] biosynthesis (mitochondria, yeast)|g__Escherichia.s__Escherichia_coli	6.5275201478
FUCCAT-PWY: fucose degradation	9.6306061101
FUCCAT-PWY: fucose degradation|g__Escherichia.s__Escherichia_coli	7.9253486903
PWY0-1415: superpathway of heme biosynthesis from uroporphyrinogen-III	9.3516879919
KDO-NAGLIPASYN-PWY: superpathway of (Kdo)2-lipid A biosynthesis	8.9634385926
KDO-NAGLIPASYN-PWY: superpathway of (Kdo)2-lipid A biosynthesis|g__Escherichia.s__Escherichia_coli	6.5946321503
PWY-5918: superpathay of heme biosynthesis from glutamate	8.7677886550
PWY-6147: 6-hydroxymethyl-dihydropterin diphosphate biosynthesis I	8.6675132675
PWY-6147: 6-hydroxymethyl-dihydropterin diphosphate biosynthesis I|g__Escherichia.s__Escherichia_coli	4.2665656297
DENOVOPURINE2-PWY: superpathway of purine nucleotides de novo biosynthesis II	8.4614358727
PWY-7539: 6-hydroxymethyl-dihydropterin diphosphate biosynthesis III (Chlamydia)	8.3613349624
PWY-7539: 6-hydroxymethyl-dihydropterin diphosphate biosynthesis III (Chlamydia)|g__Escherichia.s__Escherichia_coli	3.6251035090
PWY-5189: tetrapyrrole biosynthesis II (from glycine)	7.9552189879
PWY-5189: tetrapyrrole biosynthesis II (from glycine)|g__Escherichia.s__Escherichia_coli	6.4850590661
PWY-5656: mannosylglycerate biosynthesis I	7.8490904836
GLUCARDEG-PWY: D-glucarate degradation I	7.7845376250
GLUCARDEG-PWY: D-glucarate degradation I|g__Escherichia.s__Escherichia_coli	7.7845376250
PWY-7187: pyrimidine deoxyribonucleotides de novo biosynthesis II	7.6299488108
PYRIDNUCSAL-PWY: NAD salvage pathway I	7.5457938059
PWY-6823: molybdenum cofactor biosynthesis	7.5334090526
PWY-6823: molybdenum cofactor biosynthesis|g__Escherichia.s__Escherichia_coli	5.9019351492
PWY-6531: mannitol cycle	7.4927455794
PWY-6859: all-trans-farnesol biosynthesis	7.4494382644
PWY-6859: all-trans-farnesol biosynthesis|g__Escherichia.s__Escherichia_coli	5.5507223691
PWY0-1338: polymyxin resistance	7.4128928946
PWY0-1338: polymyxin resistance|g__Escherichia.s__Escherichia_coli	7.4128928946
PWY0-1277: 3-phenylpropanoate and 3-(3-hydroxyphenyl)propanoate degradation	7.2026885437
PWY0-1277: 3-phenylpropanoate and 3-(3-hydroxyphenyl)propanoate degradation|g__Escherichia.s__Escherichia_coli	7.2026885437
PWY-5104: L-isoleucine biosynthesis IV	7.0282776410
PWY-5104: L-isoleucine biosynthesis IV|g__Roseburia.s__Roseburia_intestinalis	1.6475277373
GALACTARDEG-PWY: D-galactarate degradation I	6.9769748820
GALACTARDEG-PWY: D-galactarate degradation I|g__Escherichia.s__Escherichia_coli	6.9769748820
GLUCARGALACTSUPER-PWY: superpathway of D-glucarate and D-galactarate degradation	6.9769748820
GLUCARGALACTSUPER-PWY: superpathway of D-glucarate and D-galactarate degradation|g__Escherichia.s__Escherichia_coli	6.9769748820
HEME-BIOSYNTHESIS-II: heme biosynthesis I (aerobic)	6.9326252596
PWY4LZ-257: superpathway of fermentation (Chlamydomonas reinhardtii)	6.8967832714
PWY-4981: L-proline biosynthesis II (from arginine)	6.7645421997
PWY-4981: L-proline biosynthesis II (from arginine)|g__Collinsella.s__Collinsella_aerofaciens	1.6024040031
AST-PWY: L-arginine degradation II (AST pathway)	6.5034849749
AST-PWY: L-arginine degradation II (AST pathway)|g__Escherichia.s__Escherichia_coli	6.5034849749
ORNDEG-PWY: superpathway of ornithine degradation	5.9703589789
ORNDEG-PWY: superpathway of ornithine degradation|g__Escherichia.s__Escherichia_coli	5.9703589789
PWY-7328: superpathway of UDP-glucose-derived O-antigen building blocks biosynthesis	5.3913311418
PWY-6588: pyruvate fermentation to acetone	5.1577509562
TRNA-CHARGING-PWY: tRNA charging	4.8112391092
PWY-2723: trehalose degradation V	4.7511559354
PWY-2723: trehalose degradation V|g__Escherichia.s__Escherichia_coli	3.6280271160
HCAMHPDEG-PWY: 3-phenylpropanoate and 3-(3-hydroxyphenyl)propanoate degradation to 2-oxopent-4-enoate	4.7011719741
HCAMHPDEG-PWY: 3-phenylpropanoate and 3-(3-hydroxyphenyl)propanoate degradation to 2-oxopent-4-enoate|g__Escherichia.s__Escherichia_coli	4.7011719741
PWY-6690: cinnamate and 3-hydroxycinnamate degradation to 2-oxopent-4-enoate	4.7011719741
PWY-6690: cinnamate and 3-hydroxycinnamate degradation to 2-oxopent-4-enoate|g__Escherichia.s__Escherichia_coli	4.7011719741
PWY-5384: sucrose degradation IV (sucrose phosphorylase)	4.5857668306
PWY-5384: sucrose degradation IV (sucrose phosphorylase)|g__Escherichia.s__Escherichia_coli	3.2297193679
PWY-5384: sucrose degradation IV (sucrose phosphorylase)|g__Roseburia.s__Roseburia_intestinalis	1.2691175952
P108-PWY: pyruvate fermentation to propanoate I	4.5299660896
PWY-6606: guanosine nucleotides degradation II	3.8851968369
GLYCOCAT-PWY: glycogen degradation I (bacterial)	3.8809658044
PWY-5088: L-glutamate degradation VIII (to propanoate)	3.7791565516
UBISYN-PWY: superpathway of ubiquinol-8 biosynthesis (prokaryotic)	3.7585451344
UBISYN-PWY: superpathway of ubiquinol-8 biosynthesis (prokaryotic)|g__Escherichia.s__Escherichia_coli	2.7064352062
PWY-5705: allantoin degradation to glyoxylate III	3.6985143129
PWY-5705: allantoin degradation to glyoxylate III|g__Escherichia.s__Escherichia_coli	2.1182244112
PWY-6595: superpathway of guanosine nucleotides degradation (plants)	3.3332247444
PWY-5005: biotin biosynthesis II	3.2987044865
PWY-5855: ubiquinol-7 biosynthesis (prokaryotic)	3.2827304635
PWY-5855: ubiquinol-7 biosynthesis (prokaryotic)|g__Escherichia.s__Escherichia_coli	2.3324177739
PWY-5856: ubiquinol-9 biosynthesis (prokaryotic)	3.2827304635
PWY-5856: ubiquinol-9 biosynthesis (prokaryotic)|g__Escherichia.s__Escherichia_coli	2.3324177739
PWY-5857: ubiquinol-10 biosynthesis (prokaryotic)	3.2827304635
PWY-5857: ubiquinol-10 biosynthesis (prokaryotic)|g__Escherichia.s__Escherichia_coli	2.3324177739
PWY-6708: ubiquinol-8 biosynthesis (prokaryotic)	3.2827304635
PWY-6708: ubiquinol-8 biosynthesis (prokaryotic)|g__Escherichia.s__Escherichia_coli	2.3324177739
POLYAMINSYN3-PWY: superpathway of polyamine biosynthesis II	3.0712663856
HISDEG-PWY: L-histidine degradation I	2.9850746517
PWY0-41: allantoin degradation IV (anaerobic)	2.9205943913
LACTOSECAT-PWY: lactose and galactose degradation I	2.9057073553
PWY-5692: allantoin degradation to glyoxylate II	2.3703488096
URDEGR-PWY: superpathway of allantoin degradation in plants	2.3703488096
PWY-5173: superpathway of acetyl-CoA biosynthesis	2.1579196296
PWY-5173: superpathway of acetyl-CoA biosynthesis|g__Escherichia.s__Escherichia_coli	2.0186271033
PWY-5138: unsaturated, even numbered fatty acid &beta;-oxidation	1.3738798685
PWY-5138: unsaturated, even numbered fatty acid &beta;-oxidation|g__Escherichia.s__Escherichia_coli	0.4761904762