# Pathway	ERR481027_Abundance
UNMAPPED	190482.8830219081
UNINTEGRATED	257137.9068697106
UNINTEGRATED|g__Bacteroides.s__Bacteroides_vulgatus	45279.7401914549
UNINTEGRATED|g__Faecalibacterium.s__Faecalibacterium_prausnitzii	41425.2403349804
UNINTEGRATED|g__Escherichia.s__Escherichia_coli	27555.6454439551
UNINTEGRATED|g__Bacteroides.s__Bacteroides_fragilis	11237.9807648286
UNINTEGRATED|g__Roseburia.s__Roseburia_inulinivorans	10283.2811647170
UNINTEGRATED|g__Bacteroides.s__Bacteroides_eggerthii	9517.1354054725
UNINTEGRATED|g__Bacteroides.s__Bacteroides_dorei	7845.2188146949
UNINTEGRATED|g__Parabacteroides.s__Parabacteroides_merdae	5343.3630852327
UNINTEGRATED|g__Bacteroides.s__Bacteroides_ovatus	4876.4548403190
UNINTEGRATED|g__Bacteroides.s__Bacteroides_stercoris	4852.7642407134
UNINTEGRATED|g__Bacteroides.s__Bacteroides_uniformis	4389.5751459353
UNINTEGRATED|g__Blautia.s__Ruminococcus_obeum	4245.3476820580
UNINTEGRATED|g__Bifidobacterium.s__Bifidobacterium_longum	4024.2455614904
UNINTEGRATED|g__Bacteroides.s__Bacteroides_massiliensis	3937.0443562986
UNINTEGRATED|g__Eubacterium.s__Eubacterium_rectale	3874.1405449924
UNINTEGRATED|g__Roseburia.s__Roseburia_intestinalis	3228.2933394879
UNINTEGRATED|g__Blautia.s__Ruminococcus_gnavus	3136.1348109400
UNINTEGRATED|g__Bacteroides.s__Bacteroides_coprocola	2928.3467030072
UNINTEGRATED|g__Bacteroides.s__Bacteroides_caccae	2786.9566702227
UNINTEGRATED|g__Blautia.s__Ruminococcus_torques	2656.8779763844
UNINTEGRATED|g__Dorea.s__Dorea_formicigenerans	2432.5815347699
UNINTEGRATED|g__Coprococcus.s__Coprococcus_comes	2418.9808582532
UNINTEGRATED|g__Lachnospiraceae_noname.s__Lachnospiraceae_bacterium_2_1_58FAA	1945.0365544524
UNINTEGRATED|g__Paraprevotella.s__Paraprevotella_clara	1823.5624045786
UNINTEGRATED|g__Dorea.s__Dorea_longicatena	1761.2281067904
UNINTEGRATED|g__Bacteroides.s__Bacteroides_salyersiae	1599.6542704730
UNINTEGRATED|g__Eubacterium.s__Eubacterium_ramulus	1307.2890314497
UNINTEGRATED|g__Alistipes.s__Alistipes_putredinis	1188.3139554181
UNINTEGRATED|g__Parabacteroides.s__Parabacteroides_distasonis	1074.4651785291
UNINTEGRATED|g__Coprococcus.s__Coprococcus_catus	1057.8793954600
UNINTEGRATED|g__Streptococcus.s__Streptococcus_parasanguinis	731.6362700385
UNINTEGRATED|g__Collinsella.s__Collinsella_aerofaciens	720.5231748358
UNINTEGRATED|g__Bacteroides.s__Bacteroides_thetaiotaomicron	704.8369097358
UNINTEGRATED|g__Eubacterium.s__Eubacterium_eligens	496.6582233861
UNINTEGRATED|g__Alistipes.s__Alistipes_shahii	468.1139052178
UNINTEGRATED|g__Veillonella.s__Veillonella_parvula	374.6898822051
UNINTEGRATED|g__Parasutterella.s__Parasutterella_excrementihominis	277.5121847414
UNINTEGRATED|g__Burkholderiales_noname.s__Burkholderiales_bacterium_1_1_47	225.3922398396
UNINTEGRATED|g__Akkermansia.s__Akkermansia_muciniphila	187.1393853240
PWY-6737: starch degradation V	194.0999369589
PWY-6737: starch degradation V|g__Faecalibacterium.s__Faecalibacterium_prausnitzii	74.0485167745
PWY-6737: starch degradation V|g__Roseburia.s__Roseburia_inulinivorans	16.6008060018
PWY-6737: starch degradation V|g__Eubacterium.s__Eubacterium_rectale	5.8775832527
PWY-6737: starch degradation V|g__Lachnospiraceae_noname.s__Lachnospiraceae_bacterium_2_1_58FAA	4.1744117820
PWY-6737: starch degradation V|g__Blautia.s__Ruminococcus_gnavus	3.7688788694
PWY-6737: starch degradation V|g__Roseburia.s__Roseburia_intestinalis	2.2226887481
PWY-6737: starch degradation V|g__Dorea.s__Dorea_longicatena	2.1136324336
PWY-6737: starch degradation V|g__Dorea.s__Dorea_formicigenerans	2.0823317126
PWY-6737: starch degradation V|g__Eubacterium.s__Eubacterium_ramulus	1.5891387756
PWY-6737: starch degradation V|g__Streptococcus.s__Streptococcus_parasanguinis	1.1730438658
PWY-6737: starch degradation V|g__Coprococcus.s__Coprococcus_catus	0.8267879289
PWY-7219: adenosine ribonucleotides de novo biosynthesis	191.2885881227
PWY-7219: adenosine ribonucleotides de novo biosynthesis|g__Faecalibacterium.s__Faecalibacterium_prausnitzii	42.4608512750
PWY-7219: adenosine ribonucleotides de novo biosynthesis|g__Bacteroides.s__Bacteroides_vulgatus	37.7903935291
PWY-7219: adenosine ribonucleotides de novo biosynthesis|g__Bacteroides.s__Bacteroides_coprocola	16.4070771838
PWY-7219: adenosine ribonucleotides de novo biosynthesis|g__Roseburia.s__Roseburia_inulinivorans	9.9575970989
PWY-7219: adenosine ribonucleotides de novo biosynthesis|g__Escherichia.s__Escherichia_coli	9.7743221044
PWY-7219: adenosine ribonucleotides de novo biosynthesis|g__Bacteroides.s__Bacteroides_dorei	8.6756261603
PWY-7219: adenosine ribonucleotides de novo biosynthesis|g__Bacteroides.s__Bacteroides_eggerthii	8.0100132984
PWY-7219: adenosine ribonucleotides de novo biosynthesis|g__Bacteroides.s__Bacteroides_stercoris	7.9876941012
PWY-7219: adenosine ribonucleotides de novo biosynthesis|g__Bacteroides.s__Bacteroides_ovatus	4.5557305631
PWY-7219: adenosine ribonucleotides de novo biosynthesis|g__Eubacterium.s__Eubacterium_rectale	3.5313811645
PWY-7219: adenosine ribonucleotides de novo biosynthesis|g__Coprococcus.s__Coprococcus_comes	3.4752920517
PWY-7219: adenosine ribonucleotides de novo biosynthesis|g__Collinsella.s__Collinsella_aerofaciens	2.6213153959
PWY-7219: adenosine ribonucleotides de novo biosynthesis|g__Parabacteroides.s__Parabacteroides_merdae	2.4632894313
PWY-7219: adenosine ribonucleotides de novo biosynthesis|g__Streptococcus.s__Streptococcus_parasanguinis	2.0164691275
PWY-7219: adenosine ribonucleotides de novo biosynthesis|g__Bacteroides.s__Bacteroides_uniformis	1.9917957232
PWY-7219: adenosine ribonucleotides de novo biosynthesis|g__Alistipes.s__Alistipes_putredinis	1.8863859571
PWY-7219: adenosine ribonucleotides de novo biosynthesis|g__Dorea.s__Dorea_formicigenerans	1.7477665841
PWY-7219: adenosine ribonucleotides de novo biosynthesis|g__Parabacteroides.s__Parabacteroides_distasonis	1.4288424446
PWY-7219: adenosine ribonucleotides de novo biosynthesis|g__Lachnospiraceae_noname.s__Lachnospiraceae_bacterium_2_1_58FAA	1.2744060910
PWY-7219: adenosine ribonucleotides de novo biosynthesis|g__Eubacterium.s__Eubacterium_ramulus	1.2123807100
PWY-7219: adenosine ribonucleotides de novo biosynthesis|g__Bacteroides.s__Bacteroides_massiliensis	1.2104767687
PWY-7219: adenosine ribonucleotides de novo biosynthesis|g__Veillonella.s__Veillonella_parvula	1.2092170382
PWY-7219: adenosine ribonucleotides de novo biosynthesis|g__Dorea.s__Dorea_longicatena	1.1445272796
ILEUSYN-PWY: L-isoleucine biosynthesis I (from threonine)	176.8746861597
ILEUSYN-PWY: L-isoleucine biosynthesis I (from threonine)|g__Faecalibacterium.s__Faecalibacterium_prausnitzii	63.8233014497
ILEUSYN-PWY: L-isoleucine biosynthesis I (from threonine)|g__Bifidobacterium.s__Bifidobacterium_longum	5.4478592557
ILEUSYN-PWY: L-isoleucine biosynthesis I (from threonine)|g__Streptococcus.s__Streptococcus_parasanguinis	1.9631871399
PWY-7111: pyruvate fermentation to isobutanol (engineered)	176.8746861597
PWY-7111: pyruvate fermentation to isobutanol (engineered)|g__Faecalibacterium.s__Faecalibacterium_prausnitzii	55.7995909414
PWY-7111: pyruvate fermentation to isobutanol (engineered)|g__Bacteroides.s__Bacteroides_vulgatus	33.3921308961
PWY-7111: pyruvate fermentation to isobutanol (engineered)|g__Escherichia.s__Escherichia_coli	17.1881671307
PWY-7111: pyruvate fermentation to isobutanol (engineered)|g__Bifidobacterium.s__Bifidobacterium_longum	5.5698581221
PWY-7111: pyruvate fermentation to isobutanol (engineered)|g__Bacteroides.s__Bacteroides_stercoris	5.3633647646
PWY-7111: pyruvate fermentation to isobutanol (engineered)|g__Coprococcus.s__Coprococcus_comes	4.2053652132
PWY-7111: pyruvate fermentation to isobutanol (engineered)|g__Eubacterium.s__Eubacterium_rectale	4.0559626801
PWY-7111: pyruvate fermentation to isobutanol (engineered)|g__Lachnospiraceae_noname.s__Lachnospiraceae_bacterium_2_1_58FAA	1.9820438543
PWY-7111: pyruvate fermentation to isobutanol (engineered)|g__Blautia.s__Ruminococcus_gnavus	1.8810628320
PWY-7111: pyruvate fermentation to isobutanol (engineered)|g__Veillonella.s__Veillonella_parvula	1.6211112994
PWY-7111: pyruvate fermentation to isobutanol (engineered)|g__Paraprevotella.s__Paraprevotella_clara	1.5839511135
PWY-7111: pyruvate fermentation to isobutanol (engineered)|g__Parabacteroides.s__Parabacteroides_merdae	1.4198724212
PWY-7111: pyruvate fermentation to isobutanol (engineered)|g__Dorea.s__Dorea_formicigenerans	1.2676470046
PWY-7111: pyruvate fermentation to isobutanol (engineered)|g__Eubacterium.s__Eubacterium_eligens	0.9946312786
PWY-7111: pyruvate fermentation to isobutanol (engineered)|g__Streptococcus.s__Streptococcus_parasanguinis	0.9277841942
PWY-7111: pyruvate fermentation to isobutanol (engineered)|g__Blautia.s__Ruminococcus_obeum	0.6900120752
PWY-7111: pyruvate fermentation to isobutanol (engineered)|g__Bacteroides.s__Bacteroides_massiliensis	0.6753334459
VALSYN-PWY: L-valine biosynthesis	176.8746861597
VALSYN-PWY: L-valine biosynthesis|g__Faecalibacterium.s__Faecalibacterium_prausnitzii	63.8233014497
VALSYN-PWY: L-valine biosynthesis|g__Bacteroides.s__Bacteroides_vulgatus	33.3921308961
VALSYN-PWY: L-valine biosynthesis|g__Escherichia.s__Escherichia_coli	12.4813629120
VALSYN-PWY: L-valine biosynthesis|g__Roseburia.s__Roseburia_inulinivorans	10.4538131970
VALSYN-PWY: L-valine biosynthesis|g__Bifidobacterium.s__Bifidobacterium_longum	5.4478592557
VALSYN-PWY: L-valine biosynthesis|g__Bacteroides.s__Bacteroides_stercoris	5.3633647646
VALSYN-PWY: L-valine biosynthesis|g__Eubacterium.s__Eubacterium_rectale	4.0559626801
VALSYN-PWY: L-valine biosynthesis|g__Coprococcus.s__Coprococcus_comes	2.0343611911
VALSYN-PWY: L-valine biosynthesis|g__Streptococcus.s__Streptococcus_parasanguinis	1.9631871399
VALSYN-PWY: L-valine biosynthesis|g__Veillonella.s__Veillonella_parvula	1.6211112994
VALSYN-PWY: L-valine biosynthesis|g__Paraprevotella.s__Paraprevotella_clara	1.5839511135
VALSYN-PWY: L-valine biosynthesis|g__Parabacteroides.s__Parabacteroides_merdae	1.4198724212
VALSYN-PWY: L-valine biosynthesis|g__Dorea.s__Dorea_formicigenerans	1.2676470046
VALSYN-PWY: L-valine biosynthesis|g__Roseburia.s__Roseburia_intestinalis	1.2368110949
VALSYN-PWY: L-valine biosynthesis|g__Eubacterium.s__Eubacterium_eligens	0.9946312786
VALSYN-PWY: L-valine biosynthesis|g__Blautia.s__Ruminococcus_obeum	0.6900120752
VALSYN-PWY: L-valine biosynthesis|g__Bacteroides.s__Bacteroides_massiliensis	0.6753334459
PWY-1042: glycolysis IV (plant cytosol)	169.8745058205
PWY-1042: glycolysis IV (plant cytosol)|g__Faecalibacterium.s__Faecalibacterium_prausnitzii	58.0417498592
PWY-1042: glycolysis IV (plant cytosol)|g__Escherichia.s__Escherichia_coli	12.0096042842
PWY-1042: glycolysis IV (plant cytosol)|g__Bacteroides.s__Bacteroides_coprocola	6.5072712530
PWY-1042: glycolysis IV (plant cytosol)|g__Bacteroides.s__Bacteroides_ovatus	4.2475536411
COA-PWY-1: coenzyme A biosynthesis II (mammalian)	165.4462663457
COA-PWY-1: coenzyme A biosynthesis II (mammalian)|g__Faecalibacterium.s__Faecalibacterium_prausnitzii	43.1178905061
COA-PWY-1: coenzyme A biosynthesis II (mammalian)|g__Bacteroides.s__Bacteroides_vulgatus	26.6576388421
COA-PWY-1: coenzyme A biosynthesis II (mammalian)|g__Escherichia.s__Escherichia_coli	12.1096320800
COA-PWY-1: coenzyme A biosynthesis II (mammalian)|g__Bacteroides.s__Bacteroides_eggerthii	11.4338148093
COA-PWY-1: coenzyme A biosynthesis II (mammalian)|g__Roseburia.s__Roseburia_inulinivorans	7.4023475185
COA-PWY-1: coenzyme A biosynthesis II (mammalian)|g__Bifidobacterium.s__Bifidobacterium_longum	3.8495597142
COA-PWY-1: coenzyme A biosynthesis II (mammalian)|g__Eubacterium.s__Eubacterium_rectale	3.4890443638
COA-PWY-1: coenzyme A biosynthesis II (mammalian)|g__Alistipes.s__Alistipes_putredinis	2.9234932195
COA-PWY-1: coenzyme A biosynthesis II (mammalian)|g__Roseburia.s__Roseburia_intestinalis	2.9045895005
COA-PWY-1: coenzyme A biosynthesis II (mammalian)|g__Paraprevotella.s__Paraprevotella_clara	2.4878530413
PWY-5695: urate biosynthesis/inosine 5'-phosphate degradation	163.2196485154
PWY-5695: urate biosynthesis/inosine 5'-phosphate degradation|g__Bacteroides.s__Bacteroides_vulgatus	34.0290339370
PWY-5695: urate biosynthesis/inosine 5'-phosphate degradation|g__Faecalibacterium.s__Faecalibacterium_prausnitzii	27.3115536987
PWY-5695: urate biosynthesis/inosine 5'-phosphate degradation|g__Bacteroides.s__Bacteroides_eggerthii	13.2779944560
PWY-5695: urate biosynthesis/inosine 5'-phosphate degradation|g__Escherichia.s__Escherichia_coli	9.6985717437
PWY-5695: urate biosynthesis/inosine 5'-phosphate degradation|g__Roseburia.s__Roseburia_inulinivorans	8.0798709686
PWY-5695: urate biosynthesis/inosine 5'-phosphate degradation|g__Bacteroides.s__Bacteroides_stercoris	4.7987016289
PWY-5695: urate biosynthesis/inosine 5'-phosphate degradation|g__Bacteroides.s__Bacteroides_coprocola	4.0670571040
PWY-5695: urate biosynthesis/inosine 5'-phosphate degradation|g__Bacteroides.s__Bacteroides_dorei	3.0160829558
PWY-5695: urate biosynthesis/inosine 5'-phosphate degradation|g__Bacteroides.s__Bacteroides_ovatus	1.6157374598
PWY-5695: urate biosynthesis/inosine 5'-phosphate degradation|g__Roseburia.s__Roseburia_intestinalis	1.2507684253
PWY-7221: guanosine ribonucleotides de novo biosynthesis	161.0611163722
PWY-7221: guanosine ribonucleotides de novo biosynthesis|g__Bacteroides.s__Bacteroides_vulgatus	38.6628451866
PWY-7221: guanosine ribonucleotides de novo biosynthesis|g__Faecalibacterium.s__Faecalibacterium_prausnitzii	32.6678758577
PWY-7221: guanosine ribonucleotides de novo biosynthesis|g__Escherichia.s__Escherichia_coli	9.4522910730
PWY-7221: guanosine ribonucleotides de novo biosynthesis|g__Roseburia.s__Roseburia_inulinivorans	6.8266073240
PWY-7221: guanosine ribonucleotides de novo biosynthesis|g__Lachnospiraceae_noname.s__Lachnospiraceae_bacterium_2_1_58FAA	3.1783053738
PWY-7221: guanosine ribonucleotides de novo biosynthesis|g__Eubacterium.s__Eubacterium_rectale	2.6793691471
PWY-7221: guanosine ribonucleotides de novo biosynthesis|g__Bifidobacterium.s__Bifidobacterium_longum	2.5750405396
PWY-7221: guanosine ribonucleotides de novo biosynthesis|g__Bacteroides.s__Bacteroides_dorei	2.5523756424
PWY-7221: guanosine ribonucleotides de novo biosynthesis|g__Blautia.s__Ruminococcus_gnavus	2.1752291737
PWY-7221: guanosine ribonucleotides de novo biosynthesis|g__Coprococcus.s__Coprococcus_comes	1.9210489116
PWY-7221: guanosine ribonucleotides de novo biosynthesis|g__Veillonella.s__Veillonella_parvula	1.0500419573
PWY-7221: guanosine ribonucleotides de novo biosynthesis|g__Alistipes.s__Alistipes_shahii	0.9664903550
PWY-7221: guanosine ribonucleotides de novo biosynthesis|g__Burkholderiales_noname.s__Burkholderiales_bacterium_1_1_47	0.9327470177
PWY-7221: guanosine ribonucleotides de novo biosynthesis|g__Roseburia.s__Roseburia_intestinalis	0.8780939279
PWY-6151: S-adenosyl-L-methionine cycle I	160.3701068012
PWY-6151: S-adenosyl-L-methionine cycle I|g__Faecalibacterium.s__Faecalibacterium_prausnitzii	40.0611142666
PWY-6151: S-adenosyl-L-methionine cycle I|g__Bacteroides.s__Bacteroides_vulgatus	28.3334280307
PWY-6151: S-adenosyl-L-methionine cycle I|g__Bacteroides.s__Bacteroides_eggerthii	14.7641528308
PWY-6151: S-adenosyl-L-methionine cycle I|g__Escherichia.s__Escherichia_coli	9.2424130003
PWY-6151: S-adenosyl-L-methionine cycle I|g__Bacteroides.s__Bacteroides_dorei	6.2077571512
PWY-6151: S-adenosyl-L-methionine cycle I|g__Eubacterium.s__Eubacterium_rectale	6.0199032770
PWY-6151: S-adenosyl-L-methionine cycle I|g__Bacteroides.s__Bacteroides_stercoris	5.6155209719
PWY-6151: S-adenosyl-L-methionine cycle I|g__Roseburia.s__Roseburia_inulinivorans	4.1356257187
PWY-6151: S-adenosyl-L-methionine cycle I|g__Bifidobacterium.s__Bifidobacterium_longum	3.2574772657
PWY-6151: S-adenosyl-L-methionine cycle I|g__Bacteroides.s__Bacteroides_uniformis	2.4649793510
PWY-6151: S-adenosyl-L-methionine cycle I|g__Coprococcus.s__Coprococcus_comes	2.1801173618
PWY-6151: S-adenosyl-L-methionine cycle I|g__Dorea.s__Dorea_longicatena	1.9012612132
PWY-6151: S-adenosyl-L-methionine cycle I|g__Eubacterium.s__Eubacterium_eligens	1.3053066297
ANAGLYCOLYSIS-PWY: glycolysis III (from glucose)	154.0961074527
ANAGLYCOLYSIS-PWY: glycolysis III (from glucose)|g__Escherichia.s__Escherichia_coli	10.4301431530
ARO-PWY: chorismate biosynthesis I	143.0552492797
ARO-PWY: chorismate biosynthesis I|g__Roseburia.s__Roseburia_inulinivorans	11.6684148424
ARO-PWY: chorismate biosynthesis I|g__Escherichia.s__Escherichia_coli	11.1076135161
ARO-PWY: chorismate biosynthesis I|g__Eubacterium.s__Eubacterium_rectale	2.6917491920
PWY-6386: UDP-N-acetylmuramoyl-pentapeptide biosynthesis II (lysine-containing)	142.9527570241
PWY-6386: UDP-N-acetylmuramoyl-pentapeptide biosynthesis II (lysine-containing)|g__Faecalibacterium.s__Faecalibacterium_prausnitzii	38.2757500422
PWY-6386: UDP-N-acetylmuramoyl-pentapeptide biosynthesis II (lysine-containing)|g__Escherichia.s__Escherichia_coli	4.4681450414
PWY-6386: UDP-N-acetylmuramoyl-pentapeptide biosynthesis II (lysine-containing)|g__Coprococcus.s__Coprococcus_comes	1.8615904608
PWY-6386: UDP-N-acetylmuramoyl-pentapeptide biosynthesis II (lysine-containing)|g__Paraprevotella.s__Paraprevotella_clara	1.5674993041
PWY-6386: UDP-N-acetylmuramoyl-pentapeptide biosynthesis II (lysine-containing)|g__Alistipes.s__Alistipes_putredinis	1.4483940847
PWY-6386: UDP-N-acetylmuramoyl-pentapeptide biosynthesis II (lysine-containing)|g__Veillonella.s__Veillonella_parvula	1.2516547640
PEPTIDOGLYCANSYN-PWY: peptidoglycan biosynthesis I (meso-diaminopimelate containing)	142.4708113753
PEPTIDOGLYCANSYN-PWY: peptidoglycan biosynthesis I (meso-diaminopimelate containing)|g__Faecalibacterium.s__Faecalibacterium_prausnitzii	38.4752641603
PEPTIDOGLYCANSYN-PWY: peptidoglycan biosynthesis I (meso-diaminopimelate containing)|g__Bacteroides.s__Bacteroides_vulgatus	35.8695792301
PEPTIDOGLYCANSYN-PWY: peptidoglycan biosynthesis I (meso-diaminopimelate containing)|g__Escherichia.s__Escherichia_coli	9.4713433438
PEPTIDOGLYCANSYN-PWY: peptidoglycan biosynthesis I (meso-diaminopimelate containing)|g__Coprococcus.s__Coprococcus_comes	1.8302775081
PEPTIDOGLYCANSYN-PWY: peptidoglycan biosynthesis I (meso-diaminopimelate containing)|g__Paraprevotella.s__Paraprevotella_clara	1.6782055334
PEPTIDOGLYCANSYN-PWY: peptidoglycan biosynthesis I (meso-diaminopimelate containing)|g__Alistipes.s__Alistipes_putredinis	1.4679503136
PEPTIDOGLYCANSYN-PWY: peptidoglycan biosynthesis I (meso-diaminopimelate containing)|g__Veillonella.s__Veillonella_parvula	1.1812027720
PWY-6387: UDP-N-acetylmuramoyl-pentapeptide biosynthesis I (meso-diaminopimelate containing)	138.4129257870
PWY-6387: UDP-N-acetylmuramoyl-pentapeptide biosynthesis I (meso-diaminopimelate containing)|g__Faecalibacterium.s__Faecalibacterium_prausnitzii	39.3461333398
PWY-6387: UDP-N-acetylmuramoyl-pentapeptide biosynthesis I (meso-diaminopimelate containing)|g__Bacteroides.s__Bacteroides_vulgatus	35.7738368363
PWY-6387: UDP-N-acetylmuramoyl-pentapeptide biosynthesis I (meso-diaminopimelate containing)|g__Escherichia.s__Escherichia_coli	9.3412145526
PWY-6387: UDP-N-acetylmuramoyl-pentapeptide biosynthesis I (meso-diaminopimelate containing)|g__Coprococcus.s__Coprococcus_comes	1.6582682932
PWY-6387: UDP-N-acetylmuramoyl-pentapeptide biosynthesis I (meso-diaminopimelate containing)|g__Paraprevotella.s__Paraprevotella_clara	1.5910056189
PWY-6387: UDP-N-acetylmuramoyl-pentapeptide biosynthesis I (meso-diaminopimelate containing)|g__Alistipes.s__Alistipes_putredinis	1.3596841145
PWY-6387: UDP-N-acetylmuramoyl-pentapeptide biosynthesis I (meso-diaminopimelate containing)|g__Veillonella.s__Veillonella_parvula	1.1143762169
PWY-6163: chorismate biosynthesis from 3-dehydroquinate	137.8909295584
PWY-6163: chorismate biosynthesis from 3-dehydroquinate|g__Roseburia.s__Roseburia_inulinivorans	13.7183560434
PWY-6163: chorismate biosynthesis from 3-dehydroquinate|g__Escherichia.s__Escherichia_coli	10.8049737520
PWY-6163: chorismate biosynthesis from 3-dehydroquinate|g__Eubacterium.s__Eubacterium_rectale	2.6728037075
PWY-6163: chorismate biosynthesis from 3-dehydroquinate|g__Blautia.s__Ruminococcus_gnavus	2.1708078781
COMPLETE-ARO-PWY: superpathway of aromatic amino acid biosynthesis	137.2398433602
COMPLETE-ARO-PWY: superpathway of aromatic amino acid biosynthesis|g__Escherichia.s__Escherichia_coli	11.4022629218
COMPLETE-ARO-PWY: superpathway of aromatic amino acid biosynthesis|g__Eubacterium.s__Eubacterium_rectale	2.9615892492
NONMEVIPP-PWY: methylerythritol phosphate pathway I	136.9233000318
NONMEVIPP-PWY: methylerythritol phosphate pathway I|g__Bacteroides.s__Bacteroides_vulgatus	27.2165396382
NONMEVIPP-PWY: methylerythritol phosphate pathway I|g__Bacteroides.s__Bacteroides_eggerthii	9.2083325822
NONMEVIPP-PWY: methylerythritol phosphate pathway I|g__Eubacterium.s__Eubacterium_rectale	3.1361751614
NONMEVIPP-PWY: methylerythritol phosphate pathway I|g__Bacteroides.s__Bacteroides_ovatus	2.6461052841
PWY-5686: UMP biosynthesis	135.9784554445
PWY-5686: UMP biosynthesis|g__Faecalibacterium.s__Faecalibacterium_prausnitzii	40.4698002724
PWY-5686: UMP biosynthesis|g__Bacteroides.s__Bacteroides_eggerthii	5.7134133419
PWY-5686: UMP biosynthesis|g__Bacteroides.s__Bacteroides_stercoris	5.2070837253
PWY-5686: UMP biosynthesis|g__Escherichia.s__Escherichia_coli	3.9602123537
PWY-5686: UMP biosynthesis|g__Bifidobacterium.s__Bifidobacterium_longum	2.4042689475
PWY-5686: UMP biosynthesis|g__Eubacterium.s__Eubacterium_rectale	2.3396433226
PWY-5686: UMP biosynthesis|g__Bacteroides.s__Bacteroides_ovatus	2.2836086366
PWY-5686: UMP biosynthesis|g__Lachnospiraceae_noname.s__Lachnospiraceae_bacterium_2_1_58FAA	1.5799627182
PWY-5667: CDP-diacylglycerol biosynthesis I	135.9711843922
PWY-5667: CDP-diacylglycerol biosynthesis I|g__Faecalibacterium.s__Faecalibacterium_prausnitzii	33.0415420223
PWY-5667: CDP-diacylglycerol biosynthesis I|g__Escherichia.s__Escherichia_coli	8.4561684340
PWY-5667: CDP-diacylglycerol biosynthesis I|g__Roseburia.s__Roseburia_inulinivorans	7.4689928173
PWY-5667: CDP-diacylglycerol biosynthesis I|g__Bacteroides.s__Bacteroides_eggerthii	6.4091472588
PWY-5667: CDP-diacylglycerol biosynthesis I|g__Eubacterium.s__Eubacterium_rectale	3.8580447538
PWY-5667: CDP-diacylglycerol biosynthesis I|g__Paraprevotella.s__Paraprevotella_clara	3.0451712354
PWY-5667: CDP-diacylglycerol biosynthesis I|g__Bacteroides.s__Bacteroides_stercoris	2.2123746102
PWY-5667: CDP-diacylglycerol biosynthesis I|g__Roseburia.s__Roseburia_intestinalis	1.8866667737
PWY-5667: CDP-diacylglycerol biosynthesis I|g__Blautia.s__Ruminococcus_gnavus	1.6969450875
PWY0-1319: CDP-diacylglycerol biosynthesis II	135.9711843922
PWY0-1319: CDP-diacylglycerol biosynthesis II|g__Faecalibacterium.s__Faecalibacterium_prausnitzii	33.0415420223
PWY0-1319: CDP-diacylglycerol biosynthesis II|g__Escherichia.s__Escherichia_coli	8.4561684340
PWY0-1319: CDP-diacylglycerol biosynthesis II|g__Roseburia.s__Roseburia_inulinivorans	7.4689928173
PWY0-1319: CDP-diacylglycerol biosynthesis II|g__Bacteroides.s__Bacteroides_eggerthii	6.4091472588
PWY0-1319: CDP-diacylglycerol biosynthesis II|g__Eubacterium.s__Eubacterium_rectale	3.8580447538
PWY0-1319: CDP-diacylglycerol biosynthesis II|g__Paraprevotella.s__Paraprevotella_clara	3.0451712354
PWY0-1319: CDP-diacylglycerol biosynthesis II|g__Bacteroides.s__Bacteroides_stercoris	2.2123746102
PWY0-1319: CDP-diacylglycerol biosynthesis II|g__Roseburia.s__Roseburia_intestinalis	1.8866667737
PWY0-1319: CDP-diacylglycerol biosynthesis II|g__Blautia.s__Ruminococcus_gnavus	1.6969450875
CALVIN-PWY: Calvin-Benson-Bassham cycle	134.3562942950
CALVIN-PWY: Calvin-Benson-Bassham cycle|g__Faecalibacterium.s__Faecalibacterium_prausnitzii	36.6789969022
CALVIN-PWY: Calvin-Benson-Bassham cycle|g__Escherichia.s__Escherichia_coli	5.4027110052
BRANCHED-CHAIN-AA-SYN-PWY: superpathway of branched amino acid biosynthesis	133.4028107916
BRANCHED-CHAIN-AA-SYN-PWY: superpathway of branched amino acid biosynthesis|g__Faecalibacterium.s__Faecalibacterium_prausnitzii	57.2810935133
BRANCHED-CHAIN-AA-SYN-PWY: superpathway of branched amino acid biosynthesis|g__Bifidobacterium.s__Bifidobacterium_longum	4.4113282955
BRANCHED-CHAIN-AA-SYN-PWY: superpathway of branched amino acid biosynthesis|g__Streptococcus.s__Streptococcus_parasanguinis	1.3382053184
PWY-2942: L-lysine biosynthesis III	131.2274753599
PWY-2942: L-lysine biosynthesis III|g__Faecalibacterium.s__Faecalibacterium_prausnitzii	30.4647740414
PWY-2942: L-lysine biosynthesis III|g__Bacteroides.s__Bacteroides_vulgatus	23.7413998291
PWY-2942: L-lysine biosynthesis III|g__Bacteroides.s__Bacteroides_eggerthii	10.6564661300
PWY-2942: L-lysine biosynthesis III|g__Bacteroides.s__Bacteroides_stercoris	3.6271012412
PWY-2942: L-lysine biosynthesis III|g__Bacteroides.s__Bacteroides_coprocola	3.5588902597
PWY-2942: L-lysine biosynthesis III|g__Bacteroides.s__Bacteroides_dorei	3.3974256278
PWY-2942: L-lysine biosynthesis III|g__Parabacteroides.s__Parabacteroides_merdae	2.7793691251
PWY-2942: L-lysine biosynthesis III|g__Blautia.s__Ruminococcus_gnavus	2.6778206134
PWY-2942: L-lysine biosynthesis III|g__Escherichia.s__Escherichia_coli	2.6421738560
PWY-2942: L-lysine biosynthesis III|g__Bacteroides.s__Bacteroides_uniformis	1.3800843396
PWY-2942: L-lysine biosynthesis III|g__Bacteroides.s__Bacteroides_ovatus	1.2257768049
PWY-2942: L-lysine biosynthesis III|g__Parabacteroides.s__Parabacteroides_distasonis	1.2080531330
PWY-2942: L-lysine biosynthesis III|g__Bacteroides.s__Bacteroides_salyersiae	1.1476664116
PWY-2942: L-lysine biosynthesis III|g__Veillonella.s__Veillonella_parvula	1.0881077624
PWY-6385: peptidoglycan biosynthesis III (mycobacteria)	131.1949014962
PWY-6385: peptidoglycan biosynthesis III (mycobacteria)|g__Faecalibacterium.s__Faecalibacterium_prausnitzii	38.4752641603
PWY-6385: peptidoglycan biosynthesis III (mycobacteria)|g__Escherichia.s__Escherichia_coli	9.4515974523
PWY-5097: L-lysine biosynthesis VI	131.0584845297
PWY-5097: L-lysine biosynthesis VI|g__Faecalibacterium.s__Faecalibacterium_prausnitzii	31.9984209131
PWY-5097: L-lysine biosynthesis VI|g__Bacteroides.s__Bacteroides_vulgatus	21.5863818481
PWY-5097: L-lysine biosynthesis VI|g__Bacteroides.s__Bacteroides_eggerthii	9.7275688299
PWY-5097: L-lysine biosynthesis VI|g__Bacteroides.s__Bacteroides_stercoris	4.0527752029
PWY-5097: L-lysine biosynthesis VI|g__Escherichia.s__Escherichia_coli	2.8896304769
PWY-5097: L-lysine biosynthesis VI|g__Parabacteroides.s__Parabacteroides_merdae	2.4171810713
PWY-5097: L-lysine biosynthesis VI|g__Eubacterium.s__Eubacterium_rectale	2.2746972884
PWY-5097: L-lysine biosynthesis VI|g__Bacteroides.s__Bacteroides_uniformis	1.2559764204
PWY-5097: L-lysine biosynthesis VI|g__Bacteroides.s__Bacteroides_salyersiae	1.1004559032
PWY-5103: L-isoleucine biosynthesis III	124.4393662433
PWY-5103: L-isoleucine biosynthesis III|g__Faecalibacterium.s__Faecalibacterium_prausnitzii	55.3974695840
PWY-5103: L-isoleucine biosynthesis III|g__Escherichia.s__Escherichia_coli	11.1367266181
PWY-5103: L-isoleucine biosynthesis III|g__Bifidobacterium.s__Bifidobacterium_longum	4.0144185080
PWY-5103: L-isoleucine biosynthesis III|g__Streptococcus.s__Streptococcus_parasanguinis	1.0462773869
DTDPRHAMSYN-PWY: dTDP-L-rhamnose biosynthesis I	124.2529732607
DTDPRHAMSYN-PWY: dTDP-L-rhamnose biosynthesis I|g__Faecalibacterium.s__Faecalibacterium_prausnitzii	48.6587952002
DTDPRHAMSYN-PWY: dTDP-L-rhamnose biosynthesis I|g__Eubacterium.s__Eubacterium_rectale	5.9042407303
DTDPRHAMSYN-PWY: dTDP-L-rhamnose biosynthesis I|g__Roseburia.s__Roseburia_intestinalis	5.9017378431
DTDPRHAMSYN-PWY: dTDP-L-rhamnose biosynthesis I|g__Bacteroides.s__Bacteroides_ovatus	3.6931581660
DTDPRHAMSYN-PWY: dTDP-L-rhamnose biosynthesis I|g__Alistipes.s__Alistipes_shahii	1.5782706789
PANTO-PWY: phosphopantothenate biosynthesis I	111.6703814972
PANTO-PWY: phosphopantothenate biosynthesis I|g__Bacteroides.s__Bacteroides_vulgatus	28.7502560957
PANTO-PWY: phosphopantothenate biosynthesis I|g__Escherichia.s__Escherichia_coli	14.5455406898
PANTO-PWY: phosphopantothenate biosynthesis I|g__Bacteroides.s__Bacteroides_eggerthii	11.1504316208
PANTO-PWY: phosphopantothenate biosynthesis I|g__Lachnospiraceae_noname.s__Lachnospiraceae_bacterium_2_1_58FAA	4.4053562369
PANTO-PWY: phosphopantothenate biosynthesis I|g__Eubacterium.s__Eubacterium_rectale	4.1481260236
PANTO-PWY: phosphopantothenate biosynthesis I|g__Paraprevotella.s__Paraprevotella_clara	2.8654633656
PANTO-PWY: phosphopantothenate biosynthesis I|g__Bacteroides.s__Bacteroides_dorei	2.5490846213
PANTO-PWY: phosphopantothenate biosynthesis I|g__Bacteroides.s__Bacteroides_stercoris	2.3453888792
PANTO-PWY: phosphopantothenate biosynthesis I|g__Alistipes.s__Alistipes_putredinis	2.0248507326
PANTO-PWY: phosphopantothenate biosynthesis I|g__Bacteroides.s__Bacteroides_caccae	1.6474464580
PANTO-PWY: phosphopantothenate biosynthesis I|g__Blautia.s__Ruminococcus_gnavus	1.5128593041
PANTO-PWY: phosphopantothenate biosynthesis I|g__Bacteroides.s__Bacteroides_salyersiae	1.2511729747
PWY-5973: cis-vaccenate biosynthesis	108.5525683553
PWY-5973: cis-vaccenate biosynthesis|g__Eubacterium.s__Eubacterium_rectale	2.5684940431
PWY-7229: superpathway of adenosine nucleotides de novo biosynthesis I	106.7302776712
PWY-7229: superpathway of adenosine nucleotides de novo biosynthesis I|g__Bacteroides.s__Bacteroides_vulgatus	34.2886728317
PWY-6121: 5-aminoimidazole ribonucleotide biosynthesis I	106.6397571838
PWY-6121: 5-aminoimidazole ribonucleotide biosynthesis I|g__Faecalibacterium.s__Faecalibacterium_prausnitzii	26.5191047274
PWY-6121: 5-aminoimidazole ribonucleotide biosynthesis I|g__Roseburia.s__Roseburia_inulinivorans	7.1467093283
PWY-6121: 5-aminoimidazole ribonucleotide biosynthesis I|g__Escherichia.s__Escherichia_coli	6.7777687541
PWY-6121: 5-aminoimidazole ribonucleotide biosynthesis I|g__Bifidobacterium.s__Bifidobacterium_longum	3.5539658029
PWY-6121: 5-aminoimidazole ribonucleotide biosynthesis I|g__Coprococcus.s__Coprococcus_comes	2.7802960991
PWY-6121: 5-aminoimidazole ribonucleotide biosynthesis I|g__Alistipes.s__Alistipes_putredinis	1.3489184107
PWY-6121: 5-aminoimidazole ribonucleotide biosynthesis I|g__Collinsella.s__Collinsella_aerofaciens	1.0641828008
NONOXIPENT-PWY: pentose phosphate pathway (non-oxidative branch)	104.5276256334
NONOXIPENT-PWY: pentose phosphate pathway (non-oxidative branch)|g__Faecalibacterium.s__Faecalibacterium_prausnitzii	17.6468369672
NONOXIPENT-PWY: pentose phosphate pathway (non-oxidative branch)|g__Escherichia.s__Escherichia_coli	2.6266212304
NONOXIPENT-PWY: pentose phosphate pathway (non-oxidative branch)|g__Lachnospiraceae_noname.s__Lachnospiraceae_bacterium_2_1_58FAA	2.3025351695
NONOXIPENT-PWY: pentose phosphate pathway (non-oxidative branch)|g__Eubacterium.s__Eubacterium_eligens	1.5814271484
PWY-6122: 5-aminoimidazole ribonucleotide biosynthesis II	104.5194106781
PWY-6122: 5-aminoimidazole ribonucleotide biosynthesis II|g__Faecalibacterium.s__Faecalibacterium_prausnitzii	34.6157257144
PWY-6122: 5-aminoimidazole ribonucleotide biosynthesis II|g__Roseburia.s__Roseburia_inulinivorans	7.1808349567
PWY-6122: 5-aminoimidazole ribonucleotide biosynthesis II|g__Escherichia.s__Escherichia_coli	6.6726577549
PWY-6122: 5-aminoimidazole ribonucleotide biosynthesis II|g__Bifidobacterium.s__Bifidobacterium_longum	4.1807487574
PWY-6122: 5-aminoimidazole ribonucleotide biosynthesis II|g__Coprococcus.s__Coprococcus_comes	2.6163120678
PWY-6122: 5-aminoimidazole ribonucleotide biosynthesis II|g__Blautia.s__Ruminococcus_gnavus	1.5824642748
PWY-6122: 5-aminoimidazole ribonucleotide biosynthesis II|g__Alistipes.s__Alistipes_putredinis	1.2392827578
PWY-6122: 5-aminoimidazole ribonucleotide biosynthesis II|g__Streptococcus.s__Streptococcus_parasanguinis	1.0604089390
PWY-6122: 5-aminoimidazole ribonucleotide biosynthesis II|g__Collinsella.s__Collinsella_aerofaciens	0.8910309134
PWY-6277: superpathway of 5-aminoimidazole ribonucleotide biosynthesis	104.5194106781
PWY-6277: superpathway of 5-aminoimidazole ribonucleotide biosynthesis|g__Faecalibacterium.s__Faecalibacterium_prausnitzii	34.6157257144
PWY-6277: superpathway of 5-aminoimidazole ribonucleotide biosynthesis|g__Roseburia.s__Roseburia_inulinivorans	7.1808349567
PWY-6277: superpathway of 5-aminoimidazole ribonucleotide biosynthesis|g__Escherichia.s__Escherichia_coli	6.6726577549
PWY-6277: superpathway of 5-aminoimidazole ribonucleotide biosynthesis|g__Bifidobacterium.s__Bifidobacterium_longum	4.1807487574
PWY-6277: superpathway of 5-aminoimidazole ribonucleotide biosynthesis|g__Coprococcus.s__Coprococcus_comes	2.6163120678
PWY-6277: superpathway of 5-aminoimidazole ribonucleotide biosynthesis|g__Blautia.s__Ruminococcus_gnavus	1.5824642748
PWY-6277: superpathway of 5-aminoimidazole ribonucleotide biosynthesis|g__Alistipes.s__Alistipes_putredinis	1.2392827578
PWY-6277: superpathway of 5-aminoimidazole ribonucleotide biosynthesis|g__Streptococcus.s__Streptococcus_parasanguinis	1.0604089390
PWY-6277: superpathway of 5-aminoimidazole ribonucleotide biosynthesis|g__Collinsella.s__Collinsella_aerofaciens	0.8910309134
PWY-3841: folate transformations II	104.2829388597
PWY-3841: folate transformations II|g__Bacteroides.s__Bacteroides_vulgatus	32.6276560256
PWY-3841: folate transformations II|g__Bacteroides.s__Bacteroides_stercoris	6.8700501935
PWY-3841: folate transformations II|g__Escherichia.s__Escherichia_coli	6.3526298986
PWY-3841: folate transformations II|g__Bacteroides.s__Bacteroides_ovatus	3.9144205337
PWY-724: superpathway of L-lysine, L-threonine and L-methionine biosynthesis II	103.3537852195
PWY-724: superpathway of L-lysine, L-threonine and L-methionine biosynthesis II|g__Faecalibacterium.s__Faecalibacterium_prausnitzii	32.3300747503
PWY-3001: superpathway of L-isoleucine biosynthesis I	101.3484424222
PWY-3001: superpathway of L-isoleucine biosynthesis I|g__Faecalibacterium.s__Faecalibacterium_prausnitzii	41.4369291486
PWY-7357: thiamin formation from pyrithiamine and oxythiamine (yeast)	101.2928795809
PWY-7357: thiamin formation from pyrithiamine and oxythiamine (yeast)|g__Faecalibacterium.s__Faecalibacterium_prausnitzii	38.6951894854
PWY-7357: thiamin formation from pyrithiamine and oxythiamine (yeast)|g__Roseburia.s__Roseburia_inulinivorans	16.5456737232
PWY-7357: thiamin formation from pyrithiamine and oxythiamine (yeast)|g__Escherichia.s__Escherichia_coli	7.3902502944
PWY0-1296: purine ribonucleosides degradation	101.1814445730
PWY0-1296: purine ribonucleosides degradation|g__Faecalibacterium.s__Faecalibacterium_prausnitzii	47.2763340672
PWY0-1296: purine ribonucleosides degradation|g__Roseburia.s__Roseburia_inulinivorans	7.1924989814
PWY0-1296: purine ribonucleosides degradation|g__Eubacterium.s__Eubacterium_rectale	4.1175725234
PWY0-1296: purine ribonucleosides degradation|g__Dorea.s__Dorea_longicatena	2.9746106714
PWY0-1296: purine ribonucleosides degradation|g__Blautia.s__Ruminococcus_gnavus	2.8178377514
PWY0-1296: purine ribonucleosides degradation|g__Escherichia.s__Escherichia_coli	2.2633494693
PWY0-1296: purine ribonucleosides degradation|g__Lachnospiraceae_noname.s__Lachnospiraceae_bacterium_2_1_58FAA	1.6233615485
PWY0-1296: purine ribonucleosides degradation|g__Roseburia.s__Roseburia_intestinalis	1.3925586648
PWY0-1296: purine ribonucleosides degradation|g__Dorea.s__Dorea_formicigenerans	1.2085635359
PWY0-1296: purine ribonucleosides degradation|g__Blautia.s__Ruminococcus_torques	1.1150047786
PWY-7663: gondoate biosynthesis (anaerobic)	100.9640320616
PWY-7663: gondoate biosynthesis (anaerobic)|g__Bacteroides.s__Bacteroides_eggerthii	11.9189971457
PWY-7663: gondoate biosynthesis (anaerobic)|g__Escherichia.s__Escherichia_coli	6.5992496167
PWY-7663: gondoate biosynthesis (anaerobic)|g__Bacteroides.s__Bacteroides_stercoris	6.1265799666
PWY-7663: gondoate biosynthesis (anaerobic)|g__Bacteroides.s__Bacteroides_fragilis	0.9689922481
PWY-6317: galactose degradation I (Leloir pathway)	100.0115692922
PWY-6317: galactose degradation I (Leloir pathway)|g__Faecalibacterium.s__Faecalibacterium_prausnitzii	47.0181595293
PWY-6317: galactose degradation I (Leloir pathway)|g__Escherichia.s__Escherichia_coli	2.9370936991
PWY66-422: D-galactose degradation V (Leloir pathway)	100.0115692922
PWY66-422: D-galactose degradation V (Leloir pathway)|g__Faecalibacterium.s__Faecalibacterium_prausnitzii	47.0181595293
PWY66-422: D-galactose degradation V (Leloir pathway)|g__Escherichia.s__Escherichia_coli	6.9608297195
PWY66-422: D-galactose degradation V (Leloir pathway)|g__Eubacterium.s__Eubacterium_rectale	3.6707244458
PWY66-422: D-galactose degradation V (Leloir pathway)|g__Roseburia.s__Roseburia_intestinalis	1.2286281942
1CMET2-PWY: N10-formyl-tetrahydrofolate biosynthesis	99.6252102718
1CMET2-PWY: N10-formyl-tetrahydrofolate biosynthesis|g__Escherichia.s__Escherichia_coli	6.1413224525
COBALSYN-PWY: adenosylcobalamin salvage from cobinamide I	94.9695881243
COBALSYN-PWY: adenosylcobalamin salvage from cobinamide I|g__Faecalibacterium.s__Faecalibacterium_prausnitzii	41.6415788496
COBALSYN-PWY: adenosylcobalamin salvage from cobinamide I|g__Escherichia.s__Escherichia_coli	9.5664567311
COBALSYN-PWY: adenosylcobalamin salvage from cobinamide I|g__Eubacterium.s__Eubacterium_rectale	1.9324080407
PANTOSYN-PWY: pantothenate and coenzyme A biosynthesis I	93.4541434873
PANTOSYN-PWY: pantothenate and coenzyme A biosynthesis I|g__Escherichia.s__Escherichia_coli	9.9868591926
ASPASN-PWY: superpathway of L-aspartate and L-asparagine biosynthesis	90.2526100629
ASPASN-PWY: superpathway of L-aspartate and L-asparagine biosynthesis|g__Faecalibacterium.s__Faecalibacterium_prausnitzii	43.1483527592
ASPASN-PWY: superpathway of L-aspartate and L-asparagine biosynthesis|g__Escherichia.s__Escherichia_coli	20.9309238961
ASPASN-PWY: superpathway of L-aspartate and L-asparagine biosynthesis|g__Bacteroides.s__Bacteroides_ovatus	1.1741776535
PWY-6126: superpathway of adenosine nucleotides de novo biosynthesis II	87.2820266163
PWY-6126: superpathway of adenosine nucleotides de novo biosynthesis II|g__Bacteroides.s__Bacteroides_vulgatus	32.9512999418
COA-PWY: coenzyme A biosynthesis I	85.9320353884
COA-PWY: coenzyme A biosynthesis I|g__Faecalibacterium.s__Faecalibacterium_prausnitzii	38.0744041377
COA-PWY: coenzyme A biosynthesis I|g__Escherichia.s__Escherichia_coli	10.6026975941
COA-PWY: coenzyme A biosynthesis I|g__Bacteroides.s__Bacteroides_ovatus	1.1034482759
COA-PWY: coenzyme A biosynthesis I|g__Veillonella.s__Veillonella_parvula	1.0994319939
PWY-6123: inosine-5'-phosphate biosynthesis I	85.3138971829
PWY-6123: inosine-5'-phosphate biosynthesis I|g__Faecalibacterium.s__Faecalibacterium_prausnitzii	34.8079905581
PWY-6123: inosine-5'-phosphate biosynthesis I|g__Escherichia.s__Escherichia_coli	7.5643238954
PWY-6123: inosine-5'-phosphate biosynthesis I|g__Bacteroides.s__Bacteroides_fragilis	0.9502792410
THRESYN-PWY: superpathway of L-threonine biosynthesis	85.2108186817
THRESYN-PWY: superpathway of L-threonine biosynthesis|g__Faecalibacterium.s__Faecalibacterium_prausnitzii	34.4527509374
THRESYN-PWY: superpathway of L-threonine biosynthesis|g__Escherichia.s__Escherichia_coli	5.2121662852
PWY-7400: L-arginine biosynthesis IV (archaebacteria)	84.5534724763
PWY-7400: L-arginine biosynthesis IV (archaebacteria)|g__Escherichia.s__Escherichia_coli	8.3468766350
PWY-7400: L-arginine biosynthesis IV (archaebacteria)|g__Bifidobacterium.s__Bifidobacterium_longum	3.8208366607
PWY-6609: adenine and adenosine salvage III	83.5125545833
PWY-6609: adenine and adenosine salvage III|g__Faecalibacterium.s__Faecalibacterium_prausnitzii	41.4780152568
PWY-6609: adenine and adenosine salvage III|g__Blautia.s__Ruminococcus_gnavus	2.9097056549
PWY-6609: adenine and adenosine salvage III|g__Escherichia.s__Escherichia_coli	2.3730426190
PWY-6609: adenine and adenosine salvage III|g__Streptococcus.s__Streptococcus_parasanguinis	1.6875874523
PWY-6609: adenine and adenosine salvage III|g__Lachnospiraceae_noname.s__Lachnospiraceae_bacterium_2_1_58FAA	1.6187419928
PWY-6609: adenine and adenosine salvage III|g__Bacteroides.s__Bacteroides_fragilis	1.5077271014
PWY-6609: adenine and adenosine salvage III|g__Bacteroides.s__Bacteroides_ovatus	1.4705882353
GALACT-GLUCUROCAT-PWY: superpathway of hexuronide and hexuronate degradation	82.2898725941
GALACT-GLUCUROCAT-PWY: superpathway of hexuronide and hexuronate degradation|g__Faecalibacterium.s__Faecalibacterium_prausnitzii	46.3502770631
GALACT-GLUCUROCAT-PWY: superpathway of hexuronide and hexuronate degradation|g__Escherichia.s__Escherichia_coli	8.2009253874
PWY-6897: thiamin salvage II	81.6233135782
PWY-6897: thiamin salvage II|g__Escherichia.s__Escherichia_coli	6.3716204389
GLUCUROCAT-PWY: superpathway of &beta;-D-glucuronide and D-glucuronate degradation	81.5394990734
GLUCUROCAT-PWY: superpathway of &beta;-D-glucuronide and D-glucuronate degradation|g__Faecalibacterium.s__Faecalibacterium_prausnitzii	46.1353316954
GLUCUROCAT-PWY: superpathway of &beta;-D-glucuronide and D-glucuronate degradation|g__Escherichia.s__Escherichia_coli	8.0583448750
PWY-6507: 4-deoxy-L-threo-hex-4-enopyranuronate degradation	81.2590374247
PWY-6507: 4-deoxy-L-threo-hex-4-enopyranuronate degradation|g__Faecalibacterium.s__Faecalibacterium_prausnitzii	56.1638565819
PWY-6507: 4-deoxy-L-threo-hex-4-enopyranuronate degradation|g__Escherichia.s__Escherichia_coli	9.8603676530
PWY-6703: preQ0 biosynthesis	81.2555234284
PWY-6703: preQ0 biosynthesis|g__Bacteroides.s__Bacteroides_vulgatus	28.7144413327
PWY-6703: preQ0 biosynthesis|g__Bacteroides.s__Bacteroides_eggerthii	14.8009915520
PWY-6703: preQ0 biosynthesis|g__Escherichia.s__Escherichia_coli	9.2583877118
PWY-6703: preQ0 biosynthesis|g__Bacteroides.s__Bacteroides_stercoris	2.7200963402
PWY-6703: preQ0 biosynthesis|g__Alistipes.s__Alistipes_putredinis	2.4077150475
PWY-6703: preQ0 biosynthesis|g__Bacteroides.s__Bacteroides_salyersiae	1.8761726079
ARGSYN-PWY: L-arginine biosynthesis I (via L-ornithine)	79.7167195741
ARGSYN-PWY: L-arginine biosynthesis I (via L-ornithine)|g__Escherichia.s__Escherichia_coli	8.3553170208
ARGSYN-PWY: L-arginine biosynthesis I (via L-ornithine)|g__Bifidobacterium.s__Bifidobacterium_longum	3.7431038476
PWY-7242: D-fructuronate degradation	79.5300638363
PWY-7242: D-fructuronate degradation|g__Faecalibacterium.s__Faecalibacterium_prausnitzii	47.4942477689
PWY-7242: D-fructuronate degradation|g__Escherichia.s__Escherichia_coli	11.7218760785
SER-GLYSYN-PWY: superpathway of L-serine and glycine biosynthesis I	79.0721063547
SER-GLYSYN-PWY: superpathway of L-serine and glycine biosynthesis I|g__Faecalibacterium.s__Faecalibacterium_prausnitzii	13.7991778522
SER-GLYSYN-PWY: superpathway of L-serine and glycine biosynthesis I|g__Escherichia.s__Escherichia_coli	7.4137424378
GALACTUROCAT-PWY: D-galacturonate degradation I	78.9741253325
GALACTUROCAT-PWY: D-galacturonate degradation I|g__Faecalibacterium.s__Faecalibacterium_prausnitzii	51.4930212893
GALACTUROCAT-PWY: D-galacturonate degradation I|g__Escherichia.s__Escherichia_coli	8.2389570632
PWY-7228: superpathway of guanosine nucleotides de novo biosynthesis I	78.3096441252
PWY-7228: superpathway of guanosine nucleotides de novo biosynthesis I|g__Bacteroides.s__Bacteroides_vulgatus	34.8700296330
PWY-6527: stachyose degradation	77.1758530413
PWY-6527: stachyose degradation|g__Faecalibacterium.s__Faecalibacterium_prausnitzii	8.7792003963
PWY-6527: stachyose degradation|g__Escherichia.s__Escherichia_coli	8.5408206354
PWY-6124: inosine-5'-phosphate biosynthesis II	77.0900300295
PWY-6124: inosine-5'-phosphate biosynthesis II|g__Faecalibacterium.s__Faecalibacterium_prausnitzii	34.8109311447
PWY-6124: inosine-5'-phosphate biosynthesis II|g__Escherichia.s__Escherichia_coli	7.2999063519
PWY-6124: inosine-5'-phosphate biosynthesis II|g__Bacteroides.s__Bacteroides_ovatus	3.6563064189
PWY-6124: inosine-5'-phosphate biosynthesis II|g__Streptococcus.s__Streptococcus_parasanguinis	0.8654284379
PWY-6124: inosine-5'-phosphate biosynthesis II|g__Bacteroides.s__Bacteroides_fragilis	0.8528153937
PWY-6700: queuosine biosynthesis	76.4652675178
PWY-6700: queuosine biosynthesis|g__Bacteroides.s__Bacteroides_vulgatus	15.9414827633
PWY-6700: queuosine biosynthesis|g__Escherichia.s__Escherichia_coli	8.3711929023
PWY-6700: queuosine biosynthesis|g__Bacteroides.s__Bacteroides_dorei	4.8968063721
PWY-6700: queuosine biosynthesis|g__Bacteroides.s__Bacteroides_eggerthii	4.4610718409
PWY-6700: queuosine biosynthesis|g__Paraprevotella.s__Paraprevotella_clara	2.5134349037
PWY-6700: queuosine biosynthesis|g__Bacteroides.s__Bacteroides_ovatus	2.3839984388
PWY-6700: queuosine biosynthesis|g__Burkholderiales_noname.s__Burkholderiales_bacterium_1_1_47	1.3805384491
PWY-6168: flavin biosynthesis III (fungi)	72.7396416666
PWY-6168: flavin biosynthesis III (fungi)|g__Escherichia.s__Escherichia_coli	6.4850446544
PWY0-1586: peptidoglycan maturation (meso-diaminopimelate containing)	71.4160640484
PWY0-1586: peptidoglycan maturation (meso-diaminopimelate containing)|g__Faecalibacterium.s__Faecalibacterium_prausnitzii	38.3809187638
PWY0-1586: peptidoglycan maturation (meso-diaminopimelate containing)|g__Escherichia.s__Escherichia_coli	37.5781605346
PWY0-1586: peptidoglycan maturation (meso-diaminopimelate containing)|g__Akkermansia.s__Akkermansia_muciniphila	0.6093845216
GLCMANNANAUT-PWY: superpathway of N-acetylglucosamine, N-acetylmannosamine and N-acetylneuraminate degradation	70.2895844962
GLCMANNANAUT-PWY: superpathway of N-acetylglucosamine, N-acetylmannosamine and N-acetylneuraminate degradation|g__Faecalibacterium.s__Faecalibacterium_prausnitzii	39.0946487095
GLCMANNANAUT-PWY: superpathway of N-acetylglucosamine, N-acetylmannosamine and N-acetylneuraminate degradation|g__Escherichia.s__Escherichia_coli	6.2354242435
GLCMANNANAUT-PWY: superpathway of N-acetylglucosamine, N-acetylmannosamine and N-acetylneuraminate degradation|g__Dorea.s__Dorea_longicatena	1.1330160888
PWY-841: superpathway of purine nucleotides de novo biosynthesis I	70.1026227209
PWY-6125: superpathway of guanosine nucleotides de novo biosynthesis II	69.5809639923
PWY-6125: superpathway of guanosine nucleotides de novo biosynthesis II|g__Bacteroides.s__Bacteroides_vulgatus	33.1848111997
THISYN-PWY: superpathway of thiamin diphosphate biosynthesis I	68.6397970191
THISYNARA-PWY: superpathway of thiamin diphosphate biosynthesis III (eukaryotes)	67.5225404727
THISYNARA-PWY: superpathway of thiamin diphosphate biosynthesis III (eukaryotes)|g__Faecalibacterium.s__Faecalibacterium_prausnitzii	36.3423103851
PWY4FS-7: phosphatidylglycerol biosynthesis I (plastidic)	65.9731473343
PWY4FS-7: phosphatidylglycerol biosynthesis I (plastidic)|g__Escherichia.s__Escherichia_coli	7.2370179477
PWY4FS-8: phosphatidylglycerol biosynthesis II (non-plastidic)	65.9731473343
PWY4FS-8: phosphatidylglycerol biosynthesis II (non-plastidic)|g__Escherichia.s__Escherichia_coli	7.2370179477
PWY-6895: superpathway of thiamin diphosphate biosynthesis II	64.4552595791
ANAEROFRUCAT-PWY: homolactic fermentation	63.0598088379
PWY0-166: superpathway of pyrimidine deoxyribonucleotides de novo biosynthesis (E. coli)	62.0315692425
PWY-7208: superpathway of pyrimidine nucleobases salvage	61.8124628577
MET-SAM-PWY: superpathway of S-adenosyl-L-methionine biosynthesis	61.2621039551
PWY-5347: superpathway of L-methionine biosynthesis (transsulfuration)	59.9361137968
RIBOSYN2-PWY: flavin biosynthesis I (bacteria and plants)	59.2415879674
RIBOSYN2-PWY: flavin biosynthesis I (bacteria and plants)|g__Escherichia.s__Escherichia_coli	8.6976015222
METSYN-PWY: L-homoserine and L-methionine biosynthesis	57.9894662189
PWY-7184: pyrimidine deoxyribonucleotides de novo biosynthesis I	57.6881179962
PWY66-409: superpathway of purine nucleotide salvage	55.8898432191
PWY-7234: inosine-5'-phosphate biosynthesis III	54.6812980404
PWY-7234: inosine-5'-phosphate biosynthesis III|g__Escherichia.s__Escherichia_coli	7.2417051901
PWY-7282: 4-amino-2-methyl-5-phosphomethylpyrimidine biosynthesis (yeast)	52.2873452427
PWY-7282: 4-amino-2-methyl-5-phosphomethylpyrimidine biosynthesis (yeast)|g__Bacteroides.s__Bacteroides_ovatus	1.9030703874
PWY-5100: pyruvate fermentation to acetate and lactate II	51.5954087044
PWY-5100: pyruvate fermentation to acetate and lactate II|g__Roseburia.s__Roseburia_intestinalis	3.1763504641
PWY-7220: adenosine deoxyribonucleotides de novo biosynthesis II	51.4880817400
PWY-7220: adenosine deoxyribonucleotides de novo biosynthesis II|g__Bacteroides.s__Bacteroides_vulgatus	30.3389034491
PWY-7222: guanosine deoxyribonucleotides de novo biosynthesis II	51.4880817400
PWY-7222: guanosine deoxyribonucleotides de novo biosynthesis II|g__Bacteroides.s__Bacteroides_vulgatus	30.3389034491
PWY-621: sucrose degradation III (sucrose invertase)	50.4488221649
PWY-621: sucrose degradation III (sucrose invertase)|g__Faecalibacterium.s__Faecalibacterium_prausnitzii	12.8212710658
PWY-621: sucrose degradation III (sucrose invertase)|g__Escherichia.s__Escherichia_coli	8.9406027416
PWY-4242: pantothenate and coenzyme A biosynthesis III	46.7194902975
PWY-4242: pantothenate and coenzyme A biosynthesis III|g__Faecalibacterium.s__Faecalibacterium_prausnitzii	19.4525354799
PWY-4242: pantothenate and coenzyme A biosynthesis III|g__Escherichia.s__Escherichia_coli	8.3008799920
PWY-6545: pyrimidine deoxyribonucleotides de novo biosynthesis III	46.2880496049
HISTSYN-PWY: L-histidine biosynthesis	45.9292627548
HISTSYN-PWY: L-histidine biosynthesis|g__Escherichia.s__Escherichia_coli	6.0884908439
PWY-7197: pyrimidine deoxyribonucleotide phosphorylation	43.0219567725
PWY-5723: Rubisco shunt	42.3071333592
PWY-5723: Rubisco shunt|g__Escherichia.s__Escherichia_coli	3.1592479461
ARGININE-SYN4-PWY: L-ornithine de novo  biosynthesis	42.2162500178
ARGININE-SYN4-PWY: L-ornithine de novo  biosynthesis|g__Bacteroides.s__Bacteroides_stercoris	2.7073482558
ARGININE-SYN4-PWY: L-ornithine de novo  biosynthesis|g__Bacteroides.s__Bacteroides_uniformis	1.8759054726
ARGININE-SYN4-PWY: L-ornithine de novo  biosynthesis|g__Bacteroides.s__Bacteroides_massiliensis	1.8228176541
ARGININE-SYN4-PWY: L-ornithine de novo  biosynthesis|g__Bacteroides.s__Bacteroides_thetaiotaomicron	1.0909290162
ARGININE-SYN4-PWY: L-ornithine de novo  biosynthesis|g__Bacteroides.s__Bacteroides_fragilis	0.8460236887
PWY-5101: L-isoleucine biosynthesis II	41.9008203610
ARGSYNBSUB-PWY: L-arginine biosynthesis II (acetyl cycle)	41.8755593938
ARGSYNBSUB-PWY: L-arginine biosynthesis II (acetyl cycle)|g__Escherichia.s__Escherichia_coli	7.3001445636
ARGSYNBSUB-PWY: L-arginine biosynthesis II (acetyl cycle)|g__Bifidobacterium.s__Bifidobacterium_longum	3.4835594950
PYRIDOXSYN-PWY: pyridoxal 5'-phosphate biosynthesis I	39.9448083008
PYRIDOXSYN-PWY: pyridoxal 5'-phosphate biosynthesis I|g__Bacteroides.s__Bacteroides_eggerthii	6.6021157270
PYRIDOXSYN-PWY: pyridoxal 5'-phosphate biosynthesis I|g__Bacteroides.s__Bacteroides_stercoris	6.4508098945
HOMOSER-METSYN-PWY: L-methionine biosynthesis I	39.9302042828
HOMOSER-METSYN-PWY: L-methionine biosynthesis I|g__Escherichia.s__Escherichia_coli	2.2133471754
PHOSLIPSYN-PWY: superpathway of phospholipid biosynthesis I (bacteria)	39.2185175813
PHOSLIPSYN-PWY: superpathway of phospholipid biosynthesis I (bacteria)|g__Escherichia.s__Escherichia_coli	8.3544151595
PWY-5971: palmitate biosynthesis II (bacteria and plants)	39.0529013218
PWY0-1261: anhydromuropeptides recycling	38.6591526414
PWY0-1261: anhydromuropeptides recycling|g__Escherichia.s__Escherichia_coli	18.9104276690
PWY0-845: superpathway of pyridoxal 5'-phosphate biosynthesis and salvage	38.3535047407
PWY-5897: superpathway of menaquinol-11 biosynthesis	38.0622114957
PWY-5897: superpathway of menaquinol-11 biosynthesis|g__Escherichia.s__Escherichia_coli	10.5315492683
PWY-5898: superpathway of menaquinol-12 biosynthesis	38.0622114957
PWY-5898: superpathway of menaquinol-12 biosynthesis|g__Escherichia.s__Escherichia_coli	10.5315492683
PWY-5899: superpathway of menaquinol-13 biosynthesis	38.0622114957
PWY-5899: superpathway of menaquinol-13 biosynthesis|g__Escherichia.s__Escherichia_coli	10.5315492683
PWY-6305: putrescine biosynthesis IV	37.9625818541
PWY-6305: putrescine biosynthesis IV|g__Faecalibacterium.s__Faecalibacterium_prausnitzii	25.2090353535
PWY-6305: putrescine biosynthesis IV|g__Escherichia.s__Escherichia_coli	8.0224349620
RHAMCAT-PWY: L-rhamnose degradation I	37.9487564586
RHAMCAT-PWY: L-rhamnose degradation I|g__Faecalibacterium.s__Faecalibacterium_prausnitzii	8.3682969945
RHAMCAT-PWY: L-rhamnose degradation I|g__Escherichia.s__Escherichia_coli	7.8618534733
RHAMCAT-PWY: L-rhamnose degradation I|g__Bacteroides.s__Bacteroides_ovatus	1.8219749996
PWY-1269: CMP-3-deoxy-D-manno-octulosonate biosynthesis I	37.7547205359
PWY-1269: CMP-3-deoxy-D-manno-octulosonate biosynthesis I|g__Escherichia.s__Escherichia_coli	5.4571369307
DAPLYSINESYN-PWY: L-lysine biosynthesis I	37.5241275570
DAPLYSINESYN-PWY: L-lysine biosynthesis I|g__Escherichia.s__Escherichia_coli	5.2782306578
BIOTIN-BIOSYNTHESIS-PWY: biotin biosynthesis I	37.2029684887
BIOTIN-BIOSYNTHESIS-PWY: biotin biosynthesis I|g__Escherichia.s__Escherichia_coli	7.0117291344
PWY-5838: superpathway of menaquinol-8 biosynthesis I	37.1589583201
PWY-5838: superpathway of menaquinol-8 biosynthesis I|g__Escherichia.s__Escherichia_coli	10.7437792562
P4-PWY: superpathway of L-lysine, L-threonine and L-methionine biosynthesis I	36.9815123132
OANTIGEN-PWY: O-antigen building blocks biosynthesis (E. coli)	36.7303401025
PWY-6892: thiazole biosynthesis I (E. coli)	36.5156666649
PWY-6892: thiazole biosynthesis I (E. coli)|g__Escherichia.s__Escherichia_coli	8.7880156847
PWY0-1061: superpathway of L-alanine biosynthesis	36.3911892197
PWY0-1061: superpathway of L-alanine biosynthesis|g__Escherichia.s__Escherichia_coli	15.9110370937
PWY66-400: glycolysis VI (metazoan)	36.3466384456
PWY66-400: glycolysis VI (metazoan)|g__Escherichia.s__Escherichia_coli	9.5133008533
FASYN-ELONG-PWY: fatty acid elongation -- saturated	36.1031402101
FASYN-ELONG-PWY: fatty acid elongation -- saturated|g__Escherichia.s__Escherichia_coli	5.3784451142
PWY-6628: superpathway of L-phenylalanine biosynthesis	35.1361025338
PWY-6628: superpathway of L-phenylalanine biosynthesis|g__Escherichia.s__Escherichia_coli	9.8889850934
PWY-6630: superpathway of L-tyrosine biosynthesis	34.9900220370
PWY-6630: superpathway of L-tyrosine biosynthesis|g__Escherichia.s__Escherichia_coli	9.3894090471
PWY-6629: superpathway of L-tryptophan biosynthesis	34.9330125850
PWY-6629: superpathway of L-tryptophan biosynthesis|g__Escherichia.s__Escherichia_coli	7.5080350176
PWY-5177: glutaryl-CoA degradation	34.8163627794
PWY-5177: glutaryl-CoA degradation|g__Faecalibacterium.s__Faecalibacterium_prausnitzii	28.5043626150
ARG+POLYAMINE-SYN: superpathway of arginine and polyamine biosynthesis	34.7538410820
ARG+POLYAMINE-SYN: superpathway of arginine and polyamine biosynthesis|g__Escherichia.s__Escherichia_coli	6.7691584979
PWY-6113: superpathway of mycolate biosynthesis	34.6870260234
PWY-5154: L-arginine biosynthesis III (via N-acetyl-L-citrulline)	34.6739185454
PWY-5154: L-arginine biosynthesis III (via N-acetyl-L-citrulline)|g__Escherichia.s__Escherichia_coli	7.5352823275
GLYCOGENSYNTH-PWY: glycogen biosynthesis I (from ADP-D-Glucose)	34.4489983166
GLYCOGENSYNTH-PWY: glycogen biosynthesis I (from ADP-D-Glucose)|g__Eubacterium.s__Eubacterium_rectale	4.6674516144
GLYCOGENSYNTH-PWY: glycogen biosynthesis I (from ADP-D-Glucose)|g__Escherichia.s__Escherichia_coli	2.4484324664
GLYCOGENSYNTH-PWY: glycogen biosynthesis I (from ADP-D-Glucose)|g__Roseburia.s__Roseburia_intestinalis	0.9891544291
PENTOSE-P-PWY: pentose phosphate pathway	33.9720233301
PENTOSE-P-PWY: pentose phosphate pathway|g__Escherichia.s__Escherichia_coli	2.7734837092
PWY0-781: aspartate superpathway	33.6865249843
PWYG-321: mycolate biosynthesis	33.6549278307
GLYCOLYSIS: glycolysis I (from glucose 6-phosphate)	33.3233925507
GLYCOLYSIS: glycolysis I (from glucose 6-phosphate)|g__Escherichia.s__Escherichia_coli	10.0276647073
PWY-7664: oleate biosynthesis IV (anaerobic)	33.1655566991
PWY-7664: oleate biosynthesis IV (anaerobic)|g__Escherichia.s__Escherichia_coli	5.5205266291
PWY-5484: glycolysis II (from fructose 6-phosphate)	33.0207564245
PWY-5484: glycolysis II (from fructose 6-phosphate)|g__Escherichia.s__Escherichia_coli	9.2628777135
PWY-6270: isoprene biosynthesis I	32.9980575471
PWY-6901: superpathway of glucose and xylose degradation	32.3052846923
COLANSYN-PWY: colanic acid building blocks biosynthesis	32.0809101729
COLANSYN-PWY: colanic acid building blocks biosynthesis|g__Escherichia.s__Escherichia_coli	3.3484013372
PWY-6519: 8-amino-7-oxononanoate biosynthesis I	31.9949269645
PWY-6519: 8-amino-7-oxononanoate biosynthesis I|g__Escherichia.s__Escherichia_coli	6.4531112853
UDPNAGSYN-PWY: UDP-N-acetyl-D-glucosamine biosynthesis I	31.8753939747
UDPNAGSYN-PWY: UDP-N-acetyl-D-glucosamine biosynthesis I|g__Escherichia.s__Escherichia_coli	11.0587181452
UDPNAGSYN-PWY: UDP-N-acetyl-D-glucosamine biosynthesis I|g__Bifidobacterium.s__Bifidobacterium_longum	4.2098645067
GLUTORN-PWY: L-ornithine biosynthesis	31.8523400786
GLUTORN-PWY: L-ornithine biosynthesis|g__Escherichia.s__Escherichia_coli	7.5931271084
GLUTORN-PWY: L-ornithine biosynthesis|g__Bifidobacterium.s__Bifidobacterium_longum	3.6759116762
TRPSYN-PWY: L-tryptophan biosynthesis	31.6486122702
TRPSYN-PWY: L-tryptophan biosynthesis|g__Escherichia.s__Escherichia_coli	5.1648126780
ENTBACSYN-PWY: enterobactin biosynthesis	31.5364594669
ENTBACSYN-PWY: enterobactin biosynthesis|g__Escherichia.s__Escherichia_coli	14.3139645766
HEXITOLDEGSUPER-PWY: superpathway of hexitol degradation (bacteria)	31.4213204539
PWY-6891: thiazole biosynthesis II (Bacillus)	31.1384310101
P441-PWY: superpathway of N-acetylneuraminate degradation	30.7261544879
PWY0-1297: superpathway of purine deoxyribonucleosides degradation	30.7065627464
PWY0-1297: superpathway of purine deoxyribonucleosides degradation|g__Escherichia.s__Escherichia_coli	3.2768083859
PWY0-1297: superpathway of purine deoxyribonucleosides degradation|g__Lachnospiraceae_noname.s__Lachnospiraceae_bacterium_2_1_58FAA	1.8090695820
PWY-5659: GDP-mannose biosynthesis	30.6678244971
PWY-5659: GDP-mannose biosynthesis|g__Faecalibacterium.s__Faecalibacterium_prausnitzii	8.0276009550
PWY-5659: GDP-mannose biosynthesis|g__Escherichia.s__Escherichia_coli	7.1166712563
PWY-5659: GDP-mannose biosynthesis|g__Bacteroides.s__Bacteroides_ovatus	2.6048332918
PWY-5659: GDP-mannose biosynthesis|g__Roseburia.s__Roseburia_intestinalis	2.5445807261
PWY0-862: (5Z)-dodec-5-enoate biosynthesis	29.9196199485
PWY0-862: (5Z)-dodec-5-enoate biosynthesis|g__Escherichia.s__Escherichia_coli	6.5633862392
PWY-5022: 4-aminobutanoate degradation V	29.9181878935
PWY-7560: methylerythritol phosphate pathway II	29.7228451416
PWY-6282: palmitoleate biosynthesis I (from (5Z)-dodec-5-enoate)	29.6192464958
PWY-6282: palmitoleate biosynthesis I (from (5Z)-dodec-5-enoate)|g__Escherichia.s__Escherichia_coli	4.8723233771
PWY-5861: superpathway of demethylmenaquinol-8 biosynthesis	28.9636637733
PWY-5861: superpathway of demethylmenaquinol-8 biosynthesis|g__Escherichia.s__Escherichia_coli	9.8532295799
PWY-6285: superpathway of fatty acids biosynthesis (E. coli)	28.9166191621
PWY-7323: superpathway of GDP-mannose-derived O-antigen building blocks biosynthesis	28.7309118039
PWY-7323: superpathway of GDP-mannose-derived O-antigen building blocks biosynthesis|g__Escherichia.s__Escherichia_coli	1.8890645154
PWY-5989: stearate biosynthesis II (bacteria and plants)	28.0885132297
PWY-5989: stearate biosynthesis II (bacteria and plants)|g__Escherichia.s__Escherichia_coli	4.8789694586
TCA: TCA cycle I (prokaryotic)	27.7649637581
TCA: TCA cycle I (prokaryotic)|g__Escherichia.s__Escherichia_coli	8.9611763163
PWY-5121: superpathway of geranylgeranyl diphosphate biosynthesis II (via MEP)	27.6054545670
FAO-PWY: fatty acid &beta;-oxidation I	27.2372021205
FAO-PWY: fatty acid &beta;-oxidation I|g__Escherichia.s__Escherichia_coli	0.9290774310
PWY-5136: fatty acid &beta;-oxidation II (peroxisome)	26.8793769254
PWY-5136: fatty acid &beta;-oxidation II (peroxisome)|g__Escherichia.s__Escherichia_coli	0.7796095016
FASYN-INITIAL-PWY: superpathway of fatty acid biosynthesis initiation (E. coli)	26.6077067801
FASYN-INITIAL-PWY: superpathway of fatty acid biosynthesis initiation (E. coli)|g__Escherichia.s__Escherichia_coli	6.4667411140
GLUDEG-I-PWY: GABA shunt	26.3744914200
PWY-6353: purine nucleotides degradation II (aerobic)	25.9495073659
PWY-6353: purine nucleotides degradation II (aerobic)|g__Escherichia.s__Escherichia_coli	3.3454862951
PWY-7199: pyrimidine deoxyribonucleosides salvage	25.6135670452
PWY-7199: pyrimidine deoxyribonucleosides salvage|g__Escherichia.s__Escherichia_coli	4.6812809959
PWY-6969: TCA cycle V (2-oxoglutarate:ferredoxin oxidoreductase)	25.3686560060
PWY-6969: TCA cycle V (2-oxoglutarate:ferredoxin oxidoreductase)|g__Escherichia.s__Escherichia_coli	11.0166355211
PWY-7013: L-1,2-propanediol degradation	25.0087186733
PWY-7013: L-1,2-propanediol degradation|g__Escherichia.s__Escherichia_coli	18.9767048396
PWY-7388: octanoyl-[acyl-carrier protein] biosynthesis (mitochondria, yeast)	24.9006443804
PWY-7388: octanoyl-[acyl-carrier protein] biosynthesis (mitochondria, yeast)|g__Escherichia.s__Escherichia_coli	7.4154117952
PYRIDNUCSYN-PWY: NAD biosynthesis I (from aspartate)	24.5703428981
PYRIDNUCSYN-PWY: NAD biosynthesis I (from aspartate)|g__Escherichia.s__Escherichia_coli	5.7858755417
PWY-5083: NAD/NADH phosphorylation and dephosphorylation	24.0848824096
PWY-5083: NAD/NADH phosphorylation and dephosphorylation|g__Escherichia.s__Escherichia_coli	10.6587696857
PWY-5676: acetyl-CoA fermentation to butanoate II	24.0667568154
P461-PWY: hexitol fermentation to lactate, formate, ethanol and acetate	24.0599322901
P461-PWY: hexitol fermentation to lactate, formate, ethanol and acetate|g__Escherichia.s__Escherichia_coli	15.9115338446
GLYCOLYSIS-TCA-GLYOX-BYPASS: superpathway of glycolysis, pyruvate dehydrogenase, TCA, and glyoxylate bypass	23.9063794613
GLYCOLYSIS-TCA-GLYOX-BYPASS: superpathway of glycolysis, pyruvate dehydrogenase, TCA, and glyoxylate bypass|g__Escherichia.s__Escherichia_coli	6.9172152446
PWY-6284: superpathway of unsaturated fatty acids biosynthesis (E. coli)	23.2230546486
POLYAMSYN-PWY: superpathway of polyamine biosynthesis I	23.1224284867
POLYAMSYN-PWY: superpathway of polyamine biosynthesis I|g__Escherichia.s__Escherichia_coli	5.7481331863
HEMESYN2-PWY: heme biosynthesis II (anaerobic)	22.8242439167
HEMESYN2-PWY: heme biosynthesis II (anaerobic)|g__Escherichia.s__Escherichia_coli	14.4836738972
PWY-561: superpathway of glyoxylate cycle and fatty acid degradation	22.5491953565
PWY-561: superpathway of glyoxylate cycle and fatty acid degradation|g__Escherichia.s__Escherichia_coli	1.6444515080
P105-PWY: TCA cycle IV (2-oxoglutarate decarboxylase)	22.0539338164
P105-PWY: TCA cycle IV (2-oxoglutarate decarboxylase)|g__Escherichia.s__Escherichia_coli	11.0166355211
FUC-RHAMCAT-PWY: superpathway of fucose and rhamnose degradation	21.8301690601
FUC-RHAMCAT-PWY: superpathway of fucose and rhamnose degradation|g__Escherichia.s__Escherichia_coli	8.8683168100
PWY-5690: TCA cycle II (plants and fungi)	21.4866781273
PWY-5690: TCA cycle II (plants and fungi)|g__Escherichia.s__Escherichia_coli	8.9611763163
P161-PWY: acetylene degradation	21.2356552793
SULFATE-CYS-PWY: superpathway of sulfate assimilation and cysteine biosynthesis	20.7114132214
SULFATE-CYS-PWY: superpathway of sulfate assimilation and cysteine biosynthesis|g__Escherichia.s__Escherichia_coli	6.6959108624
TCA-GLYOX-BYPASS: superpathway of glyoxylate bypass and TCA	20.2778115141
TCA-GLYOX-BYPASS: superpathway of glyoxylate bypass and TCA|g__Escherichia.s__Escherichia_coli	9.6750046364
PWY-6936: seleno-amino acid biosynthesis	20.1367358292
PWY-6936: seleno-amino acid biosynthesis|g__Escherichia.s__Escherichia_coli	8.7474851140
PWY0-162: superpathway of pyrimidine ribonucleotides de novo biosynthesis	19.9728884989
PPGPPMET-PWY: ppGpp biosynthesis	19.8510625016
PWY-7315: dTDP-N-acetylthomosamine biosynthesis	19.8175325169
PWY-7315: dTDP-N-acetylthomosamine biosynthesis|g__Escherichia.s__Escherichia_coli	12.5255226499
FUCCAT-PWY: fucose degradation	19.6426292329
FUCCAT-PWY: fucose degradation|g__Escherichia.s__Escherichia_coli	12.4677753554
SO4ASSIM-PWY: sulfate reduction I (assimilatory)	19.4716220048
SO4ASSIM-PWY: sulfate reduction I (assimilatory)|g__Escherichia.s__Escherichia_coli	9.3516237685
PWY-5863: superpathway of phylloquinol biosynthesis	19.0856845540
PWY-6608: guanosine nucleotides degradation III	18.8889190693
PWY-6608: guanosine nucleotides degradation III|g__Escherichia.s__Escherichia_coli	2.7979659406
PWY-6608: guanosine nucleotides degradation III|g__Roseburia.s__Roseburia_intestinalis	1.2507684253
PWY-7204: pyridoxal 5'-phosphate salvage II (plants)	18.7504765068
GLYOXYLATE-BYPASS: glyoxylate cycle	18.6522916250
GLYOXYLATE-BYPASS: glyoxylate cycle|g__Escherichia.s__Escherichia_coli	13.8809053077
PWY-7392: taxadiene biosynthesis (engineered)	18.6310720299
PWY-5791: 1,4-dihydroxy-2-naphthoate biosynthesis II (plants)	18.6064541477
PWY-5791: 1,4-dihydroxy-2-naphthoate biosynthesis II (plants)|g__Escherichia.s__Escherichia_coli	8.7651494659
PWY-5837: 1,4-dihydroxy-2-naphthoate biosynthesis I	18.6064541477
PWY-5837: 1,4-dihydroxy-2-naphthoate biosynthesis I|g__Escherichia.s__Escherichia_coli	8.7651494659
PWY-5345: superpathway of L-methionine biosynthesis (by sulfhydrylation)	18.6019131694
PWY-6147: 6-hydroxymethyl-dihydropterin diphosphate biosynthesis I	18.0679252428
PWY-6147: 6-hydroxymethyl-dihydropterin diphosphate biosynthesis I|g__Escherichia.s__Escherichia_coli	6.0303085434
P42-PWY: incomplete reductive TCA cycle	18.0311924642
FERMENTATION-PWY: mixed acid fermentation	17.6230187079
PWY-5188: tetrapyrrole biosynthesis I (from glutamate)	17.5757995968
PWY-5188: tetrapyrrole biosynthesis I (from glutamate)|g__Escherichia.s__Escherichia_coli	9.1105310002
PWY-7539: 6-hydroxymethyl-dihydropterin diphosphate biosynthesis III (Chlamydia)	17.3911543016
PWY-7539: 6-hydroxymethyl-dihydropterin diphosphate biosynthesis III (Chlamydia)|g__Bacteroides.s__Bacteroides_ovatus	3.6794287327
PWY-7539: 6-hydroxymethyl-dihydropterin diphosphate biosynthesis III (Chlamydia)|g__Escherichia.s__Escherichia_coli	2.9558446974
GLYCOLYSIS-E-D: superpathway of glycolysis and Entner-Doudoroff	17.0823865299
GLYCOLYSIS-E-D: superpathway of glycolysis and Entner-Doudoroff|g__Escherichia.s__Escherichia_coli	8.2442456946
SALVADEHYPOX-PWY: adenosine nucleotides degradation II	17.0227418545
SALVADEHYPOX-PWY: adenosine nucleotides degradation II|g__Escherichia.s__Escherichia_coli	5.3815283403
SALVADEHYPOX-PWY: adenosine nucleotides degradation II|g__Roseburia.s__Roseburia_intestinalis	1.1663273050
PWY-5505: L-glutamate and L-glutamine biosynthesis	17.0075420064
PWY0-1533: methylphosphonate degradation I	15.8613070419
PWY0-1533: methylphosphonate degradation I|g__Escherichia.s__Escherichia_coli	15.8613070419
KETOGLUCONMET-PWY: ketogluconate metabolism	15.7614505752
KETOGLUCONMET-PWY: ketogluconate metabolism|g__Escherichia.s__Escherichia_coli	12.3008108960
PWY-7254: TCA cycle VII (acetate-producers)	15.0246943216
PWY-7254: TCA cycle VII (acetate-producers)|g__Escherichia.s__Escherichia_coli	3.7320575020
PWY-6803: phosphatidylcholine acyl editing	14.9668715559
PWY-6803: phosphatidylcholine acyl editing|g__Escherichia.s__Escherichia_coli	8.8432340186
PWY-5030: L-histidine degradation III	14.6843816979
CITRULBIO-PWY: L-citrulline biosynthesis	13.5209772683
PWY0-1298: superpathway of pyrimidine deoxyribonucleosides degradation	13.4813582500
PWY0-1298: superpathway of pyrimidine deoxyribonucleosides degradation|g__Escherichia.s__Escherichia_coli	8.6593164604
REDCITCYC: TCA cycle VIII (helicobacter)	13.4522786478
PWY-5913: TCA cycle VI (obligate autotrophs)	12.9734349788
PWY-5913: TCA cycle VI (obligate autotrophs)|g__Escherichia.s__Escherichia_coli	3.2384526639
ARGDEG-PWY: superpathway of L-arginine, putrescine, and 4-aminobutanoate degradation	12.8997813474
ARGDEG-PWY: superpathway of L-arginine, putrescine, and 4-aminobutanoate degradation|g__Escherichia.s__Escherichia_coli	9.3481658575
ORNARGDEG-PWY: superpathway of L-arginine and L-ornithine degradation	12.8997813474
ORNARGDEG-PWY: superpathway of L-arginine and L-ornithine degradation|g__Escherichia.s__Escherichia_coli	9.3481658575
P164-PWY: purine nucleobases degradation I (anaerobic)	12.5375314574
GLUCOSE1PMETAB-PWY: glucose and glucose-1-phosphate degradation	12.1790780300
GLUCOSE1PMETAB-PWY: glucose and glucose-1-phosphate degradation|g__Escherichia.s__Escherichia_coli	7.8813371127
PYRIDNUCSAL-PWY: NAD salvage pathway I	12.0181294966
PYRIDNUCSAL-PWY: NAD salvage pathway I|g__Escherichia.s__Escherichia_coli	3.5991892921
PWY-5367: petroselinate biosynthesis	11.7419324450
PWY-5367: petroselinate biosynthesis|g__Eubacterium.s__Eubacterium_rectale	2.2637963609
PWY-4984: urea cycle	11.5297949334
PWY-7409: phospholipid remodeling (phosphatidylethanolamine, yeast)	11.4041034900
PWY-7409: phospholipid remodeling (phosphatidylethanolamine, yeast)|g__Escherichia.s__Escherichia_coli	11.4041034900
DENOVOPURINE2-PWY: superpathway of purine nucleotides de novo biosynthesis II	11.3796606429
NAD-BIOSYNTHESIS-II: NAD salvage pathway II	11.1588566984
NAD-BIOSYNTHESIS-II: NAD salvage pathway II|g__Escherichia.s__Escherichia_coli	9.1000340193
NAGLIPASYN-PWY: lipid IVA biosynthesis	11.0125588519
NAGLIPASYN-PWY: lipid IVA biosynthesis|g__Escherichia.s__Escherichia_coli	4.3774976127
PWY-5918: superpathay of heme biosynthesis from glutamate	10.8960569956
PRPP-PWY: superpathway of histidine, purine, and pyrimidine biosynthesis	10.8800643584
PWY-5189: tetrapyrrole biosynthesis II (from glycine)	10.7201958347
PWY-5189: tetrapyrrole biosynthesis II (from glycine)|g__Escherichia.s__Escherichia_coli	8.8724714155
POLYISOPRENSYN-PWY: polyisoprenoid biosynthesis (E. coli)	10.6694588643
POLYISOPRENSYN-PWY: polyisoprenoid biosynthesis (E. coli)|g__Escherichia.s__Escherichia_coli	8.3064730419
GLUCONEO-PWY: gluconeogenesis I	10.5932522538
FOLSYN-PWY: superpathway of tetrahydrofolate biosynthesis and salvage	10.3733236394
FOLSYN-PWY: superpathway of tetrahydrofolate biosynthesis and salvage|g__Escherichia.s__Escherichia_coli	6.1296552510
PWY0-1415: superpathway of heme biosynthesis from uroporphyrinogen-III	10.2833084751
PWY0-1277: 3-phenylpropanoate and 3-(3-hydroxyphenyl)propanoate degradation	10.1322525247
PWY0-1277: 3-phenylpropanoate and 3-(3-hydroxyphenyl)propanoate degradation|g__Escherichia.s__Escherichia_coli	10.1322525247
PWY-4041: &gamma;-glutamyl cycle	10.0524979370
PWY-4041: &gamma;-glutamyl cycle|g__Escherichia.s__Escherichia_coli	9.9661453363
HSERMETANA-PWY: L-methionine biosynthesis III	9.9551747324
PWY-7446: sulfoglycolysis	9.7953842502
PWY-7446: sulfoglycolysis|g__Escherichia.s__Escherichia_coli	9.7953842502
PWY0-1241: ADP-L-glycero-&beta;-D-manno-heptose biosynthesis	9.6022269432
PWY0-1241: ADP-L-glycero-&beta;-D-manno-heptose biosynthesis|g__Escherichia.s__Escherichia_coli	9.4154304558
ORNDEG-PWY: superpathway of ornithine degradation	9.3689258219
ORNDEG-PWY: superpathway of ornithine degradation|g__Escherichia.s__Escherichia_coli	9.3689258219
KDO-NAGLIPASYN-PWY: superpathway of (Kdo)2-lipid A biosynthesis	8.8953505790
KDO-NAGLIPASYN-PWY: superpathway of (Kdo)2-lipid A biosynthesis|g__Escherichia.s__Escherichia_coli	6.8615302706
PWY-7187: pyrimidine deoxyribonucleotides de novo biosynthesis II	8.7635766513
PWY-7269: NAD/NADP-NADH/NADPH mitochondrial interconversion (yeast)	8.6375180911
PWY-7269: NAD/NADP-NADH/NADPH mitochondrial interconversion (yeast)|g__Escherichia.s__Escherichia_coli	5.7794884468
ECASYN-PWY: enterobacterial common antigen biosynthesis	8.6300882032
ECASYN-PWY: enterobacterial common antigen biosynthesis|g__Escherichia.s__Escherichia_coli	7.8490983810
HCAMHPDEG-PWY: 3-phenylpropanoate and 3-(3-hydroxyphenyl)propanoate degradation to 2-oxopent-4-enoate	8.5224895762
HCAMHPDEG-PWY: 3-phenylpropanoate and 3-(3-hydroxyphenyl)propanoate degradation to 2-oxopent-4-enoate|g__Escherichia.s__Escherichia_coli	8.5224895762
PWY-6690: cinnamate and 3-hydroxycinnamate degradation to 2-oxopent-4-enoate	8.5224895762
PWY-6690: cinnamate and 3-hydroxycinnamate degradation to 2-oxopent-4-enoate|g__Escherichia.s__Escherichia_coli	8.5224895762
PWY-5656: mannosylglycerate biosynthesis I	8.4695968840
GLUCARDEG-PWY: D-glucarate degradation I	8.3812055775
GLUCARDEG-PWY: D-glucarate degradation I|g__Escherichia.s__Escherichia_coli	8.2467405005
PWY0-1338: polymyxin resistance	8.2427061863
PWY0-1338: polymyxin resistance|g__Escherichia.s__Escherichia_coli	8.2427061863
LPSSYN-PWY: superpathway of lipopolysaccharide biosynthesis	7.9448570741
LPSSYN-PWY: superpathway of lipopolysaccharide biosynthesis|g__Escherichia.s__Escherichia_coli	4.8371160200
HEME-BIOSYNTHESIS-II: heme biosynthesis I (aerobic)	7.6614979945
PWY-6823: molybdenum cofactor biosynthesis	7.4334734013
PWY-6823: molybdenum cofactor biosynthesis|g__Escherichia.s__Escherichia_coli	6.6610972424
PWY-6859: all-trans-farnesol biosynthesis	7.2725551158
PWY-6859: all-trans-farnesol biosynthesis|g__Escherichia.s__Escherichia_coli	5.2907866830
PWY-6612: superpathway of tetrahydrofolate biosynthesis	7.1835684587
PWY-6612: superpathway of tetrahydrofolate biosynthesis|g__Escherichia.s__Escherichia_coli	5.3911391108
UBISYN-PWY: superpathway of ubiquinol-8 biosynthesis (prokaryotic)	6.7303838377
UBISYN-PWY: superpathway of ubiquinol-8 biosynthesis (prokaryotic)|g__Escherichia.s__Escherichia_coli	5.0458477186
PWY-4981: L-proline biosynthesis II (from arginine)	6.6621871500
PWY-4981: L-proline biosynthesis II (from arginine)|g__Eubacterium.s__Eubacterium_ramulus	1.2186327248
TRNA-CHARGING-PWY: tRNA charging	6.6548269634
AST-PWY: L-arginine degradation II (AST pathway)	6.5596950486
AST-PWY: L-arginine degradation II (AST pathway)|g__Escherichia.s__Escherichia_coli	6.5596950486
GLYCOL-GLYOXDEG-PWY: superpathway of glycol metabolism and degradation	6.5411010693
GLYCOL-GLYOXDEG-PWY: superpathway of glycol metabolism and degradation|g__Escherichia.s__Escherichia_coli	5.6980466322
PWY-2941: L-lysine biosynthesis II	6.1956051054
PWY-5855: ubiquinol-7 biosynthesis (prokaryotic)	6.1347054200
PWY-5855: ubiquinol-7 biosynthesis (prokaryotic)|g__Escherichia.s__Escherichia_coli	4.4937681585
PWY-5856: ubiquinol-9 biosynthesis (prokaryotic)	6.1347054200
PWY-5856: ubiquinol-9 biosynthesis (prokaryotic)|g__Escherichia.s__Escherichia_coli	4.4937681585
PWY-5857: ubiquinol-10 biosynthesis (prokaryotic)	6.1347054200
PWY-5857: ubiquinol-10 biosynthesis (prokaryotic)|g__Escherichia.s__Escherichia_coli	4.4937681585
PWY-6708: ubiquinol-8 biosynthesis (prokaryotic)	6.1347054200
PWY-6708: ubiquinol-8 biosynthesis (prokaryotic)|g__Escherichia.s__Escherichia_coli	4.4937681585
PWY-6531: mannitol cycle	5.6230408170
GALACTARDEG-PWY: D-galactarate degradation I	5.5379238572
GALACTARDEG-PWY: D-galactarate degradation I|g__Escherichia.s__Escherichia_coli	5.4788955023
GLUCARGALACTSUPER-PWY: superpathway of D-glucarate and D-galactarate degradation	5.5379238572
GLUCARGALACTSUPER-PWY: superpathway of D-glucarate and D-galactarate degradation|g__Escherichia.s__Escherichia_coli	5.4788955023
PWY-7456: mannan degradation	5.1258610587
PWY-7237: myo-, chiro- and scillo-inositol degradation	4.8793061077
PWY-7237: myo-, chiro- and scillo-inositol degradation|g__Dorea.s__Dorea_longicatena	4.8793061077
METHGLYUT-PWY: superpathway of methylglyoxal degradation	4.3837355199
METHGLYUT-PWY: superpathway of methylglyoxal degradation|g__Escherichia.s__Escherichia_coli	3.8963576951
PWY-4702: phytate degradation I	4.0556730773
PWY-4702: phytate degradation I|g__Escherichia.s__Escherichia_coli	4.0556730773
PWY4LZ-257: superpathway of fermentation (Chlamydomonas reinhardtii)	3.8094821241
PWY-5005: biotin biosynthesis II	3.3233700871
POLYAMINSYN3-PWY: superpathway of polyamine biosynthesis II	3.3123318653
PWY-821: superpathway of sulfur amino acid biosynthesis (Saccharomyces cerevisiae)	3.2258104816
PWY-6606: guanosine nucleotides degradation II	2.9882282127
PWY-6606: guanosine nucleotides degradation II|g__Escherichia.s__Escherichia_coli	1.5246168631
LACTOSECAT-PWY: lactose and galactose degradation I	2.9200847461
PWY-5173: superpathway of acetyl-CoA biosynthesis	2.8970882160
PWY-5173: superpathway of acetyl-CoA biosynthesis|g__Escherichia.s__Escherichia_coli	2.7532648520
PWY-7328: superpathway of UDP-glucose-derived O-antigen building blocks biosynthesis	2.8382666936
PWY-5384: sucrose degradation IV (sucrose phosphorylase)	2.7638150855
PWY-5384: sucrose degradation IV (sucrose phosphorylase)|g__Escherichia.s__Escherichia_coli	2.1071791299
PWY-5384: sucrose degradation IV (sucrose phosphorylase)|g__Roseburia.s__Roseburia_intestinalis	1.7529402533
PWY0-1479: tRNA processing	2.5549627770
PWY0-1479: tRNA processing|g__Parasutterella.s__Parasutterella_excrementihominis	1.4078100754
GLYCOCAT-PWY: glycogen degradation I (bacterial)	2.5132277309
PWY-2723: trehalose degradation V	2.3969259546
PWY-2723: trehalose degradation V|g__Escherichia.s__Escherichia_coli	1.3379028777
PWY-5104: L-isoleucine biosynthesis IV	2.3923681355
PWY-5104: L-isoleucine biosynthesis IV|g__Roseburia.s__Roseburia_intestinalis	1.1714749670
HISDEG-PWY: L-histidine degradation I	1.9869835257
PWY-6588: pyruvate fermentation to acetone	1.7937247369
P108-PWY: pyruvate fermentation to propanoate I	1.4695367333
PWY-5138: unsaturated, even numbered fatty acid &beta;-oxidation	1.3833059833
PWY-5138: unsaturated, even numbered fatty acid &beta;-oxidation|g__Escherichia.s__Escherichia_coli	0.4798464491