# Pathway	ERR480995_Abundance
UNMAPPED	207751.1670434988
UNINTEGRATED	141126.2326317227
UNINTEGRATED|g__Prevotella.s__Prevotella_copri	67676.6612915871
UNINTEGRATED|g__Faecalibacterium.s__Faecalibacterium_prausnitzii	28027.2602709033
UNINTEGRATED|g__Eubacterium.s__Eubacterium_rectale	7568.5060574417
UNINTEGRATED|g__Collinsella.s__Collinsella_aerofaciens	5336.3585788279
UNINTEGRATED|g__Bacteroides.s__Bacteroides_dorei	4125.0527753224
UNINTEGRATED|g__Phascolarctobacterium.s__Phascolarctobacterium_succinatutens	3401.1652637399
UNINTEGRATED|g__Prevotella.s__Prevotella_stercorea	2947.6492149497
UNINTEGRATED|g__Bacteroides.s__Bacteroides_coprocola	2441.6836879161
UNINTEGRATED|g__Roseburia.s__Roseburia_inulinivorans	2406.0947845033
UNINTEGRATED|g__Roseburia.s__Roseburia_intestinalis	2328.1114128378
UNINTEGRATED|g__Bifidobacterium.s__Bifidobacterium_longum	2217.3089897291
UNINTEGRATED|g__Bacteroides.s__Bacteroides_vulgatus	2073.4328075846
UNINTEGRATED|g__Megasphaera.s__Megasphaera_elsdenii	2026.6376467715
UNINTEGRATED|g__Ruminococcus.s__Ruminococcus_bromii	2015.5191467447
UNINTEGRATED|g__Parabacteroides.s__Parabacteroides_merdae	1976.3585390027
UNINTEGRATED|g__Bifidobacterium.s__Bifidobacterium_adolescentis	1970.3669291511
UNINTEGRATED|g__Catenibacterium.s__Catenibacterium_mitsuokai	1887.7674778524
UNINTEGRATED|g__Eubacterium.s__Eubacterium_ventriosum	1842.9394682841
UNINTEGRATED|g__Bacteroides.s__Bacteroides_ovatus	1836.1374437759
UNINTEGRATED|g__Bacteroides.s__Bacteroides_uniformis	1791.5594088346
UNINTEGRATED|g__Dorea.s__Dorea_longicatena	1544.8057388420
UNINTEGRATED|g__Dorea.s__Dorea_formicigenerans	1402.3109297428
UNINTEGRATED|g__Blautia.s__Ruminococcus_obeum	1236.1335179774
UNINTEGRATED|g__Alistipes.s__Alistipes_putredinis	1172.2204786639
UNINTEGRATED|g__Blautia.s__Ruminococcus_torques	986.6653150755
UNINTEGRATED|g__Eubacterium.s__Eubacterium_ramulus	919.0523633286
UNINTEGRATED|g__Bacteroides.s__Bacteroides_stercoris	787.3777753895
UNINTEGRATED|g__Ruminococcus.s__Ruminococcus_lactaris	621.9678887573
UNINTEGRATED|g__Coprococcus.s__Coprococcus_comes	587.6050143332
UNINTEGRATED|g__Eubacterium.s__Eubacterium_siraeum	491.3497742029
UNINTEGRATED|g__Alistipes.s__Alistipes_shahii	491.0914331116
PWY-7219: adenosine ribonucleotides de novo biosynthesis	265.9643837555
PWY-7219: adenosine ribonucleotides de novo biosynthesis|g__Prevotella.s__Prevotella_copri	107.2113368949
PWY-7219: adenosine ribonucleotides de novo biosynthesis|g__Faecalibacterium.s__Faecalibacterium_prausnitzii	44.9412265094
PWY-7219: adenosine ribonucleotides de novo biosynthesis|g__Bacteroides.s__Bacteroides_coprocola	19.5759140321
PWY-7219: adenosine ribonucleotides de novo biosynthesis|g__Eubacterium.s__Eubacterium_rectale	17.4055014998
PWY-7219: adenosine ribonucleotides de novo biosynthesis|g__Collinsella.s__Collinsella_aerofaciens	14.9679885657
PWY-7219: adenosine ribonucleotides de novo biosynthesis|g__Prevotella.s__Prevotella_stercorea	9.8467701090
PWY-7219: adenosine ribonucleotides de novo biosynthesis|g__Ruminococcus.s__Ruminococcus_bromii	9.3805680400
PWY-7219: adenosine ribonucleotides de novo biosynthesis|g__Phascolarctobacterium.s__Phascolarctobacterium_succinatutens	8.5352385925
PWY-7219: adenosine ribonucleotides de novo biosynthesis|g__Megasphaera.s__Megasphaera_elsdenii	5.9096261478
PWY-7219: adenosine ribonucleotides de novo biosynthesis|g__Catenibacterium.s__Catenibacterium_mitsuokai	4.6939340656
PWY-7219: adenosine ribonucleotides de novo biosynthesis|g__Bacteroides.s__Bacteroides_dorei	3.9013735170
PWY-7219: adenosine ribonucleotides de novo biosynthesis|g__Dorea.s__Dorea_formicigenerans	3.6427458695
PWY-7219: adenosine ribonucleotides de novo biosynthesis|g__Bifidobacterium.s__Bifidobacterium_adolescentis	3.2141036070
PWY-7219: adenosine ribonucleotides de novo biosynthesis|g__Bacteroides.s__Bacteroides_vulgatus	2.8274852653
PWY-7219: adenosine ribonucleotides de novo biosynthesis|g__Bifidobacterium.s__Bifidobacterium_longum	2.1264272228
PWY-7219: adenosine ribonucleotides de novo biosynthesis|g__Alistipes.s__Alistipes_putredinis	2.0563679682
PWY-7219: adenosine ribonucleotides de novo biosynthesis|g__Bacteroides.s__Bacteroides_stercoris	1.3852338606
PWY-7219: adenosine ribonucleotides de novo biosynthesis|g__Coprococcus.s__Coprococcus_comes	1.1643363741
PWY-7219: adenosine ribonucleotides de novo biosynthesis|g__Parabacteroides.s__Parabacteroides_merdae	1.0470694252
PWY-6151: S-adenosyl-L-methionine cycle I	232.8657427363
PWY-6151: S-adenosyl-L-methionine cycle I|g__Prevotella.s__Prevotella_copri	116.9907521150
PWY-6151: S-adenosyl-L-methionine cycle I|g__Faecalibacterium.s__Faecalibacterium_prausnitzii	34.5651735618
PWY-6151: S-adenosyl-L-methionine cycle I|g__Eubacterium.s__Eubacterium_rectale	7.5851730471
PWY-6151: S-adenosyl-L-methionine cycle I|g__Ruminococcus.s__Ruminococcus_bromii	7.5463071120
PWY-6151: S-adenosyl-L-methionine cycle I|g__Collinsella.s__Collinsella_aerofaciens	2.9520110190
PWY-6151: S-adenosyl-L-methionine cycle I|g__Prevotella.s__Prevotella_stercorea	2.8339994328
PWY-6151: S-adenosyl-L-methionine cycle I|g__Bacteroides.s__Bacteroides_dorei	2.7184060179
PWY-6151: S-adenosyl-L-methionine cycle I|g__Bifidobacterium.s__Bifidobacterium_adolescentis	2.6971777848
PWY-6151: S-adenosyl-L-methionine cycle I|g__Dorea.s__Dorea_longicatena	1.3841943126
PWY-5686: UMP biosynthesis	215.4114664393
PWY-5686: UMP biosynthesis|g__Prevotella.s__Prevotella_copri	89.0619224588
PWY-5686: UMP biosynthesis|g__Faecalibacterium.s__Faecalibacterium_prausnitzii	38.9554329897
PWY-5686: UMP biosynthesis|g__Eubacterium.s__Eubacterium_rectale	11.6462887930
PWY-5686: UMP biosynthesis|g__Collinsella.s__Collinsella_aerofaciens	9.4654504511
PWY-5686: UMP biosynthesis|g__Phascolarctobacterium.s__Phascolarctobacterium_succinatutens	8.0459396045
PWY-5686: UMP biosynthesis|g__Ruminococcus.s__Ruminococcus_bromii	6.7356766830
PWY-5686: UMP biosynthesis|g__Megasphaera.s__Megasphaera_elsdenii	2.8894053740
PWY-5686: UMP biosynthesis|g__Bacteroides.s__Bacteroides_coprocola	2.7973091379
PWY-5686: UMP biosynthesis|g__Catenibacterium.s__Catenibacterium_mitsuokai	2.3670583984
PWY-5686: UMP biosynthesis|g__Prevotella.s__Prevotella_stercorea	1.8566927267
PWY-5686: UMP biosynthesis|g__Alistipes.s__Alistipes_putredinis	1.5667791820
PWY-7221: guanosine ribonucleotides de novo biosynthesis	212.8435910109
PWY-7221: guanosine ribonucleotides de novo biosynthesis|g__Prevotella.s__Prevotella_copri	96.0324716014
PWY-7221: guanosine ribonucleotides de novo biosynthesis|g__Faecalibacterium.s__Faecalibacterium_prausnitzii	24.6477973217
PWY-7221: guanosine ribonucleotides de novo biosynthesis|g__Eubacterium.s__Eubacterium_rectale	11.7934010558
PWY-7221: guanosine ribonucleotides de novo biosynthesis|g__Prevotella.s__Prevotella_stercorea	6.1757998199
PWY-7221: guanosine ribonucleotides de novo biosynthesis|g__Bifidobacterium.s__Bifidobacterium_adolescentis	6.0988552046
PWY-7221: guanosine ribonucleotides de novo biosynthesis|g__Ruminococcus.s__Ruminococcus_bromii	5.6781694155
PWY-7221: guanosine ribonucleotides de novo biosynthesis|g__Bacteroides.s__Bacteroides_dorei	4.3783234889
PWY-7221: guanosine ribonucleotides de novo biosynthesis|g__Phascolarctobacterium.s__Phascolarctobacterium_succinatutens	2.8169150769
PWY-7221: guanosine ribonucleotides de novo biosynthesis|g__Roseburia.s__Roseburia_inulinivorans	1.8379594019
PWY-7221: guanosine ribonucleotides de novo biosynthesis|g__Bifidobacterium.s__Bifidobacterium_longum	1.5709751962
PWY-7221: guanosine ribonucleotides de novo biosynthesis|g__Alistipes.s__Alistipes_putredinis	1.1762482594
PWY-7221: guanosine ribonucleotides de novo biosynthesis|g__Coprococcus.s__Coprococcus_comes	0.9429514380
PWY-6700: queuosine biosynthesis	199.1212042225
PWY-6700: queuosine biosynthesis|g__Prevotella.s__Prevotella_copri	129.4044008206
PWY-6700: queuosine biosynthesis|g__Prevotella.s__Prevotella_stercorea	3.7612058751
PWY-6700: queuosine biosynthesis|g__Phascolarctobacterium.s__Phascolarctobacterium_succinatutens	3.6708090265
PWY-6700: queuosine biosynthesis|g__Bacteroides.s__Bacteroides_coprocola	2.2906814389
PWY-6700: queuosine biosynthesis|g__Bacteroides.s__Bacteroides_dorei	1.6768146646
PWY-6700: queuosine biosynthesis|g__Megasphaera.s__Megasphaera_elsdenii	1.5657661240
NONMEVIPP-PWY: methylerythritol phosphate pathway I	186.0875002191
NONMEVIPP-PWY: methylerythritol phosphate pathway I|g__Phascolarctobacterium.s__Phascolarctobacterium_succinatutens	7.2749895953
NONMEVIPP-PWY: methylerythritol phosphate pathway I|g__Eubacterium.s__Eubacterium_rectale	6.7543945850
NONMEVIPP-PWY: methylerythritol phosphate pathway I|g__Bifidobacterium.s__Bifidobacterium_adolescentis	5.9758807455
PWY-6737: starch degradation V	168.6765502701
PWY-6737: starch degradation V|g__Faecalibacterium.s__Faecalibacterium_prausnitzii	36.5998814358
PWY-6737: starch degradation V|g__Collinsella.s__Collinsella_aerofaciens	14.9401619911
PWY-6737: starch degradation V|g__Eubacterium.s__Eubacterium_rectale	11.1365359758
PWY-6737: starch degradation V|g__Roseburia.s__Roseburia_inulinivorans	5.5531137317
PWY-6737: starch degradation V|g__Catenibacterium.s__Catenibacterium_mitsuokai	4.1141676536
PWY-6737: starch degradation V|g__Ruminococcus.s__Ruminococcus_bromii	1.7351651764
PWY-6737: starch degradation V|g__Dorea.s__Dorea_formicigenerans	1.6790113780
PWY-6737: starch degradation V|g__Blautia.s__Ruminococcus_torques	0.8233841087
PWY-6737: starch degradation V|g__Roseburia.s__Roseburia_intestinalis	0.8071025020
PWY-5097: L-lysine biosynthesis VI	165.9459143998
PWY-5097: L-lysine biosynthesis VI|g__Prevotella.s__Prevotella_copri	84.9953942669
PWY-5097: L-lysine biosynthesis VI|g__Faecalibacterium.s__Faecalibacterium_prausnitzii	20.9158118645
PWY-5097: L-lysine biosynthesis VI|g__Eubacterium.s__Eubacterium_rectale	12.6895783493
PWY-5097: L-lysine biosynthesis VI|g__Phascolarctobacterium.s__Phascolarctobacterium_succinatutens	3.9992001607
PWY-5097: L-lysine biosynthesis VI|g__Prevotella.s__Prevotella_stercorea	3.4068002023
PWY-5097: L-lysine biosynthesis VI|g__Catenibacterium.s__Catenibacterium_mitsuokai	2.5658727626
PWY-2942: L-lysine biosynthesis III	162.4631532536
PWY-2942: L-lysine biosynthesis III|g__Prevotella.s__Prevotella_copri	89.7857490785
PWY-2942: L-lysine biosynthesis III|g__Faecalibacterium.s__Faecalibacterium_prausnitzii	9.8164382251
PWY-2942: L-lysine biosynthesis III|g__Prevotella.s__Prevotella_stercorea	3.8541087015
PWY-2942: L-lysine biosynthesis III|g__Catenibacterium.s__Catenibacterium_mitsuokai	2.4286778120
PWY-2942: L-lysine biosynthesis III|g__Parabacteroides.s__Parabacteroides_merdae	1.6607361577
COA-PWY-1: coenzyme A biosynthesis II (mammalian)	160.9803721435
COA-PWY-1: coenzyme A biosynthesis II (mammalian)|g__Eubacterium.s__Eubacterium_rectale	16.2817774026
COA-PWY-1: coenzyme A biosynthesis II (mammalian)|g__Faecalibacterium.s__Faecalibacterium_prausnitzii	13.5751346292
COA-PWY-1: coenzyme A biosynthesis II (mammalian)|g__Phascolarctobacterium.s__Phascolarctobacterium_succinatutens	5.3416494234
COA-PWY-1: coenzyme A biosynthesis II (mammalian)|g__Bifidobacterium.s__Bifidobacterium_longum	4.0543596623
COA-PWY-1: coenzyme A biosynthesis II (mammalian)|g__Collinsella.s__Collinsella_aerofaciens	3.6421944311
COA-PWY-1: coenzyme A biosynthesis II (mammalian)|g__Dorea.s__Dorea_formicigenerans	2.9844700948
COA-PWY-1: coenzyme A biosynthesis II (mammalian)|g__Megasphaera.s__Megasphaera_elsdenii	2.8254011110
COA-PWY-1: coenzyme A biosynthesis II (mammalian)|g__Bacteroides.s__Bacteroides_dorei	2.2661607517
COA-PWY-1: coenzyme A biosynthesis II (mammalian)|g__Blautia.s__Ruminococcus_obeum	1.7072129748
PWY-6386: UDP-N-acetylmuramoyl-pentapeptide biosynthesis II (lysine-containing)	160.4335937764
PWY-6386: UDP-N-acetylmuramoyl-pentapeptide biosynthesis II (lysine-containing)|g__Faecalibacterium.s__Faecalibacterium_prausnitzii	24.4467120567
PWY-6386: UDP-N-acetylmuramoyl-pentapeptide biosynthesis II (lysine-containing)|g__Collinsella.s__Collinsella_aerofaciens	9.0793103492
PWY-6386: UDP-N-acetylmuramoyl-pentapeptide biosynthesis II (lysine-containing)|g__Eubacterium.s__Eubacterium_rectale	8.3454564148
PWY-6386: UDP-N-acetylmuramoyl-pentapeptide biosynthesis II (lysine-containing)|g__Bifidobacterium.s__Bifidobacterium_adolescentis	4.4769569059
PWY-6386: UDP-N-acetylmuramoyl-pentapeptide biosynthesis II (lysine-containing)|g__Megasphaera.s__Megasphaera_elsdenii	3.1246261649
PWY-6386: UDP-N-acetylmuramoyl-pentapeptide biosynthesis II (lysine-containing)|g__Dorea.s__Dorea_formicigenerans	1.4171342270
PEPTIDOGLYCANSYN-PWY: peptidoglycan biosynthesis I (meso-diaminopimelate containing)	158.1026463918
PEPTIDOGLYCANSYN-PWY: peptidoglycan biosynthesis I (meso-diaminopimelate containing)|g__Faecalibacterium.s__Faecalibacterium_prausnitzii	24.7678412126
PEPTIDOGLYCANSYN-PWY: peptidoglycan biosynthesis I (meso-diaminopimelate containing)|g__Collinsella.s__Collinsella_aerofaciens	8.8778685694
PEPTIDOGLYCANSYN-PWY: peptidoglycan biosynthesis I (meso-diaminopimelate containing)|g__Bifidobacterium.s__Bifidobacterium_adolescentis	4.0465443191
PEPTIDOGLYCANSYN-PWY: peptidoglycan biosynthesis I (meso-diaminopimelate containing)|g__Phascolarctobacterium.s__Phascolarctobacterium_succinatutens	3.8985235851
PEPTIDOGLYCANSYN-PWY: peptidoglycan biosynthesis I (meso-diaminopimelate containing)|g__Megasphaera.s__Megasphaera_elsdenii	2.2543772870
COMPLETE-ARO-PWY: superpathway of aromatic amino acid biosynthesis	154.7139498497
COMPLETE-ARO-PWY: superpathway of aromatic amino acid biosynthesis|g__Eubacterium.s__Eubacterium_rectale	11.6783652573
COMPLETE-ARO-PWY: superpathway of aromatic amino acid biosynthesis|g__Phascolarctobacterium.s__Phascolarctobacterium_succinatutens	7.1815067230
COMPLETE-ARO-PWY: superpathway of aromatic amino acid biosynthesis|g__Megasphaera.s__Megasphaera_elsdenii	4.3114169064
ARO-PWY: chorismate biosynthesis I	154.0523934663
ARO-PWY: chorismate biosynthesis I|g__Eubacterium.s__Eubacterium_rectale	10.6361290472
ARO-PWY: chorismate biosynthesis I|g__Phascolarctobacterium.s__Phascolarctobacterium_succinatutens	6.8693846793
ARO-PWY: chorismate biosynthesis I|g__Megasphaera.s__Megasphaera_elsdenii	4.0868561828
ARO-PWY: chorismate biosynthesis I|g__Catenibacterium.s__Catenibacterium_mitsuokai	3.0083123460
ARO-PWY: chorismate biosynthesis I|g__Dorea.s__Dorea_longicatena	1.8133810396
PWY-6387: UDP-N-acetylmuramoyl-pentapeptide biosynthesis I (meso-diaminopimelate containing)	151.5396930788
PWY-6387: UDP-N-acetylmuramoyl-pentapeptide biosynthesis I (meso-diaminopimelate containing)|g__Faecalibacterium.s__Faecalibacterium_prausnitzii	28.0790652049
PWY-6387: UDP-N-acetylmuramoyl-pentapeptide biosynthesis I (meso-diaminopimelate containing)|g__Collinsella.s__Collinsella_aerofaciens	8.3128704525
PWY-6387: UDP-N-acetylmuramoyl-pentapeptide biosynthesis I (meso-diaminopimelate containing)|g__Eubacterium.s__Eubacterium_rectale	7.5197504876
PWY-6387: UDP-N-acetylmuramoyl-pentapeptide biosynthesis I (meso-diaminopimelate containing)|g__Bifidobacterium.s__Bifidobacterium_adolescentis	4.3930448755
PWY-6387: UDP-N-acetylmuramoyl-pentapeptide biosynthesis I (meso-diaminopimelate containing)|g__Phascolarctobacterium.s__Phascolarctobacterium_succinatutens	3.5403307588
PWY-6387: UDP-N-acetylmuramoyl-pentapeptide biosynthesis I (meso-diaminopimelate containing)|g__Megasphaera.s__Megasphaera_elsdenii	3.1430663638
PWY-6387: UDP-N-acetylmuramoyl-pentapeptide biosynthesis I (meso-diaminopimelate containing)|g__Bacteroides.s__Bacteroides_vulgatus	1.4629937983
PWY-6387: UDP-N-acetylmuramoyl-pentapeptide biosynthesis I (meso-diaminopimelate containing)|g__Dorea.s__Dorea_formicigenerans	1.3351430365
PWY-6163: chorismate biosynthesis from 3-dehydroquinate	146.0575055338
PWY-6163: chorismate biosynthesis from 3-dehydroquinate|g__Eubacterium.s__Eubacterium_rectale	11.0851780954
PWY-6163: chorismate biosynthesis from 3-dehydroquinate|g__Phascolarctobacterium.s__Phascolarctobacterium_succinatutens	6.3350269677
PWY-6163: chorismate biosynthesis from 3-dehydroquinate|g__Megasphaera.s__Megasphaera_elsdenii	3.9965580327
PWY-6163: chorismate biosynthesis from 3-dehydroquinate|g__Catenibacterium.s__Catenibacterium_mitsuokai	2.8814848899
PWY-6163: chorismate biosynthesis from 3-dehydroquinate|g__Dorea.s__Dorea_longicatena	1.8041827016
PWY-1042: glycolysis IV (plant cytosol)	142.1195892176
PWY-1042: glycolysis IV (plant cytosol)|g__Faecalibacterium.s__Faecalibacterium_prausnitzii	50.3930454731
PWY-1042: glycolysis IV (plant cytosol)|g__Ruminococcus.s__Ruminococcus_bromii	8.5828063365
PWY-1042: glycolysis IV (plant cytosol)|g__Bacteroides.s__Bacteroides_coprocola	8.0333430808
PWY-1042: glycolysis IV (plant cytosol)|g__Alistipes.s__Alistipes_shahii	1.9951253082
ILEUSYN-PWY: L-isoleucine biosynthesis I (from threonine)	138.1246721515
ILEUSYN-PWY: L-isoleucine biosynthesis I (from threonine)|g__Faecalibacterium.s__Faecalibacterium_prausnitzii	43.8433771966
ILEUSYN-PWY: L-isoleucine biosynthesis I (from threonine)|g__Bifidobacterium.s__Bifidobacterium_longum	2.8311225505
PWY-7111: pyruvate fermentation to isobutanol (engineered)	138.1246721515
PWY-7111: pyruvate fermentation to isobutanol (engineered)|g__Faecalibacterium.s__Faecalibacterium_prausnitzii	45.9165292846
PWY-7111: pyruvate fermentation to isobutanol (engineered)|g__Phascolarctobacterium.s__Phascolarctobacterium_succinatutens	12.3535003135
PWY-7111: pyruvate fermentation to isobutanol (engineered)|g__Eubacterium.s__Eubacterium_rectale	11.7450475941
PWY-7111: pyruvate fermentation to isobutanol (engineered)|g__Ruminococcus.s__Ruminococcus_bromii	9.0806350950
PWY-7111: pyruvate fermentation to isobutanol (engineered)|g__Catenibacterium.s__Catenibacterium_mitsuokai	4.6554897417
PWY-7111: pyruvate fermentation to isobutanol (engineered)|g__Bifidobacterium.s__Bifidobacterium_longum	2.8311225505
PWY-7111: pyruvate fermentation to isobutanol (engineered)|g__Dorea.s__Dorea_longicatena	1.5782557531
PWY-7111: pyruvate fermentation to isobutanol (engineered)|g__Bacteroides.s__Bacteroides_vulgatus	1.5679492365
PWY-7111: pyruvate fermentation to isobutanol (engineered)|g__Ruminococcus.s__Ruminococcus_lactaris	1.0033236822
PWY-7111: pyruvate fermentation to isobutanol (engineered)|g__Eubacterium.s__Eubacterium_ramulus	0.9947442508
PWY-7111: pyruvate fermentation to isobutanol (engineered)|g__Dorea.s__Dorea_formicigenerans	0.8958431455
PWY-7111: pyruvate fermentation to isobutanol (engineered)|g__Parabacteroides.s__Parabacteroides_merdae	0.8428627800
PWY-7111: pyruvate fermentation to isobutanol (engineered)|g__Coprococcus.s__Coprococcus_comes	0.7548594074
VALSYN-PWY: L-valine biosynthesis	138.1246721515
VALSYN-PWY: L-valine biosynthesis|g__Faecalibacterium.s__Faecalibacterium_prausnitzii	43.8433771966
VALSYN-PWY: L-valine biosynthesis|g__Phascolarctobacterium.s__Phascolarctobacterium_succinatutens	12.3535003135
VALSYN-PWY: L-valine biosynthesis|g__Eubacterium.s__Eubacterium_rectale	11.7450475941
VALSYN-PWY: L-valine biosynthesis|g__Ruminococcus.s__Ruminococcus_bromii	9.0806350950
VALSYN-PWY: L-valine biosynthesis|g__Catenibacterium.s__Catenibacterium_mitsuokai	4.6554897417
VALSYN-PWY: L-valine biosynthesis|g__Bifidobacterium.s__Bifidobacterium_adolescentis	4.3376080385
VALSYN-PWY: L-valine biosynthesis|g__Bifidobacterium.s__Bifidobacterium_longum	2.8311225505
VALSYN-PWY: L-valine biosynthesis|g__Roseburia.s__Roseburia_inulinivorans	1.7022275976
VALSYN-PWY: L-valine biosynthesis|g__Dorea.s__Dorea_longicatena	1.5782557531
VALSYN-PWY: L-valine biosynthesis|g__Bacteroides.s__Bacteroides_vulgatus	1.5679492365
VALSYN-PWY: L-valine biosynthesis|g__Eubacterium.s__Eubacterium_ramulus	0.9947442508
VALSYN-PWY: L-valine biosynthesis|g__Parabacteroides.s__Parabacteroides_merdae	0.8428627800
PWY-5667: CDP-diacylglycerol biosynthesis I	133.9556720695
PWY-5667: CDP-diacylglycerol biosynthesis I|g__Faecalibacterium.s__Faecalibacterium_prausnitzii	21.6752615233
PWY-5667: CDP-diacylglycerol biosynthesis I|g__Eubacterium.s__Eubacterium_rectale	9.6763784816
PWY-5667: CDP-diacylglycerol biosynthesis I|g__Prevotella.s__Prevotella_stercorea	7.0133808225
PWY-5667: CDP-diacylglycerol biosynthesis I|g__Ruminococcus.s__Ruminococcus_bromii	2.3390093136
PWY-5667: CDP-diacylglycerol biosynthesis I|g__Bacteroides.s__Bacteroides_coprocola	1.7324734729
PWY-5667: CDP-diacylglycerol biosynthesis I|g__Roseburia.s__Roseburia_intestinalis	1.5396458814
PWY-5667: CDP-diacylglycerol biosynthesis I|g__Dorea.s__Dorea_longicatena	1.4502768362
PWY0-1319: CDP-diacylglycerol biosynthesis II	133.9556720695
PWY0-1319: CDP-diacylglycerol biosynthesis II|g__Faecalibacterium.s__Faecalibacterium_prausnitzii	21.6752615233
PWY0-1319: CDP-diacylglycerol biosynthesis II|g__Eubacterium.s__Eubacterium_rectale	9.6763784816
PWY0-1319: CDP-diacylglycerol biosynthesis II|g__Prevotella.s__Prevotella_stercorea	7.0133808225
PWY0-1319: CDP-diacylglycerol biosynthesis II|g__Ruminococcus.s__Ruminococcus_bromii	2.3390093136
PWY0-1319: CDP-diacylglycerol biosynthesis II|g__Bacteroides.s__Bacteroides_coprocola	1.7324734729
PWY0-1319: CDP-diacylglycerol biosynthesis II|g__Roseburia.s__Roseburia_intestinalis	1.5396458814
PWY0-1319: CDP-diacylglycerol biosynthesis II|g__Dorea.s__Dorea_longicatena	1.4502768362
PWY-6122: 5-aminoimidazole ribonucleotide biosynthesis II	129.5328614588
PWY-6122: 5-aminoimidazole ribonucleotide biosynthesis II|g__Faecalibacterium.s__Faecalibacterium_prausnitzii	22.2972901873
PWY-6122: 5-aminoimidazole ribonucleotide biosynthesis II|g__Collinsella.s__Collinsella_aerofaciens	17.7117588778
PWY-6122: 5-aminoimidazole ribonucleotide biosynthesis II|g__Phascolarctobacterium.s__Phascolarctobacterium_succinatutens	8.8214087692
PWY-6122: 5-aminoimidazole ribonucleotide biosynthesis II|g__Ruminococcus.s__Ruminococcus_bromii	4.9206961756
PWY-6122: 5-aminoimidazole ribonucleotide biosynthesis II|g__Roseburia.s__Roseburia_inulinivorans	3.3063442483
PWY-6122: 5-aminoimidazole ribonucleotide biosynthesis II|g__Catenibacterium.s__Catenibacterium_mitsuokai	3.2571254789
PWY-6122: 5-aminoimidazole ribonucleotide biosynthesis II|g__Bifidobacterium.s__Bifidobacterium_adolescentis	3.1416262985
PWY-6122: 5-aminoimidazole ribonucleotide biosynthesis II|g__Eubacterium.s__Eubacterium_ventriosum	1.8736187852
PWY-6122: 5-aminoimidazole ribonucleotide biosynthesis II|g__Bifidobacterium.s__Bifidobacterium_longum	1.7243655271
PWY-6122: 5-aminoimidazole ribonucleotide biosynthesis II|g__Alistipes.s__Alistipes_putredinis	1.5088914179
PWY-6122: 5-aminoimidazole ribonucleotide biosynthesis II|g__Megasphaera.s__Megasphaera_elsdenii	1.3908072927
PWY-6122: 5-aminoimidazole ribonucleotide biosynthesis II|g__Dorea.s__Dorea_formicigenerans	1.1802455768
PWY-6277: superpathway of 5-aminoimidazole ribonucleotide biosynthesis	129.5328614588
PWY-6277: superpathway of 5-aminoimidazole ribonucleotide biosynthesis|g__Faecalibacterium.s__Faecalibacterium_prausnitzii	22.2972901873
PWY-6277: superpathway of 5-aminoimidazole ribonucleotide biosynthesis|g__Collinsella.s__Collinsella_aerofaciens	17.7117588778
PWY-6277: superpathway of 5-aminoimidazole ribonucleotide biosynthesis|g__Phascolarctobacterium.s__Phascolarctobacterium_succinatutens	8.8214087692
PWY-6277: superpathway of 5-aminoimidazole ribonucleotide biosynthesis|g__Ruminococcus.s__Ruminococcus_bromii	4.9206961756
PWY-6277: superpathway of 5-aminoimidazole ribonucleotide biosynthesis|g__Roseburia.s__Roseburia_inulinivorans	3.3063442483
PWY-6277: superpathway of 5-aminoimidazole ribonucleotide biosynthesis|g__Catenibacterium.s__Catenibacterium_mitsuokai	3.2571254789
PWY-6277: superpathway of 5-aminoimidazole ribonucleotide biosynthesis|g__Bifidobacterium.s__Bifidobacterium_adolescentis	3.1416262985
PWY-6277: superpathway of 5-aminoimidazole ribonucleotide biosynthesis|g__Eubacterium.s__Eubacterium_ventriosum	1.8736187852
PWY-6277: superpathway of 5-aminoimidazole ribonucleotide biosynthesis|g__Bifidobacterium.s__Bifidobacterium_longum	1.7243655271
PWY-6277: superpathway of 5-aminoimidazole ribonucleotide biosynthesis|g__Alistipes.s__Alistipes_putredinis	1.5088914179
PWY-6277: superpathway of 5-aminoimidazole ribonucleotide biosynthesis|g__Megasphaera.s__Megasphaera_elsdenii	1.3908072927
PWY-6277: superpathway of 5-aminoimidazole ribonucleotide biosynthesis|g__Dorea.s__Dorea_formicigenerans	1.1802455768
PANTO-PWY: phosphopantothenate biosynthesis I	128.4963543035
PANTO-PWY: phosphopantothenate biosynthesis I|g__Phascolarctobacterium.s__Phascolarctobacterium_succinatutens	9.0173669679
PANTO-PWY: phosphopantothenate biosynthesis I|g__Bacteroides.s__Bacteroides_dorei	4.3437152108
PANTO-PWY: phosphopantothenate biosynthesis I|g__Megasphaera.s__Megasphaera_elsdenii	2.2136561799
PANTO-PWY: phosphopantothenate biosynthesis I|g__Alistipes.s__Alistipes_putredinis	1.6091174943
PANTO-PWY: phosphopantothenate biosynthesis I|g__Bacteroides.s__Bacteroides_uniformis	1.5512910078
PANTO-PWY: phosphopantothenate biosynthesis I|g__Dorea.s__Dorea_longicatena	1.4230371366
PWY-6121: 5-aminoimidazole ribonucleotide biosynthesis I	121.4383738126
PWY-6121: 5-aminoimidazole ribonucleotide biosynthesis I|g__Faecalibacterium.s__Faecalibacterium_prausnitzii	22.9901703909
PWY-6121: 5-aminoimidazole ribonucleotide biosynthesis I|g__Collinsella.s__Collinsella_aerofaciens	16.8147917072
PWY-6121: 5-aminoimidazole ribonucleotide biosynthesis I|g__Phascolarctobacterium.s__Phascolarctobacterium_succinatutens	9.2297666642
PWY-6121: 5-aminoimidazole ribonucleotide biosynthesis I|g__Ruminococcus.s__Ruminococcus_bromii	5.0408720597
PWY-6121: 5-aminoimidazole ribonucleotide biosynthesis I|g__Catenibacterium.s__Catenibacterium_mitsuokai	3.3827743216
PWY-6121: 5-aminoimidazole ribonucleotide biosynthesis I|g__Alistipes.s__Alistipes_putredinis	1.7203123520
PWY-6121: 5-aminoimidazole ribonucleotide biosynthesis I|g__Megasphaera.s__Megasphaera_elsdenii	1.5889517808
PWY-6385: peptidoglycan biosynthesis III (mycobacteria)	112.9451488652
PWY-6385: peptidoglycan biosynthesis III (mycobacteria)|g__Faecalibacterium.s__Faecalibacterium_prausnitzii	24.7678412126
PWY-724: superpathway of L-lysine, L-threonine and L-methionine biosynthesis II	109.0853767672
PWY-724: superpathway of L-lysine, L-threonine and L-methionine biosynthesis II|g__Faecalibacterium.s__Faecalibacterium_prausnitzii	19.0396971352
PWY-724: superpathway of L-lysine, L-threonine and L-methionine biosynthesis II|g__Phascolarctobacterium.s__Phascolarctobacterium_succinatutens	4.5427932844
PWY-5973: cis-vaccenate biosynthesis	105.5932931897
PWY-5973: cis-vaccenate biosynthesis|g__Eubacterium.s__Eubacterium_rectale	10.4663762769
BRANCHED-CHAIN-AA-SYN-PWY: superpathway of branched amino acid biosynthesis	98.9980184938
BRANCHED-CHAIN-AA-SYN-PWY: superpathway of branched amino acid biosynthesis|g__Faecalibacterium.s__Faecalibacterium_prausnitzii	42.1393227869
BRANCHED-CHAIN-AA-SYN-PWY: superpathway of branched amino acid biosynthesis|g__Bifidobacterium.s__Bifidobacterium_longum	1.5821447339
SER-GLYSYN-PWY: superpathway of L-serine and glycine biosynthesis I	98.8910917261
SER-GLYSYN-PWY: superpathway of L-serine and glycine biosynthesis I|g__Faecalibacterium.s__Faecalibacterium_prausnitzii	25.1155564020
SER-GLYSYN-PWY: superpathway of L-serine and glycine biosynthesis I|g__Ruminococcus.s__Ruminococcus_bromii	7.7852446517
SER-GLYSYN-PWY: superpathway of L-serine and glycine biosynthesis I|g__Phascolarctobacterium.s__Phascolarctobacterium_succinatutens	5.7043717741
SER-GLYSYN-PWY: superpathway of L-serine and glycine biosynthesis I|g__Eubacterium.s__Eubacterium_siraeum	0.9017132552
PWY-7663: gondoate biosynthesis (anaerobic)	94.4929386011
CALVIN-PWY: Calvin-Benson-Bassham cycle	92.8166377461
CALVIN-PWY: Calvin-Benson-Bassham cycle|g__Faecalibacterium.s__Faecalibacterium_prausnitzii	12.7312103845
CALVIN-PWY: Calvin-Benson-Bassham cycle|g__Ruminococcus.s__Ruminococcus_bromii	9.9415514191
NONOXIPENT-PWY: pentose phosphate pathway (non-oxidative branch)	91.4791482422
NONOXIPENT-PWY: pentose phosphate pathway (non-oxidative branch)|g__Faecalibacterium.s__Faecalibacterium_prausnitzii	25.8900290774
NONOXIPENT-PWY: pentose phosphate pathway (non-oxidative branch)|g__Ruminococcus.s__Ruminococcus_bromii	9.3881920587
NONOXIPENT-PWY: pentose phosphate pathway (non-oxidative branch)|g__Phascolarctobacterium.s__Phascolarctobacterium_succinatutens	5.9174587757
PWY-5695: urate biosynthesis/inosine 5'-phosphate degradation	90.5146997612
PWY-5695: urate biosynthesis/inosine 5'-phosphate degradation|g__Faecalibacterium.s__Faecalibacterium_prausnitzii	22.0490616841
PWY-5695: urate biosynthesis/inosine 5'-phosphate degradation|g__Megasphaera.s__Megasphaera_elsdenii	4.6137256759
PWY-5695: urate biosynthesis/inosine 5'-phosphate degradation|g__Bacteroides.s__Bacteroides_coprocola	3.8618522947
PWY-5695: urate biosynthesis/inosine 5'-phosphate degradation|g__Bacteroides.s__Bacteroides_dorei	3.5692061475
PWY-5695: urate biosynthesis/inosine 5'-phosphate degradation|g__Bacteroides.s__Bacteroides_vulgatus	3.3827288341
PWY-5695: urate biosynthesis/inosine 5'-phosphate degradation|g__Bacteroides.s__Bacteroides_stercoris	1.3951927489
PWY4FS-7: phosphatidylglycerol biosynthesis I (plastidic)	87.1788025757
PWY4FS-8: phosphatidylglycerol biosynthesis II (non-plastidic)	87.1788025757
PWY-5103: L-isoleucine biosynthesis III	87.0197949506
PWY-5103: L-isoleucine biosynthesis III|g__Faecalibacterium.s__Faecalibacterium_prausnitzii	41.7175263876
PWY-5103: L-isoleucine biosynthesis III|g__Bifidobacterium.s__Bifidobacterium_longum	1.5821447339
PWY-7357: thiamin formation from pyrithiamine and oxythiamine (yeast)	86.7063557897
PWY-7357: thiamin formation from pyrithiamine and oxythiamine (yeast)|g__Faecalibacterium.s__Faecalibacterium_prausnitzii	17.8507757168
PWY-7357: thiamin formation from pyrithiamine and oxythiamine (yeast)|g__Phascolarctobacterium.s__Phascolarctobacterium_succinatutens	2.5133731567
PWY-7357: thiamin formation from pyrithiamine and oxythiamine (yeast)|g__Ruminococcus.s__Ruminococcus_bromii	2.3427890816
PWY-7357: thiamin formation from pyrithiamine and oxythiamine (yeast)|g__Roseburia.s__Roseburia_inulinivorans	1.4306151645
PWY0-1296: purine ribonucleosides degradation	85.9774763471
PWY0-1296: purine ribonucleosides degradation|g__Faecalibacterium.s__Faecalibacterium_prausnitzii	39.6360569270
PWY0-1296: purine ribonucleosides degradation|g__Eubacterium.s__Eubacterium_rectale	18.2217940246
PWY0-1296: purine ribonucleosides degradation|g__Dorea.s__Dorea_longicatena	4.1689839672
PWY0-1296: purine ribonucleosides degradation|g__Megasphaera.s__Megasphaera_elsdenii	2.8095061424
PWY0-1296: purine ribonucleosides degradation|g__Blautia.s__Ruminococcus_torques	1.5715304292
PWY0-1296: purine ribonucleosides degradation|g__Eubacterium.s__Eubacterium_ramulus	1.0562848951
PWY-6897: thiamin salvage II	85.0687626897
PWY-6123: inosine-5'-phosphate biosynthesis I	84.9411612106
PWY-6123: inosine-5'-phosphate biosynthesis I|g__Faecalibacterium.s__Faecalibacterium_prausnitzii	29.5424604385
ANAGLYCOLYSIS-PWY: glycolysis III (from glucose)	84.6210977276
ANAGLYCOLYSIS-PWY: glycolysis III (from glucose)|g__Alistipes.s__Alistipes_shahii	2.0234413126
PWY-3001: superpathway of L-isoleucine biosynthesis I	74.6974883375
PWY-3001: superpathway of L-isoleucine biosynthesis I|g__Faecalibacterium.s__Faecalibacterium_prausnitzii	28.7653471584
PWY-6124: inosine-5'-phosphate biosynthesis II	74.5407051171
PWY-6124: inosine-5'-phosphate biosynthesis II|g__Faecalibacterium.s__Faecalibacterium_prausnitzii	36.1176868387
DTDPRHAMSYN-PWY: dTDP-L-rhamnose biosynthesis I	71.4192459960
DTDPRHAMSYN-PWY: dTDP-L-rhamnose biosynthesis I|g__Faecalibacterium.s__Faecalibacterium_prausnitzii	39.9768664604
DTDPRHAMSYN-PWY: dTDP-L-rhamnose biosynthesis I|g__Eubacterium.s__Eubacterium_rectale	10.5567167155
DTDPRHAMSYN-PWY: dTDP-L-rhamnose biosynthesis I|g__Bacteroides.s__Bacteroides_ovatus	1.3141376330
PWY-6317: galactose degradation I (Leloir pathway)	69.8957529019
PWY-6317: galactose degradation I (Leloir pathway)|g__Faecalibacterium.s__Faecalibacterium_prausnitzii	25.8774480631
PWY-6317: galactose degradation I (Leloir pathway)|g__Ruminococcus.s__Ruminococcus_bromii	2.8389153253
PWY66-422: D-galactose degradation V (Leloir pathway)	69.8957529019
PWY66-422: D-galactose degradation V (Leloir pathway)|g__Faecalibacterium.s__Faecalibacterium_prausnitzii	25.8774480631
PWY66-422: D-galactose degradation V (Leloir pathway)|g__Eubacterium.s__Eubacterium_rectale	10.5231879983
PWY66-422: D-galactose degradation V (Leloir pathway)|g__Ruminococcus.s__Ruminococcus_bromii	2.8389153253
PANTOSYN-PWY: pantothenate and coenzyme A biosynthesis I	67.6537656110
PANTOSYN-PWY: pantothenate and coenzyme A biosynthesis I|g__Phascolarctobacterium.s__Phascolarctobacterium_succinatutens	6.7685235183
PWY-7242: D-fructuronate degradation	66.5138194463
PWY-7242: D-fructuronate degradation|g__Faecalibacterium.s__Faecalibacterium_prausnitzii	39.1982700087
PWY-6507: 4-deoxy-L-threo-hex-4-enopyranuronate degradation	66.2446232254
PWY-6507: 4-deoxy-L-threo-hex-4-enopyranuronate degradation|g__Faecalibacterium.s__Faecalibacterium_prausnitzii	46.3561514371
HISTSYN-PWY: L-histidine biosynthesis	63.3078499389
HISTSYN-PWY: L-histidine biosynthesis|g__Ruminococcus.s__Ruminococcus_bromii	4.6790514604
THRESYN-PWY: superpathway of L-threonine biosynthesis	62.6553376471
THRESYN-PWY: superpathway of L-threonine biosynthesis|g__Faecalibacterium.s__Faecalibacterium_prausnitzii	23.6213687071
THRESYN-PWY: superpathway of L-threonine biosynthesis|g__Phascolarctobacterium.s__Phascolarctobacterium_succinatutens	5.1555130639
THRESYN-PWY: superpathway of L-threonine biosynthesis|g__Bifidobacterium.s__Bifidobacterium_adolescentis	4.0152516739
GLCMANNANAUT-PWY: superpathway of N-acetylglucosamine, N-acetylmannosamine and N-acetylneuraminate degradation	61.4969088651
GLCMANNANAUT-PWY: superpathway of N-acetylglucosamine, N-acetylmannosamine and N-acetylneuraminate degradation|g__Faecalibacterium.s__Faecalibacterium_prausnitzii	30.4112288654
GLCMANNANAUT-PWY: superpathway of N-acetylglucosamine, N-acetylmannosamine and N-acetylneuraminate degradation|g__Blautia.s__Ruminococcus_torques	9.8092503781
GLCMANNANAUT-PWY: superpathway of N-acetylglucosamine, N-acetylmannosamine and N-acetylneuraminate degradation|g__Dorea.s__Dorea_longicatena	2.5696714221
PWY-6609: adenine and adenosine salvage III	58.4162284914
PWY-6609: adenine and adenosine salvage III|g__Faecalibacterium.s__Faecalibacterium_prausnitzii	28.7370640547
PWY-6609: adenine and adenosine salvage III|g__Blautia.s__Ruminococcus_torques	1.5287678996
GALACTUROCAT-PWY: D-galacturonate degradation I	57.3896969906
GALACTUROCAT-PWY: D-galacturonate degradation I|g__Faecalibacterium.s__Faecalibacterium_prausnitzii	42.2960279152
TRPSYN-PWY: L-tryptophan biosynthesis	55.1219123110
TRPSYN-PWY: L-tryptophan biosynthesis|g__Phascolarctobacterium.s__Phascolarctobacterium_succinatutens	5.5469805682
PWY-3841: folate transformations II	55.1049500237
PWY-3841: folate transformations II|g__Bacteroides.s__Bacteroides_dorei	3.1980332891
PWY-3841: folate transformations II|g__Bacteroides.s__Bacteroides_ovatus	1.1363636364
COBALSYN-PWY: adenosylcobalamin salvage from cobinamide I	54.6877435940
COBALSYN-PWY: adenosylcobalamin salvage from cobinamide I|g__Faecalibacterium.s__Faecalibacterium_prausnitzii	23.1427610310
COBALSYN-PWY: adenosylcobalamin salvage from cobinamide I|g__Eubacterium.s__Eubacterium_rectale	8.4613819443
COBALSYN-PWY: adenosylcobalamin salvage from cobinamide I|g__Phascolarctobacterium.s__Phascolarctobacterium_succinatutens	4.8667053385
THISYNARA-PWY: superpathway of thiamin diphosphate biosynthesis III (eukaryotes)	51.6595948970
THISYNARA-PWY: superpathway of thiamin diphosphate biosynthesis III (eukaryotes)|g__Faecalibacterium.s__Faecalibacterium_prausnitzii	18.0525462079
THISYNARA-PWY: superpathway of thiamin diphosphate biosynthesis III (eukaryotes)|g__Phascolarctobacterium.s__Phascolarctobacterium_succinatutens	2.8711250427
THISYNARA-PWY: superpathway of thiamin diphosphate biosynthesis III (eukaryotes)|g__Blautia.s__Ruminococcus_torques	1.1894142135
PWY-7400: L-arginine biosynthesis IV (archaebacteria)	50.9984815059
1CMET2-PWY: N10-formyl-tetrahydrofolate biosynthesis	49.9854390906
COA-PWY: coenzyme A biosynthesis I	49.6843855731
COA-PWY: coenzyme A biosynthesis I|g__Faecalibacterium.s__Faecalibacterium_prausnitzii	12.2627566456
COA-PWY: coenzyme A biosynthesis I|g__Phascolarctobacterium.s__Phascolarctobacterium_succinatutens	7.1130290999
COA-PWY: coenzyme A biosynthesis I|g__Eubacterium.s__Eubacterium_ventriosum	1.0610079576
GALACT-GLUCUROCAT-PWY: superpathway of hexuronide and hexuronate degradation	49.3410688326
GALACT-GLUCUROCAT-PWY: superpathway of hexuronide and hexuronate degradation|g__Faecalibacterium.s__Faecalibacterium_prausnitzii	34.4660892907
PWY-621: sucrose degradation III (sucrose invertase)	49.1807805502
PWY-621: sucrose degradation III (sucrose invertase)|g__Faecalibacterium.s__Faecalibacterium_prausnitzii	32.8239459690
GLYCOGENSYNTH-PWY: glycogen biosynthesis I (from ADP-D-Glucose)	47.5334924663
GLYCOGENSYNTH-PWY: glycogen biosynthesis I (from ADP-D-Glucose)|g__Eubacterium.s__Eubacterium_rectale	14.0966326276
GLUCUROCAT-PWY: superpathway of &beta;-D-glucuronide and D-glucuronate degradation	47.3315323928
GLUCUROCAT-PWY: superpathway of &beta;-D-glucuronide and D-glucuronate degradation|g__Faecalibacterium.s__Faecalibacterium_prausnitzii	33.6204490013
PWY-5659: GDP-mannose biosynthesis	46.7835575412
PWY-5659: GDP-mannose biosynthesis|g__Faecalibacterium.s__Faecalibacterium_prausnitzii	27.0458261582
PWY-5659: GDP-mannose biosynthesis|g__Bacteroides.s__Bacteroides_ovatus	1.2649727757
ARGSYN-PWY: L-arginine biosynthesis I (via L-ornithine)	46.0851787426
PWY-4981: L-proline biosynthesis II (from arginine)	45.7249705852
PWY-4981: L-proline biosynthesis II (from arginine)|g__Collinsella.s__Collinsella_aerofaciens	7.6661382648
PWY-6527: stachyose degradation	45.4987772301
PWY-6527: stachyose degradation|g__Faecalibacterium.s__Faecalibacterium_prausnitzii	15.9655545830
PWY-6527: stachyose degradation|g__Dorea.s__Dorea_longicatena	2.7927980005
PWY-6270: isoprene biosynthesis I	44.3371314181
PWY-2941: L-lysine biosynthesis II	44.1680789580
PWY-2941: L-lysine biosynthesis II|g__Catenibacterium.s__Catenibacterium_mitsuokai	2.6280379976
ASPASN-PWY: superpathway of L-aspartate and L-asparagine biosynthesis	41.9185750607
ASPASN-PWY: superpathway of L-aspartate and L-asparagine biosynthesis|g__Faecalibacterium.s__Faecalibacterium_prausnitzii	28.0563888350
PHOSLIPSYN-PWY: superpathway of phospholipid biosynthesis I (bacteria)	40.6431324259
PWY-7560: methylerythritol phosphate pathway II	39.6370965314
PYRIDNUCSYN-PWY: NAD biosynthesis I (from aspartate)	39.5934452621
PYRIDNUCSYN-PWY: NAD biosynthesis I (from aspartate)|g__Ruminococcus.s__Ruminococcus_bromii	6.0837191842
PYRIDNUCSYN-PWY: NAD biosynthesis I (from aspartate)|g__Alistipes.s__Alistipes_shahii	1.7391113423
PWY-6147: 6-hydroxymethyl-dihydropterin diphosphate biosynthesis I	39.1447286384
PWY-7229: superpathway of adenosine nucleotides de novo biosynthesis I	37.8095881970
PWY-7229: superpathway of adenosine nucleotides de novo biosynthesis I|g__Faecalibacterium.s__Faecalibacterium_prausnitzii	4.9328379719
PWY-5100: pyruvate fermentation to acetate and lactate II	37.2362448168
MET-SAM-PWY: superpathway of S-adenosyl-L-methionine biosynthesis	36.8126419556
PWY-5347: superpathway of L-methionine biosynthesis (transsulfuration)	35.9974213716
METSYN-PWY: L-homoserine and L-methionine biosynthesis	35.7348191316
PWY-4242: pantothenate and coenzyme A biosynthesis III	34.9049157342
PWY-4242: pantothenate and coenzyme A biosynthesis III|g__Faecalibacterium.s__Faecalibacterium_prausnitzii	12.5712051646
PWY-4242: pantothenate and coenzyme A biosynthesis III|g__Phascolarctobacterium.s__Phascolarctobacterium_succinatutens	5.1702572997
RHAMCAT-PWY: L-rhamnose degradation I	33.2061393659
RHAMCAT-PWY: L-rhamnose degradation I|g__Faecalibacterium.s__Faecalibacterium_prausnitzii	22.4426051606
PWY-5177: glutaryl-CoA degradation	29.9728159283
PWY-5177: glutaryl-CoA degradation|g__Faecalibacterium.s__Faecalibacterium_prausnitzii	25.1239071016
PWY-6126: superpathway of adenosine nucleotides de novo biosynthesis II	26.7562610872
PWY-6126: superpathway of adenosine nucleotides de novo biosynthesis II|g__Faecalibacterium.s__Faecalibacterium_prausnitzii	3.0563182272
PWY-5676: acetyl-CoA fermentation to butanoate II	26.0726937753
PWY-7199: pyrimidine deoxyribonucleosides salvage	24.3850752343
PWY-5188: tetrapyrrole biosynthesis I (from glutamate)	24.3003006250
PWY-5188: tetrapyrrole biosynthesis I (from glutamate)|g__Ruminococcus.s__Ruminococcus_bromii	6.8472700615
PWY-5188: tetrapyrrole biosynthesis I (from glutamate)|g__Megasphaera.s__Megasphaera_elsdenii	1.7486766476
PWY-7234: inosine-5'-phosphate biosynthesis III	23.9679527568
PWY-5989: stearate biosynthesis II (bacteria and plants)	23.8606591216
PWY-6168: flavin biosynthesis III (fungi)	23.2682892759
PWY-7228: superpathway of guanosine nucleotides de novo biosynthesis I	23.0521774303
PWY-7228: superpathway of guanosine nucleotides de novo biosynthesis I|g__Prevotella.s__Prevotella_stercorea	5.2695550083
PWY0-166: superpathway of pyrimidine deoxyribonucleotides de novo biosynthesis (E. coli)	21.7914396642
ARGSYNBSUB-PWY: L-arginine biosynthesis II (acetyl cycle)	21.4973830966
ARGSYNBSUB-PWY: L-arginine biosynthesis II (acetyl cycle)|g__Bifidobacterium.s__Bifidobacterium_longum	1.5826873830
HOMOSER-METSYN-PWY: L-methionine biosynthesis I	20.8070573308
HOMOSER-METSYN-PWY: L-methionine biosynthesis I|g__Ruminococcus.s__Ruminococcus_bromii	6.3377792603
PWY-841: superpathway of purine nucleotides de novo biosynthesis I	20.7761331541
DAPLYSINESYN-PWY: L-lysine biosynthesis I	20.6211673112
ARG+POLYAMINE-SYN: superpathway of arginine and polyamine biosynthesis	20.6121540855
PWY-5367: petroselinate biosynthesis	19.3221443771
PWY-5367: petroselinate biosynthesis|g__Eubacterium.s__Eubacterium_rectale	9.3835129473
PWY-6125: superpathway of guanosine nucleotides de novo biosynthesis II	19.2725863856
PWY-5121: superpathway of geranylgeranyl diphosphate biosynthesis II (via MEP)	18.0457413502
PWY-7208: superpathway of pyrimidine nucleobases salvage	18.0450255470
PWY-7208: superpathway of pyrimidine nucleobases salvage|g__Phascolarctobacterium.s__Phascolarctobacterium_succinatutens	3.9075991290
PWY0-162: superpathway of pyrimidine ribonucleotides de novo biosynthesis	17.7893187226
OANTIGEN-PWY: O-antigen building blocks biosynthesis (E. coli)	17.1558659178
PWY-6545: pyrimidine deoxyribonucleotides de novo biosynthesis III	16.8185094206
PWY-7184: pyrimidine deoxyribonucleotides de novo biosynthesis I	16.4347258067
TCA: TCA cycle I (prokaryotic)	16.3065900204
LACTOSECAT-PWY: lactose and galactose degradation I	15.7890006425
P4-PWY: superpathway of L-lysine, L-threonine and L-methionine biosynthesis I	15.6840287464
PWY-6969: TCA cycle V (2-oxoglutarate:ferredoxin oxidoreductase)	15.6374290522
PWY-6703: preQ0 biosynthesis	14.5394514178
PWY-6703: preQ0 biosynthesis|g__Megasphaera.s__Megasphaera_elsdenii	2.7613595840
PWY66-409: superpathway of purine nucleotide salvage	14.2971866857
POLYAMSYN-PWY: superpathway of polyamine biosynthesis I	14.2963114220
PWY0-781: aspartate superpathway	13.4489299689
GLUTORN-PWY: L-ornithine biosynthesis	12.9403768533
PWY-5154: L-arginine biosynthesis III (via N-acetyl-L-citrulline)	12.4008909280
PWY-7220: adenosine deoxyribonucleotides de novo biosynthesis II	12.1740534318
PWY-7220: adenosine deoxyribonucleotides de novo biosynthesis II|g__Faecalibacterium.s__Faecalibacterium_prausnitzii	1.3641706370
PWY-7222: guanosine deoxyribonucleotides de novo biosynthesis II	12.1740534318
PWY-7222: guanosine deoxyribonucleotides de novo biosynthesis II|g__Faecalibacterium.s__Faecalibacterium_prausnitzii	1.3641706370
PWY-7197: pyrimidine deoxyribonucleotide phosphorylation	11.9627990192
PWY-7197: pyrimidine deoxyribonucleotide phosphorylation|g__Phascolarctobacterium.s__Phascolarctobacterium_succinatutens	5.4173197167
PWY-5690: TCA cycle II (plants and fungi)	11.1716047627
UDPNAGSYN-PWY: UDP-N-acetyl-D-glucosamine biosynthesis I	11.1654005774
UDPNAGSYN-PWY: UDP-N-acetyl-D-glucosamine biosynthesis I|g__Bifidobacterium.s__Bifidobacterium_longum	2.6192644250
UDPNAGSYN-PWY: UDP-N-acetyl-D-glucosamine biosynthesis I|g__Bifidobacterium.s__Bifidobacterium_adolescentis	2.1442569340
PWY-7282: 4-amino-2-methyl-5-phosphomethylpyrimidine biosynthesis (yeast)	11.1653044390
DENOVOPURINE2-PWY: superpathway of purine nucleotides de novo biosynthesis II	9.8376593948
PWY0-1586: peptidoglycan maturation (meso-diaminopimelate containing)	9.5466451857
PWY0-1586: peptidoglycan maturation (meso-diaminopimelate containing)|g__Faecalibacterium.s__Faecalibacterium_prausnitzii	7.3694565912
PWY-6305: putrescine biosynthesis IV	9.0682830867
PWY-6305: putrescine biosynthesis IV|g__Faecalibacterium.s__Faecalibacterium_prausnitzii	4.1005501887
PWY-6305: putrescine biosynthesis IV|g__Blautia.s__Ruminococcus_torques	1.3386880857
PWY-7187: pyrimidine deoxyribonucleotides de novo biosynthesis II	8.9297701885
PENTOSE-P-PWY: pentose phosphate pathway	8.8915686823
PYRIDNUCSAL-PWY: NAD salvage pathway I	8.8578329145
POLYAMINSYN3-PWY: superpathway of polyamine biosynthesis II	8.5864441734
ARGININE-SYN4-PWY: L-ornithine de novo  biosynthesis	7.7730592005
COLANSYN-PWY: colanic acid building blocks biosynthesis	6.8132111212
PWY-5030: L-histidine degradation III	6.6620673158
PWY-7539: 6-hydroxymethyl-dihydropterin diphosphate biosynthesis III (Chlamydia)	6.4438540353
PWY0-1297: superpathway of purine deoxyribonucleosides degradation	6.3295282367
PWY-7211: superpathway of pyrimidine deoxyribonucleotides de novo biosynthesis	5.8287513680
SULFATE-CYS-PWY: superpathway of sulfate assimilation and cysteine biosynthesis	5.4532718234
HISDEG-PWY: L-histidine degradation I	5.4167616015
HISDEG-PWY: L-histidine degradation I|g__Alistipes.s__Alistipes_shahii	2.6751171403
PWY-7456: mannan degradation	5.3741598753
PWY-5101: L-isoleucine biosynthesis II	5.2636210104
HSERMETANA-PWY: L-methionine biosynthesis III	5.0390166731
TRNA-CHARGING-PWY: tRNA charging	4.8823675264
PWY0-845: superpathway of pyridoxal 5'-phosphate biosynthesis and salvage	4.8223457181
PWY-5345: superpathway of L-methionine biosynthesis (by sulfhydrylation)	4.3617745364
PWY-7323: superpathway of GDP-mannose-derived O-antigen building blocks biosynthesis	4.3432370249
PYRIDOXSYN-PWY: pyridoxal 5'-phosphate biosynthesis I	3.7507318814
PYRIDOXSYN-PWY: pyridoxal 5'-phosphate biosynthesis I|g__Bacteroides.s__Bacteroides_stercoris	1.4782075384
SO4ASSIM-PWY: sulfate reduction I (assimilatory)	3.6890952115
PWY-6936: seleno-amino acid biosynthesis	3.6610198965
PWY-6936: seleno-amino acid biosynthesis|g__Dorea.s__Dorea_longicatena	1.3087578831
PWY-7210: pyrimidine deoxyribonucleotides biosynthesis from CTP	3.4849284237
PWY-7198: pyrimidine deoxyribonucleotides de novo biosynthesis IV	2.6718738710
PWY-1269: CMP-3-deoxy-D-manno-octulosonate biosynthesis I	2.1463755347