# Pathway	ERR480887_Abundance
UNMAPPED	69437.9225977166
UNINTEGRATED	58307.6854404472
UNINTEGRATED|g__Faecalibacterium.s__Faecalibacterium_prausnitzii	4614.5997097150
UNINTEGRATED|g__Bifidobacterium.s__Bifidobacterium_longum	4115.9439233918
UNINTEGRATED|g__Parabacteroides.s__Parabacteroides_distasonis	2959.2058360437
UNINTEGRATED|g__Coprococcus.s__Coprococcus_comes	2891.8762078691
UNINTEGRATED|g__Ruminococcus.s__Ruminococcus_bromii	2626.9630000167
UNINTEGRATED|g__Bacteroides.s__Bacteroides_clarus	2429.3848917735
UNINTEGRATED|g__Bacteroides.s__Bacteroides_uniformis	2409.0604279158
UNINTEGRATED|g__Blautia.s__Ruminococcus_torques	2368.5799817731
UNINTEGRATED|g__Bacteroides.s__Bacteroides_thetaiotaomicron	2347.0144431017
UNINTEGRATED|g__Streptococcus.s__Streptococcus_thermophilus	2326.9050461888
UNINTEGRATED|g__Bacteroides.s__Bacteroides_xylanisolvens	2204.4628729667
UNINTEGRATED|g__Streptococcus.s__Streptococcus_pasteurianus	2150.4599509663
UNINTEGRATED|g__Bacteroides.s__Bacteroides_ovatus	1696.1720601675
UNINTEGRATED|g__Paraprevotella.s__Paraprevotella_clara	1152.9113231486
UNINTEGRATED|g__Bacteroides.s__Bacteroides_caccae	1036.5246261558
UNINTEGRATED|g__Blautia.s__Ruminococcus_gnavus	1001.3535017621
UNINTEGRATED|g__Lachnospiraceae_noname.s__Lachnospiraceae_bacterium_1_1_57FAA	972.8733103252
UNINTEGRATED|g__Bacteroides.s__Bacteroides_vulgatus	896.7793663630
UNINTEGRATED|g__Clostridium.s__Clostridium_nexile	881.7678440061
UNINTEGRATED|g__Prevotella.s__Prevotella_copri	459.4373783463
UNINTEGRATED|g__Ruminococcus.s__Ruminococcus_lactaris	388.2453958910
PWY-7219: adenosine ribonucleotides de novo biosynthesis	61.9484556175
PWY-7219: adenosine ribonucleotides de novo biosynthesis|g__Streptococcus.s__Streptococcus_thermophilus	6.4357744354
PWY-7219: adenosine ribonucleotides de novo biosynthesis|g__Streptococcus.s__Streptococcus_pasteurianus	6.1643125827
PWY-7219: adenosine ribonucleotides de novo biosynthesis|g__Parabacteroides.s__Parabacteroides_distasonis	6.0906199224
PWY-7219: adenosine ribonucleotides de novo biosynthesis|g__Bacteroides.s__Bacteroides_clarus	6.0511437213
PWY-7219: adenosine ribonucleotides de novo biosynthesis|g__Ruminococcus.s__Ruminococcus_bromii	5.3363617837
PWY-7219: adenosine ribonucleotides de novo biosynthesis|g__Coprococcus.s__Coprococcus_comes	4.8672013614
PWY-7219: adenosine ribonucleotides de novo biosynthesis|g__Bifidobacterium.s__Bifidobacterium_longum	4.6423948011
PWY-7219: adenosine ribonucleotides de novo biosynthesis|g__Faecalibacterium.s__Faecalibacterium_prausnitzii	4.3116710879
PWY-7219: adenosine ribonucleotides de novo biosynthesis|g__Prevotella.s__Prevotella_copri	3.0395579744
PWY-7219: adenosine ribonucleotides de novo biosynthesis|g__Bacteroides.s__Bacteroides_uniformis	2.5557049760
PWY-7219: adenosine ribonucleotides de novo biosynthesis|g__Bacteroides.s__Bacteroides_xylanisolvens	2.1250112199
PWY-7219: adenosine ribonucleotides de novo biosynthesis|g__Bacteroides.s__Bacteroides_ovatus	1.9692304975
PWY-7219: adenosine ribonucleotides de novo biosynthesis|g__Paraprevotella.s__Paraprevotella_clara	1.6791141979
PWY-7219: adenosine ribonucleotides de novo biosynthesis|g__Bacteroides.s__Bacteroides_vulgatus	1.6322566885
PWY-7219: adenosine ribonucleotides de novo biosynthesis|g__Blautia.s__Ruminococcus_gnavus	1.2447550894
PWY-7219: adenosine ribonucleotides de novo biosynthesis|g__Bacteroides.s__Bacteroides_caccae	1.2008852264
PWY-7219: adenosine ribonucleotides de novo biosynthesis|g__Bacteroides.s__Bacteroides_thetaiotaomicron	1.0083892644
PWY-7219: adenosine ribonucleotides de novo biosynthesis|g__Lachnospiraceae_noname.s__Lachnospiraceae_bacterium_1_1_57FAA	0.8286761381
PWY-5667: CDP-diacylglycerol biosynthesis I	47.0839610667
PWY-5667: CDP-diacylglycerol biosynthesis I|g__Ruminococcus.s__Ruminococcus_bromii	7.8002993018
PWY-5667: CDP-diacylglycerol biosynthesis I|g__Parabacteroides.s__Parabacteroides_distasonis	2.8417422510
PWY-5667: CDP-diacylglycerol biosynthesis I|g__Faecalibacterium.s__Faecalibacterium_prausnitzii	2.7975910280
PWY-5667: CDP-diacylglycerol biosynthesis I|g__Bacteroides.s__Bacteroides_xylanisolvens	2.6341817294
PWY-5667: CDP-diacylglycerol biosynthesis I|g__Coprococcus.s__Coprococcus_comes	2.4863335837
PWY-5667: CDP-diacylglycerol biosynthesis I|g__Bacteroides.s__Bacteroides_thetaiotaomicron	1.6949957408
PWY0-1319: CDP-diacylglycerol biosynthesis II	47.0839610667
PWY0-1319: CDP-diacylglycerol biosynthesis II|g__Ruminococcus.s__Ruminococcus_bromii	7.8002993018
PWY0-1319: CDP-diacylglycerol biosynthesis II|g__Parabacteroides.s__Parabacteroides_distasonis	2.8417422510
PWY0-1319: CDP-diacylglycerol biosynthesis II|g__Faecalibacterium.s__Faecalibacterium_prausnitzii	2.7975910280
PWY0-1319: CDP-diacylglycerol biosynthesis II|g__Bacteroides.s__Bacteroides_xylanisolvens	2.6341817294
PWY0-1319: CDP-diacylglycerol biosynthesis II|g__Coprococcus.s__Coprococcus_comes	2.4863335837
PWY0-1319: CDP-diacylglycerol biosynthesis II|g__Bacteroides.s__Bacteroides_thetaiotaomicron	1.6949957408
PWY-7221: guanosine ribonucleotides de novo biosynthesis	46.1056742743
PWY-7221: guanosine ribonucleotides de novo biosynthesis|g__Streptococcus.s__Streptococcus_thermophilus	3.8518292046
PWY-7221: guanosine ribonucleotides de novo biosynthesis|g__Parabacteroides.s__Parabacteroides_distasonis	3.0948575811
PWY-7221: guanosine ribonucleotides de novo biosynthesis|g__Ruminococcus.s__Ruminococcus_bromii	2.9554261642
PWY-7221: guanosine ribonucleotides de novo biosynthesis|g__Bacteroides.s__Bacteroides_clarus	2.8005857946
PWY-7221: guanosine ribonucleotides de novo biosynthesis|g__Bacteroides.s__Bacteroides_xylanisolvens	2.2632062437
PWY-7221: guanosine ribonucleotides de novo biosynthesis|g__Bacteroides.s__Bacteroides_thetaiotaomicron	1.7804522120
PWY-7221: guanosine ribonucleotides de novo biosynthesis|g__Coprococcus.s__Coprococcus_comes	1.7732776173
PWY-7221: guanosine ribonucleotides de novo biosynthesis|g__Bacteroides.s__Bacteroides_caccae	1.1422697746
PWY-7221: guanosine ribonucleotides de novo biosynthesis|g__Paraprevotella.s__Paraprevotella_clara	1.0766776965
PWY-7221: guanosine ribonucleotides de novo biosynthesis|g__Blautia.s__Ruminococcus_gnavus	1.0002788992
PWY-6386: UDP-N-acetylmuramoyl-pentapeptide biosynthesis II (lysine-containing)	41.9793828689
PWY-6386: UDP-N-acetylmuramoyl-pentapeptide biosynthesis II (lysine-containing)|g__Streptococcus.s__Streptococcus_thermophilus	3.6633995776
PWY-6386: UDP-N-acetylmuramoyl-pentapeptide biosynthesis II (lysine-containing)|g__Faecalibacterium.s__Faecalibacterium_prausnitzii	2.0646784370
PWY-6386: UDP-N-acetylmuramoyl-pentapeptide biosynthesis II (lysine-containing)|g__Bacteroides.s__Bacteroides_xylanisolvens	1.4192040686
PWY-6386: UDP-N-acetylmuramoyl-pentapeptide biosynthesis II (lysine-containing)|g__Bacteroides.s__Bacteroides_uniformis	1.1941213932
PWY-5686: UMP biosynthesis	41.4484364998
PWY-5686: UMP biosynthesis|g__Ruminococcus.s__Ruminococcus_bromii	8.4039764365
PWY-5686: UMP biosynthesis|g__Bacteroides.s__Bacteroides_clarus	3.0711771594
PWY-5686: UMP biosynthesis|g__Faecalibacterium.s__Faecalibacterium_prausnitzii	2.7866320888
PWY-6387: UDP-N-acetylmuramoyl-pentapeptide biosynthesis I (meso-diaminopimelate containing)	41.3035936839
PWY-6387: UDP-N-acetylmuramoyl-pentapeptide biosynthesis I (meso-diaminopimelate containing)|g__Faecalibacterium.s__Faecalibacterium_prausnitzii	2.9754743459
PWY-6387: UDP-N-acetylmuramoyl-pentapeptide biosynthesis I (meso-diaminopimelate containing)|g__Parabacteroides.s__Parabacteroides_distasonis	2.4858163074
PWY-6387: UDP-N-acetylmuramoyl-pentapeptide biosynthesis I (meso-diaminopimelate containing)|g__Bacteroides.s__Bacteroides_xylanisolvens	1.4297138940
PWY-6387: UDP-N-acetylmuramoyl-pentapeptide biosynthesis I (meso-diaminopimelate containing)|g__Bacteroides.s__Bacteroides_uniformis	1.2454535550
PEPTIDOGLYCANSYN-PWY: peptidoglycan biosynthesis I (meso-diaminopimelate containing)	41.1759183798
PEPTIDOGLYCANSYN-PWY: peptidoglycan biosynthesis I (meso-diaminopimelate containing)|g__Faecalibacterium.s__Faecalibacterium_prausnitzii	3.1635224289
PEPTIDOGLYCANSYN-PWY: peptidoglycan biosynthesis I (meso-diaminopimelate containing)|g__Parabacteroides.s__Parabacteroides_distasonis	2.4085084807
PEPTIDOGLYCANSYN-PWY: peptidoglycan biosynthesis I (meso-diaminopimelate containing)|g__Bacteroides.s__Bacteroides_xylanisolvens	1.5824398339
PEPTIDOGLYCANSYN-PWY: peptidoglycan biosynthesis I (meso-diaminopimelate containing)|g__Bacteroides.s__Bacteroides_uniformis	1.2275645174
PWY-6151: S-adenosyl-L-methionine cycle I	39.7948710496
PWY-6151: S-adenosyl-L-methionine cycle I|g__Ruminococcus.s__Ruminococcus_bromii	8.2454058652
PWY-6151: S-adenosyl-L-methionine cycle I|g__Faecalibacterium.s__Faecalibacterium_prausnitzii	5.0569567850
PWY-6151: S-adenosyl-L-methionine cycle I|g__Bifidobacterium.s__Bifidobacterium_longum	3.5412594288
PWY-6151: S-adenosyl-L-methionine cycle I|g__Clostridium.s__Clostridium_nexile	2.1443895086
PWY-6151: S-adenosyl-L-methionine cycle I|g__Streptococcus.s__Streptococcus_thermophilus	1.5340038303
PWY-6151: S-adenosyl-L-methionine cycle I|g__Ruminococcus.s__Ruminococcus_lactaris	1.2349490584
PWY-1042: glycolysis IV (plant cytosol)	38.8713439506
PWY-1042: glycolysis IV (plant cytosol)|g__Ruminococcus.s__Ruminococcus_bromii	9.1337534391
PWY-1042: glycolysis IV (plant cytosol)|g__Faecalibacterium.s__Faecalibacterium_prausnitzii	5.1250582769
ILEUSYN-PWY: L-isoleucine biosynthesis I (from threonine)	38.4116172632
ILEUSYN-PWY: L-isoleucine biosynthesis I (from threonine)|g__Faecalibacterium.s__Faecalibacterium_prausnitzii	5.5030093247
ILEUSYN-PWY: L-isoleucine biosynthesis I (from threonine)|g__Bifidobacterium.s__Bifidobacterium_longum	3.3651995368
PWY-7111: pyruvate fermentation to isobutanol (engineered)	38.4116172632
PWY-7111: pyruvate fermentation to isobutanol (engineered)|g__Ruminococcus.s__Ruminococcus_bromii	7.5564653088
PWY-7111: pyruvate fermentation to isobutanol (engineered)|g__Faecalibacterium.s__Faecalibacterium_prausnitzii	5.5030093247
PWY-7111: pyruvate fermentation to isobutanol (engineered)|g__Bacteroides.s__Bacteroides_clarus	2.3328860089
PWY-7111: pyruvate fermentation to isobutanol (engineered)|g__Streptococcus.s__Streptococcus_thermophilus	2.1061103227
PWY-7111: pyruvate fermentation to isobutanol (engineered)|g__Coprococcus.s__Coprococcus_comes	1.9519702641
PWY-7111: pyruvate fermentation to isobutanol (engineered)|g__Bifidobacterium.s__Bifidobacterium_longum	1.5785679612
PWY-7111: pyruvate fermentation to isobutanol (engineered)|g__Bacteroides.s__Bacteroides_xylanisolvens	0.9653475361
PWY-7111: pyruvate fermentation to isobutanol (engineered)|g__Blautia.s__Ruminococcus_torques	0.6879944960
VALSYN-PWY: L-valine biosynthesis	38.4116172632
VALSYN-PWY: L-valine biosynthesis|g__Ruminococcus.s__Ruminococcus_bromii	7.5564653088
VALSYN-PWY: L-valine biosynthesis|g__Faecalibacterium.s__Faecalibacterium_prausnitzii	5.5030093247
VALSYN-PWY: L-valine biosynthesis|g__Bifidobacterium.s__Bifidobacterium_longum	3.3651995368
VALSYN-PWY: L-valine biosynthesis|g__Streptococcus.s__Streptococcus_thermophilus	2.5987387646
VALSYN-PWY: L-valine biosynthesis|g__Bacteroides.s__Bacteroides_clarus	2.3328860089
VALSYN-PWY: L-valine biosynthesis|g__Coprococcus.s__Coprococcus_comes	1.9519702641
VALSYN-PWY: L-valine biosynthesis|g__Bacteroides.s__Bacteroides_xylanisolvens	0.9653475361
VALSYN-PWY: L-valine biosynthesis|g__Blautia.s__Ruminococcus_torques	0.6879944960
PWY-6163: chorismate biosynthesis from 3-dehydroquinate	38.0077847667
COMPLETE-ARO-PWY: superpathway of aromatic amino acid biosynthesis	36.4005641665
ARO-PWY: chorismate biosynthesis I	36.3148037711
ANAGLYCOLYSIS-PWY: glycolysis III (from glucose)	35.3048882711
NONMEVIPP-PWY: methylerythritol phosphate pathway I	34.2001424287
PANTO-PWY: phosphopantothenate biosynthesis I	32.7202631913
PANTO-PWY: phosphopantothenate biosynthesis I|g__Bacteroides.s__Bacteroides_clarus	4.0749344057
PANTO-PWY: phosphopantothenate biosynthesis I|g__Paraprevotella.s__Paraprevotella_clara	1.8444095054
PANTO-PWY: phosphopantothenate biosynthesis I|g__Bacteroides.s__Bacteroides_thetaiotaomicron	1.6920924013
PANTO-PWY: phosphopantothenate biosynthesis I|g__Bacteroides.s__Bacteroides_xylanisolvens	1.6221936011
PANTO-PWY: phosphopantothenate biosynthesis I|g__Bacteroides.s__Bacteroides_caccae	1.6029954317
PANTO-PWY: phosphopantothenate biosynthesis I|g__Parabacteroides.s__Parabacteroides_distasonis	1.4142000954
DTDPRHAMSYN-PWY: dTDP-L-rhamnose biosynthesis I	32.5004342813
DTDPRHAMSYN-PWY: dTDP-L-rhamnose biosynthesis I|g__Faecalibacterium.s__Faecalibacterium_prausnitzii	7.9406779384
DTDPRHAMSYN-PWY: dTDP-L-rhamnose biosynthesis I|g__Bacteroides.s__Bacteroides_xylanisolvens	4.6038400439
PWY-2942: L-lysine biosynthesis III	32.0452236186
PWY-2942: L-lysine biosynthesis III|g__Faecalibacterium.s__Faecalibacterium_prausnitzii	3.7294574343
PWY-2942: L-lysine biosynthesis III|g__Bacteroides.s__Bacteroides_clarus	2.0544449120
PWY-2942: L-lysine biosynthesis III|g__Parabacteroides.s__Parabacteroides_distasonis	1.7529961595
PWY-2942: L-lysine biosynthesis III|g__Prevotella.s__Prevotella_copri	1.5670489517
PWY-2942: L-lysine biosynthesis III|g__Blautia.s__Ruminococcus_gnavus	1.3585944043
PWY-5097: L-lysine biosynthesis VI	31.9141399809
PWY-5097: L-lysine biosynthesis VI|g__Faecalibacterium.s__Faecalibacterium_prausnitzii	2.5129404602
PWY-5097: L-lysine biosynthesis VI|g__Parabacteroides.s__Parabacteroides_distasonis	1.9139810718
PWY-5097: L-lysine biosynthesis VI|g__Bacteroides.s__Bacteroides_clarus	1.6344025108
PWY-5097: L-lysine biosynthesis VI|g__Bacteroides.s__Bacteroides_xylanisolvens	1.1618543879
PWY-6121: 5-aminoimidazole ribonucleotide biosynthesis I	31.1483172256
PWY-6121: 5-aminoimidazole ribonucleotide biosynthesis I|g__Ruminococcus.s__Ruminococcus_bromii	5.9326392300
PWY-6121: 5-aminoimidazole ribonucleotide biosynthesis I|g__Bifidobacterium.s__Bifidobacterium_longum	2.9861604646
PWY-6121: 5-aminoimidazole ribonucleotide biosynthesis I|g__Streptococcus.s__Streptococcus_thermophilus	2.6048600306
PWY-6121: 5-aminoimidazole ribonucleotide biosynthesis I|g__Faecalibacterium.s__Faecalibacterium_prausnitzii	2.4990838539
PWY-6121: 5-aminoimidazole ribonucleotide biosynthesis I|g__Lachnospiraceae_noname.s__Lachnospiraceae_bacterium_1_1_57FAA	1.1772192320
COA-PWY-1: coenzyme A biosynthesis II (mammalian)	30.7302478862
COA-PWY-1: coenzyme A biosynthesis II (mammalian)|g__Bifidobacterium.s__Bifidobacterium_longum	2.3492732142
PWY-3841: folate transformations II	30.7081815396
PWY-3841: folate transformations II|g__Streptococcus.s__Streptococcus_thermophilus	3.1814741515
PWY-3841: folate transformations II|g__Bacteroides.s__Bacteroides_uniformis	2.6923700686
PWY-3841: folate transformations II|g__Bacteroides.s__Bacteroides_xylanisolvens	2.5683406758
PWY-3841: folate transformations II|g__Bacteroides.s__Bacteroides_clarus	2.5471069852
PWY-6123: inosine-5'-phosphate biosynthesis I	30.4193374166
PWY-6123: inosine-5'-phosphate biosynthesis I|g__Streptococcus.s__Streptococcus_pasteurianus	3.1840588569
PWY-6123: inosine-5'-phosphate biosynthesis I|g__Bifidobacterium.s__Bifidobacterium_longum	3.0315007284
PWY-6123: inosine-5'-phosphate biosynthesis I|g__Bacteroides.s__Bacteroides_thetaiotaomicron	1.4643400974
PWY-6123: inosine-5'-phosphate biosynthesis I|g__Bacteroides.s__Bacteroides_xylanisolvens	0.9899036540
PWY-6609: adenine and adenosine salvage III	29.7804956498
PWY-6609: adenine and adenosine salvage III|g__Faecalibacterium.s__Faecalibacterium_prausnitzii	3.5917773357
PWY-6609: adenine and adenosine salvage III|g__Bacteroides.s__Bacteroides_thetaiotaomicron	2.4953558175
PWY-6609: adenine and adenosine salvage III|g__Streptococcus.s__Streptococcus_thermophilus	2.3955864686
PWY-6122: 5-aminoimidazole ribonucleotide biosynthesis II	29.5809599777
PWY-6122: 5-aminoimidazole ribonucleotide biosynthesis II|g__Ruminococcus.s__Ruminococcus_bromii	5.4555110688
PWY-6122: 5-aminoimidazole ribonucleotide biosynthesis II|g__Coprococcus.s__Coprococcus_comes	4.2691380520
PWY-6122: 5-aminoimidazole ribonucleotide biosynthesis II|g__Bifidobacterium.s__Bifidobacterium_longum	3.3401736374
PWY-6122: 5-aminoimidazole ribonucleotide biosynthesis II|g__Faecalibacterium.s__Faecalibacterium_prausnitzii	3.1868057791
PWY-6122: 5-aminoimidazole ribonucleotide biosynthesis II|g__Streptococcus.s__Streptococcus_thermophilus	2.8432977425
PWY-6122: 5-aminoimidazole ribonucleotide biosynthesis II|g__Lachnospiraceae_noname.s__Lachnospiraceae_bacterium_1_1_57FAA	1.0922106354
PWY-6277: superpathway of 5-aminoimidazole ribonucleotide biosynthesis	29.5809599777
PWY-6277: superpathway of 5-aminoimidazole ribonucleotide biosynthesis|g__Ruminococcus.s__Ruminococcus_bromii	5.4555110688
PWY-6277: superpathway of 5-aminoimidazole ribonucleotide biosynthesis|g__Coprococcus.s__Coprococcus_comes	4.2691380520
PWY-6277: superpathway of 5-aminoimidazole ribonucleotide biosynthesis|g__Bifidobacterium.s__Bifidobacterium_longum	3.3401736374
PWY-6277: superpathway of 5-aminoimidazole ribonucleotide biosynthesis|g__Faecalibacterium.s__Faecalibacterium_prausnitzii	3.1868057791
PWY-6277: superpathway of 5-aminoimidazole ribonucleotide biosynthesis|g__Streptococcus.s__Streptococcus_thermophilus	2.8432977425
PWY-6277: superpathway of 5-aminoimidazole ribonucleotide biosynthesis|g__Lachnospiraceae_noname.s__Lachnospiraceae_bacterium_1_1_57FAA	1.0922106354
NONOXIPENT-PWY: pentose phosphate pathway (non-oxidative branch)	29.4493033637
NONOXIPENT-PWY: pentose phosphate pathway (non-oxidative branch)|g__Ruminococcus.s__Ruminococcus_bromii	11.3626858691
NONOXIPENT-PWY: pentose phosphate pathway (non-oxidative branch)|g__Bacteroides.s__Bacteroides_xylanisolvens	2.4331914384
1CMET2-PWY: N10-formyl-tetrahydrofolate biosynthesis	28.2536625256
PWY-6124: inosine-5'-phosphate biosynthesis II	28.1449435270
PWY-6124: inosine-5'-phosphate biosynthesis II|g__Streptococcus.s__Streptococcus_pasteurianus	2.8748308612
PWY-6124: inosine-5'-phosphate biosynthesis II|g__Streptococcus.s__Streptococcus_thermophilus	2.1412770052
PWY-6124: inosine-5'-phosphate biosynthesis II|g__Bacteroides.s__Bacteroides_thetaiotaomicron	1.2651671060
PWY-6124: inosine-5'-phosphate biosynthesis II|g__Bacteroides.s__Bacteroides_xylanisolvens	0.8551795189
CALVIN-PWY: Calvin-Benson-Bassham cycle	27.6362509883
CALVIN-PWY: Calvin-Benson-Bassham cycle|g__Ruminococcus.s__Ruminococcus_bromii	8.6811712872
PWY-724: superpathway of L-lysine, L-threonine and L-methionine biosynthesis II	27.3468590432
PWY-724: superpathway of L-lysine, L-threonine and L-methionine biosynthesis II|g__Faecalibacterium.s__Faecalibacterium_prausnitzii	2.8937793167
PWY-6737: starch degradation V	26.9364335939
PWY-6737: starch degradation V|g__Faecalibacterium.s__Faecalibacterium_prausnitzii	6.0797697026
PWY-6737: starch degradation V|g__Ruminococcus.s__Ruminococcus_bromii	5.0119150596
PWY-6737: starch degradation V|g__Lachnospiraceae_noname.s__Lachnospiraceae_bacterium_1_1_57FAA	1.1667043351
PWY-6737: starch degradation V|g__Blautia.s__Ruminococcus_gnavus	0.8305647841
PWY-5973: cis-vaccenate biosynthesis	26.2984489503
PWY-6317: galactose degradation I (Leloir pathway)	25.6424685353
PWY-6317: galactose degradation I (Leloir pathway)|g__Ruminococcus.s__Ruminococcus_bromii	6.0836408540
PWY-6317: galactose degradation I (Leloir pathway)|g__Faecalibacterium.s__Faecalibacterium_prausnitzii	3.7863997550
PWY66-422: D-galactose degradation V (Leloir pathway)	25.6424685353
PWY66-422: D-galactose degradation V (Leloir pathway)|g__Ruminococcus.s__Ruminococcus_bromii	6.0836408540
PWY66-422: D-galactose degradation V (Leloir pathway)|g__Faecalibacterium.s__Faecalibacterium_prausnitzii	3.7863997550
SER-GLYSYN-PWY: superpathway of L-serine and glycine biosynthesis I	25.2178236450
SER-GLYSYN-PWY: superpathway of L-serine and glycine biosynthesis I|g__Ruminococcus.s__Ruminococcus_bromii	6.8316324571
PWY-5695: urate biosynthesis/inosine 5'-phosphate degradation	25.0600522064
PWY-5695: urate biosynthesis/inosine 5'-phosphate degradation|g__Faecalibacterium.s__Faecalibacterium_prausnitzii	3.2754657001
PWY-5695: urate biosynthesis/inosine 5'-phosphate degradation|g__Bacteroides.s__Bacteroides_thetaiotaomicron	1.6387677388
TRPSYN-PWY: L-tryptophan biosynthesis	24.5369763111
TRPSYN-PWY: L-tryptophan biosynthesis|g__Bacteroides.s__Bacteroides_xylanisolvens	2.4335471108
PWY-7663: gondoate biosynthesis (anaerobic)	24.3188949120
PWY-7663: gondoate biosynthesis (anaerobic)|g__Bacteroides.s__Bacteroides_caccae	1.9849410416
THRESYN-PWY: superpathway of L-threonine biosynthesis	24.0091244675
THRESYN-PWY: superpathway of L-threonine biosynthesis|g__Faecalibacterium.s__Faecalibacterium_prausnitzii	5.4837998209
PWY-6527: stachyose degradation	23.9366577849
PWY-6700: queuosine biosynthesis	23.8387208630
PWY-6700: queuosine biosynthesis|g__Bacteroides.s__Bacteroides_clarus	5.3058848944
PWY-6700: queuosine biosynthesis|g__Parabacteroides.s__Parabacteroides_distasonis	4.8658354027
PWY-6700: queuosine biosynthesis|g__Bacteroides.s__Bacteroides_uniformis	1.3111770847
PANTOSYN-PWY: pantothenate and coenzyme A biosynthesis I	22.7678124951
ARGININE-SYN4-PWY: L-ornithine de novo  biosynthesis	22.7008644973
ARGININE-SYN4-PWY: L-ornithine de novo  biosynthesis|g__Bacteroides.s__Bacteroides_clarus	7.0399508775
ARGININE-SYN4-PWY: L-ornithine de novo  biosynthesis|g__Bacteroides.s__Bacteroides_xylanisolvens	2.0837865544
ARGININE-SYN4-PWY: L-ornithine de novo  biosynthesis|g__Bacteroides.s__Bacteroides_uniformis	1.9401043257
ARGININE-SYN4-PWY: L-ornithine de novo  biosynthesis|g__Bacteroides.s__Bacteroides_thetaiotaomicron	1.0721944476
PWY-2941: L-lysine biosynthesis II	22.6847101298
PWY-7229: superpathway of adenosine nucleotides de novo biosynthesis I	22.2614919913
BRANCHED-CHAIN-AA-SYN-PWY: superpathway of branched amino acid biosynthesis	22.2395097301
BRANCHED-CHAIN-AA-SYN-PWY: superpathway of branched amino acid biosynthesis|g__Faecalibacterium.s__Faecalibacterium_prausnitzii	4.4830656458
BRANCHED-CHAIN-AA-SYN-PWY: superpathway of branched amino acid biosynthesis|g__Bifidobacterium.s__Bifidobacterium_longum	1.4299336538
PWY-3001: superpathway of L-isoleucine biosynthesis I	21.9612642373
PWY-3001: superpathway of L-isoleucine biosynthesis I|g__Faecalibacterium.s__Faecalibacterium_prausnitzii	5.1267894016
PWY-7400: L-arginine biosynthesis IV (archaebacteria)	21.6111106668
PWY-7400: L-arginine biosynthesis IV (archaebacteria)|g__Bifidobacterium.s__Bifidobacterium_longum	1.7063302138
COA-PWY: coenzyme A biosynthesis I	21.2127689047
COA-PWY: coenzyme A biosynthesis I|g__Bacteroides.s__Bacteroides_xylanisolvens	2.5902074031
PWY-7234: inosine-5'-phosphate biosynthesis III	20.7151128974
ARGSYN-PWY: L-arginine biosynthesis I (via L-ornithine)	20.6159550924
ARGSYN-PWY: L-arginine biosynthesis I (via L-ornithine)|g__Bifidobacterium.s__Bifidobacterium_longum	1.6699661986
PWY66-409: superpathway of purine nucleotide salvage	20.4693888206
PHOSLIPSYN-PWY: superpathway of phospholipid biosynthesis I (bacteria)	20.3980779397
HISTSYN-PWY: L-histidine biosynthesis	20.3955157383
HISTSYN-PWY: L-histidine biosynthesis|g__Ruminococcus.s__Ruminococcus_bromii	4.5301365372
PWY0-1296: purine ribonucleosides degradation	20.3010240153
PWY0-1296: purine ribonucleosides degradation|g__Faecalibacterium.s__Faecalibacterium_prausnitzii	8.5249299074
PWY0-1296: purine ribonucleosides degradation|g__Streptococcus.s__Streptococcus_thermophilus	1.7529013254
PWY0-1296: purine ribonucleosides degradation|g__Clostridium.s__Clostridium_nexile	1.1027095148
PWY-5103: L-isoleucine biosynthesis III	19.3374279956
PWY-5103: L-isoleucine biosynthesis III|g__Faecalibacterium.s__Faecalibacterium_prausnitzii	4.1820960028
PWY-5103: L-isoleucine biosynthesis III|g__Bifidobacterium.s__Bifidobacterium_longum	1.1807979885
ANAEROFRUCAT-PWY: homolactic fermentation	19.2095360073
PWY-841: superpathway of purine nucleotides de novo biosynthesis I	19.2086743107
PWY-6385: peptidoglycan biosynthesis III (mycobacteria)	19.0067474378
PWY-6385: peptidoglycan biosynthesis III (mycobacteria)|g__Faecalibacterium.s__Faecalibacterium_prausnitzii	2.9342373515
MET-SAM-PWY: superpathway of S-adenosyl-L-methionine biosynthesis	18.8780948298
PWY-7357: thiamin formation from pyrithiamine and oxythiamine (yeast)	18.1358182033
PWY-7357: thiamin formation from pyrithiamine and oxythiamine (yeast)|g__Ruminococcus.s__Ruminococcus_bromii	2.8247768943
PWY-7357: thiamin formation from pyrithiamine and oxythiamine (yeast)|g__Faecalibacterium.s__Faecalibacterium_prausnitzii	1.9444417573
PWY4FS-7: phosphatidylglycerol biosynthesis I (plastidic)	17.9804204302
PWY4FS-8: phosphatidylglycerol biosynthesis II (non-plastidic)	17.9804204302
PWY-6897: thiamin salvage II	17.7588053243
PWY-6126: superpathway of adenosine nucleotides de novo biosynthesis II	17.6749524687
PWY-5347: superpathway of L-methionine biosynthesis (transsulfuration)	17.4523962156
METSYN-PWY: L-homoserine and L-methionine biosynthesis	16.9064675108
PWY-7282: 4-amino-2-methyl-5-phosphomethylpyrimidine biosynthesis (yeast)	16.8918984122
GLCMANNANAUT-PWY: superpathway of N-acetylglucosamine, N-acetylmannosamine and N-acetylneuraminate degradation	16.6017551144
PWY-621: sucrose degradation III (sucrose invertase)	15.7463869203
PWY-621: sucrose degradation III (sucrose invertase)|g__Faecalibacterium.s__Faecalibacterium_prausnitzii	3.6720702350
PWY-7228: superpathway of guanosine nucleotides de novo biosynthesis I	15.3859112809
PWY-7228: superpathway of guanosine nucleotides de novo biosynthesis I|g__Streptococcus.s__Streptococcus_thermophilus	3.2405360971
PWY-7228: superpathway of guanosine nucleotides de novo biosynthesis I|g__Parabacteroides.s__Parabacteroides_distasonis	2.9350620751
PWY-6168: flavin biosynthesis III (fungi)	15.1672887125
PWY0-1297: superpathway of purine deoxyribonucleosides degradation	14.7605551003
ASPASN-PWY: superpathway of L-aspartate and L-asparagine biosynthesis	14.7028262209
ASPASN-PWY: superpathway of L-aspartate and L-asparagine biosynthesis|g__Faecalibacterium.s__Faecalibacterium_prausnitzii	3.5695525964
PWY0-166: superpathway of pyrimidine deoxyribonucleotides de novo biosynthesis (E. coli)	14.6849874604
PWY0-845: superpathway of pyridoxal 5'-phosphate biosynthesis and salvage	14.3170753939
PWY-6147: 6-hydroxymethyl-dihydropterin diphosphate biosynthesis I	13.6239056659
PWY-6147: 6-hydroxymethyl-dihydropterin diphosphate biosynthesis I|g__Bacteroides.s__Bacteroides_xylanisolvens	3.2314005760
PWY-6125: superpathway of guanosine nucleotides de novo biosynthesis II	13.5531759984
ARGSYNBSUB-PWY: L-arginine biosynthesis II (acetyl cycle)	13.3891432403
ARGSYNBSUB-PWY: L-arginine biosynthesis II (acetyl cycle)|g__Bifidobacterium.s__Bifidobacterium_longum	1.6875718710
DENOVOPURINE2-PWY: superpathway of purine nucleotides de novo biosynthesis II	13.1995275390
GLUCUROCAT-PWY: superpathway of &beta;-D-glucuronide and D-glucuronate degradation	12.4906169192
GLUCUROCAT-PWY: superpathway of &beta;-D-glucuronide and D-glucuronate degradation|g__Faecalibacterium.s__Faecalibacterium_prausnitzii	3.2252160260
PWY-6703: preQ0 biosynthesis	12.3617738258
PWY-6703: preQ0 biosynthesis|g__Parabacteroides.s__Parabacteroides_distasonis	1.8099547511
THISYNARA-PWY: superpathway of thiamin diphosphate biosynthesis III (eukaryotes)	12.2827022153
THISYNARA-PWY: superpathway of thiamin diphosphate biosynthesis III (eukaryotes)|g__Faecalibacterium.s__Faecalibacterium_prausnitzii	1.8761797882
PWY-7208: superpathway of pyrimidine nucleobases salvage	12.2610736780
PWY-5989: stearate biosynthesis II (bacteria and plants)	11.9081441576
PWY0-781: aspartate superpathway	11.7435258064
PWY-7184: pyrimidine deoxyribonucleotides de novo biosynthesis I	11.7032479284
PWY-6936: seleno-amino acid biosynthesis	11.6816670874
GLYCOLYSIS: glycolysis I (from glucose 6-phosphate)	11.6697004579
HOMOSER-METSYN-PWY: L-methionine biosynthesis I	11.6534943126
HOMOSER-METSYN-PWY: L-methionine biosynthesis I|g__Ruminococcus.s__Ruminococcus_bromii	4.1352723663
PWY-5484: glycolysis II (from fructose 6-phosphate)	11.5347556638
PWY-6545: pyrimidine deoxyribonucleotides de novo biosynthesis III	11.4251502543
PWY-5154: L-arginine biosynthesis III (via N-acetyl-L-citrulline)	11.3893566120
P4-PWY: superpathway of L-lysine, L-threonine and L-methionine biosynthesis I	11.3277424388
PYRIDNUCSAL-PWY: NAD salvage pathway I	11.2765532901
PWY-7242: D-fructuronate degradation	11.2136475191
PWY-7242: D-fructuronate degradation|g__Faecalibacterium.s__Faecalibacterium_prausnitzii	4.6020581325
PYRIDOXSYN-PWY: pyridoxal 5'-phosphate biosynthesis I	11.1865573962
PYRIDOXSYN-PWY: pyridoxal 5'-phosphate biosynthesis I|g__Bacteroides.s__Bacteroides_clarus	4.3167850913
PWY-1269: CMP-3-deoxy-D-manno-octulosonate biosynthesis I	11.0848302476
PWY-1269: CMP-3-deoxy-D-manno-octulosonate biosynthesis I|g__Bacteroides.s__Bacteroides_xylanisolvens	2.5308563159
PWY-1269: CMP-3-deoxy-D-manno-octulosonate biosynthesis I|g__Bacteroides.s__Bacteroides_thetaiotaomicron	1.4529604068
PWY-5100: pyruvate fermentation to acetate and lactate II	10.8976097435
PWY-5367: petroselinate biosynthesis	10.6325009162
PYRIDNUCSYN-PWY: NAD biosynthesis I (from aspartate)	10.1492186564
PYRIDNUCSYN-PWY: NAD biosynthesis I (from aspartate)|g__Ruminococcus.s__Ruminococcus_bromii	4.0485143672
HSERMETANA-PWY: L-methionine biosynthesis III	10.1123271644
DAPLYSINESYN-PWY: L-lysine biosynthesis I	9.9885291822
PWY-4242: pantothenate and coenzyme A biosynthesis III	9.9287304911
PWY-5659: GDP-mannose biosynthesis	9.8013600406
PWY-5659: GDP-mannose biosynthesis|g__Bacteroides.s__Bacteroides_ovatus	1.6756874262
PWY-5659: GDP-mannose biosynthesis|g__Bacteroides.s__Bacteroides_xylanisolvens	0.7591175882
PWY-7197: pyrimidine deoxyribonucleotide phosphorylation	9.6288280258
PWY-7210: pyrimidine deoxyribonucleotides biosynthesis from CTP	9.6059642806
PWY-7323: superpathway of GDP-mannose-derived O-antigen building blocks biosynthesis	9.4706108527
PWY-7187: pyrimidine deoxyribonucleotides de novo biosynthesis II	9.4513770604
COBALSYN-PWY: adenosylcobalamin salvage from cobinamide I	9.4132860326
GLUTORN-PWY: L-ornithine biosynthesis	9.3486103195
GLUTORN-PWY: L-ornithine biosynthesis|g__Bifidobacterium.s__Bifidobacterium_longum	2.8136267698
PWY-7198: pyrimidine deoxyribonucleotides de novo biosynthesis IV	9.1962243088
PWY-7220: adenosine deoxyribonucleotides de novo biosynthesis II	9.1502100366
PWY-7222: guanosine deoxyribonucleotides de novo biosynthesis II	9.1502100366
PWY0-1586: peptidoglycan maturation (meso-diaminopimelate containing)	8.9638120891
PWY0-1586: peptidoglycan maturation (meso-diaminopimelate containing)|g__Faecalibacterium.s__Faecalibacterium_prausnitzii	3.3716966846
LACTOSECAT-PWY: lactose and galactose degradation I	8.6419282497
CITRULBIO-PWY: L-citrulline biosynthesis	8.4487610569
GALACT-GLUCUROCAT-PWY: superpathway of hexuronide and hexuronate degradation	8.3619404045
GALACT-GLUCUROCAT-PWY: superpathway of hexuronide and hexuronate degradation|g__Faecalibacterium.s__Faecalibacterium_prausnitzii	3.4956446860
PWY-7539: 6-hydroxymethyl-dihydropterin diphosphate biosynthesis III (Chlamydia)	8.3532242443
PWY-7539: 6-hydroxymethyl-dihydropterin diphosphate biosynthesis III (Chlamydia)|g__Bacteroides.s__Bacteroides_xylanisolvens	2.3857946136
PWY-6471: peptidoglycan biosynthesis IV (Enterococcus faecium)	8.2504910356
OANTIGEN-PWY: O-antigen building blocks biosynthesis (E. coli)	8.1992272544
PWY-4984: urea cycle	7.6154056194
PWY66-400: glycolysis VI (metazoan)	7.3461154140
PWY66-400: glycolysis VI (metazoan)|g__Bacteroides.s__Bacteroides_xylanisolvens	1.3443346682
PWY-5101: L-isoleucine biosynthesis II	6.9195455014
PWY-5188: tetrapyrrole biosynthesis I (from glutamate)	6.8490217716
PWY-5188: tetrapyrrole biosynthesis I (from glutamate)|g__Ruminococcus.s__Ruminococcus_bromii	5.9919523810
GALACTUROCAT-PWY: D-galacturonate degradation I	6.1727767618
GALACTUROCAT-PWY: D-galacturonate degradation I|g__Faecalibacterium.s__Faecalibacterium_prausnitzii	4.5698921689
PWY-6507: 4-deoxy-L-threo-hex-4-enopyranuronate degradation	5.5058267732
PWY-6507: 4-deoxy-L-threo-hex-4-enopyranuronate degradation|g__Faecalibacterium.s__Faecalibacterium_prausnitzii	4.9533926143
RHAMCAT-PWY: L-rhamnose degradation I	5.3683165755
RHAMCAT-PWY: L-rhamnose degradation I|g__Bacteroides.s__Bacteroides_ovatus	1.2093732153
RHAMCAT-PWY: L-rhamnose degradation I|g__Bacteroides.s__Bacteroides_thetaiotaomicron	1.1604032860
UDPNAGSYN-PWY: UDP-N-acetyl-D-glucosamine biosynthesis I	5.1700453414
UDPNAGSYN-PWY: UDP-N-acetyl-D-glucosamine biosynthesis I|g__Streptococcus.s__Streptococcus_thermophilus	2.6462326208
PWY-5177: glutaryl-CoA degradation	4.0070847413
PWY-5177: glutaryl-CoA degradation|g__Faecalibacterium.s__Faecalibacterium_prausnitzii	3.3449716800
PWY-5384: sucrose degradation IV (sucrose phosphorylase)	3.8446725887