# Pathway	ERR480698_Abundance
UNMAPPED	94800.4043780809
UNINTEGRATED	72721.3767772771
UNINTEGRATED|g__Collinsella.s__Collinsella_aerofaciens	38047.4625312158
UNINTEGRATED|g__Blautia.s__Ruminococcus_obeum	14181.8816726887
UNINTEGRATED|g__Blautia.s__Ruminococcus_torques	8995.7236257790
UNINTEGRATED|g__Dorea.s__Dorea_formicigenerans	4499.8708923296
UNINTEGRATED|g__Coprococcus.s__Coprococcus_comes	4359.2938486193
UNINTEGRATED|g__Eubacterium.s__Eubacterium_rectale	2094.2105951259
UNINTEGRATED|g__Streptococcus.s__Streptococcus_thermophilus	2008.3401400252
UNINTEGRATED|g__Dorea.s__Dorea_longicatena	1829.0729450773
UNINTEGRATED|g__Blautia.s__Ruminococcus_gnavus	1568.9763034435
UNINTEGRATED|g__Eubacterium.s__Eubacterium_limosum	1451.1219092814
UNINTEGRATED|g__Lachnospiraceae_noname.s__Lachnospiraceae_bacterium_2_1_58FAA	1248.4537349818
UNINTEGRATED|g__Lachnospiraceae_noname.s__Lachnospiraceae_bacterium_1_4_56FAA	1124.6249107923
UNINTEGRATED|g__Erysipelotrichaceae_noname.s__Clostridium_innocuum	952.1656015838
UNINTEGRATED|g__Ruminococcus.s__Ruminococcus_bromii	732.8563187090
UNINTEGRATED|g__Enterobacter.s__Enterobacter_aerogenes	709.5885529340
UNINTEGRATED|g__Erysipelotrichaceae_noname.s__Eubacterium_cylindroides	699.6005818182
UNINTEGRATED|g__Streptococcus.s__Streptococcus_salivarius	638.9219197322
UNINTEGRATED|g__Adlercreutzia.s__Adlercreutzia_equolifaciens	570.9663112415
UNINTEGRATED|g__Eggerthella.s__Eggerthella_lenta	497.5085009887
PWY-7219: adenosine ribonucleotides de novo biosynthesis	181.1277574170
PWY-7219: adenosine ribonucleotides de novo biosynthesis|g__Collinsella.s__Collinsella_aerofaciens	102.3824958212
PWY-7219: adenosine ribonucleotides de novo biosynthesis|g__Blautia.s__Ruminococcus_obeum	26.0245551321
PWY-7219: adenosine ribonucleotides de novo biosynthesis|g__Blautia.s__Ruminococcus_torques	15.7170046766
PWY-7219: adenosine ribonucleotides de novo biosynthesis|g__Coprococcus.s__Coprococcus_comes	6.3443364682
PWY-7219: adenosine ribonucleotides de novo biosynthesis|g__Dorea.s__Dorea_formicigenerans	3.2835588351
PWY-7219: adenosine ribonucleotides de novo biosynthesis|g__Streptococcus.s__Streptococcus_thermophilus	3.0109694797
PWY-7219: adenosine ribonucleotides de novo biosynthesis|g__Eggerthella.s__Eggerthella_lenta	2.2741263020
PWY-7219: adenosine ribonucleotides de novo biosynthesis|g__Dorea.s__Dorea_longicatena	1.3504001163
PWY-7219: adenosine ribonucleotides de novo biosynthesis|g__Ruminococcus.s__Ruminococcus_bromii	1.2382640203
PWY-7219: adenosine ribonucleotides de novo biosynthesis|g__Erysipelotrichaceae_noname.s__Eubacterium_cylindroides	1.1988280300
PWY-7219: adenosine ribonucleotides de novo biosynthesis|g__Adlercreutzia.s__Adlercreutzia_equolifaciens	1.0074175552
PWY-7219: adenosine ribonucleotides de novo biosynthesis|g__Streptococcus.s__Streptococcus_salivarius	0.7852375344
PWY-7219: adenosine ribonucleotides de novo biosynthesis|g__Eubacterium.s__Eubacterium_limosum	0.7725154816
PWY-6122: 5-aminoimidazole ribonucleotide biosynthesis II	146.8553530678
PWY-6122: 5-aminoimidazole ribonucleotide biosynthesis II|g__Collinsella.s__Collinsella_aerofaciens	83.0510359494
PWY-6122: 5-aminoimidazole ribonucleotide biosynthesis II|g__Blautia.s__Ruminococcus_torques	19.3766790771
PWY-6122: 5-aminoimidazole ribonucleotide biosynthesis II|g__Blautia.s__Ruminococcus_obeum	7.5114975739
PWY-6122: 5-aminoimidazole ribonucleotide biosynthesis II|g__Coprococcus.s__Coprococcus_comes	4.1615836676
PWY-6122: 5-aminoimidazole ribonucleotide biosynthesis II|g__Dorea.s__Dorea_formicigenerans	3.0529469884
PWY-6122: 5-aminoimidazole ribonucleotide biosynthesis II|g__Adlercreutzia.s__Adlercreutzia_equolifaciens	1.8406204146
PWY-6122: 5-aminoimidazole ribonucleotide biosynthesis II|g__Streptococcus.s__Streptococcus_thermophilus	1.8143470537
PWY-6122: 5-aminoimidazole ribonucleotide biosynthesis II|g__Eubacterium.s__Eubacterium_limosum	1.4733917091
PWY-6122: 5-aminoimidazole ribonucleotide biosynthesis II|g__Dorea.s__Dorea_longicatena	1.3642010307
PWY-6122: 5-aminoimidazole ribonucleotide biosynthesis II|g__Lachnospiraceae_noname.s__Lachnospiraceae_bacterium_1_4_56FAA	1.2311480456
PWY-6277: superpathway of 5-aminoimidazole ribonucleotide biosynthesis	146.8553530678
PWY-6277: superpathway of 5-aminoimidazole ribonucleotide biosynthesis|g__Collinsella.s__Collinsella_aerofaciens	83.0510359494
PWY-6277: superpathway of 5-aminoimidazole ribonucleotide biosynthesis|g__Blautia.s__Ruminococcus_torques	19.3766790771
PWY-6277: superpathway of 5-aminoimidazole ribonucleotide biosynthesis|g__Blautia.s__Ruminococcus_obeum	7.5114975739
PWY-6277: superpathway of 5-aminoimidazole ribonucleotide biosynthesis|g__Coprococcus.s__Coprococcus_comes	4.1615836676
PWY-6277: superpathway of 5-aminoimidazole ribonucleotide biosynthesis|g__Dorea.s__Dorea_formicigenerans	3.0529469884
PWY-6277: superpathway of 5-aminoimidazole ribonucleotide biosynthesis|g__Adlercreutzia.s__Adlercreutzia_equolifaciens	1.8406204146
PWY-6277: superpathway of 5-aminoimidazole ribonucleotide biosynthesis|g__Streptococcus.s__Streptococcus_thermophilus	1.8143470537
PWY-6277: superpathway of 5-aminoimidazole ribonucleotide biosynthesis|g__Eubacterium.s__Eubacterium_limosum	1.4733917091
PWY-6277: superpathway of 5-aminoimidazole ribonucleotide biosynthesis|g__Dorea.s__Dorea_longicatena	1.3642010307
PWY-6277: superpathway of 5-aminoimidazole ribonucleotide biosynthesis|g__Lachnospiraceae_noname.s__Lachnospiraceae_bacterium_1_4_56FAA	1.2311480456
PWY-6151: S-adenosyl-L-methionine cycle I	137.3335205695
PWY-6151: S-adenosyl-L-methionine cycle I|g__Collinsella.s__Collinsella_aerofaciens	66.9731078457
PWY-6151: S-adenosyl-L-methionine cycle I|g__Blautia.s__Ruminococcus_obeum	10.3658651884
PWY-6151: S-adenosyl-L-methionine cycle I|g__Dorea.s__Dorea_longicatena	4.5732831792
PWY-6151: S-adenosyl-L-methionine cycle I|g__Coprococcus.s__Coprococcus_comes	3.9686134425
PWY-6151: S-adenosyl-L-methionine cycle I|g__Streptococcus.s__Streptococcus_thermophilus	3.5248817335
PWY-4981: L-proline biosynthesis II (from arginine)	128.1726779862
PWY-4981: L-proline biosynthesis II (from arginine)|g__Collinsella.s__Collinsella_aerofaciens	79.5702109111
PWY-4981: L-proline biosynthesis II (from arginine)|g__Eubacterium.s__Eubacterium_limosum	1.7605298899
PWY-6737: starch degradation V	126.5525291652
PWY-6737: starch degradation V|g__Collinsella.s__Collinsella_aerofaciens	85.1799190400
PWY-6737: starch degradation V|g__Blautia.s__Ruminococcus_obeum	12.7322031045
PWY-6737: starch degradation V|g__Blautia.s__Ruminococcus_torques	11.9063429308
PWY-6737: starch degradation V|g__Coprococcus.s__Coprococcus_comes	4.2074690427
PWY-6737: starch degradation V|g__Dorea.s__Dorea_formicigenerans	3.0815602836
PWY-6737: starch degradation V|g__Dorea.s__Dorea_longicatena	1.8807602227
PWY-6737: starch degradation V|g__Blautia.s__Ruminococcus_gnavus	0.8396305626
PWY-6121: 5-aminoimidazole ribonucleotide biosynthesis I	114.2291070064
PWY-6121: 5-aminoimidazole ribonucleotide biosynthesis I|g__Collinsella.s__Collinsella_aerofaciens	56.8432764120
PWY-6121: 5-aminoimidazole ribonucleotide biosynthesis I|g__Blautia.s__Ruminococcus_torques	17.6446195900
PWY-6121: 5-aminoimidazole ribonucleotide biosynthesis I|g__Blautia.s__Ruminococcus_obeum	8.0200542709
PWY-6121: 5-aminoimidazole ribonucleotide biosynthesis I|g__Coprococcus.s__Coprococcus_comes	4.0352984303
PWY-6121: 5-aminoimidazole ribonucleotide biosynthesis I|g__Dorea.s__Dorea_formicigenerans	2.5693002967
PWY-6121: 5-aminoimidazole ribonucleotide biosynthesis I|g__Streptococcus.s__Streptococcus_thermophilus	1.8459381005
PWY-6121: 5-aminoimidazole ribonucleotide biosynthesis I|g__Dorea.s__Dorea_longicatena	1.6035628313
PWY-6386: UDP-N-acetylmuramoyl-pentapeptide biosynthesis II (lysine-containing)	110.4902440830
PWY-6386: UDP-N-acetylmuramoyl-pentapeptide biosynthesis II (lysine-containing)|g__Collinsella.s__Collinsella_aerofaciens	59.9238911898
PWY-6386: UDP-N-acetylmuramoyl-pentapeptide biosynthesis II (lysine-containing)|g__Blautia.s__Ruminococcus_torques	10.7741682593
PWY-6386: UDP-N-acetylmuramoyl-pentapeptide biosynthesis II (lysine-containing)|g__Blautia.s__Ruminococcus_obeum	5.9175418692
PWY-6386: UDP-N-acetylmuramoyl-pentapeptide biosynthesis II (lysine-containing)|g__Coprococcus.s__Coprococcus_comes	2.5523307231
PWY-6386: UDP-N-acetylmuramoyl-pentapeptide biosynthesis II (lysine-containing)|g__Streptococcus.s__Streptococcus_thermophilus	2.0139773170
PWY-5686: UMP biosynthesis	107.7558587397
PWY-5686: UMP biosynthesis|g__Collinsella.s__Collinsella_aerofaciens	67.0154251397
PWY-5686: UMP biosynthesis|g__Coprococcus.s__Coprococcus_comes	2.3558153516
PEPTIDOGLYCANSYN-PWY: peptidoglycan biosynthesis I (meso-diaminopimelate containing)	103.5644867544
PEPTIDOGLYCANSYN-PWY: peptidoglycan biosynthesis I (meso-diaminopimelate containing)|g__Collinsella.s__Collinsella_aerofaciens	54.6928030967
PEPTIDOGLYCANSYN-PWY: peptidoglycan biosynthesis I (meso-diaminopimelate containing)|g__Blautia.s__Ruminococcus_torques	10.3957696425
PEPTIDOGLYCANSYN-PWY: peptidoglycan biosynthesis I (meso-diaminopimelate containing)|g__Blautia.s__Ruminococcus_obeum	3.2308368219
PEPTIDOGLYCANSYN-PWY: peptidoglycan biosynthesis I (meso-diaminopimelate containing)|g__Coprococcus.s__Coprococcus_comes	2.6250338602
PWY-6387: UDP-N-acetylmuramoyl-pentapeptide biosynthesis I (meso-diaminopimelate containing)	98.0465620107
PWY-6387: UDP-N-acetylmuramoyl-pentapeptide biosynthesis I (meso-diaminopimelate containing)|g__Collinsella.s__Collinsella_aerofaciens	50.8406258861
PWY-6387: UDP-N-acetylmuramoyl-pentapeptide biosynthesis I (meso-diaminopimelate containing)|g__Blautia.s__Ruminococcus_torques	10.1006056861
PWY-6387: UDP-N-acetylmuramoyl-pentapeptide biosynthesis I (meso-diaminopimelate containing)|g__Blautia.s__Ruminococcus_obeum	2.6875449658
PWY-6387: UDP-N-acetylmuramoyl-pentapeptide biosynthesis I (meso-diaminopimelate containing)|g__Coprococcus.s__Coprococcus_comes	2.5014207369
ARO-PWY: chorismate biosynthesis I	83.4251481969
ARO-PWY: chorismate biosynthesis I|g__Blautia.s__Ruminococcus_torques	11.5454760226
ARO-PWY: chorismate biosynthesis I|g__Blautia.s__Ruminococcus_obeum	11.1650603833
PWY-5667: CDP-diacylglycerol biosynthesis I	81.2952171665
PWY-5667: CDP-diacylglycerol biosynthesis I|g__Blautia.s__Ruminococcus_torques	10.6341841243
PWY-5667: CDP-diacylglycerol biosynthesis I|g__Dorea.s__Dorea_formicigenerans	3.5827733062
PWY-5667: CDP-diacylglycerol biosynthesis I|g__Coprococcus.s__Coprococcus_comes	2.1738042258
PWY-5667: CDP-diacylglycerol biosynthesis I|g__Dorea.s__Dorea_longicatena	1.2113870382
PWY0-1319: CDP-diacylglycerol biosynthesis II	81.2952171665
PWY0-1319: CDP-diacylglycerol biosynthesis II|g__Blautia.s__Ruminococcus_torques	10.6341841243
PWY0-1319: CDP-diacylglycerol biosynthesis II|g__Dorea.s__Dorea_formicigenerans	3.5827733062
PWY0-1319: CDP-diacylglycerol biosynthesis II|g__Coprococcus.s__Coprococcus_comes	2.1738042258
PWY0-1319: CDP-diacylglycerol biosynthesis II|g__Dorea.s__Dorea_longicatena	1.2113870382
PWY-6147: 6-hydroxymethyl-dihydropterin diphosphate biosynthesis I	80.1492521766
PWY-6147: 6-hydroxymethyl-dihydropterin diphosphate biosynthesis I|g__Collinsella.s__Collinsella_aerofaciens	47.2499771609
PWY-6163: chorismate biosynthesis from 3-dehydroquinate	79.3836605521
PWY-6163: chorismate biosynthesis from 3-dehydroquinate|g__Blautia.s__Ruminococcus_torques	13.8339583552
PWY-6163: chorismate biosynthesis from 3-dehydroquinate|g__Blautia.s__Ruminococcus_obeum	10.1687822378
COA-PWY-1: coenzyme A biosynthesis II (mammalian)	74.6688498812
COA-PWY-1: coenzyme A biosynthesis II (mammalian)|g__Blautia.s__Ruminococcus_torques	16.0791366338
COA-PWY-1: coenzyme A biosynthesis II (mammalian)|g__Blautia.s__Ruminococcus_obeum	8.1063366017
COA-PWY-1: coenzyme A biosynthesis II (mammalian)|g__Coprococcus.s__Coprococcus_comes	3.0092484011
COA-PWY-1: coenzyme A biosynthesis II (mammalian)|g__Dorea.s__Dorea_formicigenerans	2.9271129158
COA-PWY-1: coenzyme A biosynthesis II (mammalian)|g__Blautia.s__Ruminococcus_gnavus	1.6899028306
HISTSYN-PWY: L-histidine biosynthesis	74.6436473438
NONMEVIPP-PWY: methylerythritol phosphate pathway I	72.5978946460
NONMEVIPP-PWY: methylerythritol phosphate pathway I|g__Blautia.s__Ruminococcus_torques	13.8748560733
NONMEVIPP-PWY: methylerythritol phosphate pathway I|g__Blautia.s__Ruminococcus_obeum	7.6931237452
COMPLETE-ARO-PWY: superpathway of aromatic amino acid biosynthesis	71.6858391754
COMPLETE-ARO-PWY: superpathway of aromatic amino acid biosynthesis|g__Blautia.s__Ruminococcus_obeum	12.1921001970
COMPLETE-ARO-PWY: superpathway of aromatic amino acid biosynthesis|g__Blautia.s__Ruminococcus_torques	12.1025228927
PWY-7221: guanosine ribonucleotides de novo biosynthesis	71.0914308797
PWY-7221: guanosine ribonucleotides de novo biosynthesis|g__Blautia.s__Ruminococcus_obeum	12.6325984418
PWY-7221: guanosine ribonucleotides de novo biosynthesis|g__Streptococcus.s__Streptococcus_thermophilus	6.2243909839
PWY-7221: guanosine ribonucleotides de novo biosynthesis|g__Coprococcus.s__Coprococcus_comes	4.2755451494
PWY-7111: pyruvate fermentation to isobutanol (engineered)	59.7479650623
PWY-7111: pyruvate fermentation to isobutanol (engineered)|g__Blautia.s__Ruminococcus_torques	14.1976363166
PWY-7111: pyruvate fermentation to isobutanol (engineered)|g__Blautia.s__Ruminococcus_obeum	12.3191481120
PWY-7111: pyruvate fermentation to isobutanol (engineered)|g__Dorea.s__Dorea_formicigenerans	4.4114430304
PWY-7111: pyruvate fermentation to isobutanol (engineered)|g__Coprococcus.s__Coprococcus_comes	2.8480897999
PWY-7111: pyruvate fermentation to isobutanol (engineered)|g__Erysipelotrichaceae_noname.s__Eubacterium_cylindroides	1.7057883412
PWY-7111: pyruvate fermentation to isobutanol (engineered)|g__Ruminococcus.s__Ruminococcus_bromii	1.2555236404
PWY-7111: pyruvate fermentation to isobutanol (engineered)|g__Dorea.s__Dorea_longicatena	0.9826185793
PWY-7111: pyruvate fermentation to isobutanol (engineered)|g__Eubacterium.s__Eubacterium_limosum	0.9494833866
PWY-7111: pyruvate fermentation to isobutanol (engineered)|g__Blautia.s__Ruminococcus_gnavus	0.8351559740
ILEUSYN-PWY: L-isoleucine biosynthesis I (from threonine)	52.1776958172
ILEUSYN-PWY: L-isoleucine biosynthesis I (from threonine)|g__Blautia.s__Ruminococcus_obeum	12.3312047836
ILEUSYN-PWY: L-isoleucine biosynthesis I (from threonine)|g__Dorea.s__Dorea_formicigenerans	1.6909026823
ILEUSYN-PWY: L-isoleucine biosynthesis I (from threonine)|g__Eubacterium.s__Eubacterium_limosum	1.2983567870
VALSYN-PWY: L-valine biosynthesis	52.1776958172
VALSYN-PWY: L-valine biosynthesis|g__Blautia.s__Ruminococcus_torques	14.1976363166
VALSYN-PWY: L-valine biosynthesis|g__Blautia.s__Ruminococcus_obeum	12.3312047836
VALSYN-PWY: L-valine biosynthesis|g__Dorea.s__Dorea_formicigenerans	1.6909026823
VALSYN-PWY: L-valine biosynthesis|g__Coprococcus.s__Coprococcus_comes	1.6480678411
VALSYN-PWY: L-valine biosynthesis|g__Streptococcus.s__Streptococcus_thermophilus	1.5438775557
VALSYN-PWY: L-valine biosynthesis|g__Erysipelotrichaceae_noname.s__Eubacterium_cylindroides	1.3932803836
VALSYN-PWY: L-valine biosynthesis|g__Eubacterium.s__Eubacterium_limosum	1.2983567870
VALSYN-PWY: L-valine biosynthesis|g__Ruminococcus.s__Ruminococcus_bromii	1.2555236404
VALSYN-PWY: L-valine biosynthesis|g__Dorea.s__Dorea_longicatena	0.9826185793
PWY-5097: L-lysine biosynthesis VI	46.0799341354
PWY-5097: L-lysine biosynthesis VI|g__Blautia.s__Ruminococcus_obeum	10.4432799894
PWY-5097: L-lysine biosynthesis VI|g__Blautia.s__Ruminococcus_torques	4.0593223353
PWY-2942: L-lysine biosynthesis III	44.9191931850
PWY-2942: L-lysine biosynthesis III|g__Blautia.s__Ruminococcus_obeum	15.2824800484
PWY-2942: L-lysine biosynthesis III|g__Blautia.s__Ruminococcus_torques	3.5814114404
CALVIN-PWY: Calvin-Benson-Bassham cycle	41.8695222540
PWY-1042: glycolysis IV (plant cytosol)	41.8594592036
PWY-1042: glycolysis IV (plant cytosol)|g__Blautia.s__Ruminococcus_torques	7.7302994784
PWY-724: superpathway of L-lysine, L-threonine and L-methionine biosynthesis II	41.5403651243
PWY-7400: L-arginine biosynthesis IV (archaebacteria)	40.5401302903
PWY0-1296: purine ribonucleosides degradation	40.0359460852
PWY0-1296: purine ribonucleosides degradation|g__Blautia.s__Ruminococcus_obeum	15.8565445408
PWY0-1296: purine ribonucleosides degradation|g__Blautia.s__Ruminococcus_torques	7.5852435578
PWY0-1296: purine ribonucleosides degradation|g__Dorea.s__Dorea_longicatena	4.5857034945
PWY0-1296: purine ribonucleosides degradation|g__Dorea.s__Dorea_formicigenerans	2.0150181246
PWY0-1296: purine ribonucleosides degradation|g__Erysipelotrichaceae_noname.s__Clostridium_innocuum	1.1641443539
PWY0-1296: purine ribonucleosides degradation|g__Lachnospiraceae_noname.s__Lachnospiraceae_bacterium_2_1_58FAA	1.1252210256
PWY66-422: D-galactose degradation V (Leloir pathway)	38.7738729339
PWY66-422: D-galactose degradation V (Leloir pathway)|g__Blautia.s__Ruminococcus_obeum	14.0308056594
ARGSYN-PWY: L-arginine biosynthesis I (via L-ornithine)	36.6965940511
PWY-2941: L-lysine biosynthesis II	36.0845025894
PWY-7229: superpathway of adenosine nucleotides de novo biosynthesis I	33.0552199332
PWY-7229: superpathway of adenosine nucleotides de novo biosynthesis I|g__Streptococcus.s__Streptococcus_thermophilus	3.3577877743
PANTO-PWY: phosphopantothenate biosynthesis I	32.0056260160
PANTO-PWY: phosphopantothenate biosynthesis I|g__Blautia.s__Ruminococcus_torques	5.6804488214
PANTO-PWY: phosphopantothenate biosynthesis I|g__Blautia.s__Ruminococcus_gnavus	2.0817517202
PANTO-PWY: phosphopantothenate biosynthesis I|g__Lachnospiraceae_noname.s__Lachnospiraceae_bacterium_2_1_58FAA	1.8433885080
PWY-6317: galactose degradation I (Leloir pathway)	30.7103919277
PWY-6317: galactose degradation I (Leloir pathway)|g__Blautia.s__Ruminococcus_obeum	11.1310223300
NONOXIPENT-PWY: pentose phosphate pathway (non-oxidative branch)	29.9192175486
NONOXIPENT-PWY: pentose phosphate pathway (non-oxidative branch)|g__Blautia.s__Ruminococcus_obeum	14.0123552059
NONOXIPENT-PWY: pentose phosphate pathway (non-oxidative branch)|g__Erysipelotrichaceae_noname.s__Eubacterium_cylindroides	3.2790918091
NONOXIPENT-PWY: pentose phosphate pathway (non-oxidative branch)|g__Lachnospiraceae_noname.s__Lachnospiraceae_bacterium_2_1_58FAA	1.2899064818
PWY-3001: superpathway of L-isoleucine biosynthesis I	29.5425027508
THRESYN-PWY: superpathway of L-threonine biosynthesis	28.9582573758
GLYCOGENSYNTH-PWY: glycogen biosynthesis I (from ADP-D-Glucose)	28.6871852254
GLYCOGENSYNTH-PWY: glycogen biosynthesis I (from ADP-D-Glucose)|g__Blautia.s__Ruminococcus_obeum	16.4420263364
BRANCHED-CHAIN-AA-SYN-PWY: superpathway of branched amino acid biosynthesis	26.4842252581
BRANCHED-CHAIN-AA-SYN-PWY: superpathway of branched amino acid biosynthesis|g__Blautia.s__Ruminococcus_obeum	11.7650834278
BRANCHED-CHAIN-AA-SYN-PWY: superpathway of branched amino acid biosynthesis|g__Eubacterium.s__Eubacterium_limosum	1.0148539585
SER-GLYSYN-PWY: superpathway of L-serine and glycine biosynthesis I	26.4485544968
SER-GLYSYN-PWY: superpathway of L-serine and glycine biosynthesis I|g__Dorea.s__Dorea_formicigenerans	1.6697397665
PWY-5103: L-isoleucine biosynthesis III	25.5818003178
PWY-5103: L-isoleucine biosynthesis III|g__Blautia.s__Ruminococcus_obeum	11.7628866802
PWY-5103: L-isoleucine biosynthesis III|g__Eubacterium.s__Eubacterium_limosum	0.9597265604
PWY-6700: queuosine biosynthesis	25.1952902544
PWY-6700: queuosine biosynthesis|g__Blautia.s__Ruminococcus_torques	7.6943227606
PWY-6270: isoprene biosynthesis I	23.9591836217
DTDPRHAMSYN-PWY: dTDP-L-rhamnose biosynthesis I	23.7212588687
DTDPRHAMSYN-PWY: dTDP-L-rhamnose biosynthesis I|g__Blautia.s__Ruminococcus_obeum	10.9802990429
PWY-6126: superpathway of adenosine nucleotides de novo biosynthesis II	23.5620298306
GLCMANNANAUT-PWY: superpathway of N-acetylglucosamine, N-acetylmannosamine and N-acetylneuraminate degradation	21.8654450479
GLCMANNANAUT-PWY: superpathway of N-acetylglucosamine, N-acetylmannosamine and N-acetylneuraminate degradation|g__Blautia.s__Ruminococcus_torques	3.5026343216
GLCMANNANAUT-PWY: superpathway of N-acetylglucosamine, N-acetylmannosamine and N-acetylneuraminate degradation|g__Dorea.s__Dorea_formicigenerans	2.4561778758
PWY-7560: methylerythritol phosphate pathway II	21.6615870647
PWY-621: sucrose degradation III (sucrose invertase)	19.6103736735
PWY-621: sucrose degradation III (sucrose invertase)|g__Blautia.s__Ruminococcus_obeum	14.7388807612
PWY-621: sucrose degradation III (sucrose invertase)|g__Eubacterium.s__Eubacterium_rectale	0.8795074758
PWY-7228: superpathway of guanosine nucleotides de novo biosynthesis I	19.3207302133
PWY-7228: superpathway of guanosine nucleotides de novo biosynthesis I|g__Streptococcus.s__Streptococcus_thermophilus	5.7325417412
PWY-5101: L-isoleucine biosynthesis II	18.1068360405
ARGSYNBSUB-PWY: L-arginine biosynthesis II (acetyl cycle)	17.0075531281
ANAGLYCOLYSIS-PWY: glycolysis III (from glucose)	16.5754304117
PWY-6125: superpathway of guanosine nucleotides de novo biosynthesis II	16.4272598069
PWY-7208: superpathway of pyrimidine nucleobases salvage	15.5469679118
PWY-7208: superpathway of pyrimidine nucleobases salvage|g__Streptococcus.s__Streptococcus_thermophilus	3.0180327451
PWY-5188: tetrapyrrole biosynthesis I (from glutamate)	15.2710821705
PWY-5188: tetrapyrrole biosynthesis I (from glutamate)|g__Blautia.s__Ruminococcus_obeum	8.8057570244
PWY-5188: tetrapyrrole biosynthesis I (from glutamate)|g__Eubacterium.s__Eubacterium_limosum	1.3549291549
PWY-7117: C4 photosynthetic carbon assimilation cycle, PEPCK type	14.9336205592
PWY-5913: TCA cycle VI (obligate autotrophs)	14.0354237548
PWY0-166: superpathway of pyrimidine deoxyribonucleotides de novo biosynthesis (E. coli)	13.8576218565
PWY-6936: seleno-amino acid biosynthesis	13.7813762553
PWY-6936: seleno-amino acid biosynthesis|g__Dorea.s__Dorea_longicatena	2.6206949149
TRPSYN-PWY: L-tryptophan biosynthesis	13.7435873446
PWY-6305: putrescine biosynthesis IV	13.7277526016
PWY-6305: putrescine biosynthesis IV|g__Blautia.s__Ruminococcus_obeum	13.7277526016
PWY-6545: pyrimidine deoxyribonucleotides de novo biosynthesis III	12.9337019881
PWY0-1297: superpathway of purine deoxyribonucleosides degradation	12.7560984280
PWY-7184: pyrimidine deoxyribonucleotides de novo biosynthesis I	12.6026692120
PANTOSYN-PWY: pantothenate and coenzyme A biosynthesis I	11.7627197524
PWY-7220: adenosine deoxyribonucleotides de novo biosynthesis II	10.9460017690
PWY-7222: guanosine deoxyribonucleotides de novo biosynthesis II	10.9460017690
METSYN-PWY: L-homoserine and L-methionine biosynthesis	10.4651991928
PWY-7187: pyrimidine deoxyribonucleotides de novo biosynthesis II	10.3397126510
MET-SAM-PWY: superpathway of S-adenosyl-L-methionine biosynthesis	9.9794799414
GLUTORN-PWY: L-ornithine biosynthesis	9.9245806705
PWY-5347: superpathway of L-methionine biosynthesis (transsulfuration)	9.8377653460
PWY-6609: adenine and adenosine salvage III	9.5415952171
PWY-6609: adenine and adenosine salvage III|g__Streptococcus.s__Streptococcus_salivarius	1.5776075784
PWY-6609: adenine and adenosine salvage III|g__Lachnospiraceae_noname.s__Lachnospiraceae_bacterium_2_1_58FAA	1.2055455093
PYRIDNUCSYN-PWY: NAD biosynthesis I (from aspartate)	9.1075927289
PWY-7197: pyrimidine deoxyribonucleotide phosphorylation	8.6736724315
PWY-7197: pyrimidine deoxyribonucleotide phosphorylation|g__Streptococcus.s__Streptococcus_thermophilus	4.4991347104
ANAEROFRUCAT-PWY: homolactic fermentation	8.5746203332
FERMENTATION-PWY: mixed acid fermentation	8.5415738288
PWY0-162: superpathway of pyrimidine ribonucleotides de novo biosynthesis	7.2712715171
PWY-1861: formaldehyde assimilation II (RuMP Cycle)	7.0801462275
COA-PWY: coenzyme A biosynthesis I	6.7355341680
PWY-7199: pyrimidine deoxyribonucleosides salvage	6.4720826078
PWY-5100: pyruvate fermentation to acetate and lactate II	6.4342290221
PWY-5100: pyruvate fermentation to acetate and lactate II|g__Blautia.s__Ruminococcus_torques	2.0545923556
PWY-5100: pyruvate fermentation to acetate and lactate II|g__Erysipelotrichaceae_noname.s__Eubacterium_cylindroides	1.1330017269
PWY-7196: superpathway of pyrimidine ribonucleosides salvage	6.3463932431
OANTIGEN-PWY: O-antigen building blocks biosynthesis (E. coli)	6.0276047103
HOMOSER-METSYN-PWY: L-methionine biosynthesis I	5.9361344842
PWY-6385: peptidoglycan biosynthesis III (mycobacteria)	5.4275449068
PWY-5973: cis-vaccenate biosynthesis	5.2040695323
PWY-7357: thiamin formation from pyrithiamine and oxythiamine (yeast)	4.8915352789
PWY66-400: glycolysis VI (metazoan)	4.8909881878
PWY-6123: inosine-5'-phosphate biosynthesis I	4.7048056550
HSERMETANA-PWY: L-methionine biosynthesis III	4.6577820834
GLYCOLYSIS: glycolysis I (from glucose 6-phosphate)	4.6162554718
PWY-6527: stachyose degradation	4.4890974011
PWY-5659: GDP-mannose biosynthesis	4.2305861101
PWY-7663: gondoate biosynthesis (anaerobic)	4.2006361674
PWY-5484: glycolysis II (from fructose 6-phosphate)	4.1659877157
PWY-6471: peptidoglycan biosynthesis IV (Enterococcus faecium)	4.0310460623
P441-PWY: superpathway of N-acetylneuraminate degradation	3.9831865037
PWY-6124: inosine-5'-phosphate biosynthesis II	3.9653902952
PWY-6124: inosine-5'-phosphate biosynthesis II|g__Streptococcus.s__Streptococcus_thermophilus	2.2846797088
ASPASN-PWY: superpathway of L-aspartate and L-asparagine biosynthesis	3.7874029987
UDPNAGSYN-PWY: UDP-N-acetyl-D-glucosamine biosynthesis I	3.7673618221
UDPNAGSYN-PWY: UDP-N-acetyl-D-glucosamine biosynthesis I|g__Streptococcus.s__Streptococcus_thermophilus	1.1090485737
THISYNARA-PWY: superpathway of thiamin diphosphate biosynthesis III (eukaryotes)	2.7049415715
PWY-841: superpathway of purine nucleotides de novo biosynthesis I	2.4502815970
PWY-6703: preQ0 biosynthesis	2.4310153743
DENOVOPURINE2-PWY: superpathway of purine nucleotides de novo biosynthesis II	2.4135760080
PWY-6507: 4-deoxy-L-threo-hex-4-enopyranuronate degradation	2.3597061509
GLUCONEO-PWY: gluconeogenesis I	2.3458287140
PENTOSE-P-PWY: pentose phosphate pathway	2.3061861152
PWY0-1586: peptidoglycan maturation (meso-diaminopimelate containing)	2.0589970382
PWY-7242: D-fructuronate degradation	1.9641909522
PWY-5189: tetrapyrrole biosynthesis II (from glycine)	1.3526205591
PWY-5189: tetrapyrrole biosynthesis II (from glycine)|g__Blautia.s__Ruminococcus_obeum	1.2957787558
PWY0-1298: superpathway of pyrimidine deoxyribonucleosides degradation	1.3017021972
P161-PWY: acetylene degradation	1.2868185455
PWY-4041: &gamma;-glutamyl cycle	1.2280932784
PWY-4041: &gamma;-glutamyl cycle|g__Enterobacter.s__Enterobacter_aerogenes	0.6993006993
PWY-241: C4 photosynthetic carbon assimilation cycle, NADP-ME type	1.0772186302
PWY-5695: urate biosynthesis/inosine 5'-phosphate degradation	0.8851825437
PPGPPMET-PWY: ppGpp biosynthesis	0.7871751487
SALVADEHYPOX-PWY: adenosine nucleotides degradation II	0.7231067325