# Pathway	ERR480528_Abundance
UNMAPPED	147595.5358457722
UNINTEGRATED	52391.6789299564
UNINTEGRATED|g__Akkermansia.s__Akkermansia_muciniphila	21816.0208630110
UNINTEGRATED|g__Bacteroides.s__Bacteroides_vulgatus	5983.3240245409
UNINTEGRATED|g__Bifidobacterium.s__Bifidobacterium_longum	3358.7110805300
UNINTEGRATED|g__Faecalibacterium.s__Faecalibacterium_prausnitzii	3045.3069577543
UNINTEGRATED|g__Methanobrevibacter.s__Methanobrevibacter_smithii	2112.8803652186
UNINTEGRATED|g__Parabacteroides.s__Parabacteroides_distasonis	2023.4332564737
UNINTEGRATED|g__Bacteroides.s__Bacteroides_fragilis	1843.0933048766
UNINTEGRATED|g__Ruminococcus.s__Ruminococcus_bromii	1665.7484016422
UNINTEGRATED|g__Coriobacteriaceae_noname.s__Coriobacteriaceae_bacterium_phI	1587.9113366189
UNINTEGRATED|g__Dorea.s__Dorea_longicatena	1481.0800116975
UNINTEGRATED|g__Blautia.s__Ruminococcus_obeum	1442.1672448045
UNINTEGRATED|g__Barnesiella.s__Barnesiella_intestinihominis	1155.6775522188
UNINTEGRATED|g__Bifidobacterium.s__Bifidobacterium_adolescentis	1076.5405527462
UNINTEGRATED|g__Bacteroides.s__Bacteroides_uniformis	818.2260069279
UNINTEGRATED|g__Erysipelotrichaceae_noname.s__Eubacterium_cylindroides	790.7201793343
UNINTEGRATED|g__Bacteroides.s__Bacteroides_caccae	738.2193084300
UNINTEGRATED|g__Eubacterium.s__Eubacterium_eligens	458.0215977262
UNINTEGRATED|g__Bacteroides.s__Bacteroides_thetaiotaomicron	455.0423394572
UNINTEGRATED|g__Ruminococcus.s__Ruminococcus_lactaris	441.9584784257
UNINTEGRATED|g__Coprococcus.s__Coprococcus_catus	309.4192468521
UNINTEGRATED|g__Lachnospiraceae_noname.s__Lachnospiraceae_bacterium_1_1_57FAA	256.9598937801
COA-PWY-1: coenzyme A biosynthesis II (mammalian)	90.0772610896
COA-PWY-1: coenzyme A biosynthesis II (mammalian)|g__Akkermansia.s__Akkermansia_muciniphila	52.9933993028
COA-PWY-1: coenzyme A biosynthesis II (mammalian)|g__Bacteroides.s__Bacteroides_vulgatus	4.9778282657
PWY-7219: adenosine ribonucleotides de novo biosynthesis	88.6316225418
PWY-7219: adenosine ribonucleotides de novo biosynthesis|g__Akkermansia.s__Akkermansia_muciniphila	43.3007541402
PWY-7219: adenosine ribonucleotides de novo biosynthesis|g__Bacteroides.s__Bacteroides_vulgatus	9.6061119521
PWY-7219: adenosine ribonucleotides de novo biosynthesis|g__Coriobacteriaceae_noname.s__Coriobacteriaceae_bacterium_phI	6.5567148433
PWY-7219: adenosine ribonucleotides de novo biosynthesis|g__Methanobrevibacter.s__Methanobrevibacter_smithii	4.1891622624
PWY-7219: adenosine ribonucleotides de novo biosynthesis|g__Erysipelotrichaceae_noname.s__Eubacterium_cylindroides	3.4232237250
PWY-7219: adenosine ribonucleotides de novo biosynthesis|g__Bifidobacterium.s__Bifidobacterium_adolescentis	2.9517337193
PWY-7219: adenosine ribonucleotides de novo biosynthesis|g__Ruminococcus.s__Ruminococcus_bromii	2.5488273980
PWY-7219: adenosine ribonucleotides de novo biosynthesis|g__Barnesiella.s__Barnesiella_intestinihominis	1.9735400116
PWY-7219: adenosine ribonucleotides de novo biosynthesis|g__Parabacteroides.s__Parabacteroides_distasonis	1.8813282543
PWY-7219: adenosine ribonucleotides de novo biosynthesis|g__Coprococcus.s__Coprococcus_catus	1.6255238898
PWY-7219: adenosine ribonucleotides de novo biosynthesis|g__Faecalibacterium.s__Faecalibacterium_prausnitzii	1.4134605604
PWY-7219: adenosine ribonucleotides de novo biosynthesis|g__Bacteroides.s__Bacteroides_uniformis	1.1912907178
PWY-7219: adenosine ribonucleotides de novo biosynthesis|g__Bacteroides.s__Bacteroides_fragilis	1.0019723211
PWY0-1586: peptidoglycan maturation (meso-diaminopimelate containing)	76.2864613980
PWY0-1586: peptidoglycan maturation (meso-diaminopimelate containing)|g__Akkermansia.s__Akkermansia_muciniphila	59.8592744599
ILEUSYN-PWY: L-isoleucine biosynthesis I (from threonine)	71.5711795481
ILEUSYN-PWY: L-isoleucine biosynthesis I (from threonine)|g__Akkermansia.s__Akkermansia_muciniphila	28.7206203830
ILEUSYN-PWY: L-isoleucine biosynthesis I (from threonine)|g__Methanobrevibacter.s__Methanobrevibacter_smithii	8.2698053607
ILEUSYN-PWY: L-isoleucine biosynthesis I (from threonine)|g__Faecalibacterium.s__Faecalibacterium_prausnitzii	5.2328557948
ILEUSYN-PWY: L-isoleucine biosynthesis I (from threonine)|g__Bifidobacterium.s__Bifidobacterium_longum	2.1170945180
PWY-7111: pyruvate fermentation to isobutanol (engineered)	71.5711795481
PWY-7111: pyruvate fermentation to isobutanol (engineered)|g__Akkermansia.s__Akkermansia_muciniphila	23.1670140008
PWY-7111: pyruvate fermentation to isobutanol (engineered)|g__Methanobrevibacter.s__Methanobrevibacter_smithii	6.0736487269
PWY-7111: pyruvate fermentation to isobutanol (engineered)|g__Faecalibacterium.s__Faecalibacterium_prausnitzii	5.3843372483
PWY-7111: pyruvate fermentation to isobutanol (engineered)|g__Ruminococcus.s__Ruminococcus_bromii	5.2702714871
PWY-7111: pyruvate fermentation to isobutanol (engineered)|g__Bacteroides.s__Bacteroides_vulgatus	3.7797514842
PWY-7111: pyruvate fermentation to isobutanol (engineered)|g__Coriobacteriaceae_noname.s__Coriobacteriaceae_bacterium_phI	2.9721646435
PWY-7111: pyruvate fermentation to isobutanol (engineered)|g__Erysipelotrichaceae_noname.s__Eubacterium_cylindroides	2.8087872896
PWY-7111: pyruvate fermentation to isobutanol (engineered)|g__Bifidobacterium.s__Bifidobacterium_longum	1.9154371100
PWY-7111: pyruvate fermentation to isobutanol (engineered)|g__Parabacteroides.s__Parabacteroides_distasonis	1.5697385711
PWY-7111: pyruvate fermentation to isobutanol (engineered)|g__Dorea.s__Dorea_longicatena	1.1403032659
VALSYN-PWY: L-valine biosynthesis	71.5711795481
VALSYN-PWY: L-valine biosynthesis|g__Akkermansia.s__Akkermansia_muciniphila	28.7206203830
VALSYN-PWY: L-valine biosynthesis|g__Methanobrevibacter.s__Methanobrevibacter_smithii	8.2698053607
VALSYN-PWY: L-valine biosynthesis|g__Ruminococcus.s__Ruminococcus_bromii	5.2702714871
VALSYN-PWY: L-valine biosynthesis|g__Faecalibacterium.s__Faecalibacterium_prausnitzii	5.2328557948
VALSYN-PWY: L-valine biosynthesis|g__Bacteroides.s__Bacteroides_vulgatus	3.7797514842
VALSYN-PWY: L-valine biosynthesis|g__Coriobacteriaceae_noname.s__Coriobacteriaceae_bacterium_phI	2.9721646435
VALSYN-PWY: L-valine biosynthesis|g__Bifidobacterium.s__Bifidobacterium_adolescentis	2.8570983991
VALSYN-PWY: L-valine biosynthesis|g__Bifidobacterium.s__Bifidobacterium_longum	2.1170945180
VALSYN-PWY: L-valine biosynthesis|g__Parabacteroides.s__Parabacteroides_distasonis	1.5697385711
VALSYN-PWY: L-valine biosynthesis|g__Dorea.s__Dorea_longicatena	1.1403032659
VALSYN-PWY: L-valine biosynthesis|g__Blautia.s__Ruminococcus_obeum	0.8786476842
COMPLETE-ARO-PWY: superpathway of aromatic amino acid biosynthesis	71.2867425106
COMPLETE-ARO-PWY: superpathway of aromatic amino acid biosynthesis|g__Akkermansia.s__Akkermansia_muciniphila	41.1989618111
PWY-7221: guanosine ribonucleotides de novo biosynthesis	70.4739839477
PWY-7221: guanosine ribonucleotides de novo biosynthesis|g__Akkermansia.s__Akkermansia_muciniphila	39.5161770738
PWY-7221: guanosine ribonucleotides de novo biosynthesis|g__Bacteroides.s__Bacteroides_vulgatus	5.5629354144
PWY-7221: guanosine ribonucleotides de novo biosynthesis|g__Methanobrevibacter.s__Methanobrevibacter_smithii	3.5265025718
PWY-7221: guanosine ribonucleotides de novo biosynthesis|g__Coriobacteriaceae_noname.s__Coriobacteriaceae_bacterium_phI	2.6724868936
PWY-7221: guanosine ribonucleotides de novo biosynthesis|g__Ruminococcus.s__Ruminococcus_bromii	2.4968336932
PWY-7221: guanosine ribonucleotides de novo biosynthesis|g__Barnesiella.s__Barnesiella_intestinihominis	1.0526330814
PWY-7221: guanosine ribonucleotides de novo biosynthesis|g__Bifidobacterium.s__Bifidobacterium_adolescentis	1.0346671331
PWY-6122: 5-aminoimidazole ribonucleotide biosynthesis II	68.7745533499
PWY-6122: 5-aminoimidazole ribonucleotide biosynthesis II|g__Akkermansia.s__Akkermansia_muciniphila	30.4561164206
PWY-6122: 5-aminoimidazole ribonucleotide biosynthesis II|g__Methanobrevibacter.s__Methanobrevibacter_smithii	9.2963224600
PWY-6122: 5-aminoimidazole ribonucleotide biosynthesis II|g__Ruminococcus.s__Ruminococcus_bromii	4.3044837220
PWY-6122: 5-aminoimidazole ribonucleotide biosynthesis II|g__Bifidobacterium.s__Bifidobacterium_adolescentis	3.3130277244
PWY-6122: 5-aminoimidazole ribonucleotide biosynthesis II|g__Erysipelotrichaceae_noname.s__Eubacterium_cylindroides	3.2748754521
PWY-6122: 5-aminoimidazole ribonucleotide biosynthesis II|g__Coriobacteriaceae_noname.s__Coriobacteriaceae_bacterium_phI	2.5054740760
PWY-6122: 5-aminoimidazole ribonucleotide biosynthesis II|g__Dorea.s__Dorea_longicatena	0.8163265306
PWY-6277: superpathway of 5-aminoimidazole ribonucleotide biosynthesis	68.7745533499
PWY-6277: superpathway of 5-aminoimidazole ribonucleotide biosynthesis|g__Akkermansia.s__Akkermansia_muciniphila	30.4561164206
PWY-6277: superpathway of 5-aminoimidazole ribonucleotide biosynthesis|g__Methanobrevibacter.s__Methanobrevibacter_smithii	9.2963224600
PWY-6277: superpathway of 5-aminoimidazole ribonucleotide biosynthesis|g__Ruminococcus.s__Ruminococcus_bromii	4.3044837220
PWY-6277: superpathway of 5-aminoimidazole ribonucleotide biosynthesis|g__Bifidobacterium.s__Bifidobacterium_adolescentis	3.3130277244
PWY-6277: superpathway of 5-aminoimidazole ribonucleotide biosynthesis|g__Erysipelotrichaceae_noname.s__Eubacterium_cylindroides	3.2748754521
PWY-6277: superpathway of 5-aminoimidazole ribonucleotide biosynthesis|g__Coriobacteriaceae_noname.s__Coriobacteriaceae_bacterium_phI	2.5054740760
PWY-6277: superpathway of 5-aminoimidazole ribonucleotide biosynthesis|g__Dorea.s__Dorea_longicatena	0.8163265306
PWY-6121: 5-aminoimidazole ribonucleotide biosynthesis I	68.5690338106
PWY-6121: 5-aminoimidazole ribonucleotide biosynthesis I|g__Akkermansia.s__Akkermansia_muciniphila	31.3015505360
PWY-6121: 5-aminoimidazole ribonucleotide biosynthesis I|g__Methanobrevibacter.s__Methanobrevibacter_smithii	4.4877026888
PWY-6121: 5-aminoimidazole ribonucleotide biosynthesis I|g__Ruminococcus.s__Ruminococcus_bromii	3.6676451280
PWY-6121: 5-aminoimidazole ribonucleotide biosynthesis I|g__Coriobacteriaceae_noname.s__Coriobacteriaceae_bacterium_phI	2.6315283815
PWY-6121: 5-aminoimidazole ribonucleotide biosynthesis I|g__Dorea.s__Dorea_longicatena	0.9646605587
ARO-PWY: chorismate biosynthesis I	68.5107493951
ARO-PWY: chorismate biosynthesis I|g__Akkermansia.s__Akkermansia_muciniphila	38.6298298609
PWY-6163: chorismate biosynthesis from 3-dehydroquinate	68.3804341820
PWY-6163: chorismate biosynthesis from 3-dehydroquinate|g__Akkermansia.s__Akkermansia_muciniphila	36.8571389432
PWY-6163: chorismate biosynthesis from 3-dehydroquinate|g__Methanobrevibacter.s__Methanobrevibacter_smithii	3.9961605681
PWY-1042: glycolysis IV (plant cytosol)	66.3796047601
PWY-1042: glycolysis IV (plant cytosol)|g__Akkermansia.s__Akkermansia_muciniphila	41.6535209568
PWY-1042: glycolysis IV (plant cytosol)|g__Faecalibacterium.s__Faecalibacterium_prausnitzii	2.8277068648
PWY-1042: glycolysis IV (plant cytosol)|g__Ruminococcus.s__Ruminococcus_bromii	2.3108042341
PWY-1042: glycolysis IV (plant cytosol)|g__Barnesiella.s__Barnesiella_intestinihominis	1.8363203227
BRANCHED-CHAIN-AA-SYN-PWY: superpathway of branched amino acid biosynthesis	66.1290387882
BRANCHED-CHAIN-AA-SYN-PWY: superpathway of branched amino acid biosynthesis|g__Akkermansia.s__Akkermansia_muciniphila	27.4889528050
BRANCHED-CHAIN-AA-SYN-PWY: superpathway of branched amino acid biosynthesis|g__Methanobrevibacter.s__Methanobrevibacter_smithii	7.2504892120
BRANCHED-CHAIN-AA-SYN-PWY: superpathway of branched amino acid biosynthesis|g__Faecalibacterium.s__Faecalibacterium_prausnitzii	3.7138148576
BRANCHED-CHAIN-AA-SYN-PWY: superpathway of branched amino acid biosynthesis|g__Bifidobacterium.s__Bifidobacterium_longum	1.9469808360
PWY-5103: L-isoleucine biosynthesis III	65.0466072341
PWY-5103: L-isoleucine biosynthesis III|g__Akkermansia.s__Akkermansia_muciniphila	24.8561318869
PWY-5103: L-isoleucine biosynthesis III|g__Methanobrevibacter.s__Methanobrevibacter_smithii	6.2549207734
PWY-5103: L-isoleucine biosynthesis III|g__Faecalibacterium.s__Faecalibacterium_prausnitzii	3.3413314207
PWY-5103: L-isoleucine biosynthesis III|g__Bifidobacterium.s__Bifidobacterium_longum	1.9099954596
PWY-6737: starch degradation V	62.0400142360
PWY-6737: starch degradation V|g__Akkermansia.s__Akkermansia_muciniphila	32.5327489978
PWY-6737: starch degradation V|g__Coriobacteriaceae_noname.s__Coriobacteriaceae_bacterium_phI	3.2738298784
PWY-6737: starch degradation V|g__Faecalibacterium.s__Faecalibacterium_prausnitzii	2.9693144119
PWY-6737: starch degradation V|g__Dorea.s__Dorea_longicatena	2.4075153490
PWY-6737: starch degradation V|g__Ruminococcus.s__Ruminococcus_bromii	1.3817235522
PWY-6737: starch degradation V|g__Blautia.s__Ruminococcus_obeum	1.1585689388
PWY-2942: L-lysine biosynthesis III	61.6720841023
PWY-2942: L-lysine biosynthesis III|g__Akkermansia.s__Akkermansia_muciniphila	28.9307454465
PWY-2942: L-lysine biosynthesis III|g__Methanobrevibacter.s__Methanobrevibacter_smithii	2.6915725587
PWY-2942: L-lysine biosynthesis III|g__Barnesiella.s__Barnesiella_intestinihominis	2.3298309897
PWY-2942: L-lysine biosynthesis III|g__Bacteroides.s__Bacteroides_vulgatus	2.0903177875
PWY-2942: L-lysine biosynthesis III|g__Bacteroides.s__Bacteroides_fragilis	1.1555694732
PWY-5097: L-lysine biosynthesis VI	61.2524684746
PWY-5097: L-lysine biosynthesis VI|g__Akkermansia.s__Akkermansia_muciniphila	28.3729020526
PWY-5097: L-lysine biosynthesis VI|g__Methanobrevibacter.s__Methanobrevibacter_smithii	2.9299777184
PWY-5097: L-lysine biosynthesis VI|g__Bacteroides.s__Bacteroides_vulgatus	2.4706010351
PWY-5097: L-lysine biosynthesis VI|g__Barnesiella.s__Barnesiella_intestinihominis	2.4418050097
PWY-5097: L-lysine biosynthesis VI|g__Parabacteroides.s__Parabacteroides_distasonis	1.2807076096
PWY-5097: L-lysine biosynthesis VI|g__Bacteroides.s__Bacteroides_fragilis	1.0859034725
PWY-7228: superpathway of guanosine nucleotides de novo biosynthesis I	60.3890020102
PWY-7228: superpathway of guanosine nucleotides de novo biosynthesis I|g__Akkermansia.s__Akkermansia_muciniphila	34.0151476330
PWY-7228: superpathway of guanosine nucleotides de novo biosynthesis I|g__Bacteroides.s__Bacteroides_vulgatus	5.0256677931
PWY-7208: superpathway of pyrimidine nucleobases salvage	59.5156132222
PWY-7208: superpathway of pyrimidine nucleobases salvage|g__Akkermansia.s__Akkermansia_muciniphila	42.2284955406
PWY-7208: superpathway of pyrimidine nucleobases salvage|g__Methanobrevibacter.s__Methanobrevibacter_smithii	3.5301214683
NONMEVIPP-PWY: methylerythritol phosphate pathway I	59.3895560730
NONMEVIPP-PWY: methylerythritol phosphate pathway I|g__Akkermansia.s__Akkermansia_muciniphila	30.9144614192
NONMEVIPP-PWY: methylerythritol phosphate pathway I|g__Bacteroides.s__Bacteroides_vulgatus	4.0189664046
PWY-6700: queuosine biosynthesis	57.2443439340
PWY-6700: queuosine biosynthesis|g__Akkermansia.s__Akkermansia_muciniphila	30.7140116848
PWY-6700: queuosine biosynthesis|g__Bacteroides.s__Bacteroides_vulgatus	7.2846302225
PWY-6700: queuosine biosynthesis|g__Barnesiella.s__Barnesiella_intestinihominis	2.9865173847
PWY-3841: folate transformations II	56.3250726182
PWY-3841: folate transformations II|g__Akkermansia.s__Akkermansia_muciniphila	38.0289683181
PWY-3841: folate transformations II|g__Bacteroides.s__Bacteroides_vulgatus	2.1362411504
PWY-6385: peptidoglycan biosynthesis III (mycobacteria)	56.2557781566
PWY-7197: pyrimidine deoxyribonucleotide phosphorylation	55.4499983419
PWY-7197: pyrimidine deoxyribonucleotide phosphorylation|g__Akkermansia.s__Akkermansia_muciniphila	38.5431225742
PEPTIDOGLYCANSYN-PWY: peptidoglycan biosynthesis I (meso-diaminopimelate containing)	54.4434689429
PEPTIDOGLYCANSYN-PWY: peptidoglycan biosynthesis I (meso-diaminopimelate containing)|g__Bacteroides.s__Bacteroides_vulgatus	3.7801431571
PEPTIDOGLYCANSYN-PWY: peptidoglycan biosynthesis I (meso-diaminopimelate containing)|g__Bacteroides.s__Bacteroides_fragilis	1.4922375738
PEPTIDOGLYCANSYN-PWY: peptidoglycan biosynthesis I (meso-diaminopimelate containing)|g__Parabacteroides.s__Parabacteroides_distasonis	1.1607776723
1CMET2-PWY: N10-formyl-tetrahydrofolate biosynthesis	54.4137160199
1CMET2-PWY: N10-formyl-tetrahydrofolate biosynthesis|g__Akkermansia.s__Akkermansia_muciniphila	33.7863037991
PWY-6386: UDP-N-acetylmuramoyl-pentapeptide biosynthesis II (lysine-containing)	54.4103197692
PWY-6386: UDP-N-acetylmuramoyl-pentapeptide biosynthesis II (lysine-containing)|g__Bacteroides.s__Bacteroides_fragilis	1.3572436846
PANTO-PWY: phosphopantothenate biosynthesis I	53.1525990349
PANTO-PWY: phosphopantothenate biosynthesis I|g__Akkermansia.s__Akkermansia_muciniphila	27.3676747456
PANTO-PWY: phosphopantothenate biosynthesis I|g__Bacteroides.s__Bacteroides_vulgatus	6.0636793164
PANTO-PWY: phosphopantothenate biosynthesis I|g__Lachnospiraceae_noname.s__Lachnospiraceae_bacterium_1_1_57FAA	2.4643357160
PANTO-PWY: phosphopantothenate biosynthesis I|g__Barnesiella.s__Barnesiella_intestinihominis	1.6302132862
PANTO-PWY: phosphopantothenate biosynthesis I|g__Bacteroides.s__Bacteroides_caccae	1.5703210398
PANTO-PWY: phosphopantothenate biosynthesis I|g__Bacteroides.s__Bacteroides_uniformis	1.5399587460
PANTO-PWY: phosphopantothenate biosynthesis I|g__Bacteroides.s__Bacteroides_thetaiotaomicron	1.3422818792
PANTO-PWY: phosphopantothenate biosynthesis I|g__Parabacteroides.s__Parabacteroides_distasonis	1.2135922330
PWY-6387: UDP-N-acetylmuramoyl-pentapeptide biosynthesis I (meso-diaminopimelate containing)	52.8442113908
PWY-6387: UDP-N-acetylmuramoyl-pentapeptide biosynthesis I (meso-diaminopimelate containing)|g__Bacteroides.s__Bacteroides_vulgatus	3.6831679772
PWY-6387: UDP-N-acetylmuramoyl-pentapeptide biosynthesis I (meso-diaminopimelate containing)|g__Bacteroides.s__Bacteroides_fragilis	1.3449507925
PWY-6387: UDP-N-acetylmuramoyl-pentapeptide biosynthesis I (meso-diaminopimelate containing)|g__Parabacteroides.s__Parabacteroides_distasonis	1.1283341193
PWY-5686: UMP biosynthesis	51.1325967137
PWY-5686: UMP biosynthesis|g__Akkermansia.s__Akkermansia_muciniphila	34.3757442449
COA-PWY: coenzyme A biosynthesis I	49.9780863069
COA-PWY: coenzyme A biosynthesis I|g__Akkermansia.s__Akkermansia_muciniphila	40.5296250819
PANTOSYN-PWY: pantothenate and coenzyme A biosynthesis I	49.0109872862
PANTOSYN-PWY: pantothenate and coenzyme A biosynthesis I|g__Akkermansia.s__Akkermansia_muciniphila	32.2108719360
PWY-6703: preQ0 biosynthesis	47.6059532799
PWY-6703: preQ0 biosynthesis|g__Akkermansia.s__Akkermansia_muciniphila	27.3564998219
PWY-6703: preQ0 biosynthesis|g__Bacteroides.s__Bacteroides_vulgatus	2.4641482261
PWY-4242: pantothenate and coenzyme A biosynthesis III	46.1083437365
PWY-4242: pantothenate and coenzyme A biosynthesis III|g__Akkermansia.s__Akkermansia_muciniphila	37.6522517015
PWY0-162: superpathway of pyrimidine ribonucleotides de novo biosynthesis	45.7204791097
PWY-5188: tetrapyrrole biosynthesis I (from glutamate)	44.6046009590
PWY-5188: tetrapyrrole biosynthesis I (from glutamate)|g__Akkermansia.s__Akkermansia_muciniphila	28.0938623688
PWY-5188: tetrapyrrole biosynthesis I (from glutamate)|g__Methanobrevibacter.s__Methanobrevibacter_smithii	3.5874469213
PWY-5188: tetrapyrrole biosynthesis I (from glutamate)|g__Ruminococcus.s__Ruminococcus_bromii	2.7560218037
PWY-6151: S-adenosyl-L-methionine cycle I	44.2491100261
PWY-6151: S-adenosyl-L-methionine cycle I|g__Ruminococcus.s__Ruminococcus_bromii	7.7977017561
PWY-6151: S-adenosyl-L-methionine cycle I|g__Eubacterium.s__Eubacterium_eligens	3.1180868830
PWY-6151: S-adenosyl-L-methionine cycle I|g__Bifidobacterium.s__Bifidobacterium_adolescentis	2.1971883525
PWY-6151: S-adenosyl-L-methionine cycle I|g__Ruminococcus.s__Ruminococcus_lactaris	1.2457178449
PWY-6151: S-adenosyl-L-methionine cycle I|g__Dorea.s__Dorea_longicatena	1.2074678028
NONOXIPENT-PWY: pentose phosphate pathway (non-oxidative branch)	43.4763992943
NONOXIPENT-PWY: pentose phosphate pathway (non-oxidative branch)|g__Ruminococcus.s__Ruminococcus_bromii	4.4712240534
NONOXIPENT-PWY: pentose phosphate pathway (non-oxidative branch)|g__Erysipelotrichaceae_noname.s__Eubacterium_cylindroides	2.7378556563
TRPSYN-PWY: L-tryptophan biosynthesis	41.7103993886
PWY-5973: cis-vaccenate biosynthesis	39.8763868423
PWY-7229: superpathway of adenosine nucleotides de novo biosynthesis I	37.0489442690
PWY-7229: superpathway of adenosine nucleotides de novo biosynthesis I|g__Bacteroides.s__Bacteroides_vulgatus	6.4346449483
PWY-1269: CMP-3-deoxy-D-manno-octulosonate biosynthesis I	37.0207846813
PWY-1269: CMP-3-deoxy-D-manno-octulosonate biosynthesis I|g__Akkermansia.s__Akkermansia_muciniphila	24.8323920147
HISTSYN-PWY: L-histidine biosynthesis	36.1909979059
HISTSYN-PWY: L-histidine biosynthesis|g__Methanobrevibacter.s__Methanobrevibacter_smithii	3.8101809150
HISTSYN-PWY: L-histidine biosynthesis|g__Erysipelotrichaceae_noname.s__Eubacterium_cylindroides	3.0975896628
PWY-6270: isoprene biosynthesis I	35.6493259661
PWY-7663: gondoate biosynthesis (anaerobic)	35.5096341129
PWY-7663: gondoate biosynthesis (anaerobic)|g__Bacteroides.s__Bacteroides_fragilis	1.3520660516
PWY-5104: L-isoleucine biosynthesis IV	35.1559718106
PWY-5104: L-isoleucine biosynthesis IV|g__Methanobrevibacter.s__Methanobrevibacter_smithii	9.3594778137
PWY-4702: phytate degradation I	34.5979832751
PWY-4702: phytate degradation I|g__Akkermansia.s__Akkermansia_muciniphila	34.5979832751
PYRIDOXSYN-PWY: pyridoxal 5'-phosphate biosynthesis I	33.5543269514
PWY-7560: methylerythritol phosphate pathway II	33.4543574028
PWY0-166: superpathway of pyrimidine deoxyribonucleotides de novo biosynthesis (E. coli)	33.1366205094
PWY-724: superpathway of L-lysine, L-threonine and L-methionine biosynthesis II	31.8991352702
PWY-724: superpathway of L-lysine, L-threonine and L-methionine biosynthesis II|g__Methanobrevibacter.s__Methanobrevibacter_smithii	2.4061209651
CALVIN-PWY: Calvin-Benson-Bassham cycle	30.4917143012
CALVIN-PWY: Calvin-Benson-Bassham cycle|g__Ruminococcus.s__Ruminococcus_bromii	2.8909263910
PWY-5100: pyruvate fermentation to acetate and lactate II	28.4899463481
PWY-5100: pyruvate fermentation to acetate and lactate II|g__Erysipelotrichaceae_noname.s__Eubacterium_cylindroides	2.3096399640
ANAGLYCOLYSIS-PWY: glycolysis III (from glucose)	28.2262082211
PWY-3001: superpathway of L-isoleucine biosynthesis I	27.8454641231
PWY-3001: superpathway of L-isoleucine biosynthesis I|g__Methanobrevibacter.s__Methanobrevibacter_smithii	3.1065246569
PWY-3001: superpathway of L-isoleucine biosynthesis I|g__Faecalibacterium.s__Faecalibacterium_prausnitzii	1.7436141145
PWY-841: superpathway of purine nucleotides de novo biosynthesis I	27.2909140896
PWY-5695: urate biosynthesis/inosine 5'-phosphate degradation	26.6546356970
PWY-5695: urate biosynthesis/inosine 5'-phosphate degradation|g__Bacteroides.s__Bacteroides_vulgatus	6.1716002446
PWY-5695: urate biosynthesis/inosine 5'-phosphate degradation|g__Bacteroides.s__Bacteroides_fragilis	1.1291524904
PWY-5695: urate biosynthesis/inosine 5'-phosphate degradation|g__Barnesiella.s__Barnesiella_intestinihominis	1.0560624709
PWY-6126: superpathway of adenosine nucleotides de novo biosynthesis II	26.5188056781
PWY-6126: superpathway of adenosine nucleotides de novo biosynthesis II|g__Bacteroides.s__Bacteroides_vulgatus	5.5880581226
PWY-7383: anaerobic energy metabolism (invertebrates, cytosol)	25.8253828609
SER-GLYSYN-PWY: superpathway of L-serine and glycine biosynthesis I	25.6924353491
SER-GLYSYN-PWY: superpathway of L-serine and glycine biosynthesis I|g__Ruminococcus.s__Ruminococcus_bromii	5.5450288938
PWY-6125: superpathway of guanosine nucleotides de novo biosynthesis II	24.8302474577
PWY-6125: superpathway of guanosine nucleotides de novo biosynthesis II|g__Bacteroides.s__Bacteroides_vulgatus	4.3953837006
PWY-5667: CDP-diacylglycerol biosynthesis I	24.6561440712
PWY-5667: CDP-diacylglycerol biosynthesis I|g__Ruminococcus.s__Ruminococcus_bromii	2.7278792267
PWY-5667: CDP-diacylglycerol biosynthesis I|g__Barnesiella.s__Barnesiella_intestinihominis	1.3693338566
PWY-5667: CDP-diacylglycerol biosynthesis I|g__Parabacteroides.s__Parabacteroides_distasonis	1.3665340957
PWY0-1319: CDP-diacylglycerol biosynthesis II	24.6561440712
PWY0-1319: CDP-diacylglycerol biosynthesis II|g__Ruminococcus.s__Ruminococcus_bromii	2.7278792267
PWY0-1319: CDP-diacylglycerol biosynthesis II|g__Barnesiella.s__Barnesiella_intestinihominis	1.3693338566
PWY0-1319: CDP-diacylglycerol biosynthesis II|g__Parabacteroides.s__Parabacteroides_distasonis	1.3665340957
PWY-7357: thiamin formation from pyrithiamine and oxythiamine (yeast)	24.4293020827
PWY-7357: thiamin formation from pyrithiamine and oxythiamine (yeast)|g__Methanobrevibacter.s__Methanobrevibacter_smithii	3.7922906220
PWY-7357: thiamin formation from pyrithiamine and oxythiamine (yeast)|g__Ruminococcus.s__Ruminococcus_bromii	1.9900488446
PWY0-845: superpathway of pyridoxal 5'-phosphate biosynthesis and salvage	23.9497683565
PWY-7400: L-arginine biosynthesis IV (archaebacteria)	22.7715543123
PWY-7184: pyrimidine deoxyribonucleotides de novo biosynthesis I	21.0435691672
PYRIDNUCSYN-PWY: NAD biosynthesis I (from aspartate)	21.0329284500
TRNA-CHARGING-PWY: tRNA charging	20.8945753057
ARGSYN-PWY: L-arginine biosynthesis I (via L-ornithine)	20.7675857910
MET-SAM-PWY: superpathway of S-adenosyl-L-methionine biosynthesis	20.3404209511
PWY-6897: thiamin salvage II	20.0107851110
PWY-6897: thiamin salvage II|g__Methanobrevibacter.s__Methanobrevibacter_smithii	4.5096948441
THRESYN-PWY: superpathway of L-threonine biosynthesis	19.9234924659
THRESYN-PWY: superpathway of L-threonine biosynthesis|g__Bifidobacterium.s__Bifidobacterium_adolescentis	2.5794190776
THRESYN-PWY: superpathway of L-threonine biosynthesis|g__Methanobrevibacter.s__Methanobrevibacter_smithii	2.2659498049
THRESYN-PWY: superpathway of L-threonine biosynthesis|g__Faecalibacterium.s__Faecalibacterium_prausnitzii	1.2748182478
HSERMETANA-PWY: L-methionine biosynthesis III	19.7700215834
HSERMETANA-PWY: L-methionine biosynthesis III|g__Methanobrevibacter.s__Methanobrevibacter_smithii	4.4908325004
METSYN-PWY: L-homoserine and L-methionine biosynthesis	18.2965567559
DTDPRHAMSYN-PWY: dTDP-L-rhamnose biosynthesis I	18.1367954819
DTDPRHAMSYN-PWY: dTDP-L-rhamnose biosynthesis I|g__Methanobrevibacter.s__Methanobrevibacter_smithii	6.1384223829
DTDPRHAMSYN-PWY: dTDP-L-rhamnose biosynthesis I|g__Faecalibacterium.s__Faecalibacterium_prausnitzii	1.6199145725
PWY-6545: pyrimidine deoxyribonucleotides de novo biosynthesis III	17.9187696317
ANAEROFRUCAT-PWY: homolactic fermentation	17.7576327918
PWY-5347: superpathway of L-methionine biosynthesis (transsulfuration)	16.9359131801
DAPLYSINESYN-PWY: L-lysine biosynthesis I	16.4293649641
DENOVOPURINE2-PWY: superpathway of purine nucleotides de novo biosynthesis II	16.3095608334
PWY-7187: pyrimidine deoxyribonucleotides de novo biosynthesis II	16.3040407470
PWY-7282: 4-amino-2-methyl-5-phosphomethylpyrimidine biosynthesis (yeast)	15.9121423495
PWY-6609: adenine and adenosine salvage III	15.4990595485
GLYCOLYSIS: glycolysis I (from glucose 6-phosphate)	15.3561569670
PWY-6123: inosine-5'-phosphate biosynthesis I	15.1764586377
PWY-6123: inosine-5'-phosphate biosynthesis I|g__Bacteroides.s__Bacteroides_fragilis	1.1765859398
PWY0-1296: purine ribonucleosides degradation	15.1314146291
PWY0-1296: purine ribonucleosides degradation|g__Dorea.s__Dorea_longicatena	1.4246657168
P4-PWY: superpathway of L-lysine, L-threonine and L-methionine biosynthesis I	14.6273609534
PWY-5484: glycolysis II (from fructose 6-phosphate)	14.6095025583
PWY-6527: stachyose degradation	14.3033569395
PWY-7220: adenosine deoxyribonucleotides de novo biosynthesis II	13.7278207090
PWY-7220: adenosine deoxyribonucleotides de novo biosynthesis II|g__Bacteroides.s__Bacteroides_vulgatus	3.6015047019
PWY-7222: guanosine deoxyribonucleotides de novo biosynthesis II	13.7278207090
PWY-7222: guanosine deoxyribonucleotides de novo biosynthesis II|g__Bacteroides.s__Bacteroides_vulgatus	3.6015047019
PWY-6317: galactose degradation I (Leloir pathway)	13.3573524270
PWY-6317: galactose degradation I (Leloir pathway)|g__Ruminococcus.s__Ruminococcus_bromii	2.7509730547
PWY66-422: D-galactose degradation V (Leloir pathway)	13.3573524270
PWY66-422: D-galactose degradation V (Leloir pathway)|g__Ruminococcus.s__Ruminococcus_bromii	2.7509730547
PWY-6124: inosine-5'-phosphate biosynthesis II	13.1038623514
PWY-6124: inosine-5'-phosphate biosynthesis II|g__Methanobrevibacter.s__Methanobrevibacter_smithii	1.9106097761
PWY-6124: inosine-5'-phosphate biosynthesis II|g__Bacteroides.s__Bacteroides_fragilis	1.0220768602
PWY0-781: aspartate superpathway	12.1180180910
PENTOSE-P-PWY: pentose phosphate pathway	12.0810076127
PWY-6936: seleno-amino acid biosynthesis	11.8481660832
P42-PWY: incomplete reductive TCA cycle	11.1740517829
HOMOSER-METSYN-PWY: L-methionine biosynthesis I	10.8269630125
HOMOSER-METSYN-PWY: L-methionine biosynthesis I|g__Ruminococcus.s__Ruminococcus_bromii	3.7214680048
PWY-5189: tetrapyrrole biosynthesis II (from glycine)	10.4839860228
PWY-5189: tetrapyrrole biosynthesis II (from glycine)|g__Methanobrevibacter.s__Methanobrevibacter_smithii	3.2340950904
PWY-5659: GDP-mannose biosynthesis	10.3272372506
ARGSYNBSUB-PWY: L-arginine biosynthesis II (acetyl cycle)	10.2042508357
PWY66-399: gluconeogenesis III	9.6636871453
PWY66-400: glycolysis VI (metazoan)	9.5056603388
COBALSYN-PWY: adenosylcobalamin salvage from cobinamide I	9.3912210456
COBALSYN-PWY: adenosylcobalamin salvage from cobinamide I|g__Coprococcus.s__Coprococcus_catus	1.4558395341
THISYNARA-PWY: superpathway of thiamin diphosphate biosynthesis III (eukaryotes)	9.3625229947
TCA: TCA cycle I (prokaryotic)	9.2918618398
ARGININE-SYN4-PWY: L-ornithine de novo  biosynthesis	8.9547733245
ARGININE-SYN4-PWY: L-ornithine de novo  biosynthesis|g__Bacteroides.s__Bacteroides_caccae	0.9628903774
PWY-5177: glutaryl-CoA degradation	8.7352970474
PWY-7234: inosine-5'-phosphate biosynthesis III	8.4378271751
PWY-7234: inosine-5'-phosphate biosynthesis III|g__Methanobrevibacter.s__Methanobrevibacter_smithii	1.5079296103
PWY-6147: 6-hydroxymethyl-dihydropterin diphosphate biosynthesis I	8.2470418115
OANTIGEN-PWY: O-antigen building blocks biosynthesis (E. coli)	8.1570769735
ASPASN-PWY: superpathway of L-aspartate and L-asparagine biosynthesis	8.0839663063
ASPASN-PWY: superpathway of L-aspartate and L-asparagine biosynthesis|g__Faecalibacterium.s__Faecalibacterium_prausnitzii	1.1384871694
PWY-5121: superpathway of geranylgeranyl diphosphate biosynthesis II (via MEP)	7.9796040411
PWY-6969: TCA cycle V (2-oxoglutarate:ferredoxin oxidoreductase)	7.9377846802
PWY-4981: L-proline biosynthesis II (from arginine)	7.7880871525
PWY-4981: L-proline biosynthesis II (from arginine)|g__Coriobacteriaceae_noname.s__Coriobacteriaceae_bacterium_phI	1.4305319313
PWY66-409: superpathway of purine nucleotide salvage	7.5261195321
PWY-2941: L-lysine biosynthesis II	7.0079042325
PWY-2941: L-lysine biosynthesis II|g__Methanobrevibacter.s__Methanobrevibacter_smithii	2.7471615527
FUCCAT-PWY: fucose degradation	6.8967165505
PWY-7539: 6-hydroxymethyl-dihydropterin diphosphate biosynthesis III (Chlamydia)	6.8891240666
PWY-6305: putrescine biosynthesis IV	6.8069130116
PWY-6305: putrescine biosynthesis IV|g__Methanobrevibacter.s__Methanobrevibacter_smithii	3.7126605129
PWY-5154: L-arginine biosynthesis III (via N-acetyl-L-citrulline)	6.6285145130
UDPNAGSYN-PWY: UDP-N-acetyl-D-glucosamine biosynthesis I	6.5637104346
UDPNAGSYN-PWY: UDP-N-acetyl-D-glucosamine biosynthesis I|g__Bifidobacterium.s__Bifidobacterium_adolescentis	1.7420553978
GLUTORN-PWY: L-ornithine biosynthesis	6.3180587983
GLUTORN-PWY: L-ornithine biosynthesis|g__Coprococcus.s__Coprococcus_catus	1.0030090271
PWY-6168: flavin biosynthesis III (fungi)	6.1327730785
PWY-5690: TCA cycle II (plants and fungi)	5.9408190316
RIBOSYN2-PWY: flavin biosynthesis I (bacteria and plants)	5.8238677350
PWY-5198: factor 420 biosynthesis	5.3471191185
PWY-5198: factor 420 biosynthesis|g__Methanobrevibacter.s__Methanobrevibacter_smithii	5.3471191185
GLCMANNANAUT-PWY: superpathway of N-acetylglucosamine, N-acetylmannosamine and N-acetylneuraminate degradation	4.6828579976
GALACTUROCAT-PWY: D-galacturonate degradation I	4.3023429336
GALACTUROCAT-PWY: D-galacturonate degradation I|g__Faecalibacterium.s__Faecalibacterium_prausnitzii	1.3151581209
PWY-6167: flavin biosynthesis II (archaea)	4.1934373151
BIOTIN-BIOSYNTHESIS-PWY: biotin biosynthesis I	3.6539613551
CITRULBIO-PWY: L-citrulline biosynthesis	3.5172493772
PWY-5101: L-isoleucine biosynthesis II	3.4302199246
PWY-5101: L-isoleucine biosynthesis II|g__Methanobrevibacter.s__Methanobrevibacter_smithii	2.8419270802
FASYN-ELONG-PWY: fatty acid elongation -- saturated	3.2386050792
PWY-6859: all-trans-farnesol biosynthesis	3.1729696638
PWY-5676: acetyl-CoA fermentation to butanoate II	3.0436612492
PWY-4984: urea cycle	2.9931014150
PWYG-321: mycolate biosynthesis	2.9534077723
PWY-6519: 8-amino-7-oxononanoate biosynthesis I	2.9370648842
PWY0-1297: superpathway of purine deoxyribonucleosides degradation	2.9353903018
PWY-7286: 7-(3-amino-3-carboxypropyl)-wyosine biosynthesis	2.9161342492
PWY-7664: oleate biosynthesis IV (anaerobic)	2.8665905692
PWY-6588: pyruvate fermentation to acetone	2.8247487733
PWY-621: sucrose degradation III (sucrose invertase)	2.8144754396
PWY-621: sucrose degradation III (sucrose invertase)|g__Blautia.s__Ruminococcus_obeum	1.1958146487
METHANOGENESIS-PWY: methanogenesis from H2 and CO2	2.7772058381
METHANOGENESIS-PWY: methanogenesis from H2 and CO2|g__Methanobrevibacter.s__Methanobrevibacter_smithii	2.7772058381
PWY-7323: superpathway of GDP-mannose-derived O-antigen building blocks biosynthesis	2.7406654342
PWY-6353: purine nucleotides degradation II (aerobic)	2.6288573900
PWY0-862: (5Z)-dodec-5-enoate biosynthesis	2.4858603486
PWY-6282: palmitoleate biosynthesis I (from (5Z)-dodec-5-enoate)	2.4792027258
PWY-5989: stearate biosynthesis II (bacteria and plants)	2.4310024328
COLANSYN-PWY: colanic acid building blocks biosynthesis	2.1889493509
FASYN-INITIAL-PWY: superpathway of fatty acid biosynthesis initiation (E. coli)	2.1010654770
PWY-7388: octanoyl-[acyl-carrier protein] biosynthesis (mitochondria, yeast)	1.9530394559
PWY-6608: guanosine nucleotides degradation III	1.9152590663
SALVADEHYPOX-PWY: adenosine nucleotides degradation II	1.6675058059
GLYCOGENSYNTH-PWY: glycogen biosynthesis I (from ADP-D-Glucose)	1.4698604717
PWY-7242: D-fructuronate degradation	1.1878063814
PWY-7242: D-fructuronate degradation|g__Faecalibacterium.s__Faecalibacterium_prausnitzii	1.1320585326
PWY-6606: guanosine nucleotides degradation II	1.1357927124