# Pathway	ERR481012_Abundance
UNMAPPED	230902.1199311941
UNINTEGRATED	207828.6679426025
UNINTEGRATED|g__Bacteroides.s__Bacteroides_cellulosilyticus	26691.7205948936
UNINTEGRATED|g__Bacteroides.s__Bacteroides_uniformis	23545.4653663086
UNINTEGRATED|g__Oscillibacter.s__Oscillibacter_sp_KLE_1745	22952.7144676997
UNINTEGRATED|g__Bacteroides.s__Bacteroides_vulgatus	15266.2443381754
UNINTEGRATED|g__Bacteroides.s__Bacteroides_ovatus	13698.9726063519
UNINTEGRATED|g__Bacteroides.s__Bacteroides_dorei	9461.5715139537
UNINTEGRATED|g__Parabacteroides.s__Parabacteroides_distasonis	9057.1369733325
UNINTEGRATED|g__Eubacterium.s__Eubacterium_siraeum	8125.8355303206
UNINTEGRATED|g__Clostridium.s__Clostridium_clostridioforme	8002.0054501957
UNINTEGRATED|g__Bacteroides.s__Bacteroides_thetaiotaomicron	7977.2584907725
UNINTEGRATED|g__Faecalibacterium.s__Faecalibacterium_prausnitzii	7817.4482219984
UNINTEGRATED|g__Bacteroides.s__Bacteroides_fragilis	7547.2722287390
UNINTEGRATED|g__Parabacteroides.s__Parabacteroides_merdae	7260.8169087148
UNINTEGRATED|g__Clostridium.s__Clostridium_symbiosum	6258.6681073699
UNINTEGRATED|g__Clostridium.s__Clostridium_bolteae	5399.3374315352
UNINTEGRATED|g__Bacteroides.s__Bacteroides_intestinalis	4761.4127928171
UNINTEGRATED|g__Alistipes.s__Alistipes_onderdonkii	4726.5176451952
UNINTEGRATED|g__Sutterella.s__Sutterella_wadsworthensis	4385.4485246193
UNINTEGRATED|g__Bacteroides.s__Bacteroides_xylanisolvens	4246.1770812128
UNINTEGRATED|g__Ruminococcus.s__Ruminococcus_callidus	3829.5828321607
UNINTEGRATED|g__Roseburia.s__Roseburia_inulinivorans	2927.5799412537
UNINTEGRATED|g__Collinsella.s__Collinsella_aerofaciens	2908.7499501150
UNINTEGRATED|g__Blautia.s__Ruminococcus_torques	2866.2974435095
UNINTEGRATED|g__Alistipes.s__Alistipes_shahii	2545.8810201868
UNINTEGRATED|g__Eubacterium.s__Eubacterium_rectale	2459.3290273049
UNINTEGRATED|g__Lachnospiraceae_noname.s__Lachnospiraceae_bacterium_7_1_58FAA	2450.1579432175
UNINTEGRATED|g__Ruminococcus.s__Ruminococcus_bromii	1993.8827991968
UNINTEGRATED|g__Dorea.s__Dorea_longicatena	1598.0411750252
UNINTEGRATED|g__Roseburia.s__Roseburia_intestinalis	1568.9816530500
UNINTEGRATED|g__Holdemania.s__Holdemania_filiformis	1567.5376698471
UNINTEGRATED|g__Lachnospiraceae_noname.s__Lachnospiraceae_bacterium_8_1_57FAA	1434.8288332256
UNINTEGRATED|g__Flavonifractor.s__Flavonifractor_plautii	1172.2051334173
UNINTEGRATED|g__Coprobacter.s__Coprobacter_fastidiosus	1070.4079704532
UNINTEGRATED|g__Escherichia.s__Escherichia_coli	1030.7838415898
UNINTEGRATED|g__Bilophila.s__Bilophila_wadsworthia	729.8073611559
UNINTEGRATED|g__Lachnospiraceae_noname.s__Lachnospiraceae_bacterium_2_1_58FAA	724.0546162712
UNINTEGRATED|g__Porphyromonas.s__Porphyromonas_asaccharolytica	477.2290192380
UNINTEGRATED|g__Eubacterium.s__Eubacterium_hallii	345.9158263865
UNINTEGRATED|g__Morganella.s__Morganella_morganii	328.4383499799
UNINTEGRATED|g__Erysipelotrichaceae_noname.s__Eubacterium_cylindroides	282.4236427483
PWY-7219: adenosine ribonucleotides de novo biosynthesis	190.9111309773
PWY-7219: adenosine ribonucleotides de novo biosynthesis|g__Bacteroides.s__Bacteroides_uniformis	22.5629975439
PWY-7219: adenosine ribonucleotides de novo biosynthesis|g__Bacteroides.s__Bacteroides_vulgatus	17.9544226355
PWY-7219: adenosine ribonucleotides de novo biosynthesis|g__Eubacterium.s__Eubacterium_siraeum	15.4058650487
PWY-7219: adenosine ribonucleotides de novo biosynthesis|g__Bacteroides.s__Bacteroides_cellulosilyticus	12.8619728990
PWY-7219: adenosine ribonucleotides de novo biosynthesis|g__Ruminococcus.s__Ruminococcus_callidus	12.6280877290
PWY-7219: adenosine ribonucleotides de novo biosynthesis|g__Bacteroides.s__Bacteroides_thetaiotaomicron	10.3857925336
PWY-7219: adenosine ribonucleotides de novo biosynthesis|g__Bacteroides.s__Bacteroides_ovatus	8.8917642143
PWY-7219: adenosine ribonucleotides de novo biosynthesis|g__Collinsella.s__Collinsella_aerofaciens	8.3684325751
PWY-7219: adenosine ribonucleotides de novo biosynthesis|g__Alistipes.s__Alistipes_onderdonkii	6.9293232548
PWY-7219: adenosine ribonucleotides de novo biosynthesis|g__Bacteroides.s__Bacteroides_intestinalis	6.9249829606
PWY-7219: adenosine ribonucleotides de novo biosynthesis|g__Parabacteroides.s__Parabacteroides_distasonis	6.7771014786
PWY-7219: adenosine ribonucleotides de novo biosynthesis|g__Ruminococcus.s__Ruminococcus_bromii	6.4599139590
PWY-7219: adenosine ribonucleotides de novo biosynthesis|g__Parabacteroides.s__Parabacteroides_merdae	6.4194165120
PWY-7219: adenosine ribonucleotides de novo biosynthesis|g__Bacteroides.s__Bacteroides_dorei	6.1182226534
PWY-7219: adenosine ribonucleotides de novo biosynthesis|g__Alistipes.s__Alistipes_shahii	5.0275750573
PWY-7219: adenosine ribonucleotides de novo biosynthesis|g__Faecalibacterium.s__Faecalibacterium_prausnitzii	4.9577496290
PWY-7219: adenosine ribonucleotides de novo biosynthesis|g__Coprobacter.s__Coprobacter_fastidiosus	4.6622550786
PWY-7219: adenosine ribonucleotides de novo biosynthesis|g__Sutterella.s__Sutterella_wadsworthensis	4.5916646765
PWY-7219: adenosine ribonucleotides de novo biosynthesis|g__Clostridium.s__Clostridium_clostridioforme	3.8847459595
PWY-7219: adenosine ribonucleotides de novo biosynthesis|g__Lachnospiraceae_noname.s__Lachnospiraceae_bacterium_7_1_58FAA	3.2150402798
PWY-7219: adenosine ribonucleotides de novo biosynthesis|g__Bacteroides.s__Bacteroides_fragilis	3.0268873064
PWY-7219: adenosine ribonucleotides de novo biosynthesis|g__Flavonifractor.s__Flavonifractor_plautii	2.4409928320
PWY-7219: adenosine ribonucleotides de novo biosynthesis|g__Blautia.s__Ruminococcus_torques	2.1761451415
PWY-7219: adenosine ribonucleotides de novo biosynthesis|g__Bacteroides.s__Bacteroides_xylanisolvens	1.9683837547
PWY-7219: adenosine ribonucleotides de novo biosynthesis|g__Lachnospiraceae_noname.s__Lachnospiraceae_bacterium_8_1_57FAA	1.8786414685
PWY-7219: adenosine ribonucleotides de novo biosynthesis|g__Roseburia.s__Roseburia_intestinalis	1.8682650090
PWY-7219: adenosine ribonucleotides de novo biosynthesis|g__Eubacterium.s__Eubacterium_hallii	1.2229186846
PWY-7219: adenosine ribonucleotides de novo biosynthesis|g__Bilophila.s__Bilophila_wadsworthia	1.1489055457
PWY-7219: adenosine ribonucleotides de novo biosynthesis|g__Roseburia.s__Roseburia_inulinivorans	1.1055863036
PWY-7219: adenosine ribonucleotides de novo biosynthesis|g__Holdemania.s__Holdemania_filiformis	0.9177781398
PWY-7219: adenosine ribonucleotides de novo biosynthesis|g__Escherichia.s__Escherichia_coli	0.7645259939
PWY-6386: UDP-N-acetylmuramoyl-pentapeptide biosynthesis II (lysine-containing)	153.3590299979
PWY-6386: UDP-N-acetylmuramoyl-pentapeptide biosynthesis II (lysine-containing)|g__Bacteroides.s__Bacteroides_uniformis	18.3530155913
PWY-6386: UDP-N-acetylmuramoyl-pentapeptide biosynthesis II (lysine-containing)|g__Bacteroides.s__Bacteroides_ovatus	8.8888426619
PWY-6386: UDP-N-acetylmuramoyl-pentapeptide biosynthesis II (lysine-containing)|g__Alistipes.s__Alistipes_onderdonkii	7.5108777650
PWY-6386: UDP-N-acetylmuramoyl-pentapeptide biosynthesis II (lysine-containing)|g__Sutterella.s__Sutterella_wadsworthensis	6.7557408400
PWY-6386: UDP-N-acetylmuramoyl-pentapeptide biosynthesis II (lysine-containing)|g__Parabacteroides.s__Parabacteroides_distasonis	6.4296581151
PWY-6386: UDP-N-acetylmuramoyl-pentapeptide biosynthesis II (lysine-containing)|g__Parabacteroides.s__Parabacteroides_merdae	5.3557927055
PWY-6386: UDP-N-acetylmuramoyl-pentapeptide biosynthesis II (lysine-containing)|g__Faecalibacterium.s__Faecalibacterium_prausnitzii	2.2972731206
PWY-6386: UDP-N-acetylmuramoyl-pentapeptide biosynthesis II (lysine-containing)|g__Bacteroides.s__Bacteroides_intestinalis	2.0006238505
PWY-6386: UDP-N-acetylmuramoyl-pentapeptide biosynthesis II (lysine-containing)|g__Flavonifractor.s__Flavonifractor_plautii	1.4362569722
PEPTIDOGLYCANSYN-PWY: peptidoglycan biosynthesis I (meso-diaminopimelate containing)	153.0985352943
PEPTIDOGLYCANSYN-PWY: peptidoglycan biosynthesis I (meso-diaminopimelate containing)|g__Bacteroides.s__Bacteroides_uniformis	17.4083273956
PEPTIDOGLYCANSYN-PWY: peptidoglycan biosynthesis I (meso-diaminopimelate containing)|g__Bacteroides.s__Bacteroides_vulgatus	11.6079962472
PEPTIDOGLYCANSYN-PWY: peptidoglycan biosynthesis I (meso-diaminopimelate containing)|g__Bacteroides.s__Bacteroides_ovatus	8.8869022361
PEPTIDOGLYCANSYN-PWY: peptidoglycan biosynthesis I (meso-diaminopimelate containing)|g__Alistipes.s__Alistipes_onderdonkii	7.0059372137
PEPTIDOGLYCANSYN-PWY: peptidoglycan biosynthesis I (meso-diaminopimelate containing)|g__Parabacteroides.s__Parabacteroides_distasonis	5.9592431274
PEPTIDOGLYCANSYN-PWY: peptidoglycan biosynthesis I (meso-diaminopimelate containing)|g__Parabacteroides.s__Parabacteroides_merdae	5.1853925299
PEPTIDOGLYCANSYN-PWY: peptidoglycan biosynthesis I (meso-diaminopimelate containing)|g__Sutterella.s__Sutterella_wadsworthensis	5.1064242865
PEPTIDOGLYCANSYN-PWY: peptidoglycan biosynthesis I (meso-diaminopimelate containing)|g__Faecalibacterium.s__Faecalibacterium_prausnitzii	2.5768572092
PEPTIDOGLYCANSYN-PWY: peptidoglycan biosynthesis I (meso-diaminopimelate containing)|g__Bacteroides.s__Bacteroides_intestinalis	1.8858818087
PEPTIDOGLYCANSYN-PWY: peptidoglycan biosynthesis I (meso-diaminopimelate containing)|g__Blautia.s__Ruminococcus_torques	1.3378165178
PEPTIDOGLYCANSYN-PWY: peptidoglycan biosynthesis I (meso-diaminopimelate containing)|g__Bacteroides.s__Bacteroides_fragilis	1.2296207693
PWY-6387: UDP-N-acetylmuramoyl-pentapeptide biosynthesis I (meso-diaminopimelate containing)	149.6613531167
PWY-6387: UDP-N-acetylmuramoyl-pentapeptide biosynthesis I (meso-diaminopimelate containing)|g__Bacteroides.s__Bacteroides_uniformis	17.7723907509
PWY-6387: UDP-N-acetylmuramoyl-pentapeptide biosynthesis I (meso-diaminopimelate containing)|g__Bacteroides.s__Bacteroides_vulgatus	12.0860134713
PWY-6387: UDP-N-acetylmuramoyl-pentapeptide biosynthesis I (meso-diaminopimelate containing)|g__Bacteroides.s__Bacteroides_ovatus	8.8911016162
PWY-6387: UDP-N-acetylmuramoyl-pentapeptide biosynthesis I (meso-diaminopimelate containing)|g__Alistipes.s__Alistipes_onderdonkii	7.3608552473
PWY-6387: UDP-N-acetylmuramoyl-pentapeptide biosynthesis I (meso-diaminopimelate containing)|g__Sutterella.s__Sutterella_wadsworthensis	6.5574950531
PWY-6387: UDP-N-acetylmuramoyl-pentapeptide biosynthesis I (meso-diaminopimelate containing)|g__Parabacteroides.s__Parabacteroides_distasonis	6.3629376091
PWY-6387: UDP-N-acetylmuramoyl-pentapeptide biosynthesis I (meso-diaminopimelate containing)|g__Parabacteroides.s__Parabacteroides_merdae	5.1976076547
PWY-6387: UDP-N-acetylmuramoyl-pentapeptide biosynthesis I (meso-diaminopimelate containing)|g__Faecalibacterium.s__Faecalibacterium_prausnitzii	2.3173688666
PWY-6387: UDP-N-acetylmuramoyl-pentapeptide biosynthesis I (meso-diaminopimelate containing)|g__Bacteroides.s__Bacteroides_intestinalis	1.7681339588
PWY-6387: UDP-N-acetylmuramoyl-pentapeptide biosynthesis I (meso-diaminopimelate containing)|g__Flavonifractor.s__Flavonifractor_plautii	1.2970608445
PWY-6387: UDP-N-acetylmuramoyl-pentapeptide biosynthesis I (meso-diaminopimelate containing)|g__Bacteroides.s__Bacteroides_fragilis	1.1693347178
PWY-6387: UDP-N-acetylmuramoyl-pentapeptide biosynthesis I (meso-diaminopimelate containing)|g__Blautia.s__Ruminococcus_torques	1.1216829273
PWY-5686: UMP biosynthesis	147.7274718550
PWY-5686: UMP biosynthesis|g__Bacteroides.s__Bacteroides_cellulosilyticus	12.8548925808
PWY-5686: UMP biosynthesis|g__Eubacterium.s__Eubacterium_siraeum	10.9499500936
PWY-5686: UMP biosynthesis|g__Alistipes.s__Alistipes_onderdonkii	7.8390344688
PWY-5686: UMP biosynthesis|g__Bacteroides.s__Bacteroides_thetaiotaomicron	6.2018026697
PWY-5686: UMP biosynthesis|g__Collinsella.s__Collinsella_aerofaciens	4.4503140896
PWY-5686: UMP biosynthesis|g__Ruminococcus.s__Ruminococcus_bromii	4.1549637523
PWY-5686: UMP biosynthesis|g__Blautia.s__Ruminococcus_torques	3.1303876703
PWY-5686: UMP biosynthesis|g__Bacteroides.s__Bacteroides_fragilis	2.8277101224
PWY-5686: UMP biosynthesis|g__Bacteroides.s__Bacteroides_intestinalis	2.2302501461
PWY-5686: UMP biosynthesis|g__Faecalibacterium.s__Faecalibacterium_prausnitzii	2.1969022344
PWY-5686: UMP biosynthesis|g__Parabacteroides.s__Parabacteroides_distasonis	2.0415484213
COA-PWY-1: coenzyme A biosynthesis II (mammalian)	146.5772225523
COA-PWY-1: coenzyme A biosynthesis II (mammalian)|g__Bacteroides.s__Bacteroides_uniformis	18.4730028078
COA-PWY-1: coenzyme A biosynthesis II (mammalian)|g__Bacteroides.s__Bacteroides_cellulosilyticus	15.7016868806
COA-PWY-1: coenzyme A biosynthesis II (mammalian)|g__Eubacterium.s__Eubacterium_siraeum	9.7360861056
COA-PWY-1: coenzyme A biosynthesis II (mammalian)|g__Parabacteroides.s__Parabacteroides_distasonis	7.3651793500
COA-PWY-1: coenzyme A biosynthesis II (mammalian)|g__Sutterella.s__Sutterella_wadsworthensis	5.9446524822
COA-PWY-1: coenzyme A biosynthesis II (mammalian)|g__Bacteroides.s__Bacteroides_thetaiotaomicron	4.9549850778
COA-PWY-1: coenzyme A biosynthesis II (mammalian)|g__Bacteroides.s__Bacteroides_ovatus	4.8655432567
COA-PWY-1: coenzyme A biosynthesis II (mammalian)|g__Parabacteroides.s__Parabacteroides_merdae	4.7554566855
COA-PWY-1: coenzyme A biosynthesis II (mammalian)|g__Bacteroides.s__Bacteroides_vulgatus	4.7441547804
COA-PWY-1: coenzyme A biosynthesis II (mammalian)|g__Clostridium.s__Clostridium_clostridioforme	2.9729385684
COA-PWY-1: coenzyme A biosynthesis II (mammalian)|g__Bacteroides.s__Bacteroides_dorei	2.6799535910
COA-PWY-1: coenzyme A biosynthesis II (mammalian)|g__Lachnospiraceae_noname.s__Lachnospiraceae_bacterium_7_1_58FAA	2.4806278554
COA-PWY-1: coenzyme A biosynthesis II (mammalian)|g__Clostridium.s__Clostridium_bolteae	2.3497349668
COA-PWY-1: coenzyme A biosynthesis II (mammalian)|g__Faecalibacterium.s__Faecalibacterium_prausnitzii	2.3052553073
COA-PWY-1: coenzyme A biosynthesis II (mammalian)|g__Bacteroides.s__Bacteroides_fragilis	1.7897091723
COA-PWY-1: coenzyme A biosynthesis II (mammalian)|g__Bacteroides.s__Bacteroides_xylanisolvens	1.2799134370
PWY-2942: L-lysine biosynthesis III	140.0116026677
PWY-2942: L-lysine biosynthesis III|g__Bacteroides.s__Bacteroides_uniformis	18.8818204334
PWY-2942: L-lysine biosynthesis III|g__Bacteroides.s__Bacteroides_thetaiotaomicron	8.9803551650
PWY-2942: L-lysine biosynthesis III|g__Bacteroides.s__Bacteroides_cellulosilyticus	8.0396626031
PWY-2942: L-lysine biosynthesis III|g__Bacteroides.s__Bacteroides_vulgatus	7.2205342653
PWY-2942: L-lysine biosynthesis III|g__Eubacterium.s__Eubacterium_siraeum	7.0192512263
PWY-2942: L-lysine biosynthesis III|g__Parabacteroides.s__Parabacteroides_distasonis	6.8498261035
PWY-2942: L-lysine biosynthesis III|g__Parabacteroides.s__Parabacteroides_merdae	5.2417390407
PWY-2942: L-lysine biosynthesis III|g__Bacteroides.s__Bacteroides_intestinalis	4.8179583397
PWY-2942: L-lysine biosynthesis III|g__Bacteroides.s__Bacteroides_ovatus	4.6723549950
PWY-2942: L-lysine biosynthesis III|g__Bacteroides.s__Bacteroides_dorei	3.3665148760
PWY-2942: L-lysine biosynthesis III|g__Bacteroides.s__Bacteroides_fragilis	2.4675631520
PWY-2942: L-lysine biosynthesis III|g__Lachnospiraceae_noname.s__Lachnospiraceae_bacterium_7_1_58FAA	2.3982718627
PWY-2942: L-lysine biosynthesis III|g__Blautia.s__Ruminococcus_torques	1.4218722667
PWY-2942: L-lysine biosynthesis III|g__Bilophila.s__Bilophila_wadsworthia	1.3169720859
PWY-2942: L-lysine biosynthesis III|g__Coprobacter.s__Coprobacter_fastidiosus	0.9737098345
NONMEVIPP-PWY: methylerythritol phosphate pathway I	138.3809339084
NONMEVIPP-PWY: methylerythritol phosphate pathway I|g__Bacteroides.s__Bacteroides_vulgatus	13.1216341738
ILEUSYN-PWY: L-isoleucine biosynthesis I (from threonine)	132.2752789416
ILEUSYN-PWY: L-isoleucine biosynthesis I (from threonine)|g__Eubacterium.s__Eubacterium_siraeum	10.3742380041
ILEUSYN-PWY: L-isoleucine biosynthesis I (from threonine)|g__Faecalibacterium.s__Faecalibacterium_prausnitzii	6.0122243900
PWY-7111: pyruvate fermentation to isobutanol (engineered)	132.2752789416
PWY-7111: pyruvate fermentation to isobutanol (engineered)|g__Bacteroides.s__Bacteroides_cellulosilyticus	15.6955226991
PWY-7111: pyruvate fermentation to isobutanol (engineered)|g__Eubacterium.s__Eubacterium_siraeum	8.3071900093
PWY-7111: pyruvate fermentation to isobutanol (engineered)|g__Bacteroides.s__Bacteroides_vulgatus	7.4256534164
PWY-7111: pyruvate fermentation to isobutanol (engineered)|g__Ruminococcus.s__Ruminococcus_bromii	7.0315836622
PWY-7111: pyruvate fermentation to isobutanol (engineered)|g__Faecalibacterium.s__Faecalibacterium_prausnitzii	6.7388869319
PWY-7111: pyruvate fermentation to isobutanol (engineered)|g__Parabacteroides.s__Parabacteroides_merdae	6.1786129337
PWY-7111: pyruvate fermentation to isobutanol (engineered)|g__Parabacteroides.s__Parabacteroides_distasonis	4.1553229946
PWY-7111: pyruvate fermentation to isobutanol (engineered)|g__Coprobacter.s__Coprobacter_fastidiosus	2.2715681586
PWY-7111: pyruvate fermentation to isobutanol (engineered)|g__Flavonifractor.s__Flavonifractor_plautii	1.9867240468
PWY-7111: pyruvate fermentation to isobutanol (engineered)|g__Lachnospiraceae_noname.s__Lachnospiraceae_bacterium_7_1_58FAA	1.8180668249
PWY-7111: pyruvate fermentation to isobutanol (engineered)|g__Blautia.s__Ruminococcus_torques	1.6851133073
PWY-7111: pyruvate fermentation to isobutanol (engineered)|g__Bacteroides.s__Bacteroides_xylanisolvens	1.6679613356
PWY-7111: pyruvate fermentation to isobutanol (engineered)|g__Erysipelotrichaceae_noname.s__Eubacterium_cylindroides	1.3095624603
PWY-7111: pyruvate fermentation to isobutanol (engineered)|g__Eubacterium.s__Eubacterium_rectale	0.8965587639
VALSYN-PWY: L-valine biosynthesis	132.2752789416
VALSYN-PWY: L-valine biosynthesis|g__Bacteroides.s__Bacteroides_cellulosilyticus	15.6955226991
VALSYN-PWY: L-valine biosynthesis|g__Eubacterium.s__Eubacterium_siraeum	10.3742380041
VALSYN-PWY: L-valine biosynthesis|g__Bacteroides.s__Bacteroides_vulgatus	7.4256534164
VALSYN-PWY: L-valine biosynthesis|g__Ruminococcus.s__Ruminococcus_bromii	7.0315836622
VALSYN-PWY: L-valine biosynthesis|g__Parabacteroides.s__Parabacteroides_merdae	6.1786129337
VALSYN-PWY: L-valine biosynthesis|g__Faecalibacterium.s__Faecalibacterium_prausnitzii	6.0122243900
VALSYN-PWY: L-valine biosynthesis|g__Parabacteroides.s__Parabacteroides_distasonis	4.1553229946
VALSYN-PWY: L-valine biosynthesis|g__Coprobacter.s__Coprobacter_fastidiosus	2.2715681586
VALSYN-PWY: L-valine biosynthesis|g__Flavonifractor.s__Flavonifractor_plautii	1.9867240468
VALSYN-PWY: L-valine biosynthesis|g__Lachnospiraceae_noname.s__Lachnospiraceae_bacterium_7_1_58FAA	1.8180668249
VALSYN-PWY: L-valine biosynthesis|g__Blautia.s__Ruminococcus_torques	1.6851133073
VALSYN-PWY: L-valine biosynthesis|g__Bacteroides.s__Bacteroides_xylanisolvens	1.6679613356
VALSYN-PWY: L-valine biosynthesis|g__Roseburia.s__Roseburia_inulinivorans	0.9469399459
VALSYN-PWY: L-valine biosynthesis|g__Eubacterium.s__Eubacterium_rectale	0.8965587639
PWY-7221: guanosine ribonucleotides de novo biosynthesis	131.5697042690
PWY-7221: guanosine ribonucleotides de novo biosynthesis|g__Bacteroides.s__Bacteroides_cellulosilyticus	13.9300628041
PWY-7221: guanosine ribonucleotides de novo biosynthesis|g__Bacteroides.s__Bacteroides_vulgatus	10.8761826465
PWY-7221: guanosine ribonucleotides de novo biosynthesis|g__Bacteroides.s__Bacteroides_thetaiotaomicron	7.4688449492
PWY-7221: guanosine ribonucleotides de novo biosynthesis|g__Bacteroides.s__Bacteroides_ovatus	6.6613818004
PWY-7221: guanosine ribonucleotides de novo biosynthesis|g__Ruminococcus.s__Ruminococcus_callidus	6.4732629090
PWY-7221: guanosine ribonucleotides de novo biosynthesis|g__Eubacterium.s__Eubacterium_siraeum	6.2650453264
PWY-7221: guanosine ribonucleotides de novo biosynthesis|g__Parabacteroides.s__Parabacteroides_distasonis	5.7560327378
PWY-7221: guanosine ribonucleotides de novo biosynthesis|g__Sutterella.s__Sutterella_wadsworthensis	5.3620245192
PWY-7221: guanosine ribonucleotides de novo biosynthesis|g__Alistipes.s__Alistipes_onderdonkii	4.7305832480
PWY-7221: guanosine ribonucleotides de novo biosynthesis|g__Alistipes.s__Alistipes_shahii	4.6311150163
PWY-7221: guanosine ribonucleotides de novo biosynthesis|g__Ruminococcus.s__Ruminococcus_bromii	2.8434822261
PWY-7221: guanosine ribonucleotides de novo biosynthesis|g__Bacteroides.s__Bacteroides_dorei	2.4676451884
PWY-7221: guanosine ribonucleotides de novo biosynthesis|g__Faecalibacterium.s__Faecalibacterium_prausnitzii	2.3752815294
PWY-7221: guanosine ribonucleotides de novo biosynthesis|g__Clostridium.s__Clostridium_clostridioforme	2.2096390765
PWY-7221: guanosine ribonucleotides de novo biosynthesis|g__Bacteroides.s__Bacteroides_intestinalis	2.0366711801
PWY-5097: L-lysine biosynthesis VI	130.7090630844
PWY-5097: L-lysine biosynthesis VI|g__Bacteroides.s__Bacteroides_uniformis	20.3300798124
PWY-5097: L-lysine biosynthesis VI|g__Bacteroides.s__Bacteroides_vulgatus	8.9525241351
PWY-5097: L-lysine biosynthesis VI|g__Bacteroides.s__Bacteroides_cellulosilyticus	8.1416994714
PWY-5097: L-lysine biosynthesis VI|g__Bacteroides.s__Bacteroides_thetaiotaomicron	8.0140110738
PWY-5097: L-lysine biosynthesis VI|g__Eubacterium.s__Eubacterium_siraeum	6.8932916094
PWY-5097: L-lysine biosynthesis VI|g__Parabacteroides.s__Parabacteroides_merdae	6.7664663937
PWY-5097: L-lysine biosynthesis VI|g__Bacteroides.s__Bacteroides_intestinalis	4.7495046986
PWY-5097: L-lysine biosynthesis VI|g__Parabacteroides.s__Parabacteroides_distasonis	3.2170815734
PWY-5097: L-lysine biosynthesis VI|g__Ruminococcus.s__Ruminococcus_callidus	2.4288524261
PWY-5097: L-lysine biosynthesis VI|g__Faecalibacterium.s__Faecalibacterium_prausnitzii	2.0617146046
PWY-5097: L-lysine biosynthesis VI|g__Blautia.s__Ruminococcus_torques	1.5967151779
PWY-6737: starch degradation V	128.5016504402
PWY-6737: starch degradation V|g__Eubacterium.s__Eubacterium_siraeum	14.3350180320
PWY-6737: starch degradation V|g__Ruminococcus.s__Ruminococcus_bromii	4.6692049639
PWY-6737: starch degradation V|g__Clostridium.s__Clostridium_clostridioforme	4.0865995313
PWY-6737: starch degradation V|g__Roseburia.s__Roseburia_inulinivorans	3.7008923124
PWY-6737: starch degradation V|g__Faecalibacterium.s__Faecalibacterium_prausnitzii	3.0951339947
PWY-6737: starch degradation V|g__Blautia.s__Ruminococcus_torques	2.9226297532
PWY-6737: starch degradation V|g__Lachnospiraceae_noname.s__Lachnospiraceae_bacterium_8_1_57FAA	1.4113288915
PWY-5667: CDP-diacylglycerol biosynthesis I	127.0456561220
PWY-5667: CDP-diacylglycerol biosynthesis I|g__Bacteroides.s__Bacteroides_uniformis	17.0235837290
PWY-5667: CDP-diacylglycerol biosynthesis I|g__Bacteroides.s__Bacteroides_cellulosilyticus	16.9477839160
PWY-5667: CDP-diacylglycerol biosynthesis I|g__Eubacterium.s__Eubacterium_siraeum	8.4535977063
PWY-5667: CDP-diacylglycerol biosynthesis I|g__Ruminococcus.s__Ruminococcus_bromii	4.2513865599
PWY-5667: CDP-diacylglycerol biosynthesis I|g__Faecalibacterium.s__Faecalibacterium_prausnitzii	3.6648508191
PWY-5667: CDP-diacylglycerol biosynthesis I|g__Bacteroides.s__Bacteroides_thetaiotaomicron	3.6621448549
PWY-5667: CDP-diacylglycerol biosynthesis I|g__Parabacteroides.s__Parabacteroides_distasonis	3.1193479107
PWY-5667: CDP-diacylglycerol biosynthesis I|g__Blautia.s__Ruminococcus_torques	2.1752030256
PWY-5667: CDP-diacylglycerol biosynthesis I|g__Bacteroides.s__Bacteroides_ovatus	2.0591382381
PWY-5667: CDP-diacylglycerol biosynthesis I|g__Parabacteroides.s__Parabacteroides_merdae	1.9176004972
PWY-5667: CDP-diacylglycerol biosynthesis I|g__Clostridium.s__Clostridium_bolteae	1.2059089539
PWY0-1319: CDP-diacylglycerol biosynthesis II	127.0456561220
PWY0-1319: CDP-diacylglycerol biosynthesis II|g__Bacteroides.s__Bacteroides_uniformis	17.0235837290
PWY0-1319: CDP-diacylglycerol biosynthesis II|g__Bacteroides.s__Bacteroides_cellulosilyticus	16.9477839160
PWY0-1319: CDP-diacylglycerol biosynthesis II|g__Eubacterium.s__Eubacterium_siraeum	8.4535977063
PWY0-1319: CDP-diacylglycerol biosynthesis II|g__Ruminococcus.s__Ruminococcus_bromii	4.2513865599
PWY0-1319: CDP-diacylglycerol biosynthesis II|g__Faecalibacterium.s__Faecalibacterium_prausnitzii	3.6648508191
PWY0-1319: CDP-diacylglycerol biosynthesis II|g__Bacteroides.s__Bacteroides_thetaiotaomicron	3.6621448549
PWY0-1319: CDP-diacylglycerol biosynthesis II|g__Parabacteroides.s__Parabacteroides_distasonis	3.1193479107
PWY0-1319: CDP-diacylglycerol biosynthesis II|g__Blautia.s__Ruminococcus_torques	2.1752030256
PWY0-1319: CDP-diacylglycerol biosynthesis II|g__Bacteroides.s__Bacteroides_ovatus	2.0591382381
PWY0-1319: CDP-diacylglycerol biosynthesis II|g__Parabacteroides.s__Parabacteroides_merdae	1.9176004972
PWY0-1319: CDP-diacylglycerol biosynthesis II|g__Clostridium.s__Clostridium_bolteae	1.2059089539
PANTO-PWY: phosphopantothenate biosynthesis I	123.9822371980
PANTO-PWY: phosphopantothenate biosynthesis I|g__Bacteroides.s__Bacteroides_uniformis	22.0718933837
PANTO-PWY: phosphopantothenate biosynthesis I|g__Bacteroides.s__Bacteroides_vulgatus	12.5638000292
PANTO-PWY: phosphopantothenate biosynthesis I|g__Bacteroides.s__Bacteroides_thetaiotaomicron	12.0542514177
PANTO-PWY: phosphopantothenate biosynthesis I|g__Bacteroides.s__Bacteroides_cellulosilyticus	11.2824491466
PANTO-PWY: phosphopantothenate biosynthesis I|g__Bacteroides.s__Bacteroides_ovatus	7.9418389125
PANTO-PWY: phosphopantothenate biosynthesis I|g__Lachnospiraceae_noname.s__Lachnospiraceae_bacterium_8_1_57FAA	6.4683165451
PANTO-PWY: phosphopantothenate biosynthesis I|g__Parabacteroides.s__Parabacteroides_distasonis	5.1696378390
PANTO-PWY: phosphopantothenate biosynthesis I|g__Bacteroides.s__Bacteroides_dorei	4.9389051737
PANTO-PWY: phosphopantothenate biosynthesis I|g__Blautia.s__Ruminococcus_torques	4.5820871996
PANTO-PWY: phosphopantothenate biosynthesis I|g__Parabacteroides.s__Parabacteroides_merdae	3.4485315282
PANTO-PWY: phosphopantothenate biosynthesis I|g__Dorea.s__Dorea_longicatena	1.8164911079
PANTO-PWY: phosphopantothenate biosynthesis I|g__Ruminococcus.s__Ruminococcus_callidus	1.5960196123
PANTO-PWY: phosphopantothenate biosynthesis I|g__Bacteroides.s__Bacteroides_intestinalis	1.5202120269
PANTO-PWY: phosphopantothenate biosynthesis I|g__Bacteroides.s__Bacteroides_fragilis	1.4380617729
PANTO-PWY: phosphopantothenate biosynthesis I|g__Morganella.s__Morganella_morganii	1.1587485516
PWY-3841: folate transformations II	122.0736400947
PWY-3841: folate transformations II|g__Bacteroides.s__Bacteroides_uniformis	18.9846493357
PWY-3841: folate transformations II|g__Bacteroides.s__Bacteroides_cellulosilyticus	13.8379702916
PWY-3841: folate transformations II|g__Bacteroides.s__Bacteroides_ovatus	12.2503715052
PWY-3841: folate transformations II|g__Bacteroides.s__Bacteroides_vulgatus	12.2447637772
PWY-3841: folate transformations II|g__Parabacteroides.s__Parabacteroides_merdae	8.0172257021
PWY-3841: folate transformations II|g__Bacteroides.s__Bacteroides_thetaiotaomicron	6.6304877569
PWY-3841: folate transformations II|g__Parabacteroides.s__Parabacteroides_distasonis	4.9279188485
PWY-3841: folate transformations II|g__Bacteroides.s__Bacteroides_dorei	3.4960080310
PWY-6163: chorismate biosynthesis from 3-dehydroquinate	121.2036424850
PWY-6163: chorismate biosynthesis from 3-dehydroquinate|g__Eubacterium.s__Eubacterium_siraeum	11.1814230011
PWY-6163: chorismate biosynthesis from 3-dehydroquinate|g__Alistipes.s__Alistipes_shahii	6.2378108343
PWY-6163: chorismate biosynthesis from 3-dehydroquinate|g__Ruminococcus.s__Ruminococcus_callidus	5.4301350752
PWY-6163: chorismate biosynthesis from 3-dehydroquinate|g__Flavonifractor.s__Flavonifractor_plautii	1.7309852442
PWY-6121: 5-aminoimidazole ribonucleotide biosynthesis I	117.6279717408
PWY-6121: 5-aminoimidazole ribonucleotide biosynthesis I|g__Eubacterium.s__Eubacterium_siraeum	12.4798262124
PWY-6121: 5-aminoimidazole ribonucleotide biosynthesis I|g__Collinsella.s__Collinsella_aerofaciens	7.2852452341
PWY-6121: 5-aminoimidazole ribonucleotide biosynthesis I|g__Alistipes.s__Alistipes_onderdonkii	4.9431981475
PWY-6121: 5-aminoimidazole ribonucleotide biosynthesis I|g__Sutterella.s__Sutterella_wadsworthensis	4.1221350804
PWY-6121: 5-aminoimidazole ribonucleotide biosynthesis I|g__Ruminococcus.s__Ruminococcus_bromii	3.2535649414
PWY-6121: 5-aminoimidazole ribonucleotide biosynthesis I|g__Clostridium.s__Clostridium_clostridioforme	2.7074539745
PWY-6121: 5-aminoimidazole ribonucleotide biosynthesis I|g__Blautia.s__Ruminococcus_torques	2.4486309841
PWY-6121: 5-aminoimidazole ribonucleotide biosynthesis I|g__Lachnospiraceae_noname.s__Lachnospiraceae_bacterium_8_1_57FAA	1.6007054102
PWY-6121: 5-aminoimidazole ribonucleotide biosynthesis I|g__Faecalibacterium.s__Faecalibacterium_prausnitzii	1.5952865683
PWY-6121: 5-aminoimidazole ribonucleotide biosynthesis I|g__Ruminococcus.s__Ruminococcus_callidus	1.3908501786
PWY-6700: queuosine biosynthesis	117.3374249588
PWY-6700: queuosine biosynthesis|g__Bacteroides.s__Bacteroides_uniformis	17.8505680554
PWY-6700: queuosine biosynthesis|g__Bacteroides.s__Bacteroides_cellulosilyticus	13.1772649265
PWY-6700: queuosine biosynthesis|g__Bacteroides.s__Bacteroides_vulgatus	12.0953589588
PWY-6700: queuosine biosynthesis|g__Parabacteroides.s__Parabacteroides_distasonis	7.6505640505
PWY-6700: queuosine biosynthesis|g__Bacteroides.s__Bacteroides_dorei	5.2966658527
PWY-6700: queuosine biosynthesis|g__Bacteroides.s__Bacteroides_thetaiotaomicron	4.3195103628
PWY-6700: queuosine biosynthesis|g__Ruminococcus.s__Ruminococcus_callidus	4.2799554123
PWY-6700: queuosine biosynthesis|g__Bacteroides.s__Bacteroides_ovatus	4.1767919998
PWY-6700: queuosine biosynthesis|g__Sutterella.s__Sutterella_wadsworthensis	3.8609669603
PWY-6700: queuosine biosynthesis|g__Coprobacter.s__Coprobacter_fastidiosus	2.5047069372
1CMET2-PWY: N10-formyl-tetrahydrofolate biosynthesis	115.8515289051
1CMET2-PWY: N10-formyl-tetrahydrofolate biosynthesis|g__Bacteroides.s__Bacteroides_uniformis	18.2656173614
1CMET2-PWY: N10-formyl-tetrahydrofolate biosynthesis|g__Bacteroides.s__Bacteroides_cellulosilyticus	13.1252262124
1CMET2-PWY: N10-formyl-tetrahydrofolate biosynthesis|g__Bacteroides.s__Bacteroides_thetaiotaomicron	4.4254779458
1CMET2-PWY: N10-formyl-tetrahydrofolate biosynthesis|g__Parabacteroides.s__Parabacteroides_distasonis	4.1792406728
PWY-6122: 5-aminoimidazole ribonucleotide biosynthesis II	112.8016192138
PWY-6122: 5-aminoimidazole ribonucleotide biosynthesis II|g__Eubacterium.s__Eubacterium_siraeum	13.9135968204
PWY-6122: 5-aminoimidazole ribonucleotide biosynthesis II|g__Collinsella.s__Collinsella_aerofaciens	10.7982034496
PWY-6122: 5-aminoimidazole ribonucleotide biosynthesis II|g__Ruminococcus.s__Ruminococcus_bromii	5.2743919616
PWY-6122: 5-aminoimidazole ribonucleotide biosynthesis II|g__Alistipes.s__Alistipes_onderdonkii	4.7596904374
PWY-6122: 5-aminoimidazole ribonucleotide biosynthesis II|g__Sutterella.s__Sutterella_wadsworthensis	3.9329345234
PWY-6122: 5-aminoimidazole ribonucleotide biosynthesis II|g__Clostridium.s__Clostridium_clostridioforme	3.4284719512
PWY-6122: 5-aminoimidazole ribonucleotide biosynthesis II|g__Blautia.s__Ruminococcus_torques	3.0021118754
PWY-6122: 5-aminoimidazole ribonucleotide biosynthesis II|g__Faecalibacterium.s__Faecalibacterium_prausnitzii	1.3525697041
PWY-6122: 5-aminoimidazole ribonucleotide biosynthesis II|g__Lachnospiraceae_noname.s__Lachnospiraceae_bacterium_8_1_57FAA	1.3405303210
PWY-6122: 5-aminoimidazole ribonucleotide biosynthesis II|g__Ruminococcus.s__Ruminococcus_callidus	1.1414954866
PWY-6122: 5-aminoimidazole ribonucleotide biosynthesis II|g__Dorea.s__Dorea_longicatena	1.1042614919
PWY-6277: superpathway of 5-aminoimidazole ribonucleotide biosynthesis	112.8016192138
PWY-6277: superpathway of 5-aminoimidazole ribonucleotide biosynthesis|g__Eubacterium.s__Eubacterium_siraeum	13.9135968204
PWY-6277: superpathway of 5-aminoimidazole ribonucleotide biosynthesis|g__Collinsella.s__Collinsella_aerofaciens	10.7982034496
PWY-6277: superpathway of 5-aminoimidazole ribonucleotide biosynthesis|g__Ruminococcus.s__Ruminococcus_bromii	5.2743919616
PWY-6277: superpathway of 5-aminoimidazole ribonucleotide biosynthesis|g__Alistipes.s__Alistipes_onderdonkii	4.7596904374
PWY-6277: superpathway of 5-aminoimidazole ribonucleotide biosynthesis|g__Sutterella.s__Sutterella_wadsworthensis	3.9329345234
PWY-6277: superpathway of 5-aminoimidazole ribonucleotide biosynthesis|g__Clostridium.s__Clostridium_clostridioforme	3.4284719512
PWY-6277: superpathway of 5-aminoimidazole ribonucleotide biosynthesis|g__Blautia.s__Ruminococcus_torques	3.0021118754
PWY-6277: superpathway of 5-aminoimidazole ribonucleotide biosynthesis|g__Faecalibacterium.s__Faecalibacterium_prausnitzii	1.3525697041
PWY-6277: superpathway of 5-aminoimidazole ribonucleotide biosynthesis|g__Lachnospiraceae_noname.s__Lachnospiraceae_bacterium_8_1_57FAA	1.3405303210
PWY-6277: superpathway of 5-aminoimidazole ribonucleotide biosynthesis|g__Ruminococcus.s__Ruminococcus_callidus	1.1414954866
PWY-6277: superpathway of 5-aminoimidazole ribonucleotide biosynthesis|g__Dorea.s__Dorea_longicatena	1.1042614919
PWY-5695: urate biosynthesis/inosine 5'-phosphate degradation	112.0387549086
PWY-5695: urate biosynthesis/inosine 5'-phosphate degradation|g__Bacteroides.s__Bacteroides_vulgatus	11.0485996957
PWY-5695: urate biosynthesis/inosine 5'-phosphate degradation|g__Alistipes.s__Alistipes_shahii	5.9906042918
PWY-5695: urate biosynthesis/inosine 5'-phosphate degradation|g__Bacteroides.s__Bacteroides_thetaiotaomicron	5.9525420511
PWY-5695: urate biosynthesis/inosine 5'-phosphate degradation|g__Bacteroides.s__Bacteroides_ovatus	3.9764247111
PWY-5695: urate biosynthesis/inosine 5'-phosphate degradation|g__Parabacteroides.s__Parabacteroides_distasonis	3.3744584871
PWY-5695: urate biosynthesis/inosine 5'-phosphate degradation|g__Bacteroides.s__Bacteroides_dorei	3.3144479079
PWY-5695: urate biosynthesis/inosine 5'-phosphate degradation|g__Bacteroides.s__Bacteroides_intestinalis	2.8365416233
PWY-5695: urate biosynthesis/inosine 5'-phosphate degradation|g__Faecalibacterium.s__Faecalibacterium_prausnitzii	2.7635141110
PWY-5695: urate biosynthesis/inosine 5'-phosphate degradation|g__Bacteroides.s__Bacteroides_fragilis	1.6216491868
PWY-5695: urate biosynthesis/inosine 5'-phosphate degradation|g__Roseburia.s__Roseburia_inulinivorans	1.5918238868
PWY-5695: urate biosynthesis/inosine 5'-phosphate degradation|g__Roseburia.s__Roseburia_intestinalis	1.5562002232
PWY-5695: urate biosynthesis/inosine 5'-phosphate degradation|g__Coprobacter.s__Coprobacter_fastidiosus	0.9396288466
COMPLETE-ARO-PWY: superpathway of aromatic amino acid biosynthesis	108.8715426191
COMPLETE-ARO-PWY: superpathway of aromatic amino acid biosynthesis|g__Eubacterium.s__Eubacterium_siraeum	12.5242939872
ARO-PWY: chorismate biosynthesis I	108.0992089003
ARO-PWY: chorismate biosynthesis I|g__Eubacterium.s__Eubacterium_siraeum	12.3110800347
ANAGLYCOLYSIS-PWY: glycolysis III (from glucose)	104.2477050723
ANAGLYCOLYSIS-PWY: glycolysis III (from glucose)|g__Bacteroides.s__Bacteroides_ovatus	4.2672708775
ANAGLYCOLYSIS-PWY: glycolysis III (from glucose)|g__Alistipes.s__Alistipes_shahii	4.2499281510
NONOXIPENT-PWY: pentose phosphate pathway (non-oxidative branch)	103.9074540038
NONOXIPENT-PWY: pentose phosphate pathway (non-oxidative branch)|g__Eubacterium.s__Eubacterium_siraeum	23.6112739971
NONOXIPENT-PWY: pentose phosphate pathway (non-oxidative branch)|g__Bacteroides.s__Bacteroides_thetaiotaomicron	8.5547046553
NONOXIPENT-PWY: pentose phosphate pathway (non-oxidative branch)|g__Alistipes.s__Alistipes_shahii	4.0315302827
NONOXIPENT-PWY: pentose phosphate pathway (non-oxidative branch)|g__Bacteroides.s__Bacteroides_xylanisolvens	3.4702640582
NONOXIPENT-PWY: pentose phosphate pathway (non-oxidative branch)|g__Lachnospiraceae_noname.s__Lachnospiraceae_bacterium_2_1_58FAA	1.9319048980
PWY-7229: superpathway of adenosine nucleotides de novo biosynthesis I	102.3309537786
PWY-7229: superpathway of adenosine nucleotides de novo biosynthesis I|g__Bacteroides.s__Bacteroides_vulgatus	11.2836905959
PWY-7229: superpathway of adenosine nucleotides de novo biosynthesis I|g__Bacteroides.s__Bacteroides_cellulosilyticus	4.9037931400
PWY-7229: superpathway of adenosine nucleotides de novo biosynthesis I|g__Sutterella.s__Sutterella_wadsworthensis	4.4744951400
PWY-6703: preQ0 biosynthesis	95.8491842362
PWY-6703: preQ0 biosynthesis|g__Bacteroides.s__Bacteroides_uniformis	16.7397841051
PWY-6703: preQ0 biosynthesis|g__Bacteroides.s__Bacteroides_vulgatus	14.5410480919
PWY-6703: preQ0 biosynthesis|g__Parabacteroides.s__Parabacteroides_distasonis	6.7398875413
PWY-6703: preQ0 biosynthesis|g__Bacteroides.s__Bacteroides_thetaiotaomicron	5.4317270510
PWY-6703: preQ0 biosynthesis|g__Bacteroides.s__Bacteroides_ovatus	4.8948895999
PWY-6703: preQ0 biosynthesis|g__Bacteroides.s__Bacteroides_cellulosilyticus	4.6432845248
PWY-6703: preQ0 biosynthesis|g__Ruminococcus.s__Ruminococcus_callidus	4.6028759182
PWY-6703: preQ0 biosynthesis|g__Porphyromonas.s__Porphyromonas_asaccharolytica	1.8315018315
PWY-6703: preQ0 biosynthesis|g__Blautia.s__Ruminococcus_torques	1.7559262511
PWY-724: superpathway of L-lysine, L-threonine and L-methionine biosynthesis II	94.5559736627
PWY-724: superpathway of L-lysine, L-threonine and L-methionine biosynthesis II|g__Faecalibacterium.s__Faecalibacterium_prausnitzii	2.3615021640
PWY-1042: glycolysis IV (plant cytosol)	89.9587625453
PWY-1042: glycolysis IV (plant cytosol)|g__Bacteroides.s__Bacteroides_ovatus	13.4820889465
PWY-1042: glycolysis IV (plant cytosol)|g__Bacteroides.s__Bacteroides_thetaiotaomicron	9.1884306138
PWY-1042: glycolysis IV (plant cytosol)|g__Ruminococcus.s__Ruminococcus_bromii	4.4702458074
PWY-1042: glycolysis IV (plant cytosol)|g__Alistipes.s__Alistipes_shahii	2.3730266158
PWY-1042: glycolysis IV (plant cytosol)|g__Lachnospiraceae_noname.s__Lachnospiraceae_bacterium_8_1_57FAA	2.0940347777
PWY-5973: cis-vaccenate biosynthesis	89.8344118144
PWY-6151: S-adenosyl-L-methionine cycle I	87.1582199870
PWY-6151: S-adenosyl-L-methionine cycle I|g__Bacteroides.s__Bacteroides_uniformis	22.2816630458
PWY-6151: S-adenosyl-L-methionine cycle I|g__Bacteroides.s__Bacteroides_vulgatus	4.3772017367
PWY-6151: S-adenosyl-L-methionine cycle I|g__Ruminococcus.s__Ruminococcus_bromii	4.1662129539
PWY-6151: S-adenosyl-L-methionine cycle I|g__Bacteroides.s__Bacteroides_dorei	3.9620496690
PWY-6151: S-adenosyl-L-methionine cycle I|g__Ruminococcus.s__Ruminococcus_callidus	2.7048176466
PWY-6151: S-adenosyl-L-methionine cycle I|g__Clostridium.s__Clostridium_bolteae	1.3420567019
PWY-7663: gondoate biosynthesis (anaerobic)	86.4238338129
PWY-7663: gondoate biosynthesis (anaerobic)|g__Bacteroides.s__Bacteroides_thetaiotaomicron	4.9034571910
PWY-7663: gondoate biosynthesis (anaerobic)|g__Bacteroides.s__Bacteroides_ovatus	3.4690024957
PWY-7663: gondoate biosynthesis (anaerobic)|g__Bacteroides.s__Bacteroides_xylanisolvens	2.3909646107
PWY0-845: superpathway of pyridoxal 5'-phosphate biosynthesis and salvage	86.1089658920
PWY0-845: superpathway of pyridoxal 5'-phosphate biosynthesis and salvage|g__Bacteroides.s__Bacteroides_uniformis	16.0869693543
PWY0-845: superpathway of pyridoxal 5'-phosphate biosynthesis and salvage|g__Bacteroides.s__Bacteroides_thetaiotaomicron	8.1743103107
PWY0-845: superpathway of pyridoxal 5'-phosphate biosynthesis and salvage|g__Bacteroides.s__Bacteroides_ovatus	6.9630621703
PWY0-845: superpathway of pyridoxal 5'-phosphate biosynthesis and salvage|g__Bacteroides.s__Bacteroides_fragilis	1.5477552494
PWY-6126: superpathway of adenosine nucleotides de novo biosynthesis II	84.1591885646
PWY-6126: superpathway of adenosine nucleotides de novo biosynthesis II|g__Bacteroides.s__Bacteroides_vulgatus	10.4144123243
PWY-6126: superpathway of adenosine nucleotides de novo biosynthesis II|g__Bacteroides.s__Bacteroides_cellulosilyticus	5.3310456137
PWY-6126: superpathway of adenosine nucleotides de novo biosynthesis II|g__Sutterella.s__Sutterella_wadsworthensis	4.0628384029
CALVIN-PWY: Calvin-Benson-Bassham cycle	81.1210810401
CALVIN-PWY: Calvin-Benson-Bassham cycle|g__Ruminococcus.s__Ruminococcus_bromii	3.9617797641
ARGININE-SYN4-PWY: L-ornithine de novo  biosynthesis	78.8427050395
ARGININE-SYN4-PWY: L-ornithine de novo  biosynthesis|g__Bacteroides.s__Bacteroides_uniformis	17.7107567501
ARGININE-SYN4-PWY: L-ornithine de novo  biosynthesis|g__Bacteroides.s__Bacteroides_cellulosilyticus	14.3251000857
ARGININE-SYN4-PWY: L-ornithine de novo  biosynthesis|g__Bacteroides.s__Bacteroides_thetaiotaomicron	7.7325250936
ARGININE-SYN4-PWY: L-ornithine de novo  biosynthesis|g__Bacteroides.s__Bacteroides_ovatus	6.0371119570
ARGININE-SYN4-PWY: L-ornithine de novo  biosynthesis|g__Bacteroides.s__Bacteroides_intestinalis	1.2637581033
PWY-6123: inosine-5'-phosphate biosynthesis I	77.7428973209
PWY-6123: inosine-5'-phosphate biosynthesis I|g__Bacteroides.s__Bacteroides_thetaiotaomicron	8.5051221658
PWY-6123: inosine-5'-phosphate biosynthesis I|g__Bacteroides.s__Bacteroides_ovatus	3.9375869532
PWY-6123: inosine-5'-phosphate biosynthesis I|g__Eubacterium.s__Eubacterium_siraeum	3.5139124488
PWY-6123: inosine-5'-phosphate biosynthesis I|g__Faecalibacterium.s__Faecalibacterium_prausnitzii	2.5030052149
PWY-6123: inosine-5'-phosphate biosynthesis I|g__Bacteroides.s__Bacteroides_fragilis	1.8962119115
PWY-6385: peptidoglycan biosynthesis III (mycobacteria)	75.1477654156
PWY-6385: peptidoglycan biosynthesis III (mycobacteria)|g__Bacteroides.s__Bacteroides_ovatus	7.7520649272
PWY-6385: peptidoglycan biosynthesis III (mycobacteria)|g__Parabacteroides.s__Parabacteroides_distasonis	5.9592431274
PWY-6385: peptidoglycan biosynthesis III (mycobacteria)|g__Faecalibacterium.s__Faecalibacterium_prausnitzii	2.2147113999
PYRIDOXSYN-PWY: pyridoxal 5'-phosphate biosynthesis I	75.0727845587
PYRIDOXSYN-PWY: pyridoxal 5'-phosphate biosynthesis I|g__Bacteroides.s__Bacteroides_uniformis	14.5392450428
PYRIDOXSYN-PWY: pyridoxal 5'-phosphate biosynthesis I|g__Bacteroides.s__Bacteroides_thetaiotaomicron	7.5585630812
PYRIDOXSYN-PWY: pyridoxal 5'-phosphate biosynthesis I|g__Bacteroides.s__Bacteroides_ovatus	6.5113874326
PYRIDOXSYN-PWY: pyridoxal 5'-phosphate biosynthesis I|g__Bacteroides.s__Bacteroides_fragilis	2.1104285576
DTDPRHAMSYN-PWY: dTDP-L-rhamnose biosynthesis I	74.0239069678
DTDPRHAMSYN-PWY: dTDP-L-rhamnose biosynthesis I|g__Alistipes.s__Alistipes_shahii	9.7225951808
DTDPRHAMSYN-PWY: dTDP-L-rhamnose biosynthesis I|g__Bacteroides.s__Bacteroides_ovatus	7.9044150629
DTDPRHAMSYN-PWY: dTDP-L-rhamnose biosynthesis I|g__Faecalibacterium.s__Faecalibacterium_prausnitzii	6.6237119959
DTDPRHAMSYN-PWY: dTDP-L-rhamnose biosynthesis I|g__Bacteroides.s__Bacteroides_fragilis	4.8608484387
PWY-7228: superpathway of guanosine nucleotides de novo biosynthesis I	71.7290081978
PWY-7228: superpathway of guanosine nucleotides de novo biosynthesis I|g__Bacteroides.s__Bacteroides_cellulosilyticus	14.1095963074
PWY-7228: superpathway of guanosine nucleotides de novo biosynthesis I|g__Bacteroides.s__Bacteroides_vulgatus	9.2418687944
PWY-7228: superpathway of guanosine nucleotides de novo biosynthesis I|g__Sutterella.s__Sutterella_wadsworthensis	4.3570735527
PWY-7228: superpathway of guanosine nucleotides de novo biosynthesis I|g__Bacteroides.s__Bacteroides_dorei	2.7618645627
PWY-6124: inosine-5'-phosphate biosynthesis II	69.9915688120
PWY-6124: inosine-5'-phosphate biosynthesis II|g__Bacteroides.s__Bacteroides_thetaiotaomicron	9.3209223676
PWY-6124: inosine-5'-phosphate biosynthesis II|g__Bacteroides.s__Bacteroides_xylanisolvens	3.7165062448
PWY-6124: inosine-5'-phosphate biosynthesis II|g__Bacteroides.s__Bacteroides_ovatus	3.4239348666
PWY-6124: inosine-5'-phosphate biosynthesis II|g__Eubacterium.s__Eubacterium_siraeum	3.3544400873
PWY-6124: inosine-5'-phosphate biosynthesis II|g__Faecalibacterium.s__Faecalibacterium_prausnitzii	2.5547763758
PWY-6124: inosine-5'-phosphate biosynthesis II|g__Bacteroides.s__Bacteroides_fragilis	1.6988873441
PWY-841: superpathway of purine nucleotides de novo biosynthesis I	68.4087444987
PWY-6168: flavin biosynthesis III (fungi)	68.1273366185
PWY-6168: flavin biosynthesis III (fungi)|g__Bacteroides.s__Bacteroides_thetaiotaomicron	7.7491299636
PWY-7282: 4-amino-2-methyl-5-phosphomethylpyrimidine biosynthesis (yeast)	67.6111435891
PWY-7282: 4-amino-2-methyl-5-phosphomethylpyrimidine biosynthesis (yeast)|g__Bacteroides.s__Bacteroides_ovatus	5.8080929999
PWY-6897: thiamin salvage II	66.4865757834
PWY0-162: superpathway of pyrimidine ribonucleotides de novo biosynthesis	65.7040822657
PWY-6609: adenine and adenosine salvage III	64.8055271470
PWY-6609: adenine and adenosine salvage III|g__Bacteroides.s__Bacteroides_thetaiotaomicron	12.8346183579
PWY-6609: adenine and adenosine salvage III|g__Bacteroides.s__Bacteroides_ovatus	8.6027275363
PWY-6609: adenine and adenosine salvage III|g__Alistipes.s__Alistipes_shahii	4.5950805077
PWY-6609: adenine and adenosine salvage III|g__Bacteroides.s__Bacteroides_fragilis	1.5197568389
PWY-6609: adenine and adenosine salvage III|g__Blautia.s__Ruminococcus_torques	1.1554015020
PWY-6125: superpathway of guanosine nucleotides de novo biosynthesis II	64.7006374332
PWY-6125: superpathway of guanosine nucleotides de novo biosynthesis II|g__Bacteroides.s__Bacteroides_vulgatus	8.8001634873
PWY-6125: superpathway of guanosine nucleotides de novo biosynthesis II|g__Sutterella.s__Sutterella_wadsworthensis	3.9793730133
PWY-6125: superpathway of guanosine nucleotides de novo biosynthesis II|g__Bacteroides.s__Bacteroides_dorei	2.6173612320
PHOSLIPSYN-PWY: superpathway of phospholipid biosynthesis I (bacteria)	63.8462088594
SER-GLYSYN-PWY: superpathway of L-serine and glycine biosynthesis I	61.0085898592
SER-GLYSYN-PWY: superpathway of L-serine and glycine biosynthesis I|g__Eubacterium.s__Eubacterium_siraeum	11.5293059092
SER-GLYSYN-PWY: superpathway of L-serine and glycine biosynthesis I|g__Ruminococcus.s__Ruminococcus_bromii	4.6623751022
SER-GLYSYN-PWY: superpathway of L-serine and glycine biosynthesis I|g__Faecalibacterium.s__Faecalibacterium_prausnitzii	3.1535715987
SER-GLYSYN-PWY: superpathway of L-serine and glycine biosynthesis I|g__Blautia.s__Ruminococcus_torques	1.2775088754
SER-GLYSYN-PWY: superpathway of L-serine and glycine biosynthesis I|g__Porphyromonas.s__Porphyromonas_asaccharolytica	0.8499787505
PYRIDNUCSYN-PWY: NAD biosynthesis I (from aspartate)	60.9030976907
PYRIDNUCSYN-PWY: NAD biosynthesis I (from aspartate)|g__Alistipes.s__Alistipes_shahii	7.0465986530
PYRIDNUCSYN-PWY: NAD biosynthesis I (from aspartate)|g__Eubacterium.s__Eubacterium_siraeum	5.2201551327
PYRIDNUCSYN-PWY: NAD biosynthesis I (from aspartate)|g__Ruminococcus.s__Ruminococcus_bromii	2.4932549569
PWY-7357: thiamin formation from pyrithiamine and oxythiamine (yeast)	60.3186735152
PWY-7357: thiamin formation from pyrithiamine and oxythiamine (yeast)|g__Eubacterium.s__Eubacterium_siraeum	12.6575089905
PWY-7357: thiamin formation from pyrithiamine and oxythiamine (yeast)|g__Ruminococcus.s__Ruminococcus_bromii	5.5814204451
PWY-7357: thiamin formation from pyrithiamine and oxythiamine (yeast)|g__Faecalibacterium.s__Faecalibacterium_prausnitzii	2.5034109637
PWY-3001: superpathway of L-isoleucine biosynthesis I	59.2020889691
PWY-3001: superpathway of L-isoleucine biosynthesis I|g__Faecalibacterium.s__Faecalibacterium_prausnitzii	3.8674870423
PWY0-166: superpathway of pyrimidine deoxyribonucleotides de novo biosynthesis (E. coli)	57.6370016016
PWY0-166: superpathway of pyrimidine deoxyribonucleotides de novo biosynthesis (E. coli)|g__Sutterella.s__Sutterella_wadsworthensis	4.1223009396
PWY-7208: superpathway of pyrimidine nucleobases salvage	55.7885928438
PWY-7208: superpathway of pyrimidine nucleobases salvage|g__Eubacterium.s__Eubacterium_siraeum	6.3061288732
PWY-7208: superpathway of pyrimidine nucleobases salvage|g__Sutterella.s__Sutterella_wadsworthensis	3.1744602003
PWY-7208: superpathway of pyrimidine nucleobases salvage|g__Blautia.s__Ruminococcus_torques	2.3303299803
THRESYN-PWY: superpathway of L-threonine biosynthesis	55.0303485361
THRESYN-PWY: superpathway of L-threonine biosynthesis|g__Faecalibacterium.s__Faecalibacterium_prausnitzii	3.1796404635
TRNA-CHARGING-PWY: tRNA charging	53.7824453480
PWY-7184: pyrimidine deoxyribonucleotides de novo biosynthesis I	53.4856192669
PWY-7184: pyrimidine deoxyribonucleotides de novo biosynthesis I|g__Sutterella.s__Sutterella_wadsworthensis	3.9592025034
PWY4FS-7: phosphatidylglycerol biosynthesis I (plastidic)	52.0755606510
PWY4FS-8: phosphatidylglycerol biosynthesis II (non-plastidic)	52.0755606510
PWY-7220: adenosine deoxyribonucleotides de novo biosynthesis II	48.6529464325
PWY-7220: adenosine deoxyribonucleotides de novo biosynthesis II|g__Bacteroides.s__Bacteroides_cellulosilyticus	13.1801880888
PWY-7220: adenosine deoxyribonucleotides de novo biosynthesis II|g__Bacteroides.s__Bacteroides_vulgatus	7.2219937256
PWY-7220: adenosine deoxyribonucleotides de novo biosynthesis II|g__Sutterella.s__Sutterella_wadsworthensis	3.5963454764
PWY-7220: adenosine deoxyribonucleotides de novo biosynthesis II|g__Bacteroides.s__Bacteroides_dorei	3.1137553531
PWY-7220: adenosine deoxyribonucleotides de novo biosynthesis II|g__Holdemania.s__Holdemania_filiformis	0.8257457402
PWY-7222: guanosine deoxyribonucleotides de novo biosynthesis II	48.6529464325
PWY-7222: guanosine deoxyribonucleotides de novo biosynthesis II|g__Bacteroides.s__Bacteroides_cellulosilyticus	13.1801880888
PWY-7222: guanosine deoxyribonucleotides de novo biosynthesis II|g__Bacteroides.s__Bacteroides_vulgatus	7.2219937256
PWY-7222: guanosine deoxyribonucleotides de novo biosynthesis II|g__Sutterella.s__Sutterella_wadsworthensis	3.5963454764
PWY-7222: guanosine deoxyribonucleotides de novo biosynthesis II|g__Bacteroides.s__Bacteroides_dorei	3.1137553531
PWY-7222: guanosine deoxyribonucleotides de novo biosynthesis II|g__Holdemania.s__Holdemania_filiformis	0.8257457402
ANAEROFRUCAT-PWY: homolactic fermentation	47.7737903684
BRANCHED-CHAIN-AA-SYN-PWY: superpathway of branched amino acid biosynthesis	45.4619764975
BRANCHED-CHAIN-AA-SYN-PWY: superpathway of branched amino acid biosynthesis|g__Eubacterium.s__Eubacterium_siraeum	9.6293108521
BRANCHED-CHAIN-AA-SYN-PWY: superpathway of branched amino acid biosynthesis|g__Faecalibacterium.s__Faecalibacterium_prausnitzii	5.5666234958
PWY-5659: GDP-mannose biosynthesis	45.2823183705
PWY-5659: GDP-mannose biosynthesis|g__Eubacterium.s__Eubacterium_siraeum	9.3212052763
PWY-5659: GDP-mannose biosynthesis|g__Bacteroides.s__Bacteroides_ovatus	6.0405802299
PWY-5659: GDP-mannose biosynthesis|g__Alistipes.s__Alistipes_shahii	5.8864788156
PWY-5659: GDP-mannose biosynthesis|g__Alistipes.s__Alistipes_onderdonkii	4.1886512742
PWY-5659: GDP-mannose biosynthesis|g__Faecalibacterium.s__Faecalibacterium_prausnitzii	1.8545764975
PWY-5659: GDP-mannose biosynthesis|g__Bacteroides.s__Bacteroides_xylanisolvens	1.0463894976
PWY-5659: GDP-mannose biosynthesis|g__Porphyromonas.s__Porphyromonas_asaccharolytica	1.0168381418
PWY-5659: GDP-mannose biosynthesis|g__Roseburia.s__Roseburia_intestinalis	0.7490714995
PANTOSYN-PWY: pantothenate and coenzyme A biosynthesis I	45.0865121163
PANTOSYN-PWY: pantothenate and coenzyme A biosynthesis I|g__Bacteroides.s__Bacteroides_ovatus	6.1982283033
PWY-7456: mannan degradation	43.7183892401
PWY-7456: mannan degradation|g__Eubacterium.s__Eubacterium_siraeum	10.2553663693
PWY-7456: mannan degradation|g__Bacteroides.s__Bacteroides_ovatus	5.1386242805
CITRULBIO-PWY: L-citrulline biosynthesis	43.3194052717
HISTSYN-PWY: L-histidine biosynthesis	43.0830153178
HISTSYN-PWY: L-histidine biosynthesis|g__Eubacterium.s__Eubacterium_siraeum	8.0798113498
HISTSYN-PWY: L-histidine biosynthesis|g__Ruminococcus.s__Ruminococcus_bromii	2.3170175276
DAPLYSINESYN-PWY: L-lysine biosynthesis I	42.8549788500
PWY-7211: superpathway of pyrimidine deoxyribonucleotides de novo biosynthesis	41.5863557779
PWY-6317: galactose degradation I (Leloir pathway)	40.8450466044
PWY-6317: galactose degradation I (Leloir pathway)|g__Eubacterium.s__Eubacterium_siraeum	8.0507287530
PWY-6317: galactose degradation I (Leloir pathway)|g__Faecalibacterium.s__Faecalibacterium_prausnitzii	3.1237804905
PWY-6317: galactose degradation I (Leloir pathway)|g__Ruminococcus.s__Ruminococcus_bromii	2.1183206336
PWY66-422: D-galactose degradation V (Leloir pathway)	40.8450466044
PWY66-422: D-galactose degradation V (Leloir pathway)|g__Eubacterium.s__Eubacterium_siraeum	8.7324403731
PWY66-422: D-galactose degradation V (Leloir pathway)|g__Faecalibacterium.s__Faecalibacterium_prausnitzii	3.1237804905
PWY66-422: D-galactose degradation V (Leloir pathway)|g__Ruminococcus.s__Ruminococcus_bromii	2.1183206336
PWY-1269: CMP-3-deoxy-D-manno-octulosonate biosynthesis I	40.6892452546
PWY-1269: CMP-3-deoxy-D-manno-octulosonate biosynthesis I|g__Bacteroides.s__Bacteroides_thetaiotaomicron	6.9968107903
PWY-1269: CMP-3-deoxy-D-manno-octulosonate biosynthesis I|g__Bacteroides.s__Bacteroides_ovatus	4.8723622099
PWY-1269: CMP-3-deoxy-D-manno-octulosonate biosynthesis I|g__Alistipes.s__Alistipes_shahii	4.7790610362
PWY-7197: pyrimidine deoxyribonucleotide phosphorylation	39.6951992393
PWY-7197: pyrimidine deoxyribonucleotide phosphorylation|g__Sutterella.s__Sutterella_wadsworthensis	3.1147532121
DENOVOPURINE2-PWY: superpathway of purine nucleotides de novo biosynthesis II	39.6170958327
ASPASN-PWY: superpathway of L-aspartate and L-asparagine biosynthesis	38.9561809347
ASPASN-PWY: superpathway of L-aspartate and L-asparagine biosynthesis|g__Bacteroides.s__Bacteroides_ovatus	7.0793630493
ASPASN-PWY: superpathway of L-aspartate and L-asparagine biosynthesis|g__Bacteroides.s__Bacteroides_thetaiotaomicron	5.1093228176
ASPASN-PWY: superpathway of L-aspartate and L-asparagine biosynthesis|g__Faecalibacterium.s__Faecalibacterium_prausnitzii	1.6316067173
PWY-4984: urea cycle	37.8406719988
PWY-4984: urea cycle|g__Flavonifractor.s__Flavonifractor_plautii	1.7560204207
PWY-6527: stachyose degradation	37.8222084244
PWY-6527: stachyose degradation|g__Eubacterium.s__Eubacterium_siraeum	11.2892244815
PWY-6527: stachyose degradation|g__Faecalibacterium.s__Faecalibacterium_prausnitzii	1.1683170483
PWY-7383: anaerobic energy metabolism (invertebrates, cytosol)	37.3166396368
PWY-5103: L-isoleucine biosynthesis III	36.9918444581
PWY-5103: L-isoleucine biosynthesis III|g__Eubacterium.s__Eubacterium_siraeum	8.6778221528
PWY-5103: L-isoleucine biosynthesis III|g__Faecalibacterium.s__Faecalibacterium_prausnitzii	5.3619642298
PWY-7234: inosine-5'-phosphate biosynthesis III	36.7310436904
THISYNARA-PWY: superpathway of thiamin diphosphate biosynthesis III (eukaryotes)	35.6094286488
THISYNARA-PWY: superpathway of thiamin diphosphate biosynthesis III (eukaryotes)|g__Bacteroides.s__Bacteroides_ovatus	7.8417189360
THISYNARA-PWY: superpathway of thiamin diphosphate biosynthesis III (eukaryotes)|g__Faecalibacterium.s__Faecalibacterium_prausnitzii	4.1771906654
METSYN-PWY: L-homoserine and L-methionine biosynthesis	35.2361358288
PRPP-PWY: superpathway of histidine, purine, and pyrimidine biosynthesis	35.1202558805
MET-SAM-PWY: superpathway of S-adenosyl-L-methionine biosynthesis	34.8531850529
PWY0-1586: peptidoglycan maturation (meso-diaminopimelate containing)	34.8177579489
PWY0-1586: peptidoglycan maturation (meso-diaminopimelate containing)|g__Faecalibacterium.s__Faecalibacterium_prausnitzii	2.4023846366
P42-PWY: incomplete reductive TCA cycle	34.5366710595
PWY0-1296: purine ribonucleosides degradation	34.2700589279
PWY0-1296: purine ribonucleosides degradation|g__Clostridium.s__Clostridium_clostridioforme	3.7685109440
PWY0-1296: purine ribonucleosides degradation|g__Faecalibacterium.s__Faecalibacterium_prausnitzii	1.7397486563
PWY0-1296: purine ribonucleosides degradation|g__Holdemania.s__Holdemania_filiformis	1.5835546869
PWY0-1296: purine ribonucleosides degradation|g__Lachnospiraceae_noname.s__Lachnospiraceae_bacterium_8_1_57FAA	1.4120888645
PWY0-1296: purine ribonucleosides degradation|g__Blautia.s__Ruminococcus_torques	1.1088230635
PWY-5347: superpathway of L-methionine biosynthesis (transsulfuration)	34.0839638693
PWY-6545: pyrimidine deoxyribonucleotides de novo biosynthesis III	34.0111210289
PWY-7196: superpathway of pyrimidine ribonucleosides salvage	33.7081772776
RIBOSYN2-PWY: flavin biosynthesis I (bacteria and plants)	33.4665261171
PWY66-399: gluconeogenesis III	32.4721127349
PWY-7323: superpathway of GDP-mannose-derived O-antigen building blocks biosynthesis	31.1996061500
PWY-7323: superpathway of GDP-mannose-derived O-antigen building blocks biosynthesis|g__Bacteroides.s__Bacteroides_ovatus	1.9419497553
RHAMCAT-PWY: L-rhamnose degradation I	31.0242747507
RHAMCAT-PWY: L-rhamnose degradation I|g__Bacteroides.s__Bacteroides_ovatus	8.8092938907
RHAMCAT-PWY: L-rhamnose degradation I|g__Bacteroides.s__Bacteroides_thetaiotaomicron	4.7562883937
RHAMCAT-PWY: L-rhamnose degradation I|g__Faecalibacterium.s__Faecalibacterium_prausnitzii	2.0322994292
PWY-4981: L-proline biosynthesis II (from arginine)	29.9449396164
PWY-4981: L-proline biosynthesis II (from arginine)|g__Collinsella.s__Collinsella_aerofaciens	7.7910675227
PWY66-400: glycolysis VI (metazoan)	28.8204689180
TRPSYN-PWY: L-tryptophan biosynthesis	28.3096296710
TRPSYN-PWY: L-tryptophan biosynthesis|g__Bacteroides.s__Bacteroides_fragilis	1.0977006556
GLYCOLYSIS: glycolysis I (from glucose 6-phosphate)	28.2695075135
PWY-5484: glycolysis II (from fructose 6-phosphate)	28.1731573226
GLCMANNANAUT-PWY: superpathway of N-acetylglucosamine, N-acetylmannosamine and N-acetylneuraminate degradation	28.0979768853
PWY-5100: pyruvate fermentation to acetate and lactate II	27.5493281659
PWY-5100: pyruvate fermentation to acetate and lactate II|g__Roseburia.s__Roseburia_intestinalis	0.9835259405
PWY-5104: L-isoleucine biosynthesis IV	26.4280072040
PWY-7187: pyrimidine deoxyribonucleotides de novo biosynthesis II	25.3399418154
COLANSYN-PWY: colanic acid building blocks biosynthesis	25.3118092618
COA-PWY: coenzyme A biosynthesis I	25.0542171495
COA-PWY: coenzyme A biosynthesis I|g__Bacteroides.s__Bacteroides_ovatus	7.0155925328
COA-PWY: coenzyme A biosynthesis I|g__Faecalibacterium.s__Faecalibacterium_prausnitzii	1.2106537530
COA-PWY: coenzyme A biosynthesis I|g__Bacteroides.s__Bacteroides_xylanisolvens	0.9942828735
GALACTUROCAT-PWY: D-galacturonate degradation I	24.9753913900
GALACTUROCAT-PWY: D-galacturonate degradation I|g__Alistipes.s__Alistipes_shahii	5.5029291064
GALACTUROCAT-PWY: D-galacturonate degradation I|g__Faecalibacterium.s__Faecalibacterium_prausnitzii	3.8777215560
PWY-6147: 6-hydroxymethyl-dihydropterin diphosphate biosynthesis I	22.8979477121
PWY-6147: 6-hydroxymethyl-dihydropterin diphosphate biosynthesis I|g__Collinsella.s__Collinsella_aerofaciens	8.0253511445
PWY-5188: tetrapyrrole biosynthesis I (from glutamate)	22.4669490755
PWY-5188: tetrapyrrole biosynthesis I (from glutamate)|g__Ruminococcus.s__Ruminococcus_bromii	4.2660198377
PWY-5188: tetrapyrrole biosynthesis I (from glutamate)|g__Sutterella.s__Sutterella_wadsworthensis	3.9599925708
PWY-5188: tetrapyrrole biosynthesis I (from glutamate)|g__Ruminococcus.s__Ruminococcus_callidus	3.4550084115
PWY-5188: tetrapyrrole biosynthesis I (from glutamate)|g__Lachnospiraceae_noname.s__Lachnospiraceae_bacterium_7_1_58FAA	1.3627472566
PWY-2941: L-lysine biosynthesis II	22.0368884638
GALACT-GLUCUROCAT-PWY: superpathway of hexuronide and hexuronate degradation	21.9406650822
GALACT-GLUCUROCAT-PWY: superpathway of hexuronide and hexuronate degradation|g__Faecalibacterium.s__Faecalibacterium_prausnitzii	3.4135402503
PWY-5101: L-isoleucine biosynthesis II	21.7591743444
PWY-7539: 6-hydroxymethyl-dihydropterin diphosphate biosynthesis III (Chlamydia)	21.3377424889
HOMOSER-METSYN-PWY: L-methionine biosynthesis I	20.9166684205
HOMOSER-METSYN-PWY: L-methionine biosynthesis I|g__Ruminococcus.s__Ruminococcus_bromii	5.6134247615
PWY-7400: L-arginine biosynthesis IV (archaebacteria)	20.8926760940
PWY-7400: L-arginine biosynthesis IV (archaebacteria)|g__Blautia.s__Ruminococcus_torques	2.2137883142
PWY-7199: pyrimidine deoxyribonucleosides salvage	19.6411755626
GLYCOGENSYNTH-PWY: glycogen biosynthesis I (from ADP-D-Glucose)	19.5695210935
GLYCOGENSYNTH-PWY: glycogen biosynthesis I (from ADP-D-Glucose)|g__Eubacterium.s__Eubacterium_siraeum	8.1929252798
PWY-5022: 4-aminobutanoate degradation V	19.5237108999
GLUCUROCAT-PWY: superpathway of &beta;-D-glucuronide and D-glucuronate degradation	19.0570885359
GLUCUROCAT-PWY: superpathway of &beta;-D-glucuronide and D-glucuronate degradation|g__Faecalibacterium.s__Faecalibacterium_prausnitzii	3.1915270298
GLUDEG-I-PWY: GABA shunt	18.8947781552
ARGSYN-PWY: L-arginine biosynthesis I (via L-ornithine)	18.4480473643
ARGSYN-PWY: L-arginine biosynthesis I (via L-ornithine)|g__Blautia.s__Ruminococcus_torques	2.1712599452
PWY-4242: pantothenate and coenzyme A biosynthesis III	18.3108906687
PWY-4242: pantothenate and coenzyme A biosynthesis III|g__Bacteroides.s__Bacteroides_ovatus	4.2195090007
PWY-4242: pantothenate and coenzyme A biosynthesis III|g__Faecalibacterium.s__Faecalibacterium_prausnitzii	1.2958499446
PWY-7242: D-fructuronate degradation	15.1124859460
PWY-7242: D-fructuronate degradation|g__Faecalibacterium.s__Faecalibacterium_prausnitzii	3.9589497528
PWY-5030: L-histidine degradation III	14.1817622240
TCA: TCA cycle I (prokaryotic)	13.4319587343
NAGLIPASYN-PWY: lipid IVA biosynthesis	13.2664601457
HEMESYN2-PWY: heme biosynthesis II (anaerobic)	12.9915591242
HEMESYN2-PWY: heme biosynthesis II (anaerobic)|g__Sutterella.s__Sutterella_wadsworthensis	2.8113341368
PWY-6305: putrescine biosynthesis IV	12.8774381649
PWY-621: sucrose degradation III (sucrose invertase)	12.8688285304
HISDEG-PWY: L-histidine degradation I	12.3578925264
HISDEG-PWY: L-histidine degradation I|g__Alistipes.s__Alistipes_shahii	3.9374731295
PWY-5723: Rubisco shunt	11.9835801129
PWY-6969: TCA cycle V (2-oxoglutarate:ferredoxin oxidoreductase)	11.5595337125
PWY-7210: pyrimidine deoxyribonucleotides biosynthesis from CTP	11.2738879111
PWY-6588: pyruvate fermentation to acetone	10.8890774625
COBALSYN-PWY: adenosylcobalamin salvage from cobinamide I	10.1075432232
COBALSYN-PWY: adenosylcobalamin salvage from cobinamide I|g__Faecalibacterium.s__Faecalibacterium_prausnitzii	1.7780277312
POLYAMSYN-PWY: superpathway of polyamine biosynthesis I	10.0959037504
PWY-6608: guanosine nucleotides degradation III	9.0337376090
PWY-6531: mannitol cycle	8.9466183391
PWY-5690: TCA cycle II (plants and fungi)	8.9391647954
PWY66-409: superpathway of purine nucleotide salvage	8.7293785361
PWY-7198: pyrimidine deoxyribonucleotides de novo biosynthesis IV	8.6666122516
PWY-6901: superpathway of glucose and xylose degradation	8.5856987030
HSERMETANA-PWY: L-methionine biosynthesis III	8.1542444195
SULFATE-CYS-PWY: superpathway of sulfate assimilation and cysteine biosynthesis	7.8830558922
PWY-5154: L-arginine biosynthesis III (via N-acetyl-L-citrulline)	7.6973338915
SALVADEHYPOX-PWY: adenosine nucleotides degradation II	7.6279400328
OANTIGEN-PWY: O-antigen building blocks biosynthesis (E. coli)	7.4729455373
HEXITOLDEGSUPER-PWY: superpathway of hexitol degradation (bacteria)	7.0929287465
PWY-6595: superpathway of guanosine nucleotides degradation (plants)	7.0326191392
PWY-6606: guanosine nucleotides degradation II	6.9784711025
PWY0-862: (5Z)-dodec-5-enoate biosynthesis	6.7001677888
PWY0-1261: anhydromuropeptides recycling	6.4024456371
FUCCAT-PWY: fucose degradation	6.0551116080
PENTOSE-P-PWY: pentose phosphate pathway	5.8423322240
GLYCOLYSIS-E-D: superpathway of glycolysis and Entner-Doudoroff	5.7712977530
SO4ASSIM-PWY: sulfate reduction I (assimilatory)	5.6689243436
P441-PWY: superpathway of N-acetylneuraminate degradation	5.2506470242
PWY-7237: myo-, chiro- and scillo-inositol degradation	4.7595888655
PWY-7237: myo-, chiro- and scillo-inositol degradation|g__Oscillibacter.s__Oscillibacter_sp_KLE_1745	4.7595888655
PWY-7237: myo-, chiro- and scillo-inositol degradation|g__Clostridium.s__Clostridium_symbiosum	1.0526315789
PWY-5676: acetyl-CoA fermentation to butanoate II	4.6781667078
PWY-6353: purine nucleotides degradation II (aerobic)	4.6534040670
GLUTORN-PWY: L-ornithine biosynthesis	4.4872049245
GLUTORN-PWY: L-ornithine biosynthesis|g__Blautia.s__Ruminococcus_torques	1.5690222044
PWY-5177: glutaryl-CoA degradation	4.2267542266
PWY-5177: glutaryl-CoA degradation|g__Faecalibacterium.s__Faecalibacterium_prausnitzii	3.1451565617
PWY-6507: 4-deoxy-L-threo-hex-4-enopyranuronate degradation	4.1686135159
PWY-6507: 4-deoxy-L-threo-hex-4-enopyranuronate degradation|g__Faecalibacterium.s__Faecalibacterium_prausnitzii	2.8872936120
UDPNAGSYN-PWY: UDP-N-acetyl-D-glucosamine biosynthesis I	4.0829071984
PWY-7013: L-1,2-propanediol degradation	3.8449684522
BIOTIN-BIOSYNTHESIS-PWY: biotin biosynthesis I	3.8353558578
PWY-5918: superpathay of heme biosynthesis from glutamate	3.7192239593
PWY-7664: oleate biosynthesis IV (anaerobic)	3.5703126450
P162-PWY: L-glutamate degradation V (via hydroxyglutarate)	3.4667868017
FASYN-ELONG-PWY: fatty acid elongation -- saturated	3.4427477859
NAD-BIOSYNTHESIS-II: NAD salvage pathway II	3.2983089410
NAD-BIOSYNTHESIS-II: NAD salvage pathway II|g__Escherichia.s__Escherichia_coli	1.5804678592
PWYG-321: mycolate biosynthesis	3.1418761119
PWY-6519: 8-amino-7-oxononanoate biosynthesis I	3.0673182811
PWY0-1297: superpathway of purine deoxyribonucleosides degradation	3.0505726809
PWY0-1297: superpathway of purine deoxyribonucleosides degradation|g__Blautia.s__Ruminococcus_torques	1.1493151997
PWY-5189: tetrapyrrole biosynthesis II (from glycine)	2.7952412788
PWY-6282: palmitoleate biosynthesis I (from (5Z)-dodec-5-enoate)	2.6058818574
PWY-5989: stearate biosynthesis II (bacteria and plants)	2.5935736061
PWY0-1061: superpathway of L-alanine biosynthesis	2.4261003445
PWY-7371: 1,4-dihydroxy-6-naphthoate biosynthesis II	2.4217250051
HEME-BIOSYNTHESIS-II: heme biosynthesis I (aerobic)	2.2051574672
FASYN-INITIAL-PWY: superpathway of fatty acid biosynthesis initiation (E. coli)	2.1922979589
PWY-7388: octanoyl-[acyl-carrier protein] biosynthesis (mitochondria, yeast)	2.0450503846
P185-PWY: formaldehyde assimilation III (dihydroxyacetone cycle)	1.9340972282
PWY0-1298: superpathway of pyrimidine deoxyribonucleosides degradation	1.7469527550
PPGPPMET-PWY: ppGpp biosynthesis	1.5893977622
PWY-5083: NAD/NADH phosphorylation and dephosphorylation	1.4478291103
PWY0-1479: tRNA processing	1.2561973766
GALACTARDEG-PWY: D-galactarate degradation I	0.9282470699
GLUCARGALACTSUPER-PWY: superpathway of D-glucarate and D-galactarate degradation	0.9282470699