# Pathway	ERR480684_Abundance
UNMAPPED	236936.1208128415
UNINTEGRATED	297025.5235860457
UNINTEGRATED|g__Bacteroides.s__Bacteroides_vulgatus	59050.6370478102
UNINTEGRATED|g__Bacteroides.s__Bacteroides_uniformis	42618.0073099984
UNINTEGRATED|g__Bacteroides.s__Bacteroides_coprocola	24423.1842768820
UNINTEGRATED|g__Bacteroides.s__Bacteroides_plebeius	23802.9153250367
UNINTEGRATED|g__Bacteroides.s__Bacteroides_dorei	15160.3353857074
UNINTEGRATED|g__Blautia.s__Ruminococcus_torques	14792.5451861399
UNINTEGRATED|g__Parabacteroides.s__Parabacteroides_merdae	11207.0413987552
UNINTEGRATED|g__Bacteroides.s__Bacteroides_massiliensis	10837.5819241532
UNINTEGRATED|g__Klebsiella.s__Klebsiella_oxytoca	10101.0445857652
UNINTEGRATED|g__Coprococcus.s__Coprococcus_comes	9160.9557585585
UNINTEGRATED|g__Bacteroides.s__Bacteroides_fragilis	8672.6514739302
UNINTEGRATED|g__Faecalibacterium.s__Faecalibacterium_prausnitzii	7888.5161502463
UNINTEGRATED|g__Parabacteroides.s__Parabacteroides_distasonis	7402.0897987560
UNINTEGRATED|g__Bacteroides.s__Bacteroides_ovatus	6810.8630751762
UNINTEGRATED|g__Dorea.s__Dorea_longicatena	6432.4025384388
UNINTEGRATED|g__Alistipes.s__Alistipes_putredinis	5373.8322750873
UNINTEGRATED|g__Bacteroides.s__Bacteroides_cellulosilyticus	5267.3164454053
UNINTEGRATED|g__Lachnospiraceae_noname.s__Lachnospiraceae_bacterium_7_1_58FAA	4713.3418115627
UNINTEGRATED|g__Phascolarctobacterium.s__Phascolarctobacterium_succinatutens	4349.9369310619
UNINTEGRATED|g__Ruminococcus.s__Ruminococcus_bromii	4234.6651141998
UNINTEGRATED|g__Roseburia.s__Roseburia_inulinivorans	3731.3756067174
UNINTEGRATED|g__Bacteroides.s__Bacteroides_thetaiotaomicron	3402.5090016173
UNINTEGRATED|g__Blautia.s__Ruminococcus_obeum	3387.6744070554
UNINTEGRATED|g__Blautia.s__Ruminococcus_gnavus	3018.3825163804
UNINTEGRATED|g__Lachnospiraceae_noname.s__Lachnospiraceae_bacterium_1_4_56FAA	2574.8207559156
UNINTEGRATED|g__Eubacterium.s__Eubacterium_rectale	2196.8967406662
UNINTEGRATED|g__Collinsella.s__Collinsella_aerofaciens	1975.8123107020
UNINTEGRATED|g__Eubacterium.s__Eubacterium_ramulus	1773.2247766158
UNINTEGRATED|g__Ruminococcus.s__Ruminococcus_lactaris	1703.3804453640
UNINTEGRATED|g__Eubacterium.s__Eubacterium_siraeum	1570.9252794458
UNINTEGRATED|g__Streptococcus.s__Streptococcus_thermophilus	1529.3121219979
UNINTEGRATED|g__Sutterella.s__Sutterella_wadsworthensis	1196.5678464974
UNINTEGRATED|g__Bacteroides.s__Bacteroides_clarus	1194.7050791278
UNINTEGRATED|g__Lachnospiraceae_noname.s__Lachnospiraceae_bacterium_3_1_57FAA_CT1	1100.4680855533
UNINTEGRATED|g__Alistipes.s__Alistipes_onderdonkii	1052.0763684909
UNINTEGRATED|g__Collinsella.s__Collinsella_intestinalis	948.2479034742
UNINTEGRATED|g__Alistipes.s__Alistipes_finegoldii	947.0108260741
UNINTEGRATED|g__Coprococcus.s__Coprococcus_catus	899.7195442738
UNINTEGRATED|g__Alistipes.s__Alistipes_shahii	799.8733848237
UNINTEGRATED|g__Roseburia.s__Roseburia_hominis	756.5295610480
UNINTEGRATED|g__Akkermansia.s__Akkermansia_muciniphila	577.8746094371
UNINTEGRATED|g__Coprobacter.s__Coprobacter_fastidiosus	425.8399972068
PWY-7219: adenosine ribonucleotides de novo biosynthesis	337.8009014350
PWY-7219: adenosine ribonucleotides de novo biosynthesis|g__Bacteroides.s__Bacteroides_vulgatus	55.3567096922
PWY-7219: adenosine ribonucleotides de novo biosynthesis|g__Bacteroides.s__Bacteroides_plebeius	48.8477774592
PWY-7219: adenosine ribonucleotides de novo biosynthesis|g__Bacteroides.s__Bacteroides_uniformis	39.1492704016
PWY-7219: adenosine ribonucleotides de novo biosynthesis|g__Bacteroides.s__Bacteroides_coprocola	31.8192538648
PWY-7219: adenosine ribonucleotides de novo biosynthesis|g__Blautia.s__Ruminococcus_torques	28.5661463618
PWY-7219: adenosine ribonucleotides de novo biosynthesis|g__Bacteroides.s__Bacteroides_massiliensis	11.3542391547
PWY-7219: adenosine ribonucleotides de novo biosynthesis|g__Dorea.s__Dorea_longicatena	9.1482265071
PWY-7219: adenosine ribonucleotides de novo biosynthesis|g__Coprococcus.s__Coprococcus_comes	9.0767949929
PWY-7219: adenosine ribonucleotides de novo biosynthesis|g__Phascolarctobacterium.s__Phascolarctobacterium_succinatutens	8.8842452635
PWY-7219: adenosine ribonucleotides de novo biosynthesis|g__Parabacteroides.s__Parabacteroides_distasonis	8.1449735533
PWY-7219: adenosine ribonucleotides de novo biosynthesis|g__Alistipes.s__Alistipes_putredinis	7.5876144211
PWY-7219: adenosine ribonucleotides de novo biosynthesis|g__Ruminococcus.s__Ruminococcus_bromii	7.3508442911
PWY-7219: adenosine ribonucleotides de novo biosynthesis|g__Parabacteroides.s__Parabacteroides_merdae	7.3469825457
PWY-7219: adenosine ribonucleotides de novo biosynthesis|g__Klebsiella.s__Klebsiella_oxytoca	6.5225407386
PWY-7219: adenosine ribonucleotides de novo biosynthesis|g__Faecalibacterium.s__Faecalibacterium_prausnitzii	6.3393648422
PWY-7219: adenosine ribonucleotides de novo biosynthesis|g__Bacteroides.s__Bacteroides_dorei	6.0874550620
PWY-7219: adenosine ribonucleotides de novo biosynthesis|g__Collinsella.s__Collinsella_aerofaciens	4.7493534775
PWY-7219: adenosine ribonucleotides de novo biosynthesis|g__Lachnospiraceae_noname.s__Lachnospiraceae_bacterium_7_1_58FAA	4.3179603345
PWY-7219: adenosine ribonucleotides de novo biosynthesis|g__Bacteroides.s__Bacteroides_ovatus	3.2181898134
PWY-7219: adenosine ribonucleotides de novo biosynthesis|g__Bacteroides.s__Bacteroides_thetaiotaomicron	3.1375007640
PWY-7219: adenosine ribonucleotides de novo biosynthesis|g__Bacteroides.s__Bacteroides_fragilis	3.0721125723
PWY-7219: adenosine ribonucleotides de novo biosynthesis|g__Streptococcus.s__Streptococcus_thermophilus	2.9774996717
PWY-7219: adenosine ribonucleotides de novo biosynthesis|g__Eubacterium.s__Eubacterium_rectale	2.6589626792
PWY-7219: adenosine ribonucleotides de novo biosynthesis|g__Bacteroides.s__Bacteroides_clarus	1.9916176208
PWY-7219: adenosine ribonucleotides de novo biosynthesis|g__Collinsella.s__Collinsella_intestinalis	1.9137144292
PWY-7219: adenosine ribonucleotides de novo biosynthesis|g__Sutterella.s__Sutterella_wadsworthensis	1.2585689681
PWY-7219: adenosine ribonucleotides de novo biosynthesis|g__Roseburia.s__Roseburia_inulinivorans	1.1066540823
PWY-7219: adenosine ribonucleotides de novo biosynthesis|g__Lachnospiraceae_noname.s__Lachnospiraceae_bacterium_1_4_56FAA	1.0931280376
PWY-7219: adenosine ribonucleotides de novo biosynthesis|g__Blautia.s__Ruminococcus_gnavus	1.0286623436
PWY-7219: adenosine ribonucleotides de novo biosynthesis|g__Bacteroides.s__Bacteroides_cellulosilyticus	0.9300621077
PWY-7219: adenosine ribonucleotides de novo biosynthesis|g__Alistipes.s__Alistipes_onderdonkii	0.9071437660
PWY-7219: adenosine ribonucleotides de novo biosynthesis|g__Eubacterium.s__Eubacterium_ramulus	0.9031676941
PWY-7219: adenosine ribonucleotides de novo biosynthesis|g__Lachnospiraceae_noname.s__Lachnospiraceae_bacterium_3_1_57FAA_CT1	0.8675565766
PWY-7219: adenosine ribonucleotides de novo biosynthesis|g__Ruminococcus.s__Ruminococcus_lactaris	0.7388252678
COA-PWY-1: coenzyme A biosynthesis II (mammalian)	284.3021262639
COA-PWY-1: coenzyme A biosynthesis II (mammalian)|g__Bacteroides.s__Bacteroides_vulgatus	56.2594068386
COA-PWY-1: coenzyme A biosynthesis II (mammalian)|g__Bacteroides.s__Bacteroides_uniformis	53.9523059843
COA-PWY-1: coenzyme A biosynthesis II (mammalian)|g__Bacteroides.s__Bacteroides_coprocola	31.4374641923
COA-PWY-1: coenzyme A biosynthesis II (mammalian)|g__Blautia.s__Ruminococcus_torques	20.4502550228
COA-PWY-1: coenzyme A biosynthesis II (mammalian)|g__Alistipes.s__Alistipes_putredinis	8.6379192724
COA-PWY-1: coenzyme A biosynthesis II (mammalian)|g__Phascolarctobacterium.s__Phascolarctobacterium_succinatutens	5.1981333237
COA-PWY-1: coenzyme A biosynthesis II (mammalian)|g__Faecalibacterium.s__Faecalibacterium_prausnitzii	4.8224609934
COA-PWY-1: coenzyme A biosynthesis II (mammalian)|g__Parabacteroides.s__Parabacteroides_merdae	4.0942349603
COA-PWY-1: coenzyme A biosynthesis II (mammalian)|g__Dorea.s__Dorea_longicatena	3.7635474514
COA-PWY-1: coenzyme A biosynthesis II (mammalian)|g__Parabacteroides.s__Parabacteroides_distasonis	3.6393099971
COA-PWY-1: coenzyme A biosynthesis II (mammalian)|g__Bacteroides.s__Bacteroides_ovatus	2.9664628158
COA-PWY-1: coenzyme A biosynthesis II (mammalian)|g__Lachnospiraceae_noname.s__Lachnospiraceae_bacterium_7_1_58FAA	2.9190362145
COA-PWY-1: coenzyme A biosynthesis II (mammalian)|g__Collinsella.s__Collinsella_aerofaciens	2.8794296232
COA-PWY-1: coenzyme A biosynthesis II (mammalian)|g__Blautia.s__Ruminococcus_gnavus	2.3492988177
COA-PWY-1: coenzyme A biosynthesis II (mammalian)|g__Bacteroides.s__Bacteroides_dorei	2.1323799166
COA-PWY-1: coenzyme A biosynthesis II (mammalian)|g__Bacteroides.s__Bacteroides_thetaiotaomicron	1.8075011297
PWY-6386: UDP-N-acetylmuramoyl-pentapeptide biosynthesis II (lysine-containing)	276.4140801155
PWY-6386: UDP-N-acetylmuramoyl-pentapeptide biosynthesis II (lysine-containing)|g__Bacteroides.s__Bacteroides_uniformis	40.7370420720
PWY-6386: UDP-N-acetylmuramoyl-pentapeptide biosynthesis II (lysine-containing)|g__Bacteroides.s__Bacteroides_plebeius	29.8452799805
PWY-6386: UDP-N-acetylmuramoyl-pentapeptide biosynthesis II (lysine-containing)|g__Blautia.s__Ruminococcus_torques	19.2427922896
PWY-6386: UDP-N-acetylmuramoyl-pentapeptide biosynthesis II (lysine-containing)|g__Alistipes.s__Alistipes_putredinis	8.8973851401
PWY-6386: UDP-N-acetylmuramoyl-pentapeptide biosynthesis II (lysine-containing)|g__Parabacteroides.s__Parabacteroides_merdae	6.3041554968
PWY-6386: UDP-N-acetylmuramoyl-pentapeptide biosynthesis II (lysine-containing)|g__Coprococcus.s__Coprococcus_comes	5.8649932071
PWY-6386: UDP-N-acetylmuramoyl-pentapeptide biosynthesis II (lysine-containing)|g__Phascolarctobacterium.s__Phascolarctobacterium_succinatutens	5.5106355440
PWY-6386: UDP-N-acetylmuramoyl-pentapeptide biosynthesis II (lysine-containing)|g__Faecalibacterium.s__Faecalibacterium_prausnitzii	4.0506532109
PWY-6386: UDP-N-acetylmuramoyl-pentapeptide biosynthesis II (lysine-containing)|g__Collinsella.s__Collinsella_aerofaciens	3.9588679436
PWY-6386: UDP-N-acetylmuramoyl-pentapeptide biosynthesis II (lysine-containing)|g__Parabacteroides.s__Parabacteroides_distasonis	2.6309357017
PWY-6386: UDP-N-acetylmuramoyl-pentapeptide biosynthesis II (lysine-containing)|g__Bacteroides.s__Bacteroides_fragilis	2.4231049550
PWY-6386: UDP-N-acetylmuramoyl-pentapeptide biosynthesis II (lysine-containing)|g__Bacteroides.s__Bacteroides_ovatus	1.8842455506
PWY-6386: UDP-N-acetylmuramoyl-pentapeptide biosynthesis II (lysine-containing)|g__Sutterella.s__Sutterella_wadsworthensis	1.8232307208
PWY-6386: UDP-N-acetylmuramoyl-pentapeptide biosynthesis II (lysine-containing)|g__Alistipes.s__Alistipes_onderdonkii	1.1173419365
PEPTIDOGLYCANSYN-PWY: peptidoglycan biosynthesis I (meso-diaminopimelate containing)	270.6030322467
PEPTIDOGLYCANSYN-PWY: peptidoglycan biosynthesis I (meso-diaminopimelate containing)|g__Bacteroides.s__Bacteroides_vulgatus	46.7744089906
PEPTIDOGLYCANSYN-PWY: peptidoglycan biosynthesis I (meso-diaminopimelate containing)|g__Bacteroides.s__Bacteroides_uniformis	39.7315017996
PEPTIDOGLYCANSYN-PWY: peptidoglycan biosynthesis I (meso-diaminopimelate containing)|g__Bacteroides.s__Bacteroides_plebeius	30.1952491981
PEPTIDOGLYCANSYN-PWY: peptidoglycan biosynthesis I (meso-diaminopimelate containing)|g__Blautia.s__Ruminococcus_torques	19.7874586252
PEPTIDOGLYCANSYN-PWY: peptidoglycan biosynthesis I (meso-diaminopimelate containing)|g__Alistipes.s__Alistipes_putredinis	8.7277054616
PEPTIDOGLYCANSYN-PWY: peptidoglycan biosynthesis I (meso-diaminopimelate containing)|g__Parabacteroides.s__Parabacteroides_merdae	6.9515030786
PEPTIDOGLYCANSYN-PWY: peptidoglycan biosynthesis I (meso-diaminopimelate containing)|g__Phascolarctobacterium.s__Phascolarctobacterium_succinatutens	5.7521829354
PEPTIDOGLYCANSYN-PWY: peptidoglycan biosynthesis I (meso-diaminopimelate containing)|g__Bacteroides.s__Bacteroides_dorei	5.6169096306
PEPTIDOGLYCANSYN-PWY: peptidoglycan biosynthesis I (meso-diaminopimelate containing)|g__Coprococcus.s__Coprococcus_comes	5.4714141703
PEPTIDOGLYCANSYN-PWY: peptidoglycan biosynthesis I (meso-diaminopimelate containing)|g__Parabacteroides.s__Parabacteroides_distasonis	4.5370597646
PEPTIDOGLYCANSYN-PWY: peptidoglycan biosynthesis I (meso-diaminopimelate containing)|g__Faecalibacterium.s__Faecalibacterium_prausnitzii	4.3179690324
PEPTIDOGLYCANSYN-PWY: peptidoglycan biosynthesis I (meso-diaminopimelate containing)|g__Bacteroides.s__Bacteroides_fragilis	2.4120571707
PEPTIDOGLYCANSYN-PWY: peptidoglycan biosynthesis I (meso-diaminopimelate containing)|g__Sutterella.s__Sutterella_wadsworthensis	1.9649013305
PEPTIDOGLYCANSYN-PWY: peptidoglycan biosynthesis I (meso-diaminopimelate containing)|g__Bacteroides.s__Bacteroides_ovatus	1.8450224732
PANTO-PWY: phosphopantothenate biosynthesis I	267.7284811894
PANTO-PWY: phosphopantothenate biosynthesis I|g__Bacteroides.s__Bacteroides_plebeius	45.5695264871
PANTO-PWY: phosphopantothenate biosynthesis I|g__Bacteroides.s__Bacteroides_uniformis	43.5223197588
PANTO-PWY: phosphopantothenate biosynthesis I|g__Bacteroides.s__Bacteroides_vulgatus	38.4903541812
PANTO-PWY: phosphopantothenate biosynthesis I|g__Bacteroides.s__Bacteroides_coprocola	27.4903548022
PANTO-PWY: phosphopantothenate biosynthesis I|g__Alistipes.s__Alistipes_putredinis	10.7207143192
PANTO-PWY: phosphopantothenate biosynthesis I|g__Blautia.s__Ruminococcus_torques	9.7864068583
PANTO-PWY: phosphopantothenate biosynthesis I|g__Bacteroides.s__Bacteroides_massiliensis	9.7495279441
PANTO-PWY: phosphopantothenate biosynthesis I|g__Dorea.s__Dorea_longicatena	8.4367121005
PANTO-PWY: phosphopantothenate biosynthesis I|g__Parabacteroides.s__Parabacteroides_merdae	5.8453409483
PANTO-PWY: phosphopantothenate biosynthesis I|g__Phascolarctobacterium.s__Phascolarctobacterium_succinatutens	5.4949341868
PANTO-PWY: phosphopantothenate biosynthesis I|g__Parabacteroides.s__Parabacteroides_distasonis	5.4703582342
PANTO-PWY: phosphopantothenate biosynthesis I|g__Blautia.s__Ruminococcus_gnavus	5.2102031684
PANTO-PWY: phosphopantothenate biosynthesis I|g__Bacteroides.s__Bacteroides_cellulosilyticus	3.1842699003
PANTO-PWY: phosphopantothenate biosynthesis I|g__Bacteroides.s__Bacteroides_fragilis	3.1468207344
PANTO-PWY: phosphopantothenate biosynthesis I|g__Bacteroides.s__Bacteroides_ovatus	2.7198250183
PANTO-PWY: phosphopantothenate biosynthesis I|g__Bacteroides.s__Bacteroides_dorei	2.6804994389
PANTO-PWY: phosphopantothenate biosynthesis I|g__Bacteroides.s__Bacteroides_thetaiotaomicron	2.0646204134
ILEUSYN-PWY: L-isoleucine biosynthesis I (from threonine)	263.7128482977
ILEUSYN-PWY: L-isoleucine biosynthesis I (from threonine)|g__Faecalibacterium.s__Faecalibacterium_prausnitzii	10.0418414784
ILEUSYN-PWY: L-isoleucine biosynthesis I (from threonine)|g__Klebsiella.s__Klebsiella_oxytoca	7.9758628317
PWY-7111: pyruvate fermentation to isobutanol (engineered)	263.7128482977
PWY-7111: pyruvate fermentation to isobutanol (engineered)|g__Bacteroides.s__Bacteroides_vulgatus	45.3131152767
PWY-7111: pyruvate fermentation to isobutanol (engineered)|g__Bacteroides.s__Bacteroides_plebeius	34.8261866544
PWY-7111: pyruvate fermentation to isobutanol (engineered)|g__Blautia.s__Ruminococcus_torques	15.2250297611
PWY-7111: pyruvate fermentation to isobutanol (engineered)|g__Coprococcus.s__Coprococcus_comes	12.3427013897
PWY-7111: pyruvate fermentation to isobutanol (engineered)|g__Ruminococcus.s__Ruminococcus_bromii	11.7984824748
PWY-7111: pyruvate fermentation to isobutanol (engineered)|g__Faecalibacterium.s__Faecalibacterium_prausnitzii	10.0418414784
PWY-7111: pyruvate fermentation to isobutanol (engineered)|g__Dorea.s__Dorea_longicatena	9.9826135898
PWY-7111: pyruvate fermentation to isobutanol (engineered)|g__Bacteroides.s__Bacteroides_massiliensis	7.9939356117
PWY-7111: pyruvate fermentation to isobutanol (engineered)|g__Klebsiella.s__Klebsiella_oxytoca	7.9758628317
PWY-7111: pyruvate fermentation to isobutanol (engineered)|g__Phascolarctobacterium.s__Phascolarctobacterium_succinatutens	7.7662227020
PWY-7111: pyruvate fermentation to isobutanol (engineered)|g__Parabacteroides.s__Parabacteroides_merdae	6.0427173588
PWY-7111: pyruvate fermentation to isobutanol (engineered)|g__Parabacteroides.s__Parabacteroides_distasonis	4.5367579727
PWY-7111: pyruvate fermentation to isobutanol (engineered)|g__Lachnospiraceae_noname.s__Lachnospiraceae_bacterium_7_1_58FAA	4.2138997116
PWY-7111: pyruvate fermentation to isobutanol (engineered)|g__Blautia.s__Ruminococcus_gnavus	2.3971733606
PWY-7111: pyruvate fermentation to isobutanol (engineered)|g__Lachnospiraceae_noname.s__Lachnospiraceae_bacterium_1_4_56FAA	2.1218333504
PWY-7111: pyruvate fermentation to isobutanol (engineered)|g__Blautia.s__Ruminococcus_obeum	1.5810618107
PWY-7111: pyruvate fermentation to isobutanol (engineered)|g__Coprococcus.s__Coprococcus_catus	1.0914051842
PWY-7111: pyruvate fermentation to isobutanol (engineered)|g__Bacteroides.s__Bacteroides_clarus	0.8418693971
PWY-7111: pyruvate fermentation to isobutanol (engineered)|g__Ruminococcus.s__Ruminococcus_lactaris	0.7378787965
VALSYN-PWY: L-valine biosynthesis	263.7128482977
VALSYN-PWY: L-valine biosynthesis|g__Bacteroides.s__Bacteroides_vulgatus	45.3131152767
VALSYN-PWY: L-valine biosynthesis|g__Bacteroides.s__Bacteroides_plebeius	34.8261866544
VALSYN-PWY: L-valine biosynthesis|g__Blautia.s__Ruminococcus_torques	15.2250297611
VALSYN-PWY: L-valine biosynthesis|g__Coprococcus.s__Coprococcus_comes	12.2670321747
VALSYN-PWY: L-valine biosynthesis|g__Ruminococcus.s__Ruminococcus_bromii	11.7984824748
VALSYN-PWY: L-valine biosynthesis|g__Faecalibacterium.s__Faecalibacterium_prausnitzii	10.0418414784
VALSYN-PWY: L-valine biosynthesis|g__Bacteroides.s__Bacteroides_massiliensis	7.9939356117
VALSYN-PWY: L-valine biosynthesis|g__Klebsiella.s__Klebsiella_oxytoca	7.9758628317
VALSYN-PWY: L-valine biosynthesis|g__Dorea.s__Dorea_longicatena	6.9942992995
VALSYN-PWY: L-valine biosynthesis|g__Phascolarctobacterium.s__Phascolarctobacterium_succinatutens	6.7044079986
VALSYN-PWY: L-valine biosynthesis|g__Parabacteroides.s__Parabacteroides_merdae	6.0427173588
VALSYN-PWY: L-valine biosynthesis|g__Parabacteroides.s__Parabacteroides_distasonis	4.5367579727
VALSYN-PWY: L-valine biosynthesis|g__Lachnospiraceae_noname.s__Lachnospiraceae_bacterium_7_1_58FAA	4.2138997116
VALSYN-PWY: L-valine biosynthesis|g__Lachnospiraceae_noname.s__Lachnospiraceae_bacterium_1_4_56FAA	2.1218333504
VALSYN-PWY: L-valine biosynthesis|g__Blautia.s__Ruminococcus_obeum	1.5810618107
VALSYN-PWY: L-valine biosynthesis|g__Streptococcus.s__Streptococcus_thermophilus	1.3252680327
VALSYN-PWY: L-valine biosynthesis|g__Bacteroides.s__Bacteroides_clarus	0.8418693971
NONMEVIPP-PWY: methylerythritol phosphate pathway I	260.0971461242
NONMEVIPP-PWY: methylerythritol phosphate pathway I|g__Bacteroides.s__Bacteroides_vulgatus	28.7429034540
NONMEVIPP-PWY: methylerythritol phosphate pathway I|g__Blautia.s__Ruminococcus_torques	16.9742027216
NONMEVIPP-PWY: methylerythritol phosphate pathway I|g__Alistipes.s__Alistipes_putredinis	12.4465920141
NONMEVIPP-PWY: methylerythritol phosphate pathway I|g__Phascolarctobacterium.s__Phascolarctobacterium_succinatutens	6.4786354725
NONMEVIPP-PWY: methylerythritol phosphate pathway I|g__Dorea.s__Dorea_longicatena	5.6902274051
NONMEVIPP-PWY: methylerythritol phosphate pathway I|g__Blautia.s__Ruminococcus_gnavus	2.6366543109
PWY-6387: UDP-N-acetylmuramoyl-pentapeptide biosynthesis I (meso-diaminopimelate containing)	257.9231764963
PWY-6387: UDP-N-acetylmuramoyl-pentapeptide biosynthesis I (meso-diaminopimelate containing)|g__Bacteroides.s__Bacteroides_vulgatus	44.0860670175
PWY-6387: UDP-N-acetylmuramoyl-pentapeptide biosynthesis I (meso-diaminopimelate containing)|g__Bacteroides.s__Bacteroides_uniformis	38.3590321067
PWY-6387: UDP-N-acetylmuramoyl-pentapeptide biosynthesis I (meso-diaminopimelate containing)|g__Bacteroides.s__Bacteroides_plebeius	29.2761306122
PWY-6387: UDP-N-acetylmuramoyl-pentapeptide biosynthesis I (meso-diaminopimelate containing)|g__Blautia.s__Ruminococcus_torques	18.6105817022
PWY-6387: UDP-N-acetylmuramoyl-pentapeptide biosynthesis I (meso-diaminopimelate containing)|g__Alistipes.s__Alistipes_putredinis	7.9147670162
PWY-6387: UDP-N-acetylmuramoyl-pentapeptide biosynthesis I (meso-diaminopimelate containing)|g__Parabacteroides.s__Parabacteroides_merdae	6.4611342308
PWY-6387: UDP-N-acetylmuramoyl-pentapeptide biosynthesis I (meso-diaminopimelate containing)|g__Phascolarctobacterium.s__Phascolarctobacterium_succinatutens	5.3787234897
PWY-6387: UDP-N-acetylmuramoyl-pentapeptide biosynthesis I (meso-diaminopimelate containing)|g__Coprococcus.s__Coprococcus_comes	5.1298301234
PWY-6387: UDP-N-acetylmuramoyl-pentapeptide biosynthesis I (meso-diaminopimelate containing)|g__Bacteroides.s__Bacteroides_dorei	5.0079275531
PWY-6387: UDP-N-acetylmuramoyl-pentapeptide biosynthesis I (meso-diaminopimelate containing)|g__Parabacteroides.s__Parabacteroides_distasonis	4.0173282815
PWY-6387: UDP-N-acetylmuramoyl-pentapeptide biosynthesis I (meso-diaminopimelate containing)|g__Faecalibacterium.s__Faecalibacterium_prausnitzii	3.9877757069
PWY-6387: UDP-N-acetylmuramoyl-pentapeptide biosynthesis I (meso-diaminopimelate containing)|g__Collinsella.s__Collinsella_aerofaciens	3.1173173910
PWY-6387: UDP-N-acetylmuramoyl-pentapeptide biosynthesis I (meso-diaminopimelate containing)|g__Bacteroides.s__Bacteroides_fragilis	2.2016688700
PWY-6387: UDP-N-acetylmuramoyl-pentapeptide biosynthesis I (meso-diaminopimelate containing)|g__Sutterella.s__Sutterella_wadsworthensis	1.7543453197
PWY-6387: UDP-N-acetylmuramoyl-pentapeptide biosynthesis I (meso-diaminopimelate containing)|g__Bacteroides.s__Bacteroides_ovatus	1.7157434768
PWY-6387: UDP-N-acetylmuramoyl-pentapeptide biosynthesis I (meso-diaminopimelate containing)|g__Alistipes.s__Alistipes_onderdonkii	1.0590282028
PWY-7221: guanosine ribonucleotides de novo biosynthesis	257.6386170982
PWY-7221: guanosine ribonucleotides de novo biosynthesis|g__Bacteroides.s__Bacteroides_vulgatus	66.2951914235
PWY-7221: guanosine ribonucleotides de novo biosynthesis|g__Bacteroides.s__Bacteroides_plebeius	34.9614517622
PWY-7221: guanosine ribonucleotides de novo biosynthesis|g__Coprococcus.s__Coprococcus_comes	10.0602093020
PWY-7221: guanosine ribonucleotides de novo biosynthesis|g__Bacteroides.s__Bacteroides_massiliensis	6.0185907557
PWY-7221: guanosine ribonucleotides de novo biosynthesis|g__Alistipes.s__Alistipes_putredinis	5.9179174861
PWY-7221: guanosine ribonucleotides de novo biosynthesis|g__Phascolarctobacterium.s__Phascolarctobacterium_succinatutens	5.8460663171
PWY-7221: guanosine ribonucleotides de novo biosynthesis|g__Ruminococcus.s__Ruminococcus_bromii	5.5718420078
PWY-7221: guanosine ribonucleotides de novo biosynthesis|g__Bacteroides.s__Bacteroides_dorei	5.5230154580
PWY-7221: guanosine ribonucleotides de novo biosynthesis|g__Faecalibacterium.s__Faecalibacterium_prausnitzii	5.2070466828
PWY-7221: guanosine ribonucleotides de novo biosynthesis|g__Parabacteroides.s__Parabacteroides_distasonis	4.1322643553
PWY-7221: guanosine ribonucleotides de novo biosynthesis|g__Lachnospiraceae_noname.s__Lachnospiraceae_bacterium_7_1_58FAA	2.8501648394
PWY-7221: guanosine ribonucleotides de novo biosynthesis|g__Bacteroides.s__Bacteroides_thetaiotaomicron	2.3701927822
PWY-7221: guanosine ribonucleotides de novo biosynthesis|g__Klebsiella.s__Klebsiella_oxytoca	2.1848317684
PWY-7221: guanosine ribonucleotides de novo biosynthesis|g__Streptococcus.s__Streptococcus_thermophilus	2.0771248241
PWY-7221: guanosine ribonucleotides de novo biosynthesis|g__Blautia.s__Ruminococcus_gnavus	1.7365093208
PWY-7221: guanosine ribonucleotides de novo biosynthesis|g__Blautia.s__Ruminococcus_torques	1.5388292712
PWY-7221: guanosine ribonucleotides de novo biosynthesis|g__Sutterella.s__Sutterella_wadsworthensis	1.4467241013
PWY-7221: guanosine ribonucleotides de novo biosynthesis|g__Coprococcus.s__Coprococcus_catus	1.0681058823
PWY-7221: guanosine ribonucleotides de novo biosynthesis|g__Alistipes.s__Alistipes_finegoldii	1.0483441014
PWY-7221: guanosine ribonucleotides de novo biosynthesis|g__Coprobacter.s__Coprobacter_fastidiosus	1.0477604121
PWY-5097: L-lysine biosynthesis VI	255.6904628873
PWY-5097: L-lysine biosynthesis VI|g__Bacteroides.s__Bacteroides_uniformis	39.4990723254
PWY-5097: L-lysine biosynthesis VI|g__Bacteroides.s__Bacteroides_vulgatus	32.9762768687
PWY-5097: L-lysine biosynthesis VI|g__Bacteroides.s__Bacteroides_plebeius	32.6060742445
PWY-5097: L-lysine biosynthesis VI|g__Bacteroides.s__Bacteroides_coprocola	24.9342803047
PWY-5097: L-lysine biosynthesis VI|g__Bacteroides.s__Bacteroides_massiliensis	7.6229330712
PWY-5097: L-lysine biosynthesis VI|g__Parabacteroides.s__Parabacteroides_merdae	5.7013334772
PWY-5097: L-lysine biosynthesis VI|g__Phascolarctobacterium.s__Phascolarctobacterium_succinatutens	5.1181555093
PWY-5097: L-lysine biosynthesis VI|g__Parabacteroides.s__Parabacteroides_distasonis	4.4941995593
PWY-5097: L-lysine biosynthesis VI|g__Faecalibacterium.s__Faecalibacterium_prausnitzii	2.9716615276
PWY-5097: L-lysine biosynthesis VI|g__Bacteroides.s__Bacteroides_thetaiotaomicron	2.0278030488
PWY-5667: CDP-diacylglycerol biosynthesis I	254.4137874825
PWY-5667: CDP-diacylglycerol biosynthesis I|g__Bacteroides.s__Bacteroides_plebeius	29.5474197927
PWY-5667: CDP-diacylglycerol biosynthesis I|g__Bacteroides.s__Bacteroides_uniformis	28.9486345313
PWY-5667: CDP-diacylglycerol biosynthesis I|g__Bacteroides.s__Bacteroides_coprocola	23.8523791889
PWY-5667: CDP-diacylglycerol biosynthesis I|g__Blautia.s__Ruminococcus_torques	18.8460223719
PWY-5667: CDP-diacylglycerol biosynthesis I|g__Coprococcus.s__Coprococcus_comes	12.5480312986
PWY-5667: CDP-diacylglycerol biosynthesis I|g__Dorea.s__Dorea_longicatena	7.6416574274
PWY-5667: CDP-diacylglycerol biosynthesis I|g__Parabacteroides.s__Parabacteroides_merdae	6.9675791673
PWY-5667: CDP-diacylglycerol biosynthesis I|g__Ruminococcus.s__Ruminococcus_bromii	6.0735824257
PWY-5667: CDP-diacylglycerol biosynthesis I|g__Parabacteroides.s__Parabacteroides_distasonis	4.1381228122
PWY-5667: CDP-diacylglycerol biosynthesis I|g__Blautia.s__Ruminococcus_gnavus	3.6625905346
PWY-5667: CDP-diacylglycerol biosynthesis I|g__Klebsiella.s__Klebsiella_oxytoca	3.2051852794
PWY-5667: CDP-diacylglycerol biosynthesis I|g__Bacteroides.s__Bacteroides_ovatus	1.9447629012
PWY-5667: CDP-diacylglycerol biosynthesis I|g__Faecalibacterium.s__Faecalibacterium_prausnitzii	1.7029711657
PWY-5667: CDP-diacylglycerol biosynthesis I|g__Lachnospiraceae_noname.s__Lachnospiraceae_bacterium_7_1_58FAA	1.5843679101
PWY0-1319: CDP-diacylglycerol biosynthesis II	254.4137874825
PWY0-1319: CDP-diacylglycerol biosynthesis II|g__Bacteroides.s__Bacteroides_plebeius	29.5474197927
PWY0-1319: CDP-diacylglycerol biosynthesis II|g__Bacteroides.s__Bacteroides_uniformis	28.9486345313
PWY0-1319: CDP-diacylglycerol biosynthesis II|g__Bacteroides.s__Bacteroides_coprocola	23.8523791889
PWY0-1319: CDP-diacylglycerol biosynthesis II|g__Blautia.s__Ruminococcus_torques	18.8460223719
PWY0-1319: CDP-diacylglycerol biosynthesis II|g__Coprococcus.s__Coprococcus_comes	12.5480312986
PWY0-1319: CDP-diacylglycerol biosynthesis II|g__Dorea.s__Dorea_longicatena	7.6416574274
PWY0-1319: CDP-diacylglycerol biosynthesis II|g__Parabacteroides.s__Parabacteroides_merdae	6.9675791673
PWY0-1319: CDP-diacylglycerol biosynthesis II|g__Ruminococcus.s__Ruminococcus_bromii	6.0735824257
PWY0-1319: CDP-diacylglycerol biosynthesis II|g__Parabacteroides.s__Parabacteroides_distasonis	4.1381228122
PWY0-1319: CDP-diacylglycerol biosynthesis II|g__Blautia.s__Ruminococcus_gnavus	3.6625905346
PWY0-1319: CDP-diacylglycerol biosynthesis II|g__Klebsiella.s__Klebsiella_oxytoca	3.2051852794
PWY0-1319: CDP-diacylglycerol biosynthesis II|g__Bacteroides.s__Bacteroides_ovatus	1.9447629012
PWY0-1319: CDP-diacylglycerol biosynthesis II|g__Faecalibacterium.s__Faecalibacterium_prausnitzii	1.7029711657
PWY0-1319: CDP-diacylglycerol biosynthesis II|g__Lachnospiraceae_noname.s__Lachnospiraceae_bacterium_7_1_58FAA	1.5843679101
PWY-5686: UMP biosynthesis	253.3473744638
PWY-5686: UMP biosynthesis|g__Bacteroides.s__Bacteroides_uniformis	37.0290856691
PWY-5686: UMP biosynthesis|g__Bacteroides.s__Bacteroides_plebeius	25.0420404386
PWY-5686: UMP biosynthesis|g__Bacteroides.s__Bacteroides_coprocola	21.8281910760
PWY-5686: UMP biosynthesis|g__Ruminococcus.s__Ruminococcus_bromii	9.8408247086
PWY-5686: UMP biosynthesis|g__Alistipes.s__Alistipes_putredinis	7.0091790993
PWY-5686: UMP biosynthesis|g__Bacteroides.s__Bacteroides_massiliensis	6.8305044306
PWY-5686: UMP biosynthesis|g__Dorea.s__Dorea_longicatena	6.6455105501
PWY-5686: UMP biosynthesis|g__Coprococcus.s__Coprococcus_comes	6.5525012268
PWY-5686: UMP biosynthesis|g__Parabacteroides.s__Parabacteroides_distasonis	5.6849015800
PWY-5686: UMP biosynthesis|g__Phascolarctobacterium.s__Phascolarctobacterium_succinatutens	5.6236681925
PWY-5686: UMP biosynthesis|g__Klebsiella.s__Klebsiella_oxytoca	4.3313093949
PWY-5686: UMP biosynthesis|g__Faecalibacterium.s__Faecalibacterium_prausnitzii	2.7275571576
PWY-5686: UMP biosynthesis|g__Bacteroides.s__Bacteroides_ovatus	2.5261000238
PWY-5686: UMP biosynthesis|g__Alistipes.s__Alistipes_finegoldii	1.7887738165
PWY-5686: UMP biosynthesis|g__Collinsella.s__Collinsella_aerofaciens	1.5969930717
PWY-6151: S-adenosyl-L-methionine cycle I	242.5013610213
PWY-6151: S-adenosyl-L-methionine cycle I|g__Bacteroides.s__Bacteroides_uniformis	35.8726643559
PWY-6151: S-adenosyl-L-methionine cycle I|g__Bacteroides.s__Bacteroides_vulgatus	33.6974354371
PWY-6151: S-adenosyl-L-methionine cycle I|g__Dorea.s__Dorea_longicatena	12.5939647143
PWY-6151: S-adenosyl-L-methionine cycle I|g__Faecalibacterium.s__Faecalibacterium_prausnitzii	9.1821758985
PWY-6151: S-adenosyl-L-methionine cycle I|g__Coprococcus.s__Coprococcus_comes	8.3692827931
PWY-6151: S-adenosyl-L-methionine cycle I|g__Bacteroides.s__Bacteroides_massiliensis	6.5702885303
PWY-6151: S-adenosyl-L-methionine cycle I|g__Bacteroides.s__Bacteroides_dorei	4.9073706884
PWY-6151: S-adenosyl-L-methionine cycle I|g__Collinsella.s__Collinsella_aerofaciens	4.0330611786
PWY-6151: S-adenosyl-L-methionine cycle I|g__Ruminococcus.s__Ruminococcus_bromii	3.6178735792
PWY-6151: S-adenosyl-L-methionine cycle I|g__Blautia.s__Ruminococcus_gnavus	2.1755743491
PWY-2942: L-lysine biosynthesis III	237.7166483337
PWY-2942: L-lysine biosynthesis III|g__Bacteroides.s__Bacteroides_vulgatus	40.3803046883
PWY-2942: L-lysine biosynthesis III|g__Bacteroides.s__Bacteroides_uniformis	39.3993946764
PWY-2942: L-lysine biosynthesis III|g__Bacteroides.s__Bacteroides_plebeius	33.5586678404
PWY-2942: L-lysine biosynthesis III|g__Bacteroides.s__Bacteroides_coprocola	23.2427145387
PWY-2942: L-lysine biosynthesis III|g__Bacteroides.s__Bacteroides_dorei	6.7591781847
PWY-2942: L-lysine biosynthesis III|g__Bacteroides.s__Bacteroides_massiliensis	6.6963748106
PWY-2942: L-lysine biosynthesis III|g__Parabacteroides.s__Parabacteroides_merdae	6.3404574019
PWY-2942: L-lysine biosynthesis III|g__Parabacteroides.s__Parabacteroides_distasonis	5.6915733545
PWY-2942: L-lysine biosynthesis III|g__Faecalibacterium.s__Faecalibacterium_prausnitzii	2.2444856381
PWY-2942: L-lysine biosynthesis III|g__Bacteroides.s__Bacteroides_thetaiotaomicron	1.8558823764
PWY-2942: L-lysine biosynthesis III|g__Bacteroides.s__Bacteroides_fragilis	1.3542752813
PWY-6700: queuosine biosynthesis	225.9975411004
PWY-6700: queuosine biosynthesis|g__Bacteroides.s__Bacteroides_vulgatus	40.4375565735
PWY-6700: queuosine biosynthesis|g__Bacteroides.s__Bacteroides_uniformis	32.7821571717
PWY-6700: queuosine biosynthesis|g__Bacteroides.s__Bacteroides_plebeius	27.9228111193
PWY-6700: queuosine biosynthesis|g__Bacteroides.s__Bacteroides_coprocola	23.4474004487
PWY-6700: queuosine biosynthesis|g__Bacteroides.s__Bacteroides_dorei	10.1687891527
PWY-6700: queuosine biosynthesis|g__Bacteroides.s__Bacteroides_massiliensis	6.4484375623
PWY-6700: queuosine biosynthesis|g__Klebsiella.s__Klebsiella_oxytoca	5.6260907158
PWY-6700: queuosine biosynthesis|g__Phascolarctobacterium.s__Phascolarctobacterium_succinatutens	5.5468233863
PWY-6700: queuosine biosynthesis|g__Bacteroides.s__Bacteroides_cellulosilyticus	2.3318861836
PWY-5695: urate biosynthesis/inosine 5'-phosphate degradation	222.2883211490
PWY-5695: urate biosynthesis/inosine 5'-phosphate degradation|g__Bacteroides.s__Bacteroides_vulgatus	38.1367454063
PWY-5695: urate biosynthesis/inosine 5'-phosphate degradation|g__Bacteroides.s__Bacteroides_coprocola	27.4203663190
PWY-5695: urate biosynthesis/inosine 5'-phosphate degradation|g__Bacteroides.s__Bacteroides_plebeius	19.5748512998
PWY-5695: urate biosynthesis/inosine 5'-phosphate degradation|g__Faecalibacterium.s__Faecalibacterium_prausnitzii	5.6734499021
PWY-5695: urate biosynthesis/inosine 5'-phosphate degradation|g__Klebsiella.s__Klebsiella_oxytoca	4.5271005790
PWY-5695: urate biosynthesis/inosine 5'-phosphate degradation|g__Bacteroides.s__Bacteroides_dorei	4.0292318780
PWY-5695: urate biosynthesis/inosine 5'-phosphate degradation|g__Parabacteroides.s__Parabacteroides_distasonis	3.6748101516
PWY-5695: urate biosynthesis/inosine 5'-phosphate degradation|g__Alistipes.s__Alistipes_shahii	2.1644856415
PWY-5695: urate biosynthesis/inosine 5'-phosphate degradation|g__Bacteroides.s__Bacteroides_thetaiotaomicron	1.8581717181
PWY-5695: urate biosynthesis/inosine 5'-phosphate degradation|g__Roseburia.s__Roseburia_inulinivorans	1.4591883737
PWY-5695: urate biosynthesis/inosine 5'-phosphate degradation|g__Bacteroides.s__Bacteroides_fragilis	0.9460737938
PWY-6163: chorismate biosynthesis from 3-dehydroquinate	217.3848101915
PWY-6163: chorismate biosynthesis from 3-dehydroquinate|g__Blautia.s__Ruminococcus_torques	25.2727528578
PWY-6163: chorismate biosynthesis from 3-dehydroquinate|g__Dorea.s__Dorea_longicatena	8.8273468265
PWY-6163: chorismate biosynthesis from 3-dehydroquinate|g__Phascolarctobacterium.s__Phascolarctobacterium_succinatutens	7.8052634400
PWY-6163: chorismate biosynthesis from 3-dehydroquinate|g__Blautia.s__Ruminococcus_gnavus	3.0235492845
PWY-6163: chorismate biosynthesis from 3-dehydroquinate|g__Streptococcus.s__Streptococcus_thermophilus	1.7091096631
COMPLETE-ARO-PWY: superpathway of aromatic amino acid biosynthesis	212.6540402768
COMPLETE-ARO-PWY: superpathway of aromatic amino acid biosynthesis|g__Blautia.s__Ruminococcus_torques	24.8827834306
COMPLETE-ARO-PWY: superpathway of aromatic amino acid biosynthesis|g__Dorea.s__Dorea_longicatena	7.2331628387
COMPLETE-ARO-PWY: superpathway of aromatic amino acid biosynthesis|g__Streptococcus.s__Streptococcus_thermophilus	1.7463085297
ARO-PWY: chorismate biosynthesis I	206.1260688510
ARO-PWY: chorismate biosynthesis I|g__Blautia.s__Ruminococcus_torques	23.8630950982
ARO-PWY: chorismate biosynthesis I|g__Dorea.s__Dorea_longicatena	6.7583184723
ARO-PWY: chorismate biosynthesis I|g__Streptococcus.s__Streptococcus_thermophilus	1.6582349163
PWY-6385: peptidoglycan biosynthesis III (mycobacteria)	198.8855777659
PWY-6385: peptidoglycan biosynthesis III (mycobacteria)|g__Phascolarctobacterium.s__Phascolarctobacterium_succinatutens	5.1497198908
PWY-6385: peptidoglycan biosynthesis III (mycobacteria)|g__Faecalibacterium.s__Faecalibacterium_prausnitzii	4.0902558444
PWY-6385: peptidoglycan biosynthesis III (mycobacteria)|g__Parabacteroides.s__Parabacteroides_distasonis	2.8128677326
PWY-6385: peptidoglycan biosynthesis III (mycobacteria)|g__Bacteroides.s__Bacteroides_fragilis	2.1664991306
PWY-6385: peptidoglycan biosynthesis III (mycobacteria)|g__Bacteroides.s__Bacteroides_ovatus	1.6926220504
1CMET2-PWY: N10-formyl-tetrahydrofolate biosynthesis	197.7906200571
1CMET2-PWY: N10-formyl-tetrahydrofolate biosynthesis|g__Bacteroides.s__Bacteroides_uniformis	26.5573730254
1CMET2-PWY: N10-formyl-tetrahydrofolate biosynthesis|g__Bacteroides.s__Bacteroides_coprocola	21.0209518847
1CMET2-PWY: N10-formyl-tetrahydrofolate biosynthesis|g__Bacteroides.s__Bacteroides_massiliensis	7.2685009469
1CMET2-PWY: N10-formyl-tetrahydrofolate biosynthesis|g__Bacteroides.s__Bacteroides_fragilis	1.5917720328
PWY-3841: folate transformations II	195.2203854722
PWY-3841: folate transformations II|g__Bacteroides.s__Bacteroides_vulgatus	45.0674960140
PWY-3841: folate transformations II|g__Bacteroides.s__Bacteroides_uniformis	29.5694167416
PWY-3841: folate transformations II|g__Bacteroides.s__Bacteroides_coprocola	21.1682359782
PWY-3841: folate transformations II|g__Bacteroides.s__Bacteroides_massiliensis	10.4898427547
PWY-3841: folate transformations II|g__Parabacteroides.s__Parabacteroides_distasonis	8.9855871104
PWY-3841: folate transformations II|g__Parabacteroides.s__Parabacteroides_merdae	5.0743066544
PWY-3841: folate transformations II|g__Bacteroides.s__Bacteroides_thetaiotaomicron	3.4073925512
PWY-3841: folate transformations II|g__Bacteroides.s__Bacteroides_dorei	2.6540133679
PWY-3841: folate transformations II|g__Bacteroides.s__Bacteroides_fragilis	1.8205897887
PWY-3841: folate transformations II|g__Klebsiella.s__Klebsiella_oxytoca	1.7736569493
PWY-3841: folate transformations II|g__Akkermansia.s__Akkermansia_muciniphila	1.6865819178
PWY-3841: folate transformations II|g__Bacteroides.s__Bacteroides_ovatus	1.2921087835
PWY-1042: glycolysis IV (plant cytosol)	192.4540925185
PWY-1042: glycolysis IV (plant cytosol)|g__Bacteroides.s__Bacteroides_coprocola	25.8571969098
PWY-1042: glycolysis IV (plant cytosol)|g__Ruminococcus.s__Ruminococcus_bromii	14.5577755789
PWY-1042: glycolysis IV (plant cytosol)|g__Blautia.s__Ruminococcus_torques	8.9234925404
PWY-1042: glycolysis IV (plant cytosol)|g__Faecalibacterium.s__Faecalibacterium_prausnitzii	5.9891374210
PWY-1042: glycolysis IV (plant cytosol)|g__Klebsiella.s__Klebsiella_oxytoca	3.6857193566
PWY-6121: 5-aminoimidazole ribonucleotide biosynthesis I	188.9201568293
PWY-6121: 5-aminoimidazole ribonucleotide biosynthesis I|g__Blautia.s__Ruminococcus_torques	20.4416151856
PWY-6121: 5-aminoimidazole ribonucleotide biosynthesis I|g__Phascolarctobacterium.s__Phascolarctobacterium_succinatutens	9.3864397490
PWY-6121: 5-aminoimidazole ribonucleotide biosynthesis I|g__Coprococcus.s__Coprococcus_comes	7.5291992968
PWY-6121: 5-aminoimidazole ribonucleotide biosynthesis I|g__Dorea.s__Dorea_longicatena	6.3828308550
PWY-6121: 5-aminoimidazole ribonucleotide biosynthesis I|g__Ruminococcus.s__Ruminococcus_bromii	5.9898427424
PWY-6121: 5-aminoimidazole ribonucleotide biosynthesis I|g__Alistipes.s__Alistipes_putredinis	5.9057222173
PWY-6121: 5-aminoimidazole ribonucleotide biosynthesis I|g__Collinsella.s__Collinsella_aerofaciens	4.1048313991
PWY-6121: 5-aminoimidazole ribonucleotide biosynthesis I|g__Sutterella.s__Sutterella_wadsworthensis	3.2823592067
PWY-6121: 5-aminoimidazole ribonucleotide biosynthesis I|g__Faecalibacterium.s__Faecalibacterium_prausnitzii	2.8214908086
PWY-6121: 5-aminoimidazole ribonucleotide biosynthesis I|g__Streptococcus.s__Streptococcus_thermophilus	2.7602138311
PWY-6121: 5-aminoimidazole ribonucleotide biosynthesis I|g__Blautia.s__Ruminococcus_gnavus	1.4022011951
PWY-6121: 5-aminoimidazole ribonucleotide biosynthesis I|g__Alistipes.s__Alistipes_onderdonkii	1.1068971419
PWY-6121: 5-aminoimidazole ribonucleotide biosynthesis I|g__Eubacterium.s__Eubacterium_ramulus	1.0197982832
PWY-6121: 5-aminoimidazole ribonucleotide biosynthesis I|g__Roseburia.s__Roseburia_inulinivorans	0.9688547295
PWY-7229: superpathway of adenosine nucleotides de novo biosynthesis I	179.3519590472
PWY-7229: superpathway of adenosine nucleotides de novo biosynthesis I|g__Bacteroides.s__Bacteroides_vulgatus	49.4203286591
PWY-7229: superpathway of adenosine nucleotides de novo biosynthesis I|g__Bacteroides.s__Bacteroides_dorei	5.8880696943
PWY-7229: superpathway of adenosine nucleotides de novo biosynthesis I|g__Streptococcus.s__Streptococcus_thermophilus	2.6996792194
PWY-7229: superpathway of adenosine nucleotides de novo biosynthesis I|g__Collinsella.s__Collinsella_intestinalis	1.3813925595
PWY-6122: 5-aminoimidazole ribonucleotide biosynthesis II	174.3320272555
PWY-6122: 5-aminoimidazole ribonucleotide biosynthesis II|g__Blautia.s__Ruminococcus_torques	21.2112985607
PWY-6122: 5-aminoimidazole ribonucleotide biosynthesis II|g__Phascolarctobacterium.s__Phascolarctobacterium_succinatutens	9.3598196203
PWY-6122: 5-aminoimidazole ribonucleotide biosynthesis II|g__Coprococcus.s__Coprococcus_comes	7.6399209092
PWY-6122: 5-aminoimidazole ribonucleotide biosynthesis II|g__Dorea.s__Dorea_longicatena	6.8672607774
PWY-6122: 5-aminoimidazole ribonucleotide biosynthesis II|g__Ruminococcus.s__Ruminococcus_bromii	6.2137238198
PWY-6122: 5-aminoimidazole ribonucleotide biosynthesis II|g__Alistipes.s__Alistipes_putredinis	5.3476523479
PWY-6122: 5-aminoimidazole ribonucleotide biosynthesis II|g__Collinsella.s__Collinsella_aerofaciens	3.9849299164
PWY-6122: 5-aminoimidazole ribonucleotide biosynthesis II|g__Faecalibacterium.s__Faecalibacterium_prausnitzii	3.9545093505
PWY-6122: 5-aminoimidazole ribonucleotide biosynthesis II|g__Sutterella.s__Sutterella_wadsworthensis	3.2772250832
PWY-6122: 5-aminoimidazole ribonucleotide biosynthesis II|g__Streptococcus.s__Streptococcus_thermophilus	2.4240899657
PWY-6122: 5-aminoimidazole ribonucleotide biosynthesis II|g__Collinsella.s__Collinsella_intestinalis	1.8804922694
PWY-6122: 5-aminoimidazole ribonucleotide biosynthesis II|g__Eubacterium.s__Eubacterium_siraeum	1.5885445778
PWY-6122: 5-aminoimidazole ribonucleotide biosynthesis II|g__Blautia.s__Ruminococcus_gnavus	1.2194618910
PWY-6122: 5-aminoimidazole ribonucleotide biosynthesis II|g__Alistipes.s__Alistipes_onderdonkii	0.9890875093
PWY-6122: 5-aminoimidazole ribonucleotide biosynthesis II|g__Eubacterium.s__Eubacterium_ramulus	0.9199779289
PWY-6122: 5-aminoimidazole ribonucleotide biosynthesis II|g__Roseburia.s__Roseburia_inulinivorans	0.8208495793
PWY-6122: 5-aminoimidazole ribonucleotide biosynthesis II|g__Blautia.s__Ruminococcus_obeum	0.8144980656
PWY-6277: superpathway of 5-aminoimidazole ribonucleotide biosynthesis	174.3320272555
PWY-6277: superpathway of 5-aminoimidazole ribonucleotide biosynthesis|g__Blautia.s__Ruminococcus_torques	21.2112985607
PWY-6277: superpathway of 5-aminoimidazole ribonucleotide biosynthesis|g__Phascolarctobacterium.s__Phascolarctobacterium_succinatutens	9.3598196203
PWY-6277: superpathway of 5-aminoimidazole ribonucleotide biosynthesis|g__Coprococcus.s__Coprococcus_comes	7.6399209092
PWY-6277: superpathway of 5-aminoimidazole ribonucleotide biosynthesis|g__Dorea.s__Dorea_longicatena	6.8672607774
PWY-6277: superpathway of 5-aminoimidazole ribonucleotide biosynthesis|g__Ruminococcus.s__Ruminococcus_bromii	6.2137238198
PWY-6277: superpathway of 5-aminoimidazole ribonucleotide biosynthesis|g__Alistipes.s__Alistipes_putredinis	5.3476523479
PWY-6277: superpathway of 5-aminoimidazole ribonucleotide biosynthesis|g__Collinsella.s__Collinsella_aerofaciens	3.9849299164
PWY-6277: superpathway of 5-aminoimidazole ribonucleotide biosynthesis|g__Faecalibacterium.s__Faecalibacterium_prausnitzii	3.9545093505
PWY-6277: superpathway of 5-aminoimidazole ribonucleotide biosynthesis|g__Sutterella.s__Sutterella_wadsworthensis	3.2772250832
PWY-6277: superpathway of 5-aminoimidazole ribonucleotide biosynthesis|g__Streptococcus.s__Streptococcus_thermophilus	2.4240899657
PWY-6277: superpathway of 5-aminoimidazole ribonucleotide biosynthesis|g__Collinsella.s__Collinsella_intestinalis	1.8804922694
PWY-6277: superpathway of 5-aminoimidazole ribonucleotide biosynthesis|g__Eubacterium.s__Eubacterium_siraeum	1.5885445778
PWY-6277: superpathway of 5-aminoimidazole ribonucleotide biosynthesis|g__Blautia.s__Ruminococcus_gnavus	1.2194618910
PWY-6277: superpathway of 5-aminoimidazole ribonucleotide biosynthesis|g__Alistipes.s__Alistipes_onderdonkii	0.9890875093
PWY-6277: superpathway of 5-aminoimidazole ribonucleotide biosynthesis|g__Eubacterium.s__Eubacterium_ramulus	0.9199779289
PWY-6277: superpathway of 5-aminoimidazole ribonucleotide biosynthesis|g__Roseburia.s__Roseburia_inulinivorans	0.8208495793
PWY-6277: superpathway of 5-aminoimidazole ribonucleotide biosynthesis|g__Blautia.s__Ruminococcus_obeum	0.8144980656
PWY-6737: starch degradation V	166.9573292407
PWY-6737: starch degradation V|g__Ruminococcus.s__Ruminococcus_bromii	14.8879982471
PWY-6737: starch degradation V|g__Dorea.s__Dorea_longicatena	12.0946796514
PWY-6737: starch degradation V|g__Blautia.s__Ruminococcus_torques	11.9398496290
PWY-6737: starch degradation V|g__Faecalibacterium.s__Faecalibacterium_prausnitzii	9.5095418687
PWY-6737: starch degradation V|g__Coprococcus.s__Coprococcus_comes	9.3724104863
PWY-6737: starch degradation V|g__Collinsella.s__Collinsella_aerofaciens	7.3889009095
PWY-6737: starch degradation V|g__Blautia.s__Ruminococcus_gnavus	1.9283070976
PWY-6737: starch degradation V|g__Eubacterium.s__Eubacterium_ramulus	1.3615987771
PWY-6737: starch degradation V|g__Eubacterium.s__Eubacterium_rectale	1.3474260448
PWY-6737: starch degradation V|g__Akkermansia.s__Akkermansia_muciniphila	1.3348476039
PWY-6737: starch degradation V|g__Eubacterium.s__Eubacterium_siraeum	1.2039269251
PWY-6737: starch degradation V|g__Alistipes.s__Alistipes_finegoldii	0.8824485666
PWY-6737: starch degradation V|g__Roseburia.s__Roseburia_inulinivorans	0.8213552361
PWY-6126: superpathway of adenosine nucleotides de novo biosynthesis II	157.5307144291
PWY-6126: superpathway of adenosine nucleotides de novo biosynthesis II|g__Bacteroides.s__Bacteroides_vulgatus	45.4264463569
PWY-6126: superpathway of adenosine nucleotides de novo biosynthesis II|g__Bacteroides.s__Bacteroides_dorei	5.7518567779
PWY-6126: superpathway of adenosine nucleotides de novo biosynthesis II|g__Streptococcus.s__Streptococcus_thermophilus	2.7327884129
PWY-6126: superpathway of adenosine nucleotides de novo biosynthesis II|g__Collinsella.s__Collinsella_intestinalis	1.4685390629
PWY-6703: preQ0 biosynthesis	156.4045383909
PWY-6703: preQ0 biosynthesis|g__Bacteroides.s__Bacteroides_vulgatus	44.3131177223
PWY-6703: preQ0 biosynthesis|g__Bacteroides.s__Bacteroides_uniformis	24.9853957615
PWY-6703: preQ0 biosynthesis|g__Parabacteroides.s__Parabacteroides_distasonis	5.7464643653
PWY-6703: preQ0 biosynthesis|g__Klebsiella.s__Klebsiella_oxytoca	4.6440978220
PWY-6703: preQ0 biosynthesis|g__Parabacteroides.s__Parabacteroides_merdae	3.3260130587
PWY-6703: preQ0 biosynthesis|g__Bacteroides.s__Bacteroides_dorei	3.0705658135
PWY-6703: preQ0 biosynthesis|g__Bacteroides.s__Bacteroides_thetaiotaomicron	2.8830830263
PWY-6703: preQ0 biosynthesis|g__Bacteroides.s__Bacteroides_ovatus	2.1525361847
PWY0-162: superpathway of pyrimidine ribonucleotides de novo biosynthesis	152.1635144160
PWY-724: superpathway of L-lysine, L-threonine and L-methionine biosynthesis II	151.3813845357
PWY-724: superpathway of L-lysine, L-threonine and L-methionine biosynthesis II|g__Phascolarctobacterium.s__Phascolarctobacterium_succinatutens	4.4993325413
PWY-724: superpathway of L-lysine, L-threonine and L-methionine biosynthesis II|g__Faecalibacterium.s__Faecalibacterium_prausnitzii	3.1523294002
CALVIN-PWY: Calvin-Benson-Bassham cycle	147.8198687998
CALVIN-PWY: Calvin-Benson-Bassham cycle|g__Ruminococcus.s__Ruminococcus_bromii	18.7378868608
CALVIN-PWY: Calvin-Benson-Bassham cycle|g__Klebsiella.s__Klebsiella_oxytoca	5.6381579569
CALVIN-PWY: Calvin-Benson-Bassham cycle|g__Faecalibacterium.s__Faecalibacterium_prausnitzii	2.4230147147
PWY-7228: superpathway of guanosine nucleotides de novo biosynthesis I	136.7081465313
PWY-7228: superpathway of guanosine nucleotides de novo biosynthesis I|g__Bacteroides.s__Bacteroides_vulgatus	55.5468421330
PWY-7228: superpathway of guanosine nucleotides de novo biosynthesis I|g__Bacteroides.s__Bacteroides_dorei	6.1005310280
PWY-7228: superpathway of guanosine nucleotides de novo biosynthesis I|g__Bacteroides.s__Bacteroides_massiliensis	3.5490202946
PWY-7228: superpathway of guanosine nucleotides de novo biosynthesis I|g__Parabacteroides.s__Parabacteroides_distasonis	3.1056024696
PWY-7228: superpathway of guanosine nucleotides de novo biosynthesis I|g__Streptococcus.s__Streptococcus_thermophilus	2.5589203519
ANAGLYCOLYSIS-PWY: glycolysis III (from glucose)	136.3718254940
ANAGLYCOLYSIS-PWY: glycolysis III (from glucose)|g__Klebsiella.s__Klebsiella_oxytoca	4.5694473693
PWY-5973: cis-vaccenate biosynthesis	135.0151323380
PWY-6125: superpathway of guanosine nucleotides de novo biosynthesis II	127.5716564820
PWY-6125: superpathway of guanosine nucleotides de novo biosynthesis II|g__Bacteroides.s__Bacteroides_vulgatus	46.8355739150
PWY-6125: superpathway of guanosine nucleotides de novo biosynthesis II|g__Bacteroides.s__Bacteroides_dorei	4.7469611612
PWY-6125: superpathway of guanosine nucleotides de novo biosynthesis II|g__Streptococcus.s__Streptococcus_thermophilus	2.1772625160
PWY0-1296: purine ribonucleosides degradation	123.9121571175
PWY0-1296: purine ribonucleosides degradation|g__Blautia.s__Ruminococcus_torques	23.5476645363
PWY0-1296: purine ribonucleosides degradation|g__Dorea.s__Dorea_longicatena	9.9451734783
PWY0-1296: purine ribonucleosides degradation|g__Faecalibacterium.s__Faecalibacterium_prausnitzii	4.4914250213
PWY0-1296: purine ribonucleosides degradation|g__Klebsiella.s__Klebsiella_oxytoca	4.4856119713
PWY0-1296: purine ribonucleosides degradation|g__Collinsella.s__Collinsella_intestinalis	3.0063971254
PWY0-1296: purine ribonucleosides degradation|g__Lachnospiraceae_noname.s__Lachnospiraceae_bacterium_1_4_56FAA	2.2251574569
PWY0-1296: purine ribonucleosides degradation|g__Eubacterium.s__Eubacterium_ramulus	1.4733044743
PWY0-1296: purine ribonucleosides degradation|g__Roseburia.s__Roseburia_inulinivorans	1.4464486471
PWY-7663: gondoate biosynthesis (anaerobic)	122.6359735448
PWY-7663: gondoate biosynthesis (anaerobic)|g__Klebsiella.s__Klebsiella_oxytoca	7.0523915978
PWY-7663: gondoate biosynthesis (anaerobic)|g__Bacteroides.s__Bacteroides_ovatus	2.2619139720
PWY-7663: gondoate biosynthesis (anaerobic)|g__Bacteroides.s__Bacteroides_fragilis	1.5835886912
PWY-6317: galactose degradation I (Leloir pathway)	122.3873666797
PWY-6317: galactose degradation I (Leloir pathway)|g__Ruminococcus.s__Ruminococcus_bromii	36.9735804992
PWY-6317: galactose degradation I (Leloir pathway)|g__Faecalibacterium.s__Faecalibacterium_prausnitzii	6.2661898247
PWY66-422: D-galactose degradation V (Leloir pathway)	122.3873666797
PWY66-422: D-galactose degradation V (Leloir pathway)|g__Ruminococcus.s__Ruminococcus_bromii	36.9735804992
PWY66-422: D-galactose degradation V (Leloir pathway)|g__Faecalibacterium.s__Faecalibacterium_prausnitzii	6.2661898247
PWY66-422: D-galactose degradation V (Leloir pathway)|g__Eubacterium.s__Eubacterium_rectale	0.9163411542
PWY-7282: 4-amino-2-methyl-5-phosphomethylpyrimidine biosynthesis (yeast)	118.3361878263
PWY-6897: thiamin salvage II	117.7777080669
PWY-7208: superpathway of pyrimidine nucleobases salvage	110.1559848096
PWY-7208: superpathway of pyrimidine nucleobases salvage|g__Phascolarctobacterium.s__Phascolarctobacterium_succinatutens	6.5228297159
PWY-7208: superpathway of pyrimidine nucleobases salvage|g__Streptococcus.s__Streptococcus_thermophilus	2.1394165847
PWY-7208: superpathway of pyrimidine nucleobases salvage|g__Eubacterium.s__Eubacterium_siraeum	1.8501147600
PWY-6527: stachyose degradation	106.6233865577
PWY-6527: stachyose degradation|g__Dorea.s__Dorea_longicatena	10.1272373477
PWY-6527: stachyose degradation|g__Klebsiella.s__Klebsiella_oxytoca	2.8005686231
PWY-6527: stachyose degradation|g__Eubacterium.s__Eubacterium_siraeum	2.7044429928
THRESYN-PWY: superpathway of L-threonine biosynthesis	105.1499121438
THRESYN-PWY: superpathway of L-threonine biosynthesis|g__Klebsiella.s__Klebsiella_oxytoca	5.2927479249
THRESYN-PWY: superpathway of L-threonine biosynthesis|g__Faecalibacterium.s__Faecalibacterium_prausnitzii	4.4010786513
THRESYN-PWY: superpathway of L-threonine biosynthesis|g__Phascolarctobacterium.s__Phascolarctobacterium_succinatutens	4.0961448954
NONOXIPENT-PWY: pentose phosphate pathway (non-oxidative branch)	102.4340928493
NONOXIPENT-PWY: pentose phosphate pathway (non-oxidative branch)|g__Ruminococcus.s__Ruminococcus_bromii	14.3375592971
NONOXIPENT-PWY: pentose phosphate pathway (non-oxidative branch)|g__Klebsiella.s__Klebsiella_oxytoca	9.2216805141
NONOXIPENT-PWY: pentose phosphate pathway (non-oxidative branch)|g__Phascolarctobacterium.s__Phascolarctobacterium_succinatutens	8.8392656044
NONOXIPENT-PWY: pentose phosphate pathway (non-oxidative branch)|g__Bacteroides.s__Bacteroides_thetaiotaomicron	2.4369045048
NONOXIPENT-PWY: pentose phosphate pathway (non-oxidative branch)|g__Blautia.s__Ruminococcus_gnavus	1.6209230233
ARGININE-SYN4-PWY: L-ornithine de novo  biosynthesis	94.5310944585
ARGININE-SYN4-PWY: L-ornithine de novo  biosynthesis|g__Bacteroides.s__Bacteroides_uniformis	34.9427487437
ARGININE-SYN4-PWY: L-ornithine de novo  biosynthesis|g__Bacteroides.s__Bacteroides_massiliensis	10.1894894974
ARGININE-SYN4-PWY: L-ornithine de novo  biosynthesis|g__Bacteroides.s__Bacteroides_thetaiotaomicron	2.0075249280
ARGININE-SYN4-PWY: L-ornithine de novo  biosynthesis|g__Bacteroides.s__Bacteroides_fragilis	1.8034285347
PWY-7357: thiamin formation from pyrithiamine and oxythiamine (yeast)	94.1819906417
PWY-7357: thiamin formation from pyrithiamine and oxythiamine (yeast)|g__Faecalibacterium.s__Faecalibacterium_prausnitzii	7.2116615891
PWY-7357: thiamin formation from pyrithiamine and oxythiamine (yeast)|g__Phascolarctobacterium.s__Phascolarctobacterium_succinatutens	2.7039100243
PWY-7357: thiamin formation from pyrithiamine and oxythiamine (yeast)|g__Ruminococcus.s__Ruminococcus_bromii	2.4727642599
PWY-7357: thiamin formation from pyrithiamine and oxythiamine (yeast)|g__Roseburia.s__Roseburia_hominis	1.5862578158
PWY-7220: adenosine deoxyribonucleotides de novo biosynthesis II	92.4166466946
PWY-7220: adenosine deoxyribonucleotides de novo biosynthesis II|g__Bacteroides.s__Bacteroides_vulgatus	37.2770417023
PWY-7220: adenosine deoxyribonucleotides de novo biosynthesis II|g__Bacteroides.s__Bacteroides_dorei	6.5607107318
PWY-7220: adenosine deoxyribonucleotides de novo biosynthesis II|g__Streptococcus.s__Streptococcus_thermophilus	3.9577836412
PWY-7220: adenosine deoxyribonucleotides de novo biosynthesis II|g__Collinsella.s__Collinsella_intestinalis	2.5786536526
PWY-7222: guanosine deoxyribonucleotides de novo biosynthesis II	92.4166466946
PWY-7222: guanosine deoxyribonucleotides de novo biosynthesis II|g__Bacteroides.s__Bacteroides_vulgatus	37.2770417023
PWY-7222: guanosine deoxyribonucleotides de novo biosynthesis II|g__Bacteroides.s__Bacteroides_dorei	6.5607107318
PWY-7222: guanosine deoxyribonucleotides de novo biosynthesis II|g__Streptococcus.s__Streptococcus_thermophilus	3.9577836412
PWY-7222: guanosine deoxyribonucleotides de novo biosynthesis II|g__Collinsella.s__Collinsella_intestinalis	2.5786536526
THISYNARA-PWY: superpathway of thiamin diphosphate biosynthesis III (eukaryotes)	91.0364641913
THISYNARA-PWY: superpathway of thiamin diphosphate biosynthesis III (eukaryotes)|g__Faecalibacterium.s__Faecalibacterium_prausnitzii	4.8726579533
THISYNARA-PWY: superpathway of thiamin diphosphate biosynthesis III (eukaryotes)|g__Phascolarctobacterium.s__Phascolarctobacterium_succinatutens	2.6905076072
THISYNARA-PWY: superpathway of thiamin diphosphate biosynthesis III (eukaryotes)|g__Bacteroides.s__Bacteroides_ovatus	2.4529136633
ASPASN-PWY: superpathway of L-aspartate and L-asparagine biosynthesis	86.5742262764
ASPASN-PWY: superpathway of L-aspartate and L-asparagine biosynthesis|g__Faecalibacterium.s__Faecalibacterium_prausnitzii	5.1100137111
ASPASN-PWY: superpathway of L-aspartate and L-asparagine biosynthesis|g__Bacteroides.s__Bacteroides_thetaiotaomicron	3.7492414786
ASPASN-PWY: superpathway of L-aspartate and L-asparagine biosynthesis|g__Bacteroides.s__Bacteroides_ovatus	2.1251177874
PWY0-166: superpathway of pyrimidine deoxyribonucleotides de novo biosynthesis (E. coli)	86.0334132154
PWY-3001: superpathway of L-isoleucine biosynthesis I	85.7329030241
PWY-3001: superpathway of L-isoleucine biosynthesis I|g__Faecalibacterium.s__Faecalibacterium_prausnitzii	5.4034559929
PWY-3001: superpathway of L-isoleucine biosynthesis I|g__Klebsiella.s__Klebsiella_oxytoca	3.4190944749
PWY0-845: superpathway of pyridoxal 5'-phosphate biosynthesis and salvage	84.9089849431
PWY0-845: superpathway of pyridoxal 5'-phosphate biosynthesis and salvage|g__Bacteroides.s__Bacteroides_uniformis	32.6221070757
PWY0-845: superpathway of pyridoxal 5'-phosphate biosynthesis and salvage|g__Bacteroides.s__Bacteroides_thetaiotaomicron	2.4549082643
PYRIDOXSYN-PWY: pyridoxal 5'-phosphate biosynthesis I	76.3659215121
PYRIDOXSYN-PWY: pyridoxal 5'-phosphate biosynthesis I|g__Bacteroides.s__Bacteroides_uniformis	29.9238830384
PYRIDOXSYN-PWY: pyridoxal 5'-phosphate biosynthesis I|g__Bacteroides.s__Bacteroides_thetaiotaomicron	2.0447213258
TRPSYN-PWY: L-tryptophan biosynthesis	75.9869888804
TRPSYN-PWY: L-tryptophan biosynthesis|g__Phascolarctobacterium.s__Phascolarctobacterium_succinatutens	10.7659910445
PWY-7184: pyrimidine deoxyribonucleotides de novo biosynthesis I	75.9637925730
PWY-6609: adenine and adenosine salvage III	72.0192604639
PWY-6609: adenine and adenosine salvage III|g__Faecalibacterium.s__Faecalibacterium_prausnitzii	8.5413413625
PWY-6609: adenine and adenosine salvage III|g__Streptococcus.s__Streptococcus_thermophilus	2.8825732705
PWY-6609: adenine and adenosine salvage III|g__Bacteroides.s__Bacteroides_thetaiotaomicron	2.7644344459
PWY-6609: adenine and adenosine salvage III|g__Alistipes.s__Alistipes_shahii	2.7579684478
PWY-6609: adenine and adenosine salvage III|g__Bacteroides.s__Bacteroides_fragilis	1.6417457289
PWY-5347: superpathway of L-methionine biosynthesis (transsulfuration)	67.7802213538
PWY-5347: superpathway of L-methionine biosynthesis (transsulfuration)|g__Klebsiella.s__Klebsiella_oxytoca	6.2085387455
ANAEROFRUCAT-PWY: homolactic fermentation	66.3062619828
MET-SAM-PWY: superpathway of S-adenosyl-L-methionine biosynthesis	66.1672869927
MET-SAM-PWY: superpathway of S-adenosyl-L-methionine biosynthesis|g__Klebsiella.s__Klebsiella_oxytoca	6.9867794424
METSYN-PWY: L-homoserine and L-methionine biosynthesis	65.2431795217
METSYN-PWY: L-homoserine and L-methionine biosynthesis|g__Klebsiella.s__Klebsiella_oxytoca	7.1067531553
PWY-6123: inosine-5'-phosphate biosynthesis I	62.5373442301
PWY-6123: inosine-5'-phosphate biosynthesis I|g__Faecalibacterium.s__Faecalibacterium_prausnitzii	2.9255475128
PWY-6123: inosine-5'-phosphate biosynthesis I|g__Bacteroides.s__Bacteroides_thetaiotaomicron	2.4306667386
PWY-6123: inosine-5'-phosphate biosynthesis I|g__Bacteroides.s__Bacteroides_fragilis	2.1654197745
PWY-6123: inosine-5'-phosphate biosynthesis I|g__Streptococcus.s__Streptococcus_thermophilus	1.7647153737
PWY-841: superpathway of purine nucleotides de novo biosynthesis I	62.1994159039
PANTOSYN-PWY: pantothenate and coenzyme A biosynthesis I	59.5577224264
PANTOSYN-PWY: pantothenate and coenzyme A biosynthesis I|g__Phascolarctobacterium.s__Phascolarctobacterium_succinatutens	3.6083836503
PANTOSYN-PWY: pantothenate and coenzyme A biosynthesis I|g__Bacteroides.s__Bacteroides_ovatus	2.9097670195
PWY-6545: pyrimidine deoxyribonucleotides de novo biosynthesis III	58.1517718444
DTDPRHAMSYN-PWY: dTDP-L-rhamnose biosynthesis I	57.6757703681
DTDPRHAMSYN-PWY: dTDP-L-rhamnose biosynthesis I|g__Faecalibacterium.s__Faecalibacterium_prausnitzii	4.2615243094
DTDPRHAMSYN-PWY: dTDP-L-rhamnose biosynthesis I|g__Eubacterium.s__Eubacterium_rectale	2.3501977105
PWY-7400: L-arginine biosynthesis IV (archaebacteria)	55.7338858812
PWY-1269: CMP-3-deoxy-D-manno-octulosonate biosynthesis I	55.0417530591
PWY-1269: CMP-3-deoxy-D-manno-octulosonate biosynthesis I|g__Bacteroides.s__Bacteroides_thetaiotaomicron	2.0535116547
CITRULBIO-PWY: L-citrulline biosynthesis	54.8860369054
PWY-6124: inosine-5'-phosphate biosynthesis II	53.7550896542
PWY-6124: inosine-5'-phosphate biosynthesis II|g__Klebsiella.s__Klebsiella_oxytoca	3.4206911566
PWY-6124: inosine-5'-phosphate biosynthesis II|g__Faecalibacterium.s__Faecalibacterium_prausnitzii	2.5742499973
PWY-6124: inosine-5'-phosphate biosynthesis II|g__Bacteroides.s__Bacteroides_thetaiotaomicron	2.4783657116
PWY-6124: inosine-5'-phosphate biosynthesis II|g__Bacteroides.s__Bacteroides_fragilis	2.1525509891
PWY-6124: inosine-5'-phosphate biosynthesis II|g__Bacteroides.s__Bacteroides_ovatus	1.7234346806
PWY-6124: inosine-5'-phosphate biosynthesis II|g__Streptococcus.s__Streptococcus_thermophilus	1.5343919023
RHAMCAT-PWY: L-rhamnose degradation I	53.0155225081
RHAMCAT-PWY: L-rhamnose degradation I|g__Bacteroides.s__Bacteroides_ovatus	2.1759402602
SER-GLYSYN-PWY: superpathway of L-serine and glycine biosynthesis I	51.9492432384
SER-GLYSYN-PWY: superpathway of L-serine and glycine biosynthesis I|g__Ruminococcus.s__Ruminococcus_bromii	10.1430334917
SER-GLYSYN-PWY: superpathway of L-serine and glycine biosynthesis I|g__Faecalibacterium.s__Faecalibacterium_prausnitzii	4.8691939000
SER-GLYSYN-PWY: superpathway of L-serine and glycine biosynthesis I|g__Phascolarctobacterium.s__Phascolarctobacterium_succinatutens	4.4263914050
SER-GLYSYN-PWY: superpathway of L-serine and glycine biosynthesis I|g__Eubacterium.s__Eubacterium_siraeum	0.8802816901
PWY-7197: pyrimidine deoxyribonucleotide phosphorylation	51.1207892639
PWY-7197: pyrimidine deoxyribonucleotide phosphorylation|g__Phascolarctobacterium.s__Phascolarctobacterium_succinatutens	6.6199845263
PWY-7197: pyrimidine deoxyribonucleotide phosphorylation|g__Collinsella.s__Collinsella_intestinalis	2.2026431718
ARGSYN-PWY: L-arginine biosynthesis I (via L-ornithine)	50.8317317479
ARGSYN-PWY: L-arginine biosynthesis I (via L-ornithine)|g__Klebsiella.s__Klebsiella_oxytoca	3.5429840951
PWY-4984: urea cycle	50.0490268224
PWY-6168: flavin biosynthesis III (fungi)	49.6464122227
PWY-5100: pyruvate fermentation to acetate and lactate II	47.1222325035
PWY-5100: pyruvate fermentation to acetate and lactate II|g__Streptococcus.s__Streptococcus_thermophilus	1.7816385837
PWY-5100: pyruvate fermentation to acetate and lactate II|g__Collinsella.s__Collinsella_intestinalis	1.5950021088
DAPLYSINESYN-PWY: L-lysine biosynthesis I	45.5373971707
DAPLYSINESYN-PWY: L-lysine biosynthesis I|g__Klebsiella.s__Klebsiella_oxytoca	4.6688163380
PWY-7211: superpathway of pyrimidine deoxyribonucleotides de novo biosynthesis	44.2421910763
PYRIDNUCSYN-PWY: NAD biosynthesis I (from aspartate)	42.4800371527
PYRIDNUCSYN-PWY: NAD biosynthesis I (from aspartate)|g__Ruminococcus.s__Ruminococcus_bromii	5.8275832919
PYRIDNUCSYN-PWY: NAD biosynthesis I (from aspartate)|g__Alistipes.s__Alistipes_shahii	1.8092821019
PWY-5103: L-isoleucine biosynthesis III	42.2531096052
PWY-5103: L-isoleucine biosynthesis III|g__Klebsiella.s__Klebsiella_oxytoca	9.0055996019
PWY-5103: L-isoleucine biosynthesis III|g__Faecalibacterium.s__Faecalibacterium_prausnitzii	7.2486295204
P4-PWY: superpathway of L-lysine, L-threonine and L-methionine biosynthesis I	41.6528226825
PWY-7117: C4 photosynthetic carbon assimilation cycle, PEPCK type	41.5038005484
PWY-5659: GDP-mannose biosynthesis	41.3822314855
PWY-5659: GDP-mannose biosynthesis|g__Bacteroides.s__Bacteroides_ovatus	3.4803021699
PWY-5659: GDP-mannose biosynthesis|g__Faecalibacterium.s__Faecalibacterium_prausnitzii	2.6000032970
PWY-5659: GDP-mannose biosynthesis|g__Alistipes.s__Alistipes_finegoldii	1.5675810338
PWY-7234: inosine-5'-phosphate biosynthesis III	41.3605263361
PWY-6270: isoprene biosynthesis I	40.8434807266
PWY-6270: isoprene biosynthesis I|g__Phascolarctobacterium.s__Phascolarctobacterium_succinatutens	5.1919722040
TCA: TCA cycle I (prokaryotic)	40.4362573624
TCA: TCA cycle I (prokaryotic)|g__Klebsiella.s__Klebsiella_oxytoca	5.1317019377
PWY66-400: glycolysis VI (metazoan)	40.4167221704
HOMOSER-METSYN-PWY: L-methionine biosynthesis I	39.3607518333
HOMOSER-METSYN-PWY: L-methionine biosynthesis I|g__Ruminococcus.s__Ruminococcus_bromii	8.5430648483
HOMOSER-METSYN-PWY: L-methionine biosynthesis I|g__Klebsiella.s__Klebsiella_oxytoca	6.9659252288
PWY0-781: aspartate superpathway	38.6755914099
GLYCOLYSIS: glycolysis I (from glucose 6-phosphate)	37.9602454444
PWY-5484: glycolysis II (from fructose 6-phosphate)	37.5697841980
PWY-5484: glycolysis II (from fructose 6-phosphate)|g__Klebsiella.s__Klebsiella_oxytoca	4.1208492461
PWY-6936: seleno-amino acid biosynthesis	37.2017862011
PWY-6936: seleno-amino acid biosynthesis|g__Dorea.s__Dorea_longicatena	6.5061242036
PWY-6936: seleno-amino acid biosynthesis|g__Klebsiella.s__Klebsiella_oxytoca	5.2339499634
COBALSYN-PWY: adenosylcobalamin salvage from cobinamide I	37.0763561459
COBALSYN-PWY: adenosylcobalamin salvage from cobinamide I|g__Phascolarctobacterium.s__Phascolarctobacterium_succinatutens	7.9613421760
COBALSYN-PWY: adenosylcobalamin salvage from cobinamide I|g__Faecalibacterium.s__Faecalibacterium_prausnitzii	1.7017142470
PWY-7560: methylerythritol phosphate pathway II	36.6876544892
PWY-7560: methylerythritol phosphate pathway II|g__Phascolarctobacterium.s__Phascolarctobacterium_succinatutens	5.2265998379
GLUCONEO-PWY: gluconeogenesis I	36.4196756064
PWY-5345: superpathway of L-methionine biosynthesis (by sulfhydrylation)	36.3555070917
PHOSLIPSYN-PWY: superpathway of phospholipid biosynthesis I (bacteria)	35.5797373465
PWY0-1297: superpathway of purine deoxyribonucleosides degradation	35.2704873550
PWY0-1297: superpathway of purine deoxyribonucleosides degradation|g__Klebsiella.s__Klebsiella_oxytoca	5.3134266227
PWY-5188: tetrapyrrole biosynthesis I (from glutamate)	34.2486223100
PWY-5188: tetrapyrrole biosynthesis I (from glutamate)|g__Ruminococcus.s__Ruminococcus_bromii	5.4542476609
PWY-5188: tetrapyrrole biosynthesis I (from glutamate)|g__Sutterella.s__Sutterella_wadsworthensis	2.7374669789
HISTSYN-PWY: L-histidine biosynthesis	33.5707784947
HISTSYN-PWY: L-histidine biosynthesis|g__Ruminococcus.s__Ruminococcus_bromii	2.5664157374
PWY-6969: TCA cycle V (2-oxoglutarate:ferredoxin oxidoreductase)	33.0907699657
HSERMETANA-PWY: L-methionine biosynthesis III	33.0551961721
PWY-2941: L-lysine biosynthesis II	32.9775444476
PWY-7196: superpathway of pyrimidine ribonucleosides salvage	32.9077197915
GLCMANNANAUT-PWY: superpathway of N-acetylglucosamine, N-acetylmannosamine and N-acetylneuraminate degradation	32.3536002917
GLCMANNANAUT-PWY: superpathway of N-acetylglucosamine, N-acetylmannosamine and N-acetylneuraminate degradation|g__Blautia.s__Ruminococcus_torques	5.9992478060
GLCMANNANAUT-PWY: superpathway of N-acetylglucosamine, N-acetylmannosamine and N-acetylneuraminate degradation|g__Dorea.s__Dorea_longicatena	4.2297402433
GLCMANNANAUT-PWY: superpathway of N-acetylglucosamine, N-acetylmannosamine and N-acetylneuraminate degradation|g__Faecalibacterium.s__Faecalibacterium_prausnitzii	2.8912144291
GALACTUROCAT-PWY: D-galacturonate degradation I	32.1469791411
GALACTUROCAT-PWY: D-galacturonate degradation I|g__Faecalibacterium.s__Faecalibacterium_prausnitzii	7.4436884357
GALACTUROCAT-PWY: D-galacturonate degradation I|g__Alistipes.s__Alistipes_shahii	1.0605230195
PWY-5690: TCA cycle II (plants and fungi)	32.0235021875
GLYCOGENSYNTH-PWY: glycogen biosynthesis I (from ADP-D-Glucose)	31.0827373333
GLYCOGENSYNTH-PWY: glycogen biosynthesis I (from ADP-D-Glucose)|g__Klebsiella.s__Klebsiella_oxytoca	11.2739319099
GLYCOGENSYNTH-PWY: glycogen biosynthesis I (from ADP-D-Glucose)|g__Blautia.s__Ruminococcus_obeum	1.4482926754
COA-PWY: coenzyme A biosynthesis I	30.1529414274
COA-PWY: coenzyme A biosynthesis I|g__Faecalibacterium.s__Faecalibacterium_prausnitzii	4.6805628933
COA-PWY: coenzyme A biosynthesis I|g__Bacteroides.s__Bacteroides_ovatus	3.0668042155
COA-PWY: coenzyme A biosynthesis I|g__Phascolarctobacterium.s__Phascolarctobacterium_succinatutens	2.5448706992
TRNA-CHARGING-PWY: tRNA charging	29.0653298017
PWY-5913: TCA cycle VI (obligate autotrophs)	28.8553115052
PWY0-1586: peptidoglycan maturation (meso-diaminopimelate containing)	28.7614213582
PWY0-1586: peptidoglycan maturation (meso-diaminopimelate containing)|g__Faecalibacterium.s__Faecalibacterium_prausnitzii	4.9996841910
PWY0-1586: peptidoglycan maturation (meso-diaminopimelate containing)|g__Klebsiella.s__Klebsiella_oxytoca	4.2273652148
PWY0-1586: peptidoglycan maturation (meso-diaminopimelate containing)|g__Akkermansia.s__Akkermansia_muciniphila	1.8697121013
PWY-6305: putrescine biosynthesis IV	28.1683001704
PWY-6305: putrescine biosynthesis IV|g__Klebsiella.s__Klebsiella_oxytoca	5.1242471761
PWY-6305: putrescine biosynthesis IV|g__Faecalibacterium.s__Faecalibacterium_prausnitzii	3.2213224067
PWY-5101: L-isoleucine biosynthesis II	27.4607538440
BIOTIN-BIOSYNTHESIS-PWY: biotin biosynthesis I	26.8354207382
ARG+POLYAMINE-SYN: superpathway of arginine and polyamine biosynthesis	26.4628337317
PWY-7013: L-1,2-propanediol degradation	25.9530860169
PWY-7013: L-1,2-propanediol degradation|g__Klebsiella.s__Klebsiella_oxytoca	7.2391970479
RIBOSYN2-PWY: flavin biosynthesis I (bacteria and plants)	25.5806261639
P441-PWY: superpathway of N-acetylneuraminate degradation	25.4851516242
ARGSYNBSUB-PWY: L-arginine biosynthesis II (acetyl cycle)	25.1411593698
PWY-5154: L-arginine biosynthesis III (via N-acetyl-L-citrulline)	24.2924600498
FERMENTATION-PWY: mixed acid fermentation	24.1991274090
SO4ASSIM-PWY: sulfate reduction I (assimilatory)	23.9982490722
SO4ASSIM-PWY: sulfate reduction I (assimilatory)|g__Klebsiella.s__Klebsiella_oxytoca	7.3739294838
PWY66-409: superpathway of purine nucleotide salvage	23.9214035840
FASYN-ELONG-PWY: fatty acid elongation -- saturated	23.7503752983
P161-PWY: acetylene degradation	23.0102309218
P161-PWY: acetylene degradation|g__Klebsiella.s__Klebsiella_oxytoca	3.6212281974
BRANCHED-CHAIN-AA-SYN-PWY: superpathway of branched amino acid biosynthesis	22.4329434667
BRANCHED-CHAIN-AA-SYN-PWY: superpathway of branched amino acid biosynthesis|g__Faecalibacterium.s__Faecalibacterium_prausnitzii	7.2628164108
BRANCHED-CHAIN-AA-SYN-PWY: superpathway of branched amino acid biosynthesis|g__Klebsiella.s__Klebsiella_oxytoca	2.9272589036
PWYG-321: mycolate biosynthesis	21.8117890508
PWY-6519: 8-amino-7-oxononanoate biosynthesis I	21.7743903494
PWY-6147: 6-hydroxymethyl-dihydropterin diphosphate biosynthesis I	21.6085401824
PWY4FS-7: phosphatidylglycerol biosynthesis I (plastidic)	21.5541183795
PWY4FS-8: phosphatidylglycerol biosynthesis II (non-plastidic)	21.5541183795
PWY-7664: oleate biosynthesis IV (anaerobic)	21.3403327784
PWY-5676: acetyl-CoA fermentation to butanoate II	21.3244496295
HEXITOLDEGSUPER-PWY: superpathway of hexitol degradation (bacteria)	21.2851047002
PWY-7539: 6-hydroxymethyl-dihydropterin diphosphate biosynthesis III (Chlamydia)	20.7156226997
PWY-7199: pyrimidine deoxyribonucleosides salvage	20.3017864713
PWY-7199: pyrimidine deoxyribonucleosides salvage|g__Alistipes.s__Alistipes_finegoldii	3.4666598924
PWY-621: sucrose degradation III (sucrose invertase)	19.8998773948
PWY-621: sucrose degradation III (sucrose invertase)|g__Faecalibacterium.s__Faecalibacterium_prausnitzii	1.2626712256
COLANSYN-PWY: colanic acid building blocks biosynthesis	19.6337607916
PWY0-862: (5Z)-dodec-5-enoate biosynthesis	18.7971118415
PWY0-862: (5Z)-dodec-5-enoate biosynthesis|g__Klebsiella.s__Klebsiella_oxytoca	7.6537166897
PWY-6282: palmitoleate biosynthesis I (from (5Z)-dodec-5-enoate)	18.6607403622
POLYAMSYN-PWY: superpathway of polyamine biosynthesis I	18.4271062010
PWY-4981: L-proline biosynthesis II (from arginine)	17.3818622034
PWY-4981: L-proline biosynthesis II (from arginine)|g__Collinsella.s__Collinsella_aerofaciens	4.3701748971
PWY-5989: stearate biosynthesis II (bacteria and plants)	17.2883231682
SULFATE-CYS-PWY: superpathway of sulfate assimilation and cysteine biosynthesis	16.8353973432
PWY-5121: superpathway of geranylgeranyl diphosphate biosynthesis II (via MEP)	16.5537998697
FASYN-INITIAL-PWY: superpathway of fatty acid biosynthesis initiation (E. coli)	16.1698989565
GLUTORN-PWY: L-ornithine biosynthesis	15.7667938663
GLUTORN-PWY: L-ornithine biosynthesis|g__Klebsiella.s__Klebsiella_oxytoca	4.3732076432
PWY-6608: guanosine nucleotides degradation III	15.6120932884
GALACT-GLUCUROCAT-PWY: superpathway of hexuronide and hexuronate degradation	15.4324152396
GALACT-GLUCUROCAT-PWY: superpathway of hexuronide and hexuronate degradation|g__Faecalibacterium.s__Faecalibacterium_prausnitzii	5.0721185834
PWY-7242: D-fructuronate degradation	15.0285210824
PWY-7242: D-fructuronate degradation|g__Faecalibacterium.s__Faecalibacterium_prausnitzii	9.2589845173
PWY-6507: 4-deoxy-L-threo-hex-4-enopyranuronate degradation	15.0141545777
PWY-6507: 4-deoxy-L-threo-hex-4-enopyranuronate degradation|g__Faecalibacterium.s__Faecalibacterium_prausnitzii	10.1277862339
PWY-7388: octanoyl-[acyl-carrier protein] biosynthesis (mitochondria, yeast)	15.0092924548
GLYCOLYSIS-E-D: superpathway of glycolysis and Entner-Doudoroff	14.7875547636
PWY-7323: superpathway of GDP-mannose-derived O-antigen building blocks biosynthesis	14.4639381643
PWY-7237: myo-, chiro- and scillo-inositol degradation	14.3676506693
PWY-7237: myo-, chiro- and scillo-inositol degradation|g__Dorea.s__Dorea_longicatena	9.5741899455
PWY-7237: myo-, chiro- and scillo-inositol degradation|g__Klebsiella.s__Klebsiella_oxytoca	4.7934607239
P42-PWY: incomplete reductive TCA cycle	13.8233325115
PWY66-399: gluconeogenesis III	13.7565204616
SALVADEHYPOX-PWY: adenosine nucleotides degradation II	13.1657045622
PWY-5136: fatty acid &beta;-oxidation II (peroxisome)	12.6097262338
DENOVOPURINE2-PWY: superpathway of purine nucleotides de novo biosynthesis II	12.5774895297
PRPP-PWY: superpathway of histidine, purine, and pyrimidine biosynthesis	12.1690037777
PWY-6353: purine nucleotides degradation II (aerobic)	12.0814440628
POLYAMINSYN3-PWY: superpathway of polyamine biosynthesis II	12.0714327396
PWY-5177: glutaryl-CoA degradation	12.0350218275
PWY-5177: glutaryl-CoA degradation|g__Faecalibacterium.s__Faecalibacterium_prausnitzii	7.6975715877
FAO-PWY: fatty acid &beta;-oxidation I	11.9987098641
P461-PWY: hexitol fermentation to lactate, formate, ethanol and acetate	11.8654047851
P461-PWY: hexitol fermentation to lactate, formate, ethanol and acetate|g__Klebsiella.s__Klebsiella_oxytoca	3.3950534124
PWY-4242: pantothenate and coenzyme A biosynthesis III	11.8417970995
PWY-4242: pantothenate and coenzyme A biosynthesis III|g__Phascolarctobacterium.s__Phascolarctobacterium_succinatutens	2.6330479004
PWY-4242: pantothenate and coenzyme A biosynthesis III|g__Bacteroides.s__Bacteroides_ovatus	2.2055999284
GLYCOLYSIS-TCA-GLYOX-BYPASS: superpathway of glycolysis, pyruvate dehydrogenase, TCA, and glyoxylate bypass	11.8291366441
LACTOSECAT-PWY: lactose and galactose degradation I	11.6779725286
GLUCUROCAT-PWY: superpathway of &beta;-D-glucuronide and D-glucuronate degradation	11.1408717206
GLUCUROCAT-PWY: superpathway of &beta;-D-glucuronide and D-glucuronate degradation|g__Faecalibacterium.s__Faecalibacterium_prausnitzii	5.0760506146
HISDEG-PWY: L-histidine degradation I	10.9466585166
HISDEG-PWY: L-histidine degradation I|g__Alistipes.s__Alistipes_shahii	1.0173518819
P164-PWY: purine nucleobases degradation I (anaerobic)	10.6099023283
PWY-6803: phosphatidylcholine acyl editing	10.3470460064
PWY-6803: phosphatidylcholine acyl editing|g__Klebsiella.s__Klebsiella_oxytoca	6.3977215018
PWY-5505: L-glutamate and L-glutamine biosynthesis	10.1301765553
PWY-6901: superpathway of glucose and xylose degradation	10.0183634657
PWY-5083: NAD/NADH phosphorylation and dephosphorylation	9.9364370043
PWY-5083: NAD/NADH phosphorylation and dephosphorylation|g__Klebsiella.s__Klebsiella_oxytoca	6.0348006326
PWY0-1241: ADP-L-glycero-&beta;-D-manno-heptose biosynthesis	9.7639454600
REDCITCYC: TCA cycle VIII (helicobacter)	9.7443416789
PWY0-1298: superpathway of pyrimidine deoxyribonucleosides degradation	9.6717294720
HEMESYN2-PWY: heme biosynthesis II (anaerobic)	9.4401136884
HEMESYN2-PWY: heme biosynthesis II (anaerobic)|g__Sutterella.s__Sutterella_wadsworthensis	2.3854027968
PWY-7187: pyrimidine deoxyribonucleotides de novo biosynthesis II	8.9646105109
PPGPPMET-PWY: ppGpp biosynthesis	8.9560345523
PWY0-1061: superpathway of L-alanine biosynthesis	8.8638605477
OANTIGEN-PWY: O-antigen building blocks biosynthesis (E. coli)	8.2290882076
GLYCOCAT-PWY: glycogen degradation I (bacterial)	8.1254825943
TCA-GLYOX-BYPASS: superpathway of glyoxylate bypass and TCA	7.5483176647
PWY-1861: formaldehyde assimilation II (RuMP Cycle)	7.4926009607
GLYOXYLATE-BYPASS: glyoxylate cycle	7.4700836185
PWY-7383: anaerobic energy metabolism (invertebrates, cytosol)	7.4061814246
NAGLIPASYN-PWY: lipid IVA biosynthesis	7.3248767658
PWY-7254: TCA cycle VII (acetate-producers)	6.6308389974
PWY-6471: peptidoglycan biosynthesis IV (Enterococcus faecium)	6.3454180265
PWY-6731: starch degradation III	6.0729237065
PWY-6731: starch degradation III|g__Klebsiella.s__Klebsiella_oxytoca	5.2721203102
PENTOSE-P-PWY: pentose phosphate pathway	5.8113614525
PENTOSE-P-PWY: pentose phosphate pathway|g__Klebsiella.s__Klebsiella_oxytoca	2.6881600754
UDPNAGSYN-PWY: UDP-N-acetyl-D-glucosamine biosynthesis I	5.6447491556
UDPNAGSYN-PWY: UDP-N-acetyl-D-glucosamine biosynthesis I|g__Streptococcus.s__Streptococcus_thermophilus	2.3246839427
GLUCARDEG-PWY: D-glucarate degradation I	5.0644813213
GLUCARDEG-PWY: D-glucarate degradation I|g__Klebsiella.s__Klebsiella_oxytoca	4.6421227477
HEME-BIOSYNTHESIS-II: heme biosynthesis I (aerobic)	4.8339255500
PWY-5855: ubiquinol-7 biosynthesis (prokaryotic)	4.6445744506
PWY-5855: ubiquinol-7 biosynthesis (prokaryotic)|g__Klebsiella.s__Klebsiella_oxytoca	3.3920599233
PWY-5856: ubiquinol-9 biosynthesis (prokaryotic)	4.6445744506
PWY-5856: ubiquinol-9 biosynthesis (prokaryotic)|g__Klebsiella.s__Klebsiella_oxytoca	3.3920599233
PWY-5857: ubiquinol-10 biosynthesis (prokaryotic)	4.6445744506
PWY-5857: ubiquinol-10 biosynthesis (prokaryotic)|g__Klebsiella.s__Klebsiella_oxytoca	3.3920599233
PWY-6708: ubiquinol-8 biosynthesis (prokaryotic)	4.6445744506
PWY-6708: ubiquinol-8 biosynthesis (prokaryotic)|g__Klebsiella.s__Klebsiella_oxytoca	3.3920599233
PWY-4361: S-methyl-5-thio-&alpha;-D-ribose 1-phosphate degradation	4.6211322527
PWY-4361: S-methyl-5-thio-&alpha;-D-ribose 1-phosphate degradation|g__Klebsiella.s__Klebsiella_oxytoca	2.7716361893
PWY-4041: &gamma;-glutamyl cycle	4.3934731127
PWY-4041: &gamma;-glutamyl cycle|g__Klebsiella.s__Klebsiella_oxytoca	3.4907370937
PWY-7235: superpathway of ubiquinol-6 biosynthesis (eukaryotic)	4.2655177300
PWY-5723: Rubisco shunt	4.1837631777
GALACTARDEG-PWY: D-galactarate degradation I	3.8533326560
GALACTARDEG-PWY: D-galactarate degradation I|g__Klebsiella.s__Klebsiella_oxytoca	3.6038539911
GLUCARGALACTSUPER-PWY: superpathway of D-glucarate and D-galactarate degradation	3.8533326560
GLUCARGALACTSUPER-PWY: superpathway of D-glucarate and D-galactarate degradation|g__Klebsiella.s__Klebsiella_oxytoca	3.6038539911
P108-PWY: pyruvate fermentation to propanoate I	3.7759605150
PWY-6606: guanosine nucleotides degradation II	3.7216318746
PWY-5088: L-glutamate degradation VIII (to propanoate)	3.3189088719
PWY-6595: superpathway of guanosine nucleotides degradation (plants)	3.2299550423
PWY-5030: L-histidine degradation III	3.2083049786
P122-PWY: heterolactic fermentation	2.5053366081
PWY-7371: 1,4-dihydroxy-6-naphthoate biosynthesis II	1.8379671598
PWY-6531: mannitol cycle	1.4544132668
PWY-4702: phytate degradation I	1.1174722403
PWY-5173: superpathway of acetyl-CoA biosynthesis	1.0558104259
PWY-5173: superpathway of acetyl-CoA biosynthesis|g__Klebsiella.s__Klebsiella_oxytoca	1.0201285433