# Pathway	ERR480729_Abundance
UNMAPPED	141358.9024562246
UNINTEGRATED	107585.0386672022
UNINTEGRATED|g__Faecalibacterium.s__Faecalibacterium_prausnitzii	27856.1759124074
UNINTEGRATED|g__Prevotella.s__Prevotella_copri	12931.3488010351
UNINTEGRATED|g__Streptococcus.s__Streptococcus_salivarius	8425.5115726573
UNINTEGRATED|g__Eubacterium.s__Eubacterium_rectale	5810.3462730367
UNINTEGRATED|g__Collinsella.s__Collinsella_aerofaciens	4648.6844366973
UNINTEGRATED|g__Blautia.s__Ruminococcus_torques	3825.0248195610
UNINTEGRATED|g__Blautia.s__Ruminococcus_obeum	3041.8391980987
UNINTEGRATED|g__Streptococcus.s__Streptococcus_parasanguinis	2961.4692827488
UNINTEGRATED|g__Roseburia.s__Roseburia_inulinivorans	2296.5063725127
UNINTEGRATED|g__Dorea.s__Dorea_longicatena	2289.2026548144
UNINTEGRATED|g__Bacteroides.s__Bacteroides_uniformis	2275.4918028080
UNINTEGRATED|g__Alistipes.s__Alistipes_putredinis	2221.0657307394
UNINTEGRATED|g__Streptococcus.s__Streptococcus_vestibularis	2090.7520602803
UNINTEGRATED|g__Bacteroides.s__Bacteroides_massiliensis	2009.2070566405
UNINTEGRATED|g__Bacteroides.s__Bacteroides_plebeius	1931.6787780501
UNINTEGRATED|g__Erysipelotrichaceae_noname.s__Eubacterium_biforme	1805.3168791921
UNINTEGRATED|g__Coprococcus.s__Coprococcus_comes	1659.6117100105
UNINTEGRATED|g__Ruminococcus.s__Ruminococcus_lactaris	1599.8825314257
UNINTEGRATED|g__Ruminococcus.s__Ruminococcus_bromii	1541.0990238076
UNINTEGRATED|g__Escherichia.s__Escherichia_coli	1237.2783236225
UNINTEGRATED|g__Bacteroides.s__Bacteroides_caccae	1047.3466830665
UNINTEGRATED|g__Eubacterium.s__Eubacterium_ventriosum	952.5061948696
UNINTEGRATED|g__Alistipes.s__Alistipes_onderdonkii	935.1155691140
UNINTEGRATED|g__Parabacteroides.s__Parabacteroides_merdae	892.7560121775
UNINTEGRATED|g__Phascolarctobacterium.s__Phascolarctobacterium_succinatutens	860.2878316026
UNINTEGRATED|g__Actinomyces.s__Actinomyces_odontolyticus	821.5482458500
UNINTEGRATED|g__Catenibacterium.s__Catenibacterium_mitsuokai	788.3143811802
UNINTEGRATED|g__Alloscardovia.s__Alloscardovia_omnicolens	456.3950845927
UNINTEGRATED|g__Streptococcus.s__Streptococcus_infantis	436.7126198587
UNINTEGRATED|g__Coprococcus.s__Coprococcus_catus	390.4421391811
PWY-7219: adenosine ribonucleotides de novo biosynthesis	184.1560305733
PWY-7219: adenosine ribonucleotides de novo biosynthesis|g__Faecalibacterium.s__Faecalibacterium_prausnitzii	49.2247463998
PWY-7219: adenosine ribonucleotides de novo biosynthesis|g__Prevotella.s__Prevotella_copri	30.7833461656
PWY-7219: adenosine ribonucleotides de novo biosynthesis|g__Collinsella.s__Collinsella_aerofaciens	16.0987117941
PWY-7219: adenosine ribonucleotides de novo biosynthesis|g__Eubacterium.s__Eubacterium_rectale	11.9378578536
PWY-7219: adenosine ribonucleotides de novo biosynthesis|g__Streptococcus.s__Streptococcus_salivarius	10.6975171726
PWY-7219: adenosine ribonucleotides de novo biosynthesis|g__Streptococcus.s__Streptococcus_parasanguinis	9.2248890377
PWY-7219: adenosine ribonucleotides de novo biosynthesis|g__Streptococcus.s__Streptococcus_vestibularis	5.7089410112
PWY-7219: adenosine ribonucleotides de novo biosynthesis|g__Erysipelotrichaceae_noname.s__Eubacterium_biforme	5.4137676142
PWY-7219: adenosine ribonucleotides de novo biosynthesis|g__Alistipes.s__Alistipes_putredinis	4.9803048023
PWY-7219: adenosine ribonucleotides de novo biosynthesis|g__Blautia.s__Ruminococcus_torques	4.4302268063
PWY-7219: adenosine ribonucleotides de novo biosynthesis|g__Bacteroides.s__Bacteroides_plebeius	3.5551853960
PWY-7219: adenosine ribonucleotides de novo biosynthesis|g__Roseburia.s__Roseburia_inulinivorans	2.9208454824
PWY-7219: adenosine ribonucleotides de novo biosynthesis|g__Dorea.s__Dorea_longicatena	2.1418466827
PWY-7219: adenosine ribonucleotides de novo biosynthesis|g__Ruminococcus.s__Ruminococcus_lactaris	2.1404215399
PWY-7219: adenosine ribonucleotides de novo biosynthesis|g__Bacteroides.s__Bacteroides_massiliensis	1.9699657213
PWY-7219: adenosine ribonucleotides de novo biosynthesis|g__Catenibacterium.s__Catenibacterium_mitsuokai	1.8839879893
PWY-7219: adenosine ribonucleotides de novo biosynthesis|g__Eubacterium.s__Eubacterium_ventriosum	1.7584674887
PWY-7219: adenosine ribonucleotides de novo biosynthesis|g__Parabacteroides.s__Parabacteroides_merdae	1.1105180244
PWY-7219: adenosine ribonucleotides de novo biosynthesis|g__Bacteroides.s__Bacteroides_uniformis	1.0007661179
PWY-7219: adenosine ribonucleotides de novo biosynthesis|g__Alistipes.s__Alistipes_onderdonkii	0.9328358209
PWY-6386: UDP-N-acetylmuramoyl-pentapeptide biosynthesis II (lysine-containing)	147.3657950047
PWY-6386: UDP-N-acetylmuramoyl-pentapeptide biosynthesis II (lysine-containing)|g__Faecalibacterium.s__Faecalibacterium_prausnitzii	27.7879488881
PWY-6386: UDP-N-acetylmuramoyl-pentapeptide biosynthesis II (lysine-containing)|g__Eubacterium.s__Eubacterium_rectale	9.2256599273
PWY-6386: UDP-N-acetylmuramoyl-pentapeptide biosynthesis II (lysine-containing)|g__Blautia.s__Ruminococcus_torques	7.8889389544
PWY-6386: UDP-N-acetylmuramoyl-pentapeptide biosynthesis II (lysine-containing)|g__Collinsella.s__Collinsella_aerofaciens	7.5068023536
PWY-6386: UDP-N-acetylmuramoyl-pentapeptide biosynthesis II (lysine-containing)|g__Alistipes.s__Alistipes_putredinis	6.0764785501
PWY-6386: UDP-N-acetylmuramoyl-pentapeptide biosynthesis II (lysine-containing)|g__Streptococcus.s__Streptococcus_parasanguinis	4.4801543812
PWY-6386: UDP-N-acetylmuramoyl-pentapeptide biosynthesis II (lysine-containing)|g__Bacteroides.s__Bacteroides_plebeius	3.2247710590
PWY-6386: UDP-N-acetylmuramoyl-pentapeptide biosynthesis II (lysine-containing)|g__Coprococcus.s__Coprococcus_comes	1.6818173373
PWY-5686: UMP biosynthesis	144.2846156187
PWY-5686: UMP biosynthesis|g__Faecalibacterium.s__Faecalibacterium_prausnitzii	34.1561363638
PWY-5686: UMP biosynthesis|g__Prevotella.s__Prevotella_copri	23.9656029430
PWY-5686: UMP biosynthesis|g__Eubacterium.s__Eubacterium_rectale	9.1202342499
PWY-5686: UMP biosynthesis|g__Collinsella.s__Collinsella_aerofaciens	7.6677537588
PWY-5686: UMP biosynthesis|g__Erysipelotrichaceae_noname.s__Eubacterium_biforme	6.8431453242
PWY-5686: UMP biosynthesis|g__Alistipes.s__Alistipes_putredinis	4.5969684711
PWY-5686: UMP biosynthesis|g__Blautia.s__Ruminococcus_torques	2.7214506947
PWY-5686: UMP biosynthesis|g__Bacteroides.s__Bacteroides_plebeius	1.6545802410
PWY-6387: UDP-N-acetylmuramoyl-pentapeptide biosynthesis I (meso-diaminopimelate containing)	142.6294211400
PWY-6387: UDP-N-acetylmuramoyl-pentapeptide biosynthesis I (meso-diaminopimelate containing)|g__Faecalibacterium.s__Faecalibacterium_prausnitzii	27.6404818546
PWY-6387: UDP-N-acetylmuramoyl-pentapeptide biosynthesis I (meso-diaminopimelate containing)|g__Eubacterium.s__Eubacterium_rectale	8.8217157055
PWY-6387: UDP-N-acetylmuramoyl-pentapeptide biosynthesis I (meso-diaminopimelate containing)|g__Blautia.s__Ruminococcus_torques	7.6108978752
PWY-6387: UDP-N-acetylmuramoyl-pentapeptide biosynthesis I (meso-diaminopimelate containing)|g__Collinsella.s__Collinsella_aerofaciens	7.1642574596
PWY-6387: UDP-N-acetylmuramoyl-pentapeptide biosynthesis I (meso-diaminopimelate containing)|g__Alistipes.s__Alistipes_putredinis	5.0327303799
PWY-6387: UDP-N-acetylmuramoyl-pentapeptide biosynthesis I (meso-diaminopimelate containing)|g__Streptococcus.s__Streptococcus_parasanguinis	4.1334820142
PWY-6387: UDP-N-acetylmuramoyl-pentapeptide biosynthesis I (meso-diaminopimelate containing)|g__Bacteroides.s__Bacteroides_plebeius	2.9667479901
PWY-6387: UDP-N-acetylmuramoyl-pentapeptide biosynthesis I (meso-diaminopimelate containing)|g__Coprococcus.s__Coprococcus_comes	1.5547246598
ARO-PWY: chorismate biosynthesis I	142.4364704449
ARO-PWY: chorismate biosynthesis I|g__Eubacterium.s__Eubacterium_rectale	8.7397502627
ARO-PWY: chorismate biosynthesis I|g__Streptococcus.s__Streptococcus_parasanguinis	5.0076661789
ARO-PWY: chorismate biosynthesis I|g__Blautia.s__Ruminococcus_torques	4.5117473233
ARO-PWY: chorismate biosynthesis I|g__Blautia.s__Ruminococcus_obeum	2.5492006324
PWY-6163: chorismate biosynthesis from 3-dehydroquinate	140.1905739393
PWY-6163: chorismate biosynthesis from 3-dehydroquinate|g__Eubacterium.s__Eubacterium_rectale	11.5851044241
PWY-6163: chorismate biosynthesis from 3-dehydroquinate|g__Streptococcus.s__Streptococcus_parasanguinis	5.0991459570
PWY-6163: chorismate biosynthesis from 3-dehydroquinate|g__Blautia.s__Ruminococcus_torques	3.8208391168
PWY-6163: chorismate biosynthesis from 3-dehydroquinate|g__Blautia.s__Ruminococcus_obeum	3.2735840454
PEPTIDOGLYCANSYN-PWY: peptidoglycan biosynthesis I (meso-diaminopimelate containing)	138.8499349013
PEPTIDOGLYCANSYN-PWY: peptidoglycan biosynthesis I (meso-diaminopimelate containing)|g__Faecalibacterium.s__Faecalibacterium_prausnitzii	25.6396893987
PEPTIDOGLYCANSYN-PWY: peptidoglycan biosynthesis I (meso-diaminopimelate containing)|g__Collinsella.s__Collinsella_aerofaciens	7.7404359675
PEPTIDOGLYCANSYN-PWY: peptidoglycan biosynthesis I (meso-diaminopimelate containing)|g__Blautia.s__Ruminococcus_torques	7.0229961476
PEPTIDOGLYCANSYN-PWY: peptidoglycan biosynthesis I (meso-diaminopimelate containing)|g__Alistipes.s__Alistipes_putredinis	4.6413975097
PEPTIDOGLYCANSYN-PWY: peptidoglycan biosynthesis I (meso-diaminopimelate containing)|g__Bacteroides.s__Bacteroides_plebeius	3.2468044222
PEPTIDOGLYCANSYN-PWY: peptidoglycan biosynthesis I (meso-diaminopimelate containing)|g__Coprococcus.s__Coprococcus_comes	1.6452560844
PWY-6121: 5-aminoimidazole ribonucleotide biosynthesis I	138.4977620184
PWY-6121: 5-aminoimidazole ribonucleotide biosynthesis I|g__Faecalibacterium.s__Faecalibacterium_prausnitzii	18.9705613501
PWY-6121: 5-aminoimidazole ribonucleotide biosynthesis I|g__Streptococcus.s__Streptococcus_salivarius	11.2680012528
PWY-6121: 5-aminoimidazole ribonucleotide biosynthesis I|g__Erysipelotrichaceae_noname.s__Eubacterium_biforme	9.0535004444
PWY-6121: 5-aminoimidazole ribonucleotide biosynthesis I|g__Collinsella.s__Collinsella_aerofaciens	8.1834668694
PWY-6121: 5-aminoimidazole ribonucleotide biosynthesis I|g__Streptococcus.s__Streptococcus_parasanguinis	6.4607731294
PWY-6121: 5-aminoimidazole ribonucleotide biosynthesis I|g__Alistipes.s__Alistipes_putredinis	3.3721366154
PWY-6121: 5-aminoimidazole ribonucleotide biosynthesis I|g__Streptococcus.s__Streptococcus_vestibularis	2.9982387880
PWY-6121: 5-aminoimidazole ribonucleotide biosynthesis I|g__Dorea.s__Dorea_longicatena	1.8959744404
PWY-6121: 5-aminoimidazole ribonucleotide biosynthesis I|g__Blautia.s__Ruminococcus_torques	1.7744968776
PWY-6121: 5-aminoimidazole ribonucleotide biosynthesis I|g__Actinomyces.s__Actinomyces_odontolyticus	1.3579175954
PWY-6121: 5-aminoimidazole ribonucleotide biosynthesis I|g__Coprococcus.s__Coprococcus_comes	1.1182479978
PWY-6121: 5-aminoimidazole ribonucleotide biosynthesis I|g__Roseburia.s__Roseburia_inulinivorans	0.9206407660
PWY-6737: starch degradation V	138.4562696365
PWY-6737: starch degradation V|g__Faecalibacterium.s__Faecalibacterium_prausnitzii	37.4249801014
PWY-6737: starch degradation V|g__Collinsella.s__Collinsella_aerofaciens	15.0789839369
PWY-6737: starch degradation V|g__Streptococcus.s__Streptococcus_parasanguinis	6.9574126449
PWY-6737: starch degradation V|g__Ruminococcus.s__Ruminococcus_bromii	6.4012665666
PWY-6737: starch degradation V|g__Blautia.s__Ruminococcus_torques	5.5537421371
PWY-6737: starch degradation V|g__Eubacterium.s__Eubacterium_rectale	5.0907005043
PWY-6737: starch degradation V|g__Dorea.s__Dorea_longicatena	5.0481501052
PWY-6737: starch degradation V|g__Catenibacterium.s__Catenibacterium_mitsuokai	3.9253082012
PWY-6737: starch degradation V|g__Blautia.s__Ruminococcus_obeum	3.6434847280
PWY-6737: starch degradation V|g__Roseburia.s__Roseburia_inulinivorans	2.6259857356
PWY-6737: starch degradation V|g__Erysipelotrichaceae_noname.s__Eubacterium_biforme	1.6972544240
PWY-6737: starch degradation V|g__Ruminococcus.s__Ruminococcus_lactaris	1.5377952633
PWY-7111: pyruvate fermentation to isobutanol (engineered)	137.3752797770
PWY-7111: pyruvate fermentation to isobutanol (engineered)|g__Faecalibacterium.s__Faecalibacterium_prausnitzii	45.6402996446
PWY-7111: pyruvate fermentation to isobutanol (engineered)|g__Eubacterium.s__Eubacterium_rectale	8.8283210567
PWY-7111: pyruvate fermentation to isobutanol (engineered)|g__Streptococcus.s__Streptococcus_salivarius	8.6285245980
PWY-7111: pyruvate fermentation to isobutanol (engineered)|g__Blautia.s__Ruminococcus_torques	6.6774136182
PWY-7111: pyruvate fermentation to isobutanol (engineered)|g__Streptococcus.s__Streptococcus_parasanguinis	5.1460901140
PWY-7111: pyruvate fermentation to isobutanol (engineered)|g__Bacteroides.s__Bacteroides_plebeius	4.8149120353
PWY-7111: pyruvate fermentation to isobutanol (engineered)|g__Dorea.s__Dorea_longicatena	3.5265113895
PWY-7111: pyruvate fermentation to isobutanol (engineered)|g__Phascolarctobacterium.s__Phascolarctobacterium_succinatutens	3.4949692465
PWY-7111: pyruvate fermentation to isobutanol (engineered)|g__Streptococcus.s__Streptococcus_vestibularis	3.0269346187
PWY-7111: pyruvate fermentation to isobutanol (engineered)|g__Coprococcus.s__Coprococcus_comes	1.9913573024
PWY-7111: pyruvate fermentation to isobutanol (engineered)|g__Ruminococcus.s__Ruminococcus_bromii	1.7938252799
PWY-7111: pyruvate fermentation to isobutanol (engineered)|g__Ruminococcus.s__Ruminococcus_lactaris	1.7925743191
PWY-7111: pyruvate fermentation to isobutanol (engineered)|g__Blautia.s__Ruminococcus_obeum	1.5019980686
PWY-7111: pyruvate fermentation to isobutanol (engineered)|g__Bacteroides.s__Bacteroides_massiliensis	1.3689326070
PWY-7111: pyruvate fermentation to isobutanol (engineered)|g__Streptococcus.s__Streptococcus_infantis	0.9798818257
PWY-7111: pyruvate fermentation to isobutanol (engineered)|g__Alloscardovia.s__Alloscardovia_omnicolens	0.8798005261
PWY-7111: pyruvate fermentation to isobutanol (engineered)|g__Escherichia.s__Escherichia_coli	0.8571021247
PWY-7111: pyruvate fermentation to isobutanol (engineered)|g__Parabacteroides.s__Parabacteroides_merdae	0.7843908047
PWY-7221: guanosine ribonucleotides de novo biosynthesis	137.3083954314
PWY-7221: guanosine ribonucleotides de novo biosynthesis|g__Prevotella.s__Prevotella_copri	37.9954547831
PWY-7221: guanosine ribonucleotides de novo biosynthesis|g__Faecalibacterium.s__Faecalibacterium_prausnitzii	20.4543537685
PWY-7221: guanosine ribonucleotides de novo biosynthesis|g__Streptococcus.s__Streptococcus_vestibularis	7.8102865560
PWY-7221: guanosine ribonucleotides de novo biosynthesis|g__Streptococcus.s__Streptococcus_salivarius	5.8875772785
PWY-7221: guanosine ribonucleotides de novo biosynthesis|g__Blautia.s__Ruminococcus_torques	4.1974722785
PWY-7221: guanosine ribonucleotides de novo biosynthesis|g__Alistipes.s__Alistipes_putredinis	3.3131779585
PWY-7221: guanosine ribonucleotides de novo biosynthesis|g__Bacteroides.s__Bacteroides_plebeius	2.8685868476
PWY-7221: guanosine ribonucleotides de novo biosynthesis|g__Eubacterium.s__Eubacterium_rectale	2.7784149771
PWY-7221: guanosine ribonucleotides de novo biosynthesis|g__Ruminococcus.s__Ruminococcus_lactaris	2.4239444554
PWY-7221: guanosine ribonucleotides de novo biosynthesis|g__Bacteroides.s__Bacteroides_massiliensis	2.3604599003
PWY-7221: guanosine ribonucleotides de novo biosynthesis|g__Alistipes.s__Alistipes_onderdonkii	0.9899284610
PWY-7221: guanosine ribonucleotides de novo biosynthesis|g__Blautia.s__Ruminococcus_obeum	0.8503401361
PWY-6122: 5-aminoimidazole ribonucleotide biosynthesis II	134.2627218827
PWY-6122: 5-aminoimidazole ribonucleotide biosynthesis II|g__Faecalibacterium.s__Faecalibacterium_prausnitzii	16.5031543129
PWY-6122: 5-aminoimidazole ribonucleotide biosynthesis II|g__Collinsella.s__Collinsella_aerofaciens	14.6952239061
PWY-6122: 5-aminoimidazole ribonucleotide biosynthesis II|g__Streptococcus.s__Streptococcus_salivarius	13.0229493215
PWY-6122: 5-aminoimidazole ribonucleotide biosynthesis II|g__Erysipelotrichaceae_noname.s__Eubacterium_biforme	8.1870950366
PWY-6122: 5-aminoimidazole ribonucleotide biosynthesis II|g__Streptococcus.s__Streptococcus_parasanguinis	5.5079656235
PWY-6122: 5-aminoimidazole ribonucleotide biosynthesis II|g__Streptococcus.s__Streptococcus_vestibularis	4.2364038501
PWY-6122: 5-aminoimidazole ribonucleotide biosynthesis II|g__Alistipes.s__Alistipes_putredinis	3.2554833636
PWY-6122: 5-aminoimidazole ribonucleotide biosynthesis II|g__Actinomyces.s__Actinomyces_odontolyticus	2.3434940585
PWY-6122: 5-aminoimidazole ribonucleotide biosynthesis II|g__Dorea.s__Dorea_longicatena	1.6306860890
PWY-6122: 5-aminoimidazole ribonucleotide biosynthesis II|g__Blautia.s__Ruminococcus_torques	1.4683950754
PWY-6122: 5-aminoimidazole ribonucleotide biosynthesis II|g__Alistipes.s__Alistipes_onderdonkii	1.2912361738
PWY-6122: 5-aminoimidazole ribonucleotide biosynthesis II|g__Coprococcus.s__Coprococcus_comes	1.0255673734
PWY-6122: 5-aminoimidazole ribonucleotide biosynthesis II|g__Roseburia.s__Roseburia_inulinivorans	0.8179959100
PWY-6277: superpathway of 5-aminoimidazole ribonucleotide biosynthesis	134.2627218827
PWY-6277: superpathway of 5-aminoimidazole ribonucleotide biosynthesis|g__Faecalibacterium.s__Faecalibacterium_prausnitzii	16.5031543129
PWY-6277: superpathway of 5-aminoimidazole ribonucleotide biosynthesis|g__Collinsella.s__Collinsella_aerofaciens	14.6952239061
PWY-6277: superpathway of 5-aminoimidazole ribonucleotide biosynthesis|g__Streptococcus.s__Streptococcus_salivarius	13.0229493215
PWY-6277: superpathway of 5-aminoimidazole ribonucleotide biosynthesis|g__Erysipelotrichaceae_noname.s__Eubacterium_biforme	8.1870950366
PWY-6277: superpathway of 5-aminoimidazole ribonucleotide biosynthesis|g__Streptococcus.s__Streptococcus_parasanguinis	5.5079656235
PWY-6277: superpathway of 5-aminoimidazole ribonucleotide biosynthesis|g__Streptococcus.s__Streptococcus_vestibularis	4.2364038501
PWY-6277: superpathway of 5-aminoimidazole ribonucleotide biosynthesis|g__Alistipes.s__Alistipes_putredinis	3.2554833636
PWY-6277: superpathway of 5-aminoimidazole ribonucleotide biosynthesis|g__Actinomyces.s__Actinomyces_odontolyticus	2.3434940585
PWY-6277: superpathway of 5-aminoimidazole ribonucleotide biosynthesis|g__Dorea.s__Dorea_longicatena	1.6306860890
PWY-6277: superpathway of 5-aminoimidazole ribonucleotide biosynthesis|g__Blautia.s__Ruminococcus_torques	1.4683950754
PWY-6277: superpathway of 5-aminoimidazole ribonucleotide biosynthesis|g__Alistipes.s__Alistipes_onderdonkii	1.2912361738
PWY-6277: superpathway of 5-aminoimidazole ribonucleotide biosynthesis|g__Coprococcus.s__Coprococcus_comes	1.0255673734
PWY-6277: superpathway of 5-aminoimidazole ribonucleotide biosynthesis|g__Roseburia.s__Roseburia_inulinivorans	0.8179959100
COMPLETE-ARO-PWY: superpathway of aromatic amino acid biosynthesis	129.0678718951
COMPLETE-ARO-PWY: superpathway of aromatic amino acid biosynthesis|g__Eubacterium.s__Eubacterium_rectale	9.3573219519
COMPLETE-ARO-PWY: superpathway of aromatic amino acid biosynthesis|g__Streptococcus.s__Streptococcus_parasanguinis	5.4318199890
COMPLETE-ARO-PWY: superpathway of aromatic amino acid biosynthesis|g__Blautia.s__Ruminococcus_torques	4.6201588876
COMPLETE-ARO-PWY: superpathway of aromatic amino acid biosynthesis|g__Blautia.s__Ruminococcus_obeum	2.5982809214
ILEUSYN-PWY: L-isoleucine biosynthesis I (from threonine)	126.3582787142
ILEUSYN-PWY: L-isoleucine biosynthesis I (from threonine)|g__Faecalibacterium.s__Faecalibacterium_prausnitzii	48.1156268570
ILEUSYN-PWY: L-isoleucine biosynthesis I (from threonine)|g__Streptococcus.s__Streptococcus_parasanguinis	4.6536945197
ILEUSYN-PWY: L-isoleucine biosynthesis I (from threonine)|g__Blautia.s__Ruminococcus_obeum	2.9022974168
VALSYN-PWY: L-valine biosynthesis	126.3582787142
VALSYN-PWY: L-valine biosynthesis|g__Faecalibacterium.s__Faecalibacterium_prausnitzii	48.1156268570
VALSYN-PWY: L-valine biosynthesis|g__Streptococcus.s__Streptococcus_salivarius	11.3337936362
VALSYN-PWY: L-valine biosynthesis|g__Eubacterium.s__Eubacterium_rectale	8.8283210567
VALSYN-PWY: L-valine biosynthesis|g__Blautia.s__Ruminococcus_torques	4.9228703394
VALSYN-PWY: L-valine biosynthesis|g__Bacteroides.s__Bacteroides_plebeius	4.8149120353
VALSYN-PWY: L-valine biosynthesis|g__Streptococcus.s__Streptococcus_parasanguinis	4.6536945197
VALSYN-PWY: L-valine biosynthesis|g__Dorea.s__Dorea_longicatena	3.5265113895
VALSYN-PWY: L-valine biosynthesis|g__Streptococcus.s__Streptococcus_vestibularis	3.2061902193
VALSYN-PWY: L-valine biosynthesis|g__Blautia.s__Ruminococcus_obeum	2.9022974168
VALSYN-PWY: L-valine biosynthesis|g__Phascolarctobacterium.s__Phascolarctobacterium_succinatutens	1.8671975379
VALSYN-PWY: L-valine biosynthesis|g__Ruminococcus.s__Ruminococcus_bromii	1.7938252799
VALSYN-PWY: L-valine biosynthesis|g__Roseburia.s__Roseburia_inulinivorans	1.4250703540
VALSYN-PWY: L-valine biosynthesis|g__Coprococcus.s__Coprococcus_comes	1.4233037031
VALSYN-PWY: L-valine biosynthesis|g__Bacteroides.s__Bacteroides_massiliensis	1.3689326070
VALSYN-PWY: L-valine biosynthesis|g__Streptococcus.s__Streptococcus_infantis	0.9798818257
VALSYN-PWY: L-valine biosynthesis|g__Alloscardovia.s__Alloscardovia_omnicolens	0.8798005261
VALSYN-PWY: L-valine biosynthesis|g__Parabacteroides.s__Parabacteroides_merdae	0.7843908047
PWY-5097: L-lysine biosynthesis VI	118.8804887817
PWY-5097: L-lysine biosynthesis VI|g__Prevotella.s__Prevotella_copri	29.8904629444
PWY-5097: L-lysine biosynthesis VI|g__Faecalibacterium.s__Faecalibacterium_prausnitzii	16.5464701090
PWY-5097: L-lysine biosynthesis VI|g__Eubacterium.s__Eubacterium_rectale	6.7223215140
PWY-5097: L-lysine biosynthesis VI|g__Blautia.s__Ruminococcus_torques	3.4341561552
PWY-5097: L-lysine biosynthesis VI|g__Bacteroides.s__Bacteroides_plebeius	2.5269155484
PWY-5097: L-lysine biosynthesis VI|g__Blautia.s__Ruminococcus_obeum	1.5816039666
PWY-5097: L-lysine biosynthesis VI|g__Bacteroides.s__Bacteroides_massiliensis	1.1308219268
COA-PWY-1: coenzyme A biosynthesis II (mammalian)	114.9677049120
COA-PWY-1: coenzyme A biosynthesis II (mammalian)|g__Faecalibacterium.s__Faecalibacterium_prausnitzii	24.0820516415
COA-PWY-1: coenzyme A biosynthesis II (mammalian)|g__Eubacterium.s__Eubacterium_rectale	7.6350242870
COA-PWY-1: coenzyme A biosynthesis II (mammalian)|g__Collinsella.s__Collinsella_aerofaciens	6.7138860619
COA-PWY-1: coenzyme A biosynthesis II (mammalian)|g__Blautia.s__Ruminococcus_torques	4.2093570384
COA-PWY-1: coenzyme A biosynthesis II (mammalian)|g__Streptococcus.s__Streptococcus_parasanguinis	4.0954632968
COA-PWY-1: coenzyme A biosynthesis II (mammalian)|g__Dorea.s__Dorea_longicatena	2.4030995752
COA-PWY-1: coenzyme A biosynthesis II (mammalian)|g__Alistipes.s__Alistipes_putredinis	2.0002499641
COA-PWY-1: coenzyme A biosynthesis II (mammalian)|g__Eubacterium.s__Eubacterium_ventriosum	1.7582417582
COA-PWY-1: coenzyme A biosynthesis II (mammalian)|g__Blautia.s__Ruminococcus_obeum	1.7145306472
BRANCHED-CHAIN-AA-SYN-PWY: superpathway of branched amino acid biosynthesis	107.7629376049
BRANCHED-CHAIN-AA-SYN-PWY: superpathway of branched amino acid biosynthesis|g__Faecalibacterium.s__Faecalibacterium_prausnitzii	45.4371172242
BRANCHED-CHAIN-AA-SYN-PWY: superpathway of branched amino acid biosynthesis|g__Streptococcus.s__Streptococcus_parasanguinis	3.9747112397
BRANCHED-CHAIN-AA-SYN-PWY: superpathway of branched amino acid biosynthesis|g__Blautia.s__Ruminococcus_obeum	1.9566063386
PWY-5103: L-isoleucine biosynthesis III	105.8246777645
PWY-5103: L-isoleucine biosynthesis III|g__Faecalibacterium.s__Faecalibacterium_prausnitzii	44.9764115634
PWY-5103: L-isoleucine biosynthesis III|g__Streptococcus.s__Streptococcus_parasanguinis	3.3963450417
PWY-5103: L-isoleucine biosynthesis III|g__Blautia.s__Ruminococcus_obeum	1.7158526530
NONMEVIPP-PWY: methylerythritol phosphate pathway I	99.9960451767
NONMEVIPP-PWY: methylerythritol phosphate pathway I|g__Eubacterium.s__Eubacterium_rectale	6.2704370611
NONMEVIPP-PWY: methylerythritol phosphate pathway I|g__Alistipes.s__Alistipes_putredinis	5.0804700120
NONMEVIPP-PWY: methylerythritol phosphate pathway I|g__Dorea.s__Dorea_longicatena	2.1641950804
NONMEVIPP-PWY: methylerythritol phosphate pathway I|g__Blautia.s__Ruminococcus_obeum	1.8456547118
PWY0-1296: purine ribonucleosides degradation	97.1281903329
PWY0-1296: purine ribonucleosides degradation|g__Faecalibacterium.s__Faecalibacterium_prausnitzii	22.6050783199
PWY0-1296: purine ribonucleosides degradation|g__Streptococcus.s__Streptococcus_salivarius	15.2645276599
PWY0-1296: purine ribonucleosides degradation|g__Eubacterium.s__Eubacterium_rectale	11.6583148784
PWY0-1296: purine ribonucleosides degradation|g__Blautia.s__Ruminococcus_torques	8.7466258787
PWY0-1296: purine ribonucleosides degradation|g__Streptococcus.s__Streptococcus_parasanguinis	7.8302514220
PWY0-1296: purine ribonucleosides degradation|g__Erysipelotrichaceae_noname.s__Eubacterium_biforme	1.9999605660
PWY0-1296: purine ribonucleosides degradation|g__Streptococcus.s__Streptococcus_vestibularis	1.8158829263
PWY0-1296: purine ribonucleosides degradation|g__Catenibacterium.s__Catenibacterium_mitsuokai	1.6084610379
PWY0-1296: purine ribonucleosides degradation|g__Roseburia.s__Roseburia_inulinivorans	1.5609555224
PWY0-1296: purine ribonucleosides degradation|g__Dorea.s__Dorea_longicatena	1.4627521346
PWY0-1296: purine ribonucleosides degradation|g__Streptococcus.s__Streptococcus_infantis	1.1690046760
PWY-6151: S-adenosyl-L-methionine cycle I	94.3331114318
PWY-6151: S-adenosyl-L-methionine cycle I|g__Prevotella.s__Prevotella_copri	20.6585797797
PWY-6151: S-adenosyl-L-methionine cycle I|g__Faecalibacterium.s__Faecalibacterium_prausnitzii	16.2984148570
PWY-6151: S-adenosyl-L-methionine cycle I|g__Streptococcus.s__Streptococcus_salivarius	9.7649557531
PWY-6151: S-adenosyl-L-methionine cycle I|g__Dorea.s__Dorea_longicatena	5.6074218438
PWY-6151: S-adenosyl-L-methionine cycle I|g__Streptococcus.s__Streptococcus_parasanguinis	5.3943477617
PWY-6151: S-adenosyl-L-methionine cycle I|g__Erysipelotrichaceae_noname.s__Eubacterium_biforme	5.1860721796
PWY-6151: S-adenosyl-L-methionine cycle I|g__Collinsella.s__Collinsella_aerofaciens	3.8567385839
PWY-6151: S-adenosyl-L-methionine cycle I|g__Blautia.s__Ruminococcus_torques	3.1351153758
PWY-6151: S-adenosyl-L-methionine cycle I|g__Streptococcus.s__Streptococcus_vestibularis	2.8161656641
PWY-6151: S-adenosyl-L-methionine cycle I|g__Eubacterium.s__Eubacterium_rectale	2.6660811419
PWY-6151: S-adenosyl-L-methionine cycle I|g__Ruminococcus.s__Ruminococcus_lactaris	2.1335710266
PWY-7400: L-arginine biosynthesis IV (archaebacteria)	92.0005066897
PWY-7400: L-arginine biosynthesis IV (archaebacteria)|g__Blautia.s__Ruminococcus_torques	5.7749211360
PWY-3001: superpathway of L-isoleucine biosynthesis I	91.1857649708
PWY-3001: superpathway of L-isoleucine biosynthesis I|g__Faecalibacterium.s__Faecalibacterium_prausnitzii	29.5184977168
PWY-724: superpathway of L-lysine, L-threonine and L-methionine biosynthesis II	90.7967168998
PWY-724: superpathway of L-lysine, L-threonine and L-methionine biosynthesis II|g__Faecalibacterium.s__Faecalibacterium_prausnitzii	18.0702359281
PWY-724: superpathway of L-lysine, L-threonine and L-methionine biosynthesis II|g__Blautia.s__Ruminococcus_torques	1.9726202965
ARGSYN-PWY: L-arginine biosynthesis I (via L-ornithine)	90.0872182672
ARGSYN-PWY: L-arginine biosynthesis I (via L-ornithine)|g__Blautia.s__Ruminococcus_torques	5.7344547610
PWY-2942: L-lysine biosynthesis III	87.9051787989
PWY-2942: L-lysine biosynthesis III|g__Prevotella.s__Prevotella_copri	29.9338410618
PWY-2942: L-lysine biosynthesis III|g__Blautia.s__Ruminococcus_torques	4.3194224424
PWY-2942: L-lysine biosynthesis III|g__Bacteroides.s__Bacteroides_plebeius	2.7708126472
PWY-2942: L-lysine biosynthesis III|g__Blautia.s__Ruminococcus_obeum	1.4825463473
PWY-2942: L-lysine biosynthesis III|g__Bacteroides.s__Bacteroides_massiliensis	0.9932130442
PWY-6123: inosine-5'-phosphate biosynthesis I	86.7026487856
PWY-6123: inosine-5'-phosphate biosynthesis I|g__Faecalibacterium.s__Faecalibacterium_prausnitzii	28.0113464640
PWY-6123: inosine-5'-phosphate biosynthesis I|g__Streptococcus.s__Streptococcus_salivarius	9.6035354541
PWY-6123: inosine-5'-phosphate biosynthesis I|g__Streptococcus.s__Streptococcus_parasanguinis	1.7064380301
PWY-6123: inosine-5'-phosphate biosynthesis I|g__Streptococcus.s__Streptococcus_infantis	1.0660879896
PWY-5667: CDP-diacylglycerol biosynthesis I	83.6941311891
PWY-5667: CDP-diacylglycerol biosynthesis I|g__Faecalibacterium.s__Faecalibacterium_prausnitzii	27.0316279016
PWY-5667: CDP-diacylglycerol biosynthesis I|g__Eubacterium.s__Eubacterium_rectale	5.9605916400
PWY-5667: CDP-diacylglycerol biosynthesis I|g__Blautia.s__Ruminococcus_torques	3.6237526464
PWY-5667: CDP-diacylglycerol biosynthesis I|g__Dorea.s__Dorea_longicatena	1.8201247073
PWY-5667: CDP-diacylglycerol biosynthesis I|g__Roseburia.s__Roseburia_inulinivorans	1.6277781487
PWY0-1319: CDP-diacylglycerol biosynthesis II	83.6941311891
PWY0-1319: CDP-diacylglycerol biosynthesis II|g__Faecalibacterium.s__Faecalibacterium_prausnitzii	27.0316279016
PWY0-1319: CDP-diacylglycerol biosynthesis II|g__Eubacterium.s__Eubacterium_rectale	5.9605916400
PWY0-1319: CDP-diacylglycerol biosynthesis II|g__Blautia.s__Ruminococcus_torques	3.6237526464
PWY0-1319: CDP-diacylglycerol biosynthesis II|g__Dorea.s__Dorea_longicatena	1.8201247073
PWY0-1319: CDP-diacylglycerol biosynthesis II|g__Roseburia.s__Roseburia_inulinivorans	1.6277781487
PWY-6317: galactose degradation I (Leloir pathway)	82.7797152804
PWY-6317: galactose degradation I (Leloir pathway)|g__Faecalibacterium.s__Faecalibacterium_prausnitzii	27.2835552695
PWY-6317: galactose degradation I (Leloir pathway)|g__Ruminococcus.s__Ruminococcus_bromii	11.0294470400
PWY-6317: galactose degradation I (Leloir pathway)|g__Blautia.s__Ruminococcus_obeum	3.4801742470
PWY-6317: galactose degradation I (Leloir pathway)|g__Blautia.s__Ruminococcus_torques	2.1416052979
PWY66-422: D-galactose degradation V (Leloir pathway)	82.7797152804
PWY66-422: D-galactose degradation V (Leloir pathway)|g__Faecalibacterium.s__Faecalibacterium_prausnitzii	27.2835552695
PWY66-422: D-galactose degradation V (Leloir pathway)|g__Ruminococcus.s__Ruminococcus_bromii	11.0294470400
PWY66-422: D-galactose degradation V (Leloir pathway)|g__Eubacterium.s__Eubacterium_rectale	4.2633193452
PWY66-422: D-galactose degradation V (Leloir pathway)|g__Blautia.s__Ruminococcus_obeum	3.4801742470
PWY66-422: D-galactose degradation V (Leloir pathway)|g__Blautia.s__Ruminococcus_torques	2.1416052979
PWY66-422: D-galactose degradation V (Leloir pathway)|g__Erysipelotrichaceae_noname.s__Eubacterium_biforme	1.6922794417
PWY-1042: glycolysis IV (plant cytosol)	80.8843093845
PWY-1042: glycolysis IV (plant cytosol)|g__Faecalibacterium.s__Faecalibacterium_prausnitzii	34.9164405004
PWY-1042: glycolysis IV (plant cytosol)|g__Blautia.s__Ruminococcus_torques	4.7976726217
THRESYN-PWY: superpathway of L-threonine biosynthesis	79.9778623816
THRESYN-PWY: superpathway of L-threonine biosynthesis|g__Faecalibacterium.s__Faecalibacterium_prausnitzii	23.6795523289
THRESYN-PWY: superpathway of L-threonine biosynthesis|g__Erysipelotrichaceae_noname.s__Eubacterium_biforme	3.4319923332
THRESYN-PWY: superpathway of L-threonine biosynthesis|g__Blautia.s__Ruminococcus_torques	1.5078227694
PWY-6385: peptidoglycan biosynthesis III (mycobacteria)	77.9583313889
PWY-6385: peptidoglycan biosynthesis III (mycobacteria)|g__Faecalibacterium.s__Faecalibacterium_prausnitzii	25.6396893987
PWY-6385: peptidoglycan biosynthesis III (mycobacteria)|g__Blautia.s__Ruminococcus_torques	6.1524216464
PWY-6124: inosine-5'-phosphate biosynthesis II	77.2109505384
PWY-6124: inosine-5'-phosphate biosynthesis II|g__Faecalibacterium.s__Faecalibacterium_prausnitzii	27.6147467778
PWY-6124: inosine-5'-phosphate biosynthesis II|g__Streptococcus.s__Streptococcus_salivarius	8.6517187493
PWY-6124: inosine-5'-phosphate biosynthesis II|g__Streptococcus.s__Streptococcus_parasanguinis	1.0515526662
PWY-6124: inosine-5'-phosphate biosynthesis II|g__Streptococcus.s__Streptococcus_infantis	0.9626393370
PWY-3841: folate transformations II	76.9392475620
PWY-3841: folate transformations II|g__Streptococcus.s__Streptococcus_salivarius	12.4028689630
PWY-3841: folate transformations II|g__Streptococcus.s__Streptococcus_parasanguinis	4.5839909097
PWY-3841: folate transformations II|g__Streptococcus.s__Streptococcus_vestibularis	4.3356287529
PWY-3841: folate transformations II|g__Bacteroides.s__Bacteroides_massiliensis	3.0133245649
PWY-5973: cis-vaccenate biosynthesis	76.8788381517
PWY-5973: cis-vaccenate biosynthesis|g__Eubacterium.s__Eubacterium_rectale	7.7658963860
ARGSYNBSUB-PWY: L-arginine biosynthesis II (acetyl cycle)	72.1829634715
ARGSYNBSUB-PWY: L-arginine biosynthesis II (acetyl cycle)|g__Blautia.s__Ruminococcus_torques	4.8522561213
PWY-6270: isoprene biosynthesis I	71.1115067975
PWY-7357: thiamin formation from pyrithiamine and oxythiamine (yeast)	70.8531065988
PWY-7357: thiamin formation from pyrithiamine and oxythiamine (yeast)|g__Faecalibacterium.s__Faecalibacterium_prausnitzii	16.2643049880
PWY-7357: thiamin formation from pyrithiamine and oxythiamine (yeast)|g__Erysipelotrichaceae_noname.s__Eubacterium_biforme	4.7416949325
PWY-7357: thiamin formation from pyrithiamine and oxythiamine (yeast)|g__Blautia.s__Ruminococcus_obeum	1.8758980607
CALVIN-PWY: Calvin-Benson-Bassham cycle	70.7301752649
CALVIN-PWY: Calvin-Benson-Bassham cycle|g__Faecalibacterium.s__Faecalibacterium_prausnitzii	2.8681244657
CALVIN-PWY: Calvin-Benson-Bassham cycle|g__Blautia.s__Ruminococcus_torques	1.7246212580
NONOXIPENT-PWY: pentose phosphate pathway (non-oxidative branch)	70.3058479936
NONOXIPENT-PWY: pentose phosphate pathway (non-oxidative branch)|g__Faecalibacterium.s__Faecalibacterium_prausnitzii	24.7434533433
NONOXIPENT-PWY: pentose phosphate pathway (non-oxidative branch)|g__Blautia.s__Ruminococcus_obeum	4.6685447055
NONOXIPENT-PWY: pentose phosphate pathway (non-oxidative branch)|g__Blautia.s__Ruminococcus_torques	4.1930974188
NONOXIPENT-PWY: pentose phosphate pathway (non-oxidative branch)|g__Ruminococcus.s__Ruminococcus_bromii	3.2827874406
ANAGLYCOLYSIS-PWY: glycolysis III (from glucose)	69.0337920581
PWY-7663: gondoate biosynthesis (anaerobic)	67.7053477152
PWY-7663: gondoate biosynthesis (anaerobic)|g__Escherichia.s__Escherichia_coli	1.0902153175
PWY-6700: queuosine biosynthesis	67.5705137374
PWY-6700: queuosine biosynthesis|g__Prevotella.s__Prevotella_copri	37.1916802729
PWY-6700: queuosine biosynthesis|g__Bacteroides.s__Bacteroides_uniformis	1.4562676281
PWY-7560: methylerythritol phosphate pathway II	66.5053743209
PWY-6936: seleno-amino acid biosynthesis	63.5692624107
PWY-6936: seleno-amino acid biosynthesis|g__Erysipelotrichaceae_noname.s__Eubacterium_biforme	8.0600428550
PWY-6936: seleno-amino acid biosynthesis|g__Streptococcus.s__Streptococcus_infantis	0.6990562740
PWY-2941: L-lysine biosynthesis II	63.2002310884
1CMET2-PWY: N10-formyl-tetrahydrofolate biosynthesis	62.9754008310
1CMET2-PWY: N10-formyl-tetrahydrofolate biosynthesis|g__Streptococcus.s__Streptococcus_parasanguinis	3.2962870319
PWY-5100: pyruvate fermentation to acetate and lactate II	62.7637450657
PWY-5100: pyruvate fermentation to acetate and lactate II|g__Erysipelotrichaceae_noname.s__Eubacterium_biforme	4.9476683286
PWY-5100: pyruvate fermentation to acetate and lactate II|g__Blautia.s__Ruminococcus_torques	3.1756216966
PWY-621: sucrose degradation III (sucrose invertase)	62.6019974039
PWY-621: sucrose degradation III (sucrose invertase)|g__Faecalibacterium.s__Faecalibacterium_prausnitzii	29.9015454987
PWY-621: sucrose degradation III (sucrose invertase)|g__Blautia.s__Ruminococcus_torques	10.1782345420
PWY-621: sucrose degradation III (sucrose invertase)|g__Streptococcus.s__Streptococcus_parasanguinis	5.0693616554
PWY-621: sucrose degradation III (sucrose invertase)|g__Eubacterium.s__Eubacterium_rectale	2.0409488811
PWY-621: sucrose degradation III (sucrose invertase)|g__Blautia.s__Ruminococcus_obeum	1.3231659978
PWY-621: sucrose degradation III (sucrose invertase)|g__Escherichia.s__Escherichia_coli	0.9505703422
PWY-6609: adenine and adenosine salvage III	61.3468051573
PWY-6609: adenine and adenosine salvage III|g__Faecalibacterium.s__Faecalibacterium_prausnitzii	16.6283717874
PWY-6609: adenine and adenosine salvage III|g__Streptococcus.s__Streptococcus_salivarius	13.1822410579
PWY-6609: adenine and adenosine salvage III|g__Blautia.s__Ruminococcus_torques	7.7270877591
PWY-6609: adenine and adenosine salvage III|g__Streptococcus.s__Streptococcus_parasanguinis	6.2712128208
PWY-6609: adenine and adenosine salvage III|g__Streptococcus.s__Streptococcus_vestibularis	3.8634573887
PWY-6609: adenine and adenosine salvage III|g__Erysipelotrichaceae_noname.s__Eubacterium_biforme	1.9654984575
MET-SAM-PWY: superpathway of S-adenosyl-L-methionine biosynthesis	61.0157006065
SER-GLYSYN-PWY: superpathway of L-serine and glycine biosynthesis I	60.3034054274
SER-GLYSYN-PWY: superpathway of L-serine and glycine biosynthesis I|g__Faecalibacterium.s__Faecalibacterium_prausnitzii	22.7427482068
SER-GLYSYN-PWY: superpathway of L-serine and glycine biosynthesis I|g__Blautia.s__Ruminococcus_torques	2.3583959954
SER-GLYSYN-PWY: superpathway of L-serine and glycine biosynthesis I|g__Phascolarctobacterium.s__Phascolarctobacterium_succinatutens	1.3969418271
METSYN-PWY: L-homoserine and L-methionine biosynthesis	60.1952727277
PWY-5347: superpathway of L-methionine biosynthesis (transsulfuration)	59.3961054492
GLUTORN-PWY: L-ornithine biosynthesis	56.2417385283
GLUTORN-PWY: L-ornithine biosynthesis|g__Blautia.s__Ruminococcus_torques	6.5337982178
PWY-6897: thiamin salvage II	55.8016393608
DTDPRHAMSYN-PWY: dTDP-L-rhamnose biosynthesis I	55.3410331726
DTDPRHAMSYN-PWY: dTDP-L-rhamnose biosynthesis I|g__Faecalibacterium.s__Faecalibacterium_prausnitzii	28.8655575051
DTDPRHAMSYN-PWY: dTDP-L-rhamnose biosynthesis I|g__Eubacterium.s__Eubacterium_rectale	5.9050441034
DTDPRHAMSYN-PWY: dTDP-L-rhamnose biosynthesis I|g__Blautia.s__Ruminococcus_obeum	3.3676715927
DTDPRHAMSYN-PWY: dTDP-L-rhamnose biosynthesis I|g__Erysipelotrichaceae_noname.s__Eubacterium_biforme	1.8251895757
DTDPRHAMSYN-PWY: dTDP-L-rhamnose biosynthesis I|g__Coprococcus.s__Coprococcus_catus	1.2066365008
PWY0-1297: superpathway of purine deoxyribonucleosides degradation	54.2167563147
PWY0-1297: superpathway of purine deoxyribonucleosides degradation|g__Streptococcus.s__Streptococcus_salivarius	15.1641208906
PWY0-1297: superpathway of purine deoxyribonucleosides degradation|g__Streptococcus.s__Streptococcus_parasanguinis	6.5734643713
PWY0-1297: superpathway of purine deoxyribonucleosides degradation|g__Blautia.s__Ruminococcus_torques	2.4446771777
PWY0-1297: superpathway of purine deoxyribonucleosides degradation|g__Streptococcus.s__Streptococcus_vestibularis	1.5760304476
COA-PWY: coenzyme A biosynthesis I	53.1417048407
COA-PWY: coenzyme A biosynthesis I|g__Faecalibacterium.s__Faecalibacterium_prausnitzii	20.2278710204
COA-PWY: coenzyme A biosynthesis I|g__Blautia.s__Ruminococcus_torques	4.7963434611
COA-PWY: coenzyme A biosynthesis I|g__Streptococcus.s__Streptococcus_parasanguinis	4.0954632968
PANTO-PWY: phosphopantothenate biosynthesis I	52.4239046035
PANTO-PWY: phosphopantothenate biosynthesis I|g__Eubacterium.s__Eubacterium_rectale	7.5642233837
PANTO-PWY: phosphopantothenate biosynthesis I|g__Blautia.s__Ruminococcus_torques	4.2550004903
PANTO-PWY: phosphopantothenate biosynthesis I|g__Bacteroides.s__Bacteroides_uniformis	3.1530320983
PANTO-PWY: phosphopantothenate biosynthesis I|g__Dorea.s__Dorea_longicatena	3.0851434930
PANTO-PWY: phosphopantothenate biosynthesis I|g__Bacteroides.s__Bacteroides_plebeius	2.9612154717
PANTO-PWY: phosphopantothenate biosynthesis I|g__Ruminococcus.s__Ruminococcus_lactaris	2.6415281792
PANTO-PWY: phosphopantothenate biosynthesis I|g__Alistipes.s__Alistipes_putredinis	1.7443610371
PANTO-PWY: phosphopantothenate biosynthesis I|g__Eubacterium.s__Eubacterium_ventriosum	1.5443835447
THISYNARA-PWY: superpathway of thiamin diphosphate biosynthesis III (eukaryotes)	51.1086746879
THISYNARA-PWY: superpathway of thiamin diphosphate biosynthesis III (eukaryotes)|g__Faecalibacterium.s__Faecalibacterium_prausnitzii	16.7431144983
ANAEROFRUCAT-PWY: homolactic fermentation	50.6239954154
PANTOSYN-PWY: pantothenate and coenzyme A biosynthesis I	49.9213488800
PANTOSYN-PWY: pantothenate and coenzyme A biosynthesis I|g__Blautia.s__Ruminococcus_torques	3.1369797944
HISTSYN-PWY: L-histidine biosynthesis	48.5573514104
HISTSYN-PWY: L-histidine biosynthesis|g__Streptococcus.s__Streptococcus_salivarius	12.3376418898
TRPSYN-PWY: L-tryptophan biosynthesis	48.3702722237
TRPSYN-PWY: L-tryptophan biosynthesis|g__Streptococcus.s__Streptococcus_parasanguinis	7.8681435848
TRPSYN-PWY: L-tryptophan biosynthesis|g__Phascolarctobacterium.s__Phascolarctobacterium_succinatutens	1.1510679825
ASPASN-PWY: superpathway of L-aspartate and L-asparagine biosynthesis	47.4665145830
ASPASN-PWY: superpathway of L-aspartate and L-asparagine biosynthesis|g__Faecalibacterium.s__Faecalibacterium_prausnitzii	16.8750193612
GLCMANNANAUT-PWY: superpathway of N-acetylglucosamine, N-acetylmannosamine and N-acetylneuraminate degradation	46.2095958454
GLCMANNANAUT-PWY: superpathway of N-acetylglucosamine, N-acetylmannosamine and N-acetylneuraminate degradation|g__Faecalibacterium.s__Faecalibacterium_prausnitzii	19.0399164462
GLCMANNANAUT-PWY: superpathway of N-acetylglucosamine, N-acetylmannosamine and N-acetylneuraminate degradation|g__Blautia.s__Ruminococcus_torques	1.8320197463
PWY-4242: pantothenate and coenzyme A biosynthesis III	43.5149463907
PWY-4242: pantothenate and coenzyme A biosynthesis III|g__Faecalibacterium.s__Faecalibacterium_prausnitzii	21.5682095670
PWY-5695: urate biosynthesis/inosine 5'-phosphate degradation	41.9837850227
PWY-5695: urate biosynthesis/inosine 5'-phosphate degradation|g__Faecalibacterium.s__Faecalibacterium_prausnitzii	13.7670612329
PWY-5695: urate biosynthesis/inosine 5'-phosphate degradation|g__Blautia.s__Ruminococcus_torques	5.4665959051
PWY-5695: urate biosynthesis/inosine 5'-phosphate degradation|g__Streptococcus.s__Streptococcus_infantis	0.6564910553
HOMOSER-METSYN-PWY: L-methionine biosynthesis I	40.8950800869
PWY66-400: glycolysis VI (metazoan)	40.8256456716
HSERMETANA-PWY: L-methionine biosynthesis III	40.6538515247
COBALSYN-PWY: adenosylcobalamin salvage from cobinamide I	40.6437062453
COBALSYN-PWY: adenosylcobalamin salvage from cobinamide I|g__Faecalibacterium.s__Faecalibacterium_prausnitzii	16.3257289051
COBALSYN-PWY: adenosylcobalamin salvage from cobinamide I|g__Eubacterium.s__Eubacterium_rectale	6.8683179306
GLYCOLYSIS: glycolysis I (from glucose 6-phosphate)	40.6303547836
PWY-7117: C4 photosynthetic carbon assimilation cycle, PEPCK type	40.2324941803
GALACTUROCAT-PWY: D-galacturonate degradation I	38.2549559497
GALACTUROCAT-PWY: D-galacturonate degradation I|g__Faecalibacterium.s__Faecalibacterium_prausnitzii	34.1565758988
PWY-5484: glycolysis II (from fructose 6-phosphate)	37.3451376613
PWY-6507: 4-deoxy-L-threo-hex-4-enopyranuronate degradation	36.1772132627
PWY-6507: 4-deoxy-L-threo-hex-4-enopyranuronate degradation|g__Faecalibacterium.s__Faecalibacterium_prausnitzii	32.9263477239
GALACT-GLUCUROCAT-PWY: superpathway of hexuronide and hexuronate degradation	35.6651906061
GALACT-GLUCUROCAT-PWY: superpathway of hexuronide and hexuronate degradation|g__Faecalibacterium.s__Faecalibacterium_prausnitzii	29.5907935330
PWY-6147: 6-hydroxymethyl-dihydropterin diphosphate biosynthesis I	35.1877074813
PWY-6147: 6-hydroxymethyl-dihydropterin diphosphate biosynthesis I|g__Collinsella.s__Collinsella_aerofaciens	4.3828651962
PWY-7242: D-fructuronate degradation	35.1451009753
PWY-7242: D-fructuronate degradation|g__Faecalibacterium.s__Faecalibacterium_prausnitzii	28.6206595264
GLUCUROCAT-PWY: superpathway of &beta;-D-glucuronide and D-glucuronate degradation	33.9537630112
GLUCUROCAT-PWY: superpathway of &beta;-D-glucuronide and D-glucuronate degradation|g__Faecalibacterium.s__Faecalibacterium_prausnitzii	28.1915165273
PWY-6527: stachyose degradation	33.8595929603
PWY-6527: stachyose degradation|g__Faecalibacterium.s__Faecalibacterium_prausnitzii	12.0971319197
GLYCOGENSYNTH-PWY: glycogen biosynthesis I (from ADP-D-Glucose)	33.3138296269
GLYCOGENSYNTH-PWY: glycogen biosynthesis I (from ADP-D-Glucose)|g__Eubacterium.s__Eubacterium_rectale	12.0027760711
GLYCOGENSYNTH-PWY: glycogen biosynthesis I (from ADP-D-Glucose)|g__Erysipelotrichaceae_noname.s__Eubacterium_biforme	3.3110350166
GLYCOGENSYNTH-PWY: glycogen biosynthesis I (from ADP-D-Glucose)|g__Blautia.s__Ruminococcus_obeum	1.0526819423
PWY-6703: preQ0 biosynthesis	32.9330171063
PWY-6703: preQ0 biosynthesis|g__Streptococcus.s__Streptococcus_salivarius	8.9115179325
PWY-6703: preQ0 biosynthesis|g__Ruminococcus.s__Ruminococcus_lactaris	1.9273083853
OANTIGEN-PWY: O-antigen building blocks biosynthesis (E. coli)	32.7272256876
PWY-5121: superpathway of geranylgeranyl diphosphate biosynthesis II (via MEP)	32.6014193403
PWY-5913: TCA cycle VI (obligate autotrophs)	32.5299300892
PWY-5177: glutaryl-CoA degradation	31.9488996573
PWY-5177: glutaryl-CoA degradation|g__Faecalibacterium.s__Faecalibacterium_prausnitzii	26.6662139515
PWY-5177: glutaryl-CoA degradation|g__Coprococcus.s__Coprococcus_catus	1.1637413043
PWY-7199: pyrimidine deoxyribonucleosides salvage	30.8037145823
PWY-7234: inosine-5'-phosphate biosynthesis III	30.7761966706
PWY-7234: inosine-5'-phosphate biosynthesis III|g__Streptococcus.s__Streptococcus_parasanguinis	1.7064380301
PWY-5659: GDP-mannose biosynthesis	30.5450838391
PWY-5659: GDP-mannose biosynthesis|g__Faecalibacterium.s__Faecalibacterium_prausnitzii	4.0030460184
UDPNAGSYN-PWY: UDP-N-acetyl-D-glucosamine biosynthesis I	30.4264925793
UDPNAGSYN-PWY: UDP-N-acetyl-D-glucosamine biosynthesis I|g__Streptococcus.s__Streptococcus_salivarius	13.8367885534
PWY-6628: superpathway of L-phenylalanine biosynthesis	30.0942790410
PWY-6628: superpathway of L-phenylalanine biosynthesis|g__Streptococcus.s__Streptococcus_parasanguinis	4.7985343807
PYRIDNUCSYN-PWY: NAD biosynthesis I (from aspartate)	27.2891830213
PWY-7229: superpathway of adenosine nucleotides de novo biosynthesis I	26.6495679077
PWY66-409: superpathway of purine nucleotide salvage	26.2905923222
PWY0-1061: superpathway of L-alanine biosynthesis	25.9548854977
PWY0-1061: superpathway of L-alanine biosynthesis|g__Streptococcus.s__Streptococcus_parasanguinis	4.5765504140
LACTOSECAT-PWY: lactose and galactose degradation I	25.4089518620
LACTOSECAT-PWY: lactose and galactose degradation I|g__Streptococcus.s__Streptococcus_parasanguinis	6.6349691644
GLUCONEO-PWY: gluconeogenesis I	24.7746710279
RHAMCAT-PWY: L-rhamnose degradation I	24.4949534360
RHAMCAT-PWY: L-rhamnose degradation I|g__Faecalibacterium.s__Faecalibacterium_prausnitzii	16.8030858279
PWY-6168: flavin biosynthesis III (fungi)	23.4519115874
PWY-4981: L-proline biosynthesis II (from arginine)	23.0673787820
PWY-4981: L-proline biosynthesis II (from arginine)|g__Collinsella.s__Collinsella_aerofaciens	1.9859829682
PWY-841: superpathway of purine nucleotides de novo biosynthesis I	22.4712434578
PWY-7282: 4-amino-2-methyl-5-phosphomethylpyrimidine biosynthesis (yeast)	21.1948495275
PWY-6353: purine nucleotides degradation II (aerobic)	20.7118039513
PWY0-1586: peptidoglycan maturation (meso-diaminopimelate containing)	19.9444135362
PWY0-1586: peptidoglycan maturation (meso-diaminopimelate containing)|g__Faecalibacterium.s__Faecalibacterium_prausnitzii	17.7153465528
PWY0-1586: peptidoglycan maturation (meso-diaminopimelate containing)|g__Escherichia.s__Escherichia_coli	1.0894842441
DENOVOPURINE2-PWY: superpathway of purine nucleotides de novo biosynthesis II	18.3849632598
PWY-6126: superpathway of adenosine nucleotides de novo biosynthesis II	18.2133061735
PWY0-781: aspartate superpathway	17.4709302170
PWY-5989: stearate biosynthesis II (bacteria and plants)	16.9210034327
P4-PWY: superpathway of L-lysine, L-threonine and L-methionine biosynthesis I	16.7015318543
TRNA-CHARGING-PWY: tRNA charging	16.6239265375
THISYN-PWY: superpathway of thiamin diphosphate biosynthesis I	16.2193649156
SALVADEHYPOX-PWY: adenosine nucleotides degradation II	16.0493399030
SALVADEHYPOX-PWY: adenosine nucleotides degradation II|g__Blautia.s__Ruminococcus_torques	6.6268459860
PWY0-162: superpathway of pyrimidine ribonucleotides de novo biosynthesis	15.9429708918
PWY0-166: superpathway of pyrimidine deoxyribonucleotides de novo biosynthesis (E. coli)	15.9058716771
PWY-7228: superpathway of guanosine nucleotides de novo biosynthesis I	15.7252846975
PWY-7228: superpathway of guanosine nucleotides de novo biosynthesis I|g__Streptococcus.s__Streptococcus_salivarius	4.6932168282
PWY-7228: superpathway of guanosine nucleotides de novo biosynthesis I|g__Streptococcus.s__Streptococcus_vestibularis	4.3958374296
PWY-6608: guanosine nucleotides degradation III	14.4418506067
PWY-6608: guanosine nucleotides degradation III|g__Blautia.s__Ruminococcus_torques	3.7098870764
PWY-5367: petroselinate biosynthesis	14.0045609697
PWY-5367: petroselinate biosynthesis|g__Eubacterium.s__Eubacterium_rectale	7.5578000109
PWY-6895: superpathway of thiamin diphosphate biosynthesis II	13.6671013716
NAD-BIOSYNTHESIS-II: NAD salvage pathway II	13.3731762633
NAD-BIOSYNTHESIS-II: NAD salvage pathway II|g__Streptococcus.s__Streptococcus_infantis	0.6631299735
DAPLYSINESYN-PWY: L-lysine biosynthesis I	13.3140515470
PWY-5101: L-isoleucine biosynthesis II	13.0039655938
PWY-6125: superpathway of guanosine nucleotides de novo biosynthesis II	12.9451956370
PWY-6125: superpathway of guanosine nucleotides de novo biosynthesis II|g__Streptococcus.s__Streptococcus_vestibularis	4.0818048790
PRPP-PWY: superpathway of histidine, purine, and pyrimidine biosynthesis	12.8329349329
FERMENTATION-PWY: mixed acid fermentation	12.8123800818
PYRIDNUCSAL-PWY: NAD salvage pathway I	12.7479578919
PWY-7187: pyrimidine deoxyribonucleotides de novo biosynthesis II	12.6788783792
PWY-6305: putrescine biosynthesis IV	12.2341795377
PWY-6305: putrescine biosynthesis IV|g__Blautia.s__Ruminococcus_torques	4.3638393908
PWY-6305: putrescine biosynthesis IV|g__Blautia.s__Ruminococcus_obeum	2.6964921061
PWY-7208: superpathway of pyrimidine nucleobases salvage	11.9218693644
PWY-7208: superpathway of pyrimidine nucleobases salvage|g__Streptococcus.s__Streptococcus_salivarius	5.7304257864
PWY-7208: superpathway of pyrimidine nucleobases salvage|g__Streptococcus.s__Streptococcus_vestibularis	4.2989788706
PWY-6545: pyrimidine deoxyribonucleotides de novo biosynthesis III	11.6706941159
PWY-7184: pyrimidine deoxyribonucleotides de novo biosynthesis I	11.6174410819
PWY-5676: acetyl-CoA fermentation to butanoate II	11.2932927542
RIBOSYN2-PWY: flavin biosynthesis I (bacteria and plants)	10.3461413634
PWY-5897: superpathway of menaquinol-11 biosynthesis	9.7488183671
PWY-5898: superpathway of menaquinol-12 biosynthesis	9.7488183671
PWY-5899: superpathway of menaquinol-13 biosynthesis	9.7488183671
PWY0-845: superpathway of pyridoxal 5'-phosphate biosynthesis and salvage	9.5200272487
PENTOSE-P-PWY: pentose phosphate pathway	9.4598366989
PWY-5838: superpathway of menaquinol-8 biosynthesis I	9.0003734533
PWY-5154: L-arginine biosynthesis III (via N-acetyl-L-citrulline)	8.7053608009
PWY-5154: L-arginine biosynthesis III (via N-acetyl-L-citrulline)|g__Blautia.s__Ruminococcus_torques	3.3224174087
PWY-922: mevalonate pathway I	8.4194845305
PWY-7220: adenosine deoxyribonucleotides de novo biosynthesis II	8.3342134944
PWY-7220: adenosine deoxyribonucleotides de novo biosynthesis II|g__Streptococcus.s__Streptococcus_vestibularis	2.9930521451
PWY-7222: guanosine deoxyribonucleotides de novo biosynthesis II	8.3342134944
PWY-7222: guanosine deoxyribonucleotides de novo biosynthesis II|g__Streptococcus.s__Streptococcus_vestibularis	2.9930521451
PHOSLIPSYN-PWY: superpathway of phospholipid biosynthesis I (bacteria)	8.2683510319
ARG+POLYAMINE-SYN: superpathway of arginine and polyamine biosynthesis	8.1829671220
PWY-7539: 6-hydroxymethyl-dihydropterin diphosphate biosynthesis III (Chlamydia)	8.0753082484
PWY-7197: pyrimidine deoxyribonucleotide phosphorylation	8.0166565142
PWY-7197: pyrimidine deoxyribonucleotide phosphorylation|g__Streptococcus.s__Streptococcus_salivarius	3.7608913903
PWY-7197: pyrimidine deoxyribonucleotide phosphorylation|g__Streptococcus.s__Streptococcus_vestibularis	3.5728346928
P441-PWY: superpathway of N-acetylneuraminate degradation	7.5444103240
PYRIDOXSYN-PWY: pyridoxal 5'-phosphate biosynthesis I	7.1477832275
PYRIDOXSYN-PWY: pyridoxal 5'-phosphate biosynthesis I|g__Bacteroides.s__Bacteroides_uniformis	1.3046079144
PWY-5188: tetrapyrrole biosynthesis I (from glutamate)	6.9570753024
PWY-7115: C4 photosynthetic carbon assimilation cycle, NAD-ME type	6.6047252483
PWY-5861: superpathway of demethylmenaquinol-8 biosynthesis	6.5928546766
PWY-6901: superpathway of glucose and xylose degradation	6.3405537496
PWY-6606: guanosine nucleotides degradation II	6.2452196184
ARGININE-SYN4-PWY: L-ornithine de novo  biosynthesis	6.1562715680
ARGININE-SYN4-PWY: L-ornithine de novo  biosynthesis|g__Bacteroides.s__Bacteroides_massiliensis	1.8610959763
ARGININE-SYN4-PWY: L-ornithine de novo  biosynthesis|g__Bacteroides.s__Bacteroides_caccae	1.0123654932
FUCCAT-PWY: fucose degradation	5.8017110572
PWY4FS-7: phosphatidylglycerol biosynthesis I (plastidic)	5.1647757284
PWY4FS-8: phosphatidylglycerol biosynthesis II (non-plastidic)	5.1647757284
PWY-5345: superpathway of L-methionine biosynthesis (by sulfhydrylation)	5.0633159220
PWY-5030: L-histidine degradation III	4.9055449781
PWY-5030: L-histidine degradation III|g__Streptococcus.s__Streptococcus_parasanguinis	1.8570931804
HISDEG-PWY: L-histidine degradation I	4.9015579585
HISDEG-PWY: L-histidine degradation I|g__Streptococcus.s__Streptococcus_parasanguinis	2.7959039554
POLYAMSYN-PWY: superpathway of polyamine biosynthesis I	4.4798870514
PWY-5863: superpathway of phylloquinol biosynthesis	4.3513574019
GLYOXYLATE-BYPASS: glyoxylate cycle	4.2249997964
PWY-6892: thiazole biosynthesis I (E. coli)	4.1499209685
PWY-6113: superpathway of mycolate biosynthesis	4.1107148532
PWY-241: C4 photosynthetic carbon assimilation cycle, NADP-ME type	4.0439408919
PWY-5791: 1,4-dihydroxy-2-naphthoate biosynthesis II (plants)	4.0035190817
PWY-5837: 1,4-dihydroxy-2-naphthoate biosynthesis I	4.0035190817
PWY-6284: superpathway of unsaturated fatty acids biosynthesis (E. coli)	3.9958954369
PWY-5971: palmitate biosynthesis II (bacteria and plants)	3.9817627199
BIOTIN-BIOSYNTHESIS-PWY: biotin biosynthesis I	3.8684142288
SULFATE-CYS-PWY: superpathway of sulfate assimilation and cysteine biosynthesis	3.7979610184
PWY-6282: palmitoleate biosynthesis I (from (5Z)-dodec-5-enoate)	3.6080728058
PWY-1269: CMP-3-deoxy-D-manno-octulosonate biosynthesis I	3.4254146061
FASYN-ELONG-PWY: fatty acid elongation -- saturated	3.3845362766
PWY-6891: thiazole biosynthesis II (Bacillus)	3.3496686583
COLANSYN-PWY: colanic acid building blocks biosynthesis	3.3120374221
TCA: TCA cycle I (prokaryotic)	3.2678748304
POLYISOPRENSYN-PWY: polyisoprenoid biosynthesis (E. coli)	3.2210909467
PWY-6519: 8-amino-7-oxononanoate biosynthesis I	3.2131763746
PWY-7211: superpathway of pyrimidine deoxyribonucleotides de novo biosynthesis	3.1569410123
PWYG-321: mycolate biosynthesis	3.0847699839
PWY-7204: pyridoxal 5'-phosphate salvage II (plants)	2.9853091676
PWY-7664: oleate biosynthesis IV (anaerobic)	2.9806877044
ARGORNPROST-PWY: arginine, ornithine and proline interconversion	2.7650122126
PWY-4041: &gamma;-glutamyl cycle	2.5827769353
PWY-4041: &gamma;-glutamyl cycle|g__Escherichia.s__Escherichia_coli	1.1331557112
PWY0-862: (5Z)-dodec-5-enoate biosynthesis	2.5715633422
PWY0-1298: superpathway of pyrimidine deoxyribonucleosides degradation	2.5014443917
PWY-6595: superpathway of guanosine nucleotides degradation (plants)	2.2315557004
P161-PWY: acetylene degradation	2.1945618015
P185-PWY: formaldehyde assimilation III (dihydroxyacetone cycle)	2.1832546698
FASYN-INITIAL-PWY: superpathway of fatty acid biosynthesis initiation (E. coli)	2.1723015343
PWY-7323: superpathway of GDP-mannose-derived O-antigen building blocks biosynthesis	2.0899029144
PWY-7388: octanoyl-[acyl-carrier protein] biosynthesis (mitochondria, yeast)	2.0203433360
SO4ASSIM-PWY: sulfate reduction I (assimilatory)	2.0161122646
PWY-7210: pyrimidine deoxyribonucleotides biosynthesis from CTP	1.8292551186
FAO-PWY: fatty acid &beta;-oxidation I	1.8268963805
REDCITCYC: TCA cycle VIII (helicobacter)	1.7900359658
GLUCOSE1PMETAB-PWY: glucose and glucose-1-phosphate degradation	1.6771937330
PWY-5136: fatty acid &beta;-oxidation II (peroxisome)	1.5395103057
PWY-5083: NAD/NADH phosphorylation and dephosphorylation	1.3884164372
PWY-7198: pyrimidine deoxyribonucleotides de novo biosynthesis IV	1.3713681851
PPGPPMET-PWY: ppGpp biosynthesis	0.8100677153
PWY0-1338: polymyxin resistance	0.6137228428
PWY0-1338: polymyxin resistance|g__Escherichia.s__Escherichia_coli	0.6137228428