# Pathway	ERR480683_Abundance
UNMAPPED	231158.1454711580
UNINTEGRATED	290601.4847977692
UNINTEGRATED|g__Bacteroides.s__Bacteroides_vulgatus	59559.0355193119
UNINTEGRATED|g__Bacteroides.s__Bacteroides_uniformis	42124.2778515138
UNINTEGRATED|g__Bacteroides.s__Bacteroides_plebeius	24874.0356658614
UNINTEGRATED|g__Bacteroides.s__Bacteroides_coprocola	23557.2370790484
UNINTEGRATED|g__Blautia.s__Ruminococcus_torques	15285.4066469109
UNINTEGRATED|g__Bacteroides.s__Bacteroides_dorei	14870.5566105986
UNINTEGRATED|g__Bacteroides.s__Bacteroides_massiliensis	11175.2024307336
UNINTEGRATED|g__Klebsiella.s__Klebsiella_oxytoca	10753.6868404663
UNINTEGRATED|g__Parabacteroides.s__Parabacteroides_merdae	9362.7934825967
UNINTEGRATED|g__Coprococcus.s__Coprococcus_comes	8884.1937245949
UNINTEGRATED|g__Parabacteroides.s__Parabacteroides_distasonis	8761.7407577244
UNINTEGRATED|g__Faecalibacterium.s__Faecalibacterium_prausnitzii	8283.9714296249
UNINTEGRATED|g__Alistipes.s__Alistipes_putredinis	6645.8594112455
UNINTEGRATED|g__Dorea.s__Dorea_longicatena	6242.9569903808
UNINTEGRATED|g__Bacteroides.s__Bacteroides_fragilis	6044.2846611598
UNINTEGRATED|g__Bacteroides.s__Bacteroides_ovatus	6030.7967832744
UNINTEGRATED|g__Blautia.s__Ruminococcus_obeum	5429.7951644947
UNINTEGRATED|g__Phascolarctobacterium.s__Phascolarctobacterium_succinatutens	4898.8458570305
UNINTEGRATED|g__Roseburia.s__Roseburia_inulinivorans	4259.1267010418
UNINTEGRATED|g__Bacteroides.s__Bacteroides_cellulosilyticus	4221.9936915894
UNINTEGRATED|g__Ruminococcus.s__Ruminococcus_bromii	4019.3623008287
UNINTEGRATED|g__Lachnospiraceae_noname.s__Lachnospiraceae_bacterium_7_1_58FAA	3258.9894333859
UNINTEGRATED|g__Bacteroides.s__Bacteroides_thetaiotaomicron	3082.3039712285
UNINTEGRATED|g__Blautia.s__Ruminococcus_gnavus	3059.7648231632
UNINTEGRATED|g__Lachnospiraceae_noname.s__Lachnospiraceae_bacterium_1_4_56FAA	2924.5270741472
UNINTEGRATED|g__Eubacterium.s__Eubacterium_rectale	2309.3511294891
UNINTEGRATED|g__Collinsella.s__Collinsella_aerofaciens	2128.7159669620
UNINTEGRATED|g__Sutterella.s__Sutterella_wadsworthensis	1949.0580604454
UNINTEGRATED|g__Alistipes.s__Alistipes_finegoldii	1564.0522009498
UNINTEGRATED|g__Eubacterium.s__Eubacterium_siraeum	1400.9877379250
UNINTEGRATED|g__Coprococcus.s__Coprococcus_catus	1118.7077465306
UNINTEGRATED|g__Roseburia.s__Roseburia_hominis	1053.3571432849
UNINTEGRATED|g__Streptococcus.s__Streptococcus_thermophilus	958.8599860672
UNINTEGRATED|g__Alistipes.s__Alistipes_onderdonkii	926.3614790999
UNINTEGRATED|g__Akkermansia.s__Akkermansia_muciniphila	805.3387972233
UNINTEGRATED|g__Bacteroides.s__Bacteroides_clarus	801.4449035492
UNINTEGRATED|g__Bifidobacterium.s__Bifidobacterium_bifidum	757.3639836087
UNINTEGRATED|g__Alistipes.s__Alistipes_shahii	705.8167822378
UNINTEGRATED|g__Clostridium.s__Clostridium_leptum	530.1630022788
UNINTEGRATED|g__Coprobacter.s__Coprobacter_fastidiosus	476.9007849483
UNINTEGRATED|g__Collinsella.s__Collinsella_intestinalis	438.0275864695
PWY-7219: adenosine ribonucleotides de novo biosynthesis	340.8829697831
PWY-7219: adenosine ribonucleotides de novo biosynthesis|g__Bacteroides.s__Bacteroides_vulgatus	60.6115421933
PWY-7219: adenosine ribonucleotides de novo biosynthesis|g__Bacteroides.s__Bacteroides_plebeius	51.4707169898
PWY-7219: adenosine ribonucleotides de novo biosynthesis|g__Bacteroides.s__Bacteroides_uniformis	47.8205388906
PWY-7219: adenosine ribonucleotides de novo biosynthesis|g__Blautia.s__Ruminococcus_torques	30.6157630491
PWY-7219: adenosine ribonucleotides de novo biosynthesis|g__Bacteroides.s__Bacteroides_coprocola	23.4922467408
PWY-7219: adenosine ribonucleotides de novo biosynthesis|g__Phascolarctobacterium.s__Phascolarctobacterium_succinatutens	11.6629400536
PWY-7219: adenosine ribonucleotides de novo biosynthesis|g__Coprococcus.s__Coprococcus_comes	10.4482606129
PWY-7219: adenosine ribonucleotides de novo biosynthesis|g__Ruminococcus.s__Ruminococcus_bromii	9.6952218686
PWY-7219: adenosine ribonucleotides de novo biosynthesis|g__Bacteroides.s__Bacteroides_massiliensis	8.5095614112
PWY-7219: adenosine ribonucleotides de novo biosynthesis|g__Alistipes.s__Alistipes_putredinis	8.4086766599
PWY-7219: adenosine ribonucleotides de novo biosynthesis|g__Faecalibacterium.s__Faecalibacterium_prausnitzii	7.7871074617
PWY-7219: adenosine ribonucleotides de novo biosynthesis|g__Bacteroides.s__Bacteroides_dorei	7.2681967718
PWY-7219: adenosine ribonucleotides de novo biosynthesis|g__Klebsiella.s__Klebsiella_oxytoca	7.1838437292
PWY-7219: adenosine ribonucleotides de novo biosynthesis|g__Dorea.s__Dorea_longicatena	7.1009766428
PWY-7219: adenosine ribonucleotides de novo biosynthesis|g__Parabacteroides.s__Parabacteroides_merdae	6.8934261586
PWY-7219: adenosine ribonucleotides de novo biosynthesis|g__Collinsella.s__Collinsella_aerofaciens	6.3844602454
PWY-7219: adenosine ribonucleotides de novo biosynthesis|g__Parabacteroides.s__Parabacteroides_distasonis	5.3832933067
PWY-7219: adenosine ribonucleotides de novo biosynthesis|g__Streptococcus.s__Streptococcus_thermophilus	3.3872929914
PWY-7219: adenosine ribonucleotides de novo biosynthesis|g__Sutterella.s__Sutterella_wadsworthensis	3.3343137822
PWY-7219: adenosine ribonucleotides de novo biosynthesis|g__Bacteroides.s__Bacteroides_ovatus	3.2808866083
PWY-7219: adenosine ribonucleotides de novo biosynthesis|g__Bacteroides.s__Bacteroides_cellulosilyticus	2.4361346076
PWY-7219: adenosine ribonucleotides de novo biosynthesis|g__Eubacterium.s__Eubacterium_rectale	2.3764489158
PWY-7219: adenosine ribonucleotides de novo biosynthesis|g__Collinsella.s__Collinsella_intestinalis	2.0449257025
PWY-7219: adenosine ribonucleotides de novo biosynthesis|g__Bacteroides.s__Bacteroides_fragilis	1.9746636478
PWY-7219: adenosine ribonucleotides de novo biosynthesis|g__Bifidobacterium.s__Bifidobacterium_bifidum	1.7812947663
PWY-7219: adenosine ribonucleotides de novo biosynthesis|g__Lachnospiraceae_noname.s__Lachnospiraceae_bacterium_7_1_58FAA	1.2580848470
PWY-7219: adenosine ribonucleotides de novo biosynthesis|g__Bacteroides.s__Bacteroides_thetaiotaomicron	1.2556867607
PWY-7219: adenosine ribonucleotides de novo biosynthesis|g__Bacteroides.s__Bacteroides_clarus	1.1137355854
PWY-7219: adenosine ribonucleotides de novo biosynthesis|g__Alistipes.s__Alistipes_finegoldii	1.0081363296
PWY-7219: adenosine ribonucleotides de novo biosynthesis|g__Akkermansia.s__Akkermansia_muciniphila	0.9455934878
PWY-7219: adenosine ribonucleotides de novo biosynthesis|g__Coprococcus.s__Coprococcus_catus	0.9084346508
PWY-7219: adenosine ribonucleotides de novo biosynthesis|g__Roseburia.s__Roseburia_hominis	0.8760402979
PWY-6386: UDP-N-acetylmuramoyl-pentapeptide biosynthesis II (lysine-containing)	295.6854128580
PWY-6386: UDP-N-acetylmuramoyl-pentapeptide biosynthesis II (lysine-containing)|g__Bacteroides.s__Bacteroides_plebeius	37.6289586260
PWY-6386: UDP-N-acetylmuramoyl-pentapeptide biosynthesis II (lysine-containing)|g__Bacteroides.s__Bacteroides_uniformis	37.4805748936
PWY-6386: UDP-N-acetylmuramoyl-pentapeptide biosynthesis II (lysine-containing)|g__Blautia.s__Ruminococcus_torques	23.6641713796
PWY-6386: UDP-N-acetylmuramoyl-pentapeptide biosynthesis II (lysine-containing)|g__Alistipes.s__Alistipes_putredinis	10.8932541520
PWY-6386: UDP-N-acetylmuramoyl-pentapeptide biosynthesis II (lysine-containing)|g__Phascolarctobacterium.s__Phascolarctobacterium_succinatutens	6.0709206405
PWY-6386: UDP-N-acetylmuramoyl-pentapeptide biosynthesis II (lysine-containing)|g__Coprococcus.s__Coprococcus_comes	5.7954838773
PWY-6386: UDP-N-acetylmuramoyl-pentapeptide biosynthesis II (lysine-containing)|g__Parabacteroides.s__Parabacteroides_distasonis	4.8920740194
PWY-6386: UDP-N-acetylmuramoyl-pentapeptide biosynthesis II (lysine-containing)|g__Parabacteroides.s__Parabacteroides_merdae	4.6706041827
PWY-6386: UDP-N-acetylmuramoyl-pentapeptide biosynthesis II (lysine-containing)|g__Faecalibacterium.s__Faecalibacterium_prausnitzii	4.5804223934
PWY-6386: UDP-N-acetylmuramoyl-pentapeptide biosynthesis II (lysine-containing)|g__Alistipes.s__Alistipes_finegoldii	3.4033567994
PWY-6386: UDP-N-acetylmuramoyl-pentapeptide biosynthesis II (lysine-containing)|g__Collinsella.s__Collinsella_aerofaciens	3.2348590789
PWY-6386: UDP-N-acetylmuramoyl-pentapeptide biosynthesis II (lysine-containing)|g__Sutterella.s__Sutterella_wadsworthensis	2.4638976685
PWY-6386: UDP-N-acetylmuramoyl-pentapeptide biosynthesis II (lysine-containing)|g__Blautia.s__Ruminococcus_gnavus	2.0879982530
PWY-6386: UDP-N-acetylmuramoyl-pentapeptide biosynthesis II (lysine-containing)|g__Streptococcus.s__Streptococcus_thermophilus	2.0329508366
PWY-6386: UDP-N-acetylmuramoyl-pentapeptide biosynthesis II (lysine-containing)|g__Lachnospiraceae_noname.s__Lachnospiraceae_bacterium_7_1_58FAA	1.7820733849
PWY-6386: UDP-N-acetylmuramoyl-pentapeptide biosynthesis II (lysine-containing)|g__Coprobacter.s__Coprobacter_fastidiosus	1.2193130429
PEPTIDOGLYCANSYN-PWY: peptidoglycan biosynthesis I (meso-diaminopimelate containing)	286.8917085706
PEPTIDOGLYCANSYN-PWY: peptidoglycan biosynthesis I (meso-diaminopimelate containing)|g__Bacteroides.s__Bacteroides_vulgatus	51.2838973721
PEPTIDOGLYCANSYN-PWY: peptidoglycan biosynthesis I (meso-diaminopimelate containing)|g__Bacteroides.s__Bacteroides_uniformis	37.3397363429
PEPTIDOGLYCANSYN-PWY: peptidoglycan biosynthesis I (meso-diaminopimelate containing)|g__Bacteroides.s__Bacteroides_plebeius	31.3218584526
PEPTIDOGLYCANSYN-PWY: peptidoglycan biosynthesis I (meso-diaminopimelate containing)|g__Blautia.s__Ruminococcus_torques	22.9209586572
PEPTIDOGLYCANSYN-PWY: peptidoglycan biosynthesis I (meso-diaminopimelate containing)|g__Alistipes.s__Alistipes_putredinis	9.7133152811
PEPTIDOGLYCANSYN-PWY: peptidoglycan biosynthesis I (meso-diaminopimelate containing)|g__Parabacteroides.s__Parabacteroides_distasonis	6.9221858061
PEPTIDOGLYCANSYN-PWY: peptidoglycan biosynthesis I (meso-diaminopimelate containing)|g__Phascolarctobacterium.s__Phascolarctobacterium_succinatutens	6.0382609426
PEPTIDOGLYCANSYN-PWY: peptidoglycan biosynthesis I (meso-diaminopimelate containing)|g__Coprococcus.s__Coprococcus_comes	5.4393297945
PEPTIDOGLYCANSYN-PWY: peptidoglycan biosynthesis I (meso-diaminopimelate containing)|g__Faecalibacterium.s__Faecalibacterium_prausnitzii	5.2862588368
PEPTIDOGLYCANSYN-PWY: peptidoglycan biosynthesis I (meso-diaminopimelate containing)|g__Bacteroides.s__Bacteroides_dorei	5.2463318123
PEPTIDOGLYCANSYN-PWY: peptidoglycan biosynthesis I (meso-diaminopimelate containing)|g__Parabacteroides.s__Parabacteroides_merdae	4.9343767461
PEPTIDOGLYCANSYN-PWY: peptidoglycan biosynthesis I (meso-diaminopimelate containing)|g__Collinsella.s__Collinsella_aerofaciens	2.7879736687
PEPTIDOGLYCANSYN-PWY: peptidoglycan biosynthesis I (meso-diaminopimelate containing)|g__Alistipes.s__Alistipes_finegoldii	2.6471915537
PEPTIDOGLYCANSYN-PWY: peptidoglycan biosynthesis I (meso-diaminopimelate containing)|g__Blautia.s__Ruminococcus_gnavus	2.2130297911
PEPTIDOGLYCANSYN-PWY: peptidoglycan biosynthesis I (meso-diaminopimelate containing)|g__Sutterella.s__Sutterella_wadsworthensis	2.1564249023
PEPTIDOGLYCANSYN-PWY: peptidoglycan biosynthesis I (meso-diaminopimelate containing)|g__Bacteroides.s__Bacteroides_fragilis	1.9017183430
PEPTIDOGLYCANSYN-PWY: peptidoglycan biosynthesis I (meso-diaminopimelate containing)|g__Lachnospiraceae_noname.s__Lachnospiraceae_bacterium_7_1_58FAA	1.6504837676
PWY-6387: UDP-N-acetylmuramoyl-pentapeptide biosynthesis I (meso-diaminopimelate containing)	283.3085685374
PWY-6387: UDP-N-acetylmuramoyl-pentapeptide biosynthesis I (meso-diaminopimelate containing)|g__Bacteroides.s__Bacteroides_vulgatus	51.5038967633
PWY-6387: UDP-N-acetylmuramoyl-pentapeptide biosynthesis I (meso-diaminopimelate containing)|g__Bacteroides.s__Bacteroides_uniformis	36.9687017318
PWY-6387: UDP-N-acetylmuramoyl-pentapeptide biosynthesis I (meso-diaminopimelate containing)|g__Bacteroides.s__Bacteroides_plebeius	36.8484728845
PWY-6387: UDP-N-acetylmuramoyl-pentapeptide biosynthesis I (meso-diaminopimelate containing)|g__Blautia.s__Ruminococcus_torques	22.5547534890
PWY-6387: UDP-N-acetylmuramoyl-pentapeptide biosynthesis I (meso-diaminopimelate containing)|g__Alistipes.s__Alistipes_putredinis	10.7746063179
PWY-6387: UDP-N-acetylmuramoyl-pentapeptide biosynthesis I (meso-diaminopimelate containing)|g__Phascolarctobacterium.s__Phascolarctobacterium_succinatutens	6.8772618841
PWY-6387: UDP-N-acetylmuramoyl-pentapeptide biosynthesis I (meso-diaminopimelate containing)|g__Parabacteroides.s__Parabacteroides_distasonis	6.4606213924
PWY-6387: UDP-N-acetylmuramoyl-pentapeptide biosynthesis I (meso-diaminopimelate containing)|g__Faecalibacterium.s__Faecalibacterium_prausnitzii	5.7278582315
PWY-6387: UDP-N-acetylmuramoyl-pentapeptide biosynthesis I (meso-diaminopimelate containing)|g__Coprococcus.s__Coprococcus_comes	4.8470995022
PWY-6387: UDP-N-acetylmuramoyl-pentapeptide biosynthesis I (meso-diaminopimelate containing)|g__Bacteroides.s__Bacteroides_dorei	4.7533150152
PWY-6387: UDP-N-acetylmuramoyl-pentapeptide biosynthesis I (meso-diaminopimelate containing)|g__Parabacteroides.s__Parabacteroides_merdae	4.4396368815
PWY-6387: UDP-N-acetylmuramoyl-pentapeptide biosynthesis I (meso-diaminopimelate containing)|g__Alistipes.s__Alistipes_finegoldii	3.2775920956
PWY-6387: UDP-N-acetylmuramoyl-pentapeptide biosynthesis I (meso-diaminopimelate containing)|g__Collinsella.s__Collinsella_aerofaciens	2.9047105205
PWY-6387: UDP-N-acetylmuramoyl-pentapeptide biosynthesis I (meso-diaminopimelate containing)|g__Bacteroides.s__Bacteroides_fragilis	2.3919079155
PWY-6387: UDP-N-acetylmuramoyl-pentapeptide biosynthesis I (meso-diaminopimelate containing)|g__Sutterella.s__Sutterella_wadsworthensis	2.0577273134
PWY-6387: UDP-N-acetylmuramoyl-pentapeptide biosynthesis I (meso-diaminopimelate containing)|g__Blautia.s__Ruminococcus_gnavus	1.9172490313
PWY-6387: UDP-N-acetylmuramoyl-pentapeptide biosynthesis I (meso-diaminopimelate containing)|g__Lachnospiraceae_noname.s__Lachnospiraceae_bacterium_7_1_58FAA	1.7365009701
PWY-6387: UDP-N-acetylmuramoyl-pentapeptide biosynthesis I (meso-diaminopimelate containing)|g__Coprobacter.s__Coprobacter_fastidiosus	1.1815885680
PWY-5667: CDP-diacylglycerol biosynthesis I	268.0660883786
PWY-5667: CDP-diacylglycerol biosynthesis I|g__Bacteroides.s__Bacteroides_uniformis	30.2001670413
PWY-5667: CDP-diacylglycerol biosynthesis I|g__Blautia.s__Ruminococcus_torques	28.6483221142
PWY-5667: CDP-diacylglycerol biosynthesis I|g__Bacteroides.s__Bacteroides_coprocola	26.1849446856
PWY-5667: CDP-diacylglycerol biosynthesis I|g__Bacteroides.s__Bacteroides_plebeius	18.9562095236
PWY-5667: CDP-diacylglycerol biosynthesis I|g__Coprococcus.s__Coprococcus_comes	8.5082708835
PWY-5667: CDP-diacylglycerol biosynthesis I|g__Ruminococcus.s__Ruminococcus_bromii	7.4363633666
PWY-5667: CDP-diacylglycerol biosynthesis I|g__Dorea.s__Dorea_longicatena	7.0358058530
PWY-5667: CDP-diacylglycerol biosynthesis I|g__Klebsiella.s__Klebsiella_oxytoca	6.2483310023
PWY-5667: CDP-diacylglycerol biosynthesis I|g__Faecalibacterium.s__Faecalibacterium_prausnitzii	6.0037219673
PWY-5667: CDP-diacylglycerol biosynthesis I|g__Blautia.s__Ruminococcus_gnavus	4.5241720560
PWY-5667: CDP-diacylglycerol biosynthesis I|g__Lachnospiraceae_noname.s__Lachnospiraceae_bacterium_7_1_58FAA	3.7893758354
PWY-5667: CDP-diacylglycerol biosynthesis I|g__Parabacteroides.s__Parabacteroides_merdae	3.5736583369
PWY-5667: CDP-diacylglycerol biosynthesis I|g__Roseburia.s__Roseburia_inulinivorans	2.8791672949
PWY-5667: CDP-diacylglycerol biosynthesis I|g__Parabacteroides.s__Parabacteroides_distasonis	2.1225811529
PWY-5667: CDP-diacylglycerol biosynthesis I|g__Bacteroides.s__Bacteroides_thetaiotaomicron	2.0653766711
PWY-5667: CDP-diacylglycerol biosynthesis I|g__Alistipes.s__Alistipes_finegoldii	1.8913340992
PWY-5667: CDP-diacylglycerol biosynthesis I|g__Bacteroides.s__Bacteroides_ovatus	1.5186448645
PWY-5667: CDP-diacylglycerol biosynthesis I|g__Lachnospiraceae_noname.s__Lachnospiraceae_bacterium_1_4_56FAA	1.3981125481
PWY0-1319: CDP-diacylglycerol biosynthesis II	268.0660883786
PWY0-1319: CDP-diacylglycerol biosynthesis II|g__Bacteroides.s__Bacteroides_uniformis	30.2001670413
PWY0-1319: CDP-diacylglycerol biosynthesis II|g__Blautia.s__Ruminococcus_torques	28.6483221142
PWY0-1319: CDP-diacylglycerol biosynthesis II|g__Bacteroides.s__Bacteroides_coprocola	26.1849446856
PWY0-1319: CDP-diacylglycerol biosynthesis II|g__Bacteroides.s__Bacteroides_plebeius	18.9562095236
PWY0-1319: CDP-diacylglycerol biosynthesis II|g__Coprococcus.s__Coprococcus_comes	8.5082708835
PWY0-1319: CDP-diacylglycerol biosynthesis II|g__Ruminococcus.s__Ruminococcus_bromii	7.4363633666
PWY0-1319: CDP-diacylglycerol biosynthesis II|g__Dorea.s__Dorea_longicatena	7.0358058530
PWY0-1319: CDP-diacylglycerol biosynthesis II|g__Klebsiella.s__Klebsiella_oxytoca	6.2483310023
PWY0-1319: CDP-diacylglycerol biosynthesis II|g__Faecalibacterium.s__Faecalibacterium_prausnitzii	6.0037219673
PWY0-1319: CDP-diacylglycerol biosynthesis II|g__Blautia.s__Ruminococcus_gnavus	4.5241720560
PWY0-1319: CDP-diacylglycerol biosynthesis II|g__Lachnospiraceae_noname.s__Lachnospiraceae_bacterium_7_1_58FAA	3.7893758354
PWY0-1319: CDP-diacylglycerol biosynthesis II|g__Parabacteroides.s__Parabacteroides_merdae	3.5736583369
PWY0-1319: CDP-diacylglycerol biosynthesis II|g__Roseburia.s__Roseburia_inulinivorans	2.8791672949
PWY0-1319: CDP-diacylglycerol biosynthesis II|g__Parabacteroides.s__Parabacteroides_distasonis	2.1225811529
PWY0-1319: CDP-diacylglycerol biosynthesis II|g__Bacteroides.s__Bacteroides_thetaiotaomicron	2.0653766711
PWY0-1319: CDP-diacylglycerol biosynthesis II|g__Alistipes.s__Alistipes_finegoldii	1.8913340992
PWY0-1319: CDP-diacylglycerol biosynthesis II|g__Bacteroides.s__Bacteroides_ovatus	1.5186448645
PWY0-1319: CDP-diacylglycerol biosynthesis II|g__Lachnospiraceae_noname.s__Lachnospiraceae_bacterium_1_4_56FAA	1.3981125481
ILEUSYN-PWY: L-isoleucine biosynthesis I (from threonine)	264.2045049009
ILEUSYN-PWY: L-isoleucine biosynthesis I (from threonine)|g__Faecalibacterium.s__Faecalibacterium_prausnitzii	8.5907990706
ILEUSYN-PWY: L-isoleucine biosynthesis I (from threonine)|g__Klebsiella.s__Klebsiella_oxytoca	8.0014999641
ILEUSYN-PWY: L-isoleucine biosynthesis I (from threonine)|g__Blautia.s__Ruminococcus_obeum	0.8648553632
PWY-7111: pyruvate fermentation to isobutanol (engineered)	264.2045049009
PWY-7111: pyruvate fermentation to isobutanol (engineered)|g__Bacteroides.s__Bacteroides_vulgatus	43.6715940641
PWY-7111: pyruvate fermentation to isobutanol (engineered)|g__Bacteroides.s__Bacteroides_plebeius	41.2402058309
PWY-7111: pyruvate fermentation to isobutanol (engineered)|g__Blautia.s__Ruminococcus_torques	19.7959574361
PWY-7111: pyruvate fermentation to isobutanol (engineered)|g__Phascolarctobacterium.s__Phascolarctobacterium_succinatutens	12.0534434288
PWY-7111: pyruvate fermentation to isobutanol (engineered)|g__Coprococcus.s__Coprococcus_comes	11.3419876969
PWY-7111: pyruvate fermentation to isobutanol (engineered)|g__Ruminococcus.s__Ruminococcus_bromii	10.0836768719
PWY-7111: pyruvate fermentation to isobutanol (engineered)|g__Faecalibacterium.s__Faecalibacterium_prausnitzii	8.5907990706
PWY-7111: pyruvate fermentation to isobutanol (engineered)|g__Klebsiella.s__Klebsiella_oxytoca	8.0033020076
PWY-7111: pyruvate fermentation to isobutanol (engineered)|g__Dorea.s__Dorea_longicatena	7.8300077715
PWY-7111: pyruvate fermentation to isobutanol (engineered)|g__Bacteroides.s__Bacteroides_massiliensis	7.1389709240
PWY-7111: pyruvate fermentation to isobutanol (engineered)|g__Parabacteroides.s__Parabacteroides_distasonis	5.6274423483
PWY-7111: pyruvate fermentation to isobutanol (engineered)|g__Parabacteroides.s__Parabacteroides_merdae	5.1448985282
PWY-7111: pyruvate fermentation to isobutanol (engineered)|g__Blautia.s__Ruminococcus_gnavus	1.9740827363
PWY-7111: pyruvate fermentation to isobutanol (engineered)|g__Lachnospiraceae_noname.s__Lachnospiraceae_bacterium_7_1_58FAA	1.9490467875
PWY-7111: pyruvate fermentation to isobutanol (engineered)|g__Eubacterium.s__Eubacterium_rectale	0.9878004264
PWY-7111: pyruvate fermentation to isobutanol (engineered)|g__Blautia.s__Ruminococcus_obeum	0.6885866758
VALSYN-PWY: L-valine biosynthesis	264.2045049009
VALSYN-PWY: L-valine biosynthesis|g__Bacteroides.s__Bacteroides_vulgatus	43.6715940641
VALSYN-PWY: L-valine biosynthesis|g__Bacteroides.s__Bacteroides_plebeius	41.2402058309
VALSYN-PWY: L-valine biosynthesis|g__Blautia.s__Ruminococcus_torques	19.7959574361
VALSYN-PWY: L-valine biosynthesis|g__Phascolarctobacterium.s__Phascolarctobacterium_succinatutens	12.0534434288
VALSYN-PWY: L-valine biosynthesis|g__Coprococcus.s__Coprococcus_comes	11.3419876969
VALSYN-PWY: L-valine biosynthesis|g__Ruminococcus.s__Ruminococcus_bromii	10.0836768719
VALSYN-PWY: L-valine biosynthesis|g__Faecalibacterium.s__Faecalibacterium_prausnitzii	8.5907990706
VALSYN-PWY: L-valine biosynthesis|g__Klebsiella.s__Klebsiella_oxytoca	8.0014999641
VALSYN-PWY: L-valine biosynthesis|g__Bacteroides.s__Bacteroides_massiliensis	7.1389709240
VALSYN-PWY: L-valine biosynthesis|g__Dorea.s__Dorea_longicatena	5.8921942879
VALSYN-PWY: L-valine biosynthesis|g__Parabacteroides.s__Parabacteroides_distasonis	5.6274423483
VALSYN-PWY: L-valine biosynthesis|g__Parabacteroides.s__Parabacteroides_merdae	5.1448985282
VALSYN-PWY: L-valine biosynthesis|g__Lachnospiraceae_noname.s__Lachnospiraceae_bacterium_7_1_58FAA	1.9490467875
VALSYN-PWY: L-valine biosynthesis|g__Streptococcus.s__Streptococcus_thermophilus	1.3109068045
VALSYN-PWY: L-valine biosynthesis|g__Eubacterium.s__Eubacterium_siraeum	1.0191196835
VALSYN-PWY: L-valine biosynthesis|g__Eubacterium.s__Eubacterium_rectale	0.9878004264
VALSYN-PWY: L-valine biosynthesis|g__Blautia.s__Ruminococcus_obeum	0.8648553632
PWY-7221: guanosine ribonucleotides de novo biosynthesis	260.3364972918
PWY-7221: guanosine ribonucleotides de novo biosynthesis|g__Bacteroides.s__Bacteroides_vulgatus	52.2660826268
PWY-7221: guanosine ribonucleotides de novo biosynthesis|g__Bacteroides.s__Bacteroides_plebeius	33.3077203096
PWY-7221: guanosine ribonucleotides de novo biosynthesis|g__Alistipes.s__Alistipes_putredinis	9.2048547567
PWY-7221: guanosine ribonucleotides de novo biosynthesis|g__Parabacteroides.s__Parabacteroides_distasonis	8.7784129326
PWY-7221: guanosine ribonucleotides de novo biosynthesis|g__Bacteroides.s__Bacteroides_massiliensis	6.4732821364
PWY-7221: guanosine ribonucleotides de novo biosynthesis|g__Bacteroides.s__Bacteroides_thetaiotaomicron	5.7642157760
PWY-7221: guanosine ribonucleotides de novo biosynthesis|g__Klebsiella.s__Klebsiella_oxytoca	5.7077557246
PWY-7221: guanosine ribonucleotides de novo biosynthesis|g__Coprococcus.s__Coprococcus_comes	4.5644487391
PWY-7221: guanosine ribonucleotides de novo biosynthesis|g__Faecalibacterium.s__Faecalibacterium_prausnitzii	4.3888342284
PWY-7221: guanosine ribonucleotides de novo biosynthesis|g__Bacteroides.s__Bacteroides_dorei	3.9096408570
PWY-7221: guanosine ribonucleotides de novo biosynthesis|g__Bacteroides.s__Bacteroides_ovatus	3.6945154781
PWY-7221: guanosine ribonucleotides de novo biosynthesis|g__Ruminococcus.s__Ruminococcus_bromii	3.1087660372
PWY-7221: guanosine ribonucleotides de novo biosynthesis|g__Sutterella.s__Sutterella_wadsworthensis	2.6431831211
PWY-7221: guanosine ribonucleotides de novo biosynthesis|g__Lachnospiraceae_noname.s__Lachnospiraceae_bacterium_7_1_58FAA	2.5419909343
PWY-7221: guanosine ribonucleotides de novo biosynthesis|g__Bacteroides.s__Bacteroides_fragilis	2.3201956896
PWY-7221: guanosine ribonucleotides de novo biosynthesis|g__Akkermansia.s__Akkermansia_muciniphila	2.0347776820
PWY-7221: guanosine ribonucleotides de novo biosynthesis|g__Bacteroides.s__Bacteroides_clarus	1.8412571071
PWY-7221: guanosine ribonucleotides de novo biosynthesis|g__Blautia.s__Ruminococcus_torques	1.5362725034
PWY-7221: guanosine ribonucleotides de novo biosynthesis|g__Alistipes.s__Alistipes_onderdonkii	1.0197886929
PWY-7221: guanosine ribonucleotides de novo biosynthesis|g__Roseburia.s__Roseburia_inulinivorans	0.9820871741
PWY-7221: guanosine ribonucleotides de novo biosynthesis|g__Bifidobacterium.s__Bifidobacterium_bifidum	0.7616586843
PWY-5097: L-lysine biosynthesis VI	258.0031051733
PWY-5097: L-lysine biosynthesis VI|g__Bacteroides.s__Bacteroides_uniformis	40.9968678607
PWY-5097: L-lysine biosynthesis VI|g__Bacteroides.s__Bacteroides_plebeius	36.4692009144
PWY-5097: L-lysine biosynthesis VI|g__Bacteroides.s__Bacteroides_vulgatus	29.9371425131
PWY-5097: L-lysine biosynthesis VI|g__Bacteroides.s__Bacteroides_coprocola	25.0863257930
PWY-5097: L-lysine biosynthesis VI|g__Parabacteroides.s__Parabacteroides_merdae	9.4971814082
PWY-5097: L-lysine biosynthesis VI|g__Bacteroides.s__Bacteroides_massiliensis	8.7396199206
PWY-5097: L-lysine biosynthesis VI|g__Phascolarctobacterium.s__Phascolarctobacterium_succinatutens	6.0333312994
PWY-5097: L-lysine biosynthesis VI|g__Parabacteroides.s__Parabacteroides_distasonis	4.4325566175
PWY-5097: L-lysine biosynthesis VI|g__Faecalibacterium.s__Faecalibacterium_prausnitzii	4.2543395097
PWY-5097: L-lysine biosynthesis VI|g__Blautia.s__Ruminococcus_gnavus	3.6081056463
PWY-5097: L-lysine biosynthesis VI|g__Bacteroides.s__Bacteroides_ovatus	2.5591977266
PWY-5097: L-lysine biosynthesis VI|g__Bacteroides.s__Bacteroides_thetaiotaomicron	1.8560538845
PWY-5097: L-lysine biosynthesis VI|g__Bacteroides.s__Bacteroides_fragilis	1.4092368286
NONMEVIPP-PWY: methylerythritol phosphate pathway I	252.9272881167
NONMEVIPP-PWY: methylerythritol phosphate pathway I|g__Bacteroides.s__Bacteroides_vulgatus	38.1250680837
NONMEVIPP-PWY: methylerythritol phosphate pathway I|g__Blautia.s__Ruminococcus_torques	18.5063470446
NONMEVIPP-PWY: methylerythritol phosphate pathway I|g__Dorea.s__Dorea_longicatena	5.8576886004
NONMEVIPP-PWY: methylerythritol phosphate pathway I|g__Phascolarctobacterium.s__Phascolarctobacterium_succinatutens	5.4854804009
NONMEVIPP-PWY: methylerythritol phosphate pathway I|g__Blautia.s__Ruminococcus_gnavus	3.2729074852
PANTO-PWY: phosphopantothenate biosynthesis I	242.6247175935
PANTO-PWY: phosphopantothenate biosynthesis I|g__Bacteroides.s__Bacteroides_uniformis	43.7528846626
PANTO-PWY: phosphopantothenate biosynthesis I|g__Bacteroides.s__Bacteroides_plebeius	41.8016749413
PANTO-PWY: phosphopantothenate biosynthesis I|g__Bacteroides.s__Bacteroides_vulgatus	37.3289677911
PANTO-PWY: phosphopantothenate biosynthesis I|g__Bacteroides.s__Bacteroides_coprocola	29.0759456058
PANTO-PWY: phosphopantothenate biosynthesis I|g__Bacteroides.s__Bacteroides_massiliensis	9.3615966215
PANTO-PWY: phosphopantothenate biosynthesis I|g__Parabacteroides.s__Parabacteroides_distasonis	9.2429912439
PANTO-PWY: phosphopantothenate biosynthesis I|g__Blautia.s__Ruminococcus_torques	9.1880278720
PANTO-PWY: phosphopantothenate biosynthesis I|g__Alistipes.s__Alistipes_putredinis	7.2647071780
PANTO-PWY: phosphopantothenate biosynthesis I|g__Phascolarctobacterium.s__Phascolarctobacterium_succinatutens	6.4961931545
PANTO-PWY: phosphopantothenate biosynthesis I|g__Blautia.s__Ruminococcus_gnavus	6.1965181558
PANTO-PWY: phosphopantothenate biosynthesis I|g__Parabacteroides.s__Parabacteroides_merdae	5.7416738027
PANTO-PWY: phosphopantothenate biosynthesis I|g__Dorea.s__Dorea_longicatena	4.6899724696
PANTO-PWY: phosphopantothenate biosynthesis I|g__Bacteroides.s__Bacteroides_thetaiotaomicron	4.2082234008
PANTO-PWY: phosphopantothenate biosynthesis I|g__Bacteroides.s__Bacteroides_ovatus	3.1113696188
PANTO-PWY: phosphopantothenate biosynthesis I|g__Bacteroides.s__Bacteroides_dorei	2.8782881219
PANTO-PWY: phosphopantothenate biosynthesis I|g__Roseburia.s__Roseburia_hominis	1.2391573730
COA-PWY-1: coenzyme A biosynthesis II (mammalian)	241.7107678790
COA-PWY-1: coenzyme A biosynthesis II (mammalian)|g__Bacteroides.s__Bacteroides_vulgatus	41.7632960022
COA-PWY-1: coenzyme A biosynthesis II (mammalian)|g__Bacteroides.s__Bacteroides_uniformis	36.3049069800
COA-PWY-1: coenzyme A biosynthesis II (mammalian)|g__Blautia.s__Ruminococcus_torques	25.0221606246
COA-PWY-1: coenzyme A biosynthesis II (mammalian)|g__Bacteroides.s__Bacteroides_coprocola	21.5647005918
COA-PWY-1: coenzyme A biosynthesis II (mammalian)|g__Phascolarctobacterium.s__Phascolarctobacterium_succinatutens	8.8067822624
COA-PWY-1: coenzyme A biosynthesis II (mammalian)|g__Parabacteroides.s__Parabacteroides_distasonis	7.0963235147
COA-PWY-1: coenzyme A biosynthesis II (mammalian)|g__Alistipes.s__Alistipes_putredinis	7.0368095954
COA-PWY-1: coenzyme A biosynthesis II (mammalian)|g__Dorea.s__Dorea_longicatena	6.0372839028
COA-PWY-1: coenzyme A biosynthesis II (mammalian)|g__Faecalibacterium.s__Faecalibacterium_prausnitzii	4.8555266324
COA-PWY-1: coenzyme A biosynthesis II (mammalian)|g__Parabacteroides.s__Parabacteroides_merdae	3.9067973980
COA-PWY-1: coenzyme A biosynthesis II (mammalian)|g__Coprococcus.s__Coprococcus_comes	3.6054476351
COA-PWY-1: coenzyme A biosynthesis II (mammalian)|g__Lachnospiraceae_noname.s__Lachnospiraceae_bacterium_7_1_58FAA	3.2831172408
COA-PWY-1: coenzyme A biosynthesis II (mammalian)|g__Blautia.s__Ruminococcus_gnavus	2.5427074392
COA-PWY-1: coenzyme A biosynthesis II (mammalian)|g__Collinsella.s__Collinsella_aerofaciens	2.2192491333
COA-PWY-1: coenzyme A biosynthesis II (mammalian)|g__Bacteroides.s__Bacteroides_fragilis	1.7551557701
COA-PWY-1: coenzyme A biosynthesis II (mammalian)|g__Coprococcus.s__Coprococcus_catus	1.6528925620
COA-PWY-1: coenzyme A biosynthesis II (mammalian)|g__Bacteroides.s__Bacteroides_ovatus	1.3508482260
PWY-2942: L-lysine biosynthesis III	236.5062853280
PWY-2942: L-lysine biosynthesis III|g__Bacteroides.s__Bacteroides_uniformis	42.4056103983
PWY-2942: L-lysine biosynthesis III|g__Bacteroides.s__Bacteroides_vulgatus	39.4327644354
PWY-2942: L-lysine biosynthesis III|g__Bacteroides.s__Bacteroides_plebeius	35.4907753549
PWY-2942: L-lysine biosynthesis III|g__Bacteroides.s__Bacteroides_coprocola	23.5115970490
PWY-2942: L-lysine biosynthesis III|g__Parabacteroides.s__Parabacteroides_merdae	9.3286888154
PWY-2942: L-lysine biosynthesis III|g__Bacteroides.s__Bacteroides_massiliensis	7.4385170848
PWY-2942: L-lysine biosynthesis III|g__Bacteroides.s__Bacteroides_dorei	5.9690864447
PWY-2942: L-lysine biosynthesis III|g__Parabacteroides.s__Parabacteroides_distasonis	4.1844882019
PWY-2942: L-lysine biosynthesis III|g__Blautia.s__Ruminococcus_gnavus	3.0396795977
PWY-2942: L-lysine biosynthesis III|g__Faecalibacterium.s__Faecalibacterium_prausnitzii	2.5706275089
PWY-2942: L-lysine biosynthesis III|g__Bacteroides.s__Bacteroides_ovatus	2.3356061158
PWY-2942: L-lysine biosynthesis III|g__Bacteroides.s__Bacteroides_thetaiotaomicron	1.8507733255
PWY-2942: L-lysine biosynthesis III|g__Bacteroides.s__Bacteroides_fragilis	1.6128045715
PWY-5686: UMP biosynthesis	229.3598137683
PWY-5686: UMP biosynthesis|g__Bacteroides.s__Bacteroides_coprocola	28.8582550164
PWY-5686: UMP biosynthesis|g__Bacteroides.s__Bacteroides_plebeius	27.6296485357
PWY-5686: UMP biosynthesis|g__Bacteroides.s__Bacteroides_uniformis	26.7131265731
PWY-5686: UMP biosynthesis|g__Alistipes.s__Alistipes_putredinis	11.3446251516
PWY-5686: UMP biosynthesis|g__Ruminococcus.s__Ruminococcus_bromii	8.5801829361
PWY-5686: UMP biosynthesis|g__Coprococcus.s__Coprococcus_comes	6.8216350149
PWY-5686: UMP biosynthesis|g__Dorea.s__Dorea_longicatena	6.7463005905
PWY-5686: UMP biosynthesis|g__Klebsiella.s__Klebsiella_oxytoca	5.9472942745
PWY-5686: UMP biosynthesis|g__Bacteroides.s__Bacteroides_massiliensis	5.2209980176
PWY-5686: UMP biosynthesis|g__Faecalibacterium.s__Faecalibacterium_prausnitzii	5.0039208534
PWY-5686: UMP biosynthesis|g__Phascolarctobacterium.s__Phascolarctobacterium_succinatutens	4.4163702129
PWY-5686: UMP biosynthesis|g__Parabacteroides.s__Parabacteroides_merdae	3.0854711711
PWY-5686: UMP biosynthesis|g__Lachnospiraceae_noname.s__Lachnospiraceae_bacterium_7_1_58FAA	1.8081530148
PWY-5686: UMP biosynthesis|g__Bacteroides.s__Bacteroides_thetaiotaomicron	1.4284155292
PWY-5686: UMP biosynthesis|g__Bacteroides.s__Bacteroides_fragilis	1.2451673318
PWY-5686: UMP biosynthesis|g__Coprococcus.s__Coprococcus_catus	1.0452961672
PWY-6700: queuosine biosynthesis	225.0426849586
PWY-6700: queuosine biosynthesis|g__Bacteroides.s__Bacteroides_plebeius	37.9477254246
PWY-6700: queuosine biosynthesis|g__Bacteroides.s__Bacteroides_vulgatus	30.9090290344
PWY-6700: queuosine biosynthesis|g__Bacteroides.s__Bacteroides_uniformis	30.5812583037
PWY-6700: queuosine biosynthesis|g__Bacteroides.s__Bacteroides_coprocola	17.0207511730
PWY-6700: queuosine biosynthesis|g__Bacteroides.s__Bacteroides_massiliensis	9.2625522874
PWY-6700: queuosine biosynthesis|g__Bacteroides.s__Bacteroides_dorei	8.6722938636
PWY-6700: queuosine biosynthesis|g__Parabacteroides.s__Parabacteroides_distasonis	8.5082265402
PWY-6700: queuosine biosynthesis|g__Klebsiella.s__Klebsiella_oxytoca	4.7786868861
PWY-6700: queuosine biosynthesis|g__Phascolarctobacterium.s__Phascolarctobacterium_succinatutens	3.2329792402
PWY-6700: queuosine biosynthesis|g__Bacteroides.s__Bacteroides_ovatus	3.2065789378
PWY-6700: queuosine biosynthesis|g__Bacteroides.s__Bacteroides_thetaiotaomicron	2.6102187230
PWY-5695: urate biosynthesis/inosine 5'-phosphate degradation	213.2594903481
PWY-5695: urate biosynthesis/inosine 5'-phosphate degradation|g__Bacteroides.s__Bacteroides_vulgatus	49.2999132761
PWY-5695: urate biosynthesis/inosine 5'-phosphate degradation|g__Bacteroides.s__Bacteroides_plebeius	25.3651715931
PWY-5695: urate biosynthesis/inosine 5'-phosphate degradation|g__Bacteroides.s__Bacteroides_coprocola	14.4573210738
PWY-5695: urate biosynthesis/inosine 5'-phosphate degradation|g__Klebsiella.s__Klebsiella_oxytoca	9.0030177449
PWY-5695: urate biosynthesis/inosine 5'-phosphate degradation|g__Faecalibacterium.s__Faecalibacterium_prausnitzii	4.6224739749
PWY-5695: urate biosynthesis/inosine 5'-phosphate degradation|g__Parabacteroides.s__Parabacteroides_distasonis	3.6494313350
PWY-5695: urate biosynthesis/inosine 5'-phosphate degradation|g__Bacteroides.s__Bacteroides_dorei	3.3892422100
PWY-5695: urate biosynthesis/inosine 5'-phosphate degradation|g__Bacteroides.s__Bacteroides_thetaiotaomicron	1.9752342660
PWY-6151: S-adenosyl-L-methionine cycle I	211.7468222209
PWY-6151: S-adenosyl-L-methionine cycle I|g__Bacteroides.s__Bacteroides_vulgatus	38.5298471789
PWY-6151: S-adenosyl-L-methionine cycle I|g__Bacteroides.s__Bacteroides_uniformis	32.3243973451
PWY-6151: S-adenosyl-L-methionine cycle I|g__Ruminococcus.s__Ruminococcus_bromii	10.0514136086
PWY-6151: S-adenosyl-L-methionine cycle I|g__Bacteroides.s__Bacteroides_massiliensis	8.6890227431
PWY-6151: S-adenosyl-L-methionine cycle I|g__Dorea.s__Dorea_longicatena	7.3926974663
PWY-6151: S-adenosyl-L-methionine cycle I|g__Bacteroides.s__Bacteroides_dorei	5.0296736909
PWY-6151: S-adenosyl-L-methionine cycle I|g__Faecalibacterium.s__Faecalibacterium_prausnitzii	3.8511643050
PWY-6151: S-adenosyl-L-methionine cycle I|g__Coprococcus.s__Coprococcus_comes	3.5150459102
PWY-6151: S-adenosyl-L-methionine cycle I|g__Eubacterium.s__Eubacterium_rectale	2.1011010227
PWY-6151: S-adenosyl-L-methionine cycle I|g__Collinsella.s__Collinsella_aerofaciens	1.2344782246
PWY-6385: peptidoglycan biosynthesis III (mycobacteria)	201.4501459044
PWY-6385: peptidoglycan biosynthesis III (mycobacteria)|g__Faecalibacterium.s__Faecalibacterium_prausnitzii	5.7271004140
PWY-6385: peptidoglycan biosynthesis III (mycobacteria)|g__Phascolarctobacterium.s__Phascolarctobacterium_succinatutens	5.5342983170
PWY-6385: peptidoglycan biosynthesis III (mycobacteria)|g__Parabacteroides.s__Parabacteroides_distasonis	5.1709991754
COMPLETE-ARO-PWY: superpathway of aromatic amino acid biosynthesis	196.2489016877
COMPLETE-ARO-PWY: superpathway of aromatic amino acid biosynthesis|g__Blautia.s__Ruminococcus_torques	24.8757378088
COMPLETE-ARO-PWY: superpathway of aromatic amino acid biosynthesis|g__Dorea.s__Dorea_longicatena	5.4470613952
COMPLETE-ARO-PWY: superpathway of aromatic amino acid biosynthesis|g__Phascolarctobacterium.s__Phascolarctobacterium_succinatutens	5.3879113632
COMPLETE-ARO-PWY: superpathway of aromatic amino acid biosynthesis|g__Blautia.s__Ruminococcus_gnavus	1.6651239779
PWY-3841: folate transformations II	192.6218442897
PWY-3841: folate transformations II|g__Bacteroides.s__Bacteroides_vulgatus	46.2014755138
PWY-3841: folate transformations II|g__Bacteroides.s__Bacteroides_uniformis	28.6338654994
PWY-3841: folate transformations II|g__Bacteroides.s__Bacteroides_coprocola	21.9823355831
PWY-3841: folate transformations II|g__Bacteroides.s__Bacteroides_massiliensis	7.9598257793
PWY-3841: folate transformations II|g__Parabacteroides.s__Parabacteroides_distasonis	6.7001976982
PWY-3841: folate transformations II|g__Klebsiella.s__Klebsiella_oxytoca	4.8554701983
PWY-3841: folate transformations II|g__Parabacteroides.s__Parabacteroides_merdae	3.6574547559
PWY-3841: folate transformations II|g__Bacteroides.s__Bacteroides_dorei	1.7516335149
PWY-3841: folate transformations II|g__Bacteroides.s__Bacteroides_fragilis	1.4836795252
PWY-3841: folate transformations II|g__Bacteroides.s__Bacteroides_ovatus	1.4694482690
PWY-3841: folate transformations II|g__Streptococcus.s__Streptococcus_thermophilus	1.4277628672
PWY-3841: folate transformations II|g__Bacteroides.s__Bacteroides_clarus	1.3371753583
PWY-6163: chorismate biosynthesis from 3-dehydroquinate	191.5285537021
PWY-6163: chorismate biosynthesis from 3-dehydroquinate|g__Blautia.s__Ruminococcus_torques	26.3568043416
PWY-6163: chorismate biosynthesis from 3-dehydroquinate|g__Phascolarctobacterium.s__Phascolarctobacterium_succinatutens	4.6760136088
PWY-6163: chorismate biosynthesis from 3-dehydroquinate|g__Dorea.s__Dorea_longicatena	4.3215424517
PWY-6163: chorismate biosynthesis from 3-dehydroquinate|g__Roseburia.s__Roseburia_inulinivorans	1.7494384589
PWY-6163: chorismate biosynthesis from 3-dehydroquinate|g__Blautia.s__Ruminococcus_gnavus	1.5801490676
1CMET2-PWY: N10-formyl-tetrahydrofolate biosynthesis	190.6375254005
1CMET2-PWY: N10-formyl-tetrahydrofolate biosynthesis|g__Bacteroides.s__Bacteroides_uniformis	27.1519238040
1CMET2-PWY: N10-formyl-tetrahydrofolate biosynthesis|g__Bacteroides.s__Bacteroides_coprocola	20.5870776588
1CMET2-PWY: N10-formyl-tetrahydrofolate biosynthesis|g__Parabacteroides.s__Parabacteroides_distasonis	5.0097711060
1CMET2-PWY: N10-formyl-tetrahydrofolate biosynthesis|g__Bacteroides.s__Bacteroides_massiliensis	4.6805210898
1CMET2-PWY: N10-formyl-tetrahydrofolate biosynthesis|g__Parabacteroides.s__Parabacteroides_merdae	2.7116829955
ARO-PWY: chorismate biosynthesis I	189.5473950992
ARO-PWY: chorismate biosynthesis I|g__Blautia.s__Ruminococcus_torques	24.0962951735
ARO-PWY: chorismate biosynthesis I|g__Phascolarctobacterium.s__Phascolarctobacterium_succinatutens	5.1063056303
ARO-PWY: chorismate biosynthesis I|g__Dorea.s__Dorea_longicatena	5.0477056471
ARO-PWY: chorismate biosynthesis I|g__Roseburia.s__Roseburia_inulinivorans	1.6151877923
ARO-PWY: chorismate biosynthesis I|g__Blautia.s__Ruminococcus_gnavus	1.5045043118
PWY-6121: 5-aminoimidazole ribonucleotide biosynthesis I	187.1378647873
PWY-6121: 5-aminoimidazole ribonucleotide biosynthesis I|g__Blautia.s__Ruminococcus_torques	22.8951031943
PWY-6121: 5-aminoimidazole ribonucleotide biosynthesis I|g__Phascolarctobacterium.s__Phascolarctobacterium_succinatutens	8.4995344580
PWY-6121: 5-aminoimidazole ribonucleotide biosynthesis I|g__Coprococcus.s__Coprococcus_comes	7.3768012069
PWY-6121: 5-aminoimidazole ribonucleotide biosynthesis I|g__Alistipes.s__Alistipes_putredinis	7.2156436288
PWY-6121: 5-aminoimidazole ribonucleotide biosynthesis I|g__Ruminococcus.s__Ruminococcus_bromii	6.3091470130
PWY-6121: 5-aminoimidazole ribonucleotide biosynthesis I|g__Dorea.s__Dorea_longicatena	5.6745833692
PWY-6121: 5-aminoimidazole ribonucleotide biosynthesis I|g__Collinsella.s__Collinsella_aerofaciens	4.4304660765
PWY-6121: 5-aminoimidazole ribonucleotide biosynthesis I|g__Faecalibacterium.s__Faecalibacterium_prausnitzii	2.6019588918
PWY-6121: 5-aminoimidazole ribonucleotide biosynthesis I|g__Alistipes.s__Alistipes_finegoldii	1.4097201696
PWY-6121: 5-aminoimidazole ribonucleotide biosynthesis I|g__Sutterella.s__Sutterella_wadsworthensis	1.0619490721
PWY-6122: 5-aminoimidazole ribonucleotide biosynthesis II	174.6948285965
PWY-6122: 5-aminoimidazole ribonucleotide biosynthesis II|g__Blautia.s__Ruminococcus_torques	22.0971298658
PWY-6122: 5-aminoimidazole ribonucleotide biosynthesis II|g__Phascolarctobacterium.s__Phascolarctobacterium_succinatutens	9.0673029395
PWY-6122: 5-aminoimidazole ribonucleotide biosynthesis II|g__Coprococcus.s__Coprococcus_comes	8.1554171046
PWY-6122: 5-aminoimidazole ribonucleotide biosynthesis II|g__Ruminococcus.s__Ruminococcus_bromii	6.8161251182
PWY-6122: 5-aminoimidazole ribonucleotide biosynthesis II|g__Alistipes.s__Alistipes_putredinis	6.3512122847
PWY-6122: 5-aminoimidazole ribonucleotide biosynthesis II|g__Dorea.s__Dorea_longicatena	5.7486269878
PWY-6122: 5-aminoimidazole ribonucleotide biosynthesis II|g__Collinsella.s__Collinsella_aerofaciens	5.3251166471
PWY-6122: 5-aminoimidazole ribonucleotide biosynthesis II|g__Faecalibacterium.s__Faecalibacterium_prausnitzii	3.3816451266
PWY-6122: 5-aminoimidazole ribonucleotide biosynthesis II|g__Roseburia.s__Roseburia_inulinivorans	1.6302565215
PWY-6122: 5-aminoimidazole ribonucleotide biosynthesis II|g__Sutterella.s__Sutterella_wadsworthensis	1.4167698798
PWY-6122: 5-aminoimidazole ribonucleotide biosynthesis II|g__Alistipes.s__Alistipes_finegoldii	1.3145772977
PWY-6122: 5-aminoimidazole ribonucleotide biosynthesis II|g__Streptococcus.s__Streptococcus_thermophilus	1.1979481634
PWY-6122: 5-aminoimidazole ribonucleotide biosynthesis II|g__Coprococcus.s__Coprococcus_catus	1.1580082753
PWY-6122: 5-aminoimidazole ribonucleotide biosynthesis II|g__Blautia.s__Ruminococcus_obeum	0.9816653053
PWY-6122: 5-aminoimidazole ribonucleotide biosynthesis II|g__Eubacterium.s__Eubacterium_siraeum	0.7156769243
PWY-6277: superpathway of 5-aminoimidazole ribonucleotide biosynthesis	174.6948285965
PWY-6277: superpathway of 5-aminoimidazole ribonucleotide biosynthesis|g__Blautia.s__Ruminococcus_torques	22.0971298658
PWY-6277: superpathway of 5-aminoimidazole ribonucleotide biosynthesis|g__Phascolarctobacterium.s__Phascolarctobacterium_succinatutens	9.0673029395
PWY-6277: superpathway of 5-aminoimidazole ribonucleotide biosynthesis|g__Coprococcus.s__Coprococcus_comes	8.1554171046
PWY-6277: superpathway of 5-aminoimidazole ribonucleotide biosynthesis|g__Ruminococcus.s__Ruminococcus_bromii	6.8161251182
PWY-6277: superpathway of 5-aminoimidazole ribonucleotide biosynthesis|g__Alistipes.s__Alistipes_putredinis	6.3512122847
PWY-6277: superpathway of 5-aminoimidazole ribonucleotide biosynthesis|g__Dorea.s__Dorea_longicatena	5.7486269878
PWY-6277: superpathway of 5-aminoimidazole ribonucleotide biosynthesis|g__Collinsella.s__Collinsella_aerofaciens	5.3251166471
PWY-6277: superpathway of 5-aminoimidazole ribonucleotide biosynthesis|g__Faecalibacterium.s__Faecalibacterium_prausnitzii	3.3816451266
PWY-6277: superpathway of 5-aminoimidazole ribonucleotide biosynthesis|g__Roseburia.s__Roseburia_inulinivorans	1.6302565215
PWY-6277: superpathway of 5-aminoimidazole ribonucleotide biosynthesis|g__Sutterella.s__Sutterella_wadsworthensis	1.4167698798
PWY-6277: superpathway of 5-aminoimidazole ribonucleotide biosynthesis|g__Alistipes.s__Alistipes_finegoldii	1.3145772977
PWY-6277: superpathway of 5-aminoimidazole ribonucleotide biosynthesis|g__Streptococcus.s__Streptococcus_thermophilus	1.1979481634
PWY-6277: superpathway of 5-aminoimidazole ribonucleotide biosynthesis|g__Coprococcus.s__Coprococcus_catus	1.1580082753
PWY-6277: superpathway of 5-aminoimidazole ribonucleotide biosynthesis|g__Blautia.s__Ruminococcus_obeum	0.9816653053
PWY-6277: superpathway of 5-aminoimidazole ribonucleotide biosynthesis|g__Eubacterium.s__Eubacterium_siraeum	0.7156769243
PWY-6737: starch degradation V	174.4217208916
PWY-6737: starch degradation V|g__Blautia.s__Ruminococcus_torques	22.3785314419
PWY-6737: starch degradation V|g__Ruminococcus.s__Ruminococcus_bromii	13.6122695730
PWY-6737: starch degradation V|g__Dorea.s__Dorea_longicatena	13.1614099266
PWY-6737: starch degradation V|g__Faecalibacterium.s__Faecalibacterium_prausnitzii	10.1721844350
PWY-6737: starch degradation V|g__Coprococcus.s__Coprococcus_comes	9.1284319973
PWY-6737: starch degradation V|g__Collinsella.s__Collinsella_aerofaciens	2.9217591752
PWY-6737: starch degradation V|g__Roseburia.s__Roseburia_inulinivorans	2.5180893340
PWY-6737: starch degradation V|g__Blautia.s__Ruminococcus_obeum	1.3451806414
PWY-6737: starch degradation V|g__Clostridium.s__Clostridium_leptum	1.2131578511
PWY-6737: starch degradation V|g__Blautia.s__Ruminococcus_gnavus	1.1752929786
PWY-6737: starch degradation V|g__Eubacterium.s__Eubacterium_rectale	1.1494252874
PWY-6737: starch degradation V|g__Eubacterium.s__Eubacterium_siraeum	1.0408559696
PWY-6703: preQ0 biosynthesis	160.9957477050
PWY-6703: preQ0 biosynthesis|g__Bacteroides.s__Bacteroides_vulgatus	46.3614936097
PWY-6703: preQ0 biosynthesis|g__Bacteroides.s__Bacteroides_uniformis	28.9495164941
PWY-6703: preQ0 biosynthesis|g__Bacteroides.s__Bacteroides_massiliensis	4.6855230921
PWY-6703: preQ0 biosynthesis|g__Parabacteroides.s__Parabacteroides_merdae	3.4066489945
PWY-6703: preQ0 biosynthesis|g__Klebsiella.s__Klebsiella_oxytoca	2.5759387032
PWY-6703: preQ0 biosynthesis|g__Bacteroides.s__Bacteroides_dorei	2.3153783412
PWY-6703: preQ0 biosynthesis|g__Parabacteroides.s__Parabacteroides_distasonis	2.1537241250
PWY-6703: preQ0 biosynthesis|g__Bacteroides.s__Bacteroides_ovatus	2.1292793703
PWY-1042: glycolysis IV (plant cytosol)	154.9849565109
PWY-1042: glycolysis IV (plant cytosol)|g__Bacteroides.s__Bacteroides_coprocola	27.7070585244
PWY-1042: glycolysis IV (plant cytosol)|g__Ruminococcus.s__Ruminococcus_bromii	10.4793510732
PWY-1042: glycolysis IV (plant cytosol)|g__Faecalibacterium.s__Faecalibacterium_prausnitzii	8.2665844543
PWY-1042: glycolysis IV (plant cytosol)|g__Blautia.s__Ruminococcus_torques	8.0218710915
PWY-1042: glycolysis IV (plant cytosol)|g__Klebsiella.s__Klebsiella_oxytoca	2.5638871626
PWY-724: superpathway of L-lysine, L-threonine and L-methionine biosynthesis II	153.9858917376
PWY-724: superpathway of L-lysine, L-threonine and L-methionine biosynthesis II|g__Phascolarctobacterium.s__Phascolarctobacterium_succinatutens	5.9205353272
PWY-724: superpathway of L-lysine, L-threonine and L-methionine biosynthesis II|g__Faecalibacterium.s__Faecalibacterium_prausnitzii	4.6608802717
PWY-7229: superpathway of adenosine nucleotides de novo biosynthesis I	149.3427050380
PWY-7229: superpathway of adenosine nucleotides de novo biosynthesis I|g__Bacteroides.s__Bacteroides_vulgatus	50.2217362106
PWY-7229: superpathway of adenosine nucleotides de novo biosynthesis I|g__Klebsiella.s__Klebsiella_oxytoca	4.0655983960
PWY-7229: superpathway of adenosine nucleotides de novo biosynthesis I|g__Bacteroides.s__Bacteroides_dorei	3.9325361605
PWY-7229: superpathway of adenosine nucleotides de novo biosynthesis I|g__Sutterella.s__Sutterella_wadsworthensis	2.7019928470
PWY0-1296: purine ribonucleosides degradation	147.6865959540
PWY0-1296: purine ribonucleosides degradation|g__Blautia.s__Ruminococcus_torques	20.6794764760
PWY0-1296: purine ribonucleosides degradation|g__Dorea.s__Dorea_longicatena	10.7289184699
PWY0-1296: purine ribonucleosides degradation|g__Klebsiella.s__Klebsiella_oxytoca	8.0053892225
PWY0-1296: purine ribonucleosides degradation|g__Faecalibacterium.s__Faecalibacterium_prausnitzii	7.2213614842
PWY0-1296: purine ribonucleosides degradation|g__Eubacterium.s__Eubacterium_rectale	2.8470030747
PWY0-1296: purine ribonucleosides degradation|g__Blautia.s__Ruminococcus_gnavus	1.5674995189
PWY0-1296: purine ribonucleosides degradation|g__Roseburia.s__Roseburia_inulinivorans	1.5616593619
PWY0-1296: purine ribonucleosides degradation|g__Lachnospiraceae_noname.s__Lachnospiraceae_bacterium_1_4_56FAA	1.4623144646
PWY0-1296: purine ribonucleosides degradation|g__Collinsella.s__Collinsella_intestinalis	1.4086407878
PWY0-1296: purine ribonucleosides degradation|g__Blautia.s__Ruminococcus_obeum	1.1916922029
PWY0-1296: purine ribonucleosides degradation|g__Streptococcus.s__Streptococcus_thermophilus	1.1520737327
PWY-5973: cis-vaccenate biosynthesis	136.0967589218
PWY0-162: superpathway of pyrimidine ribonucleotides de novo biosynthesis	128.6055032287
PWY0-162: superpathway of pyrimidine ribonucleotides de novo biosynthesis|g__Klebsiella.s__Klebsiella_oxytoca	3.8193716045
PWY-7663: gondoate biosynthesis (anaerobic)	126.1939154393
PWY-7663: gondoate biosynthesis (anaerobic)|g__Klebsiella.s__Klebsiella_oxytoca	5.1028400987
PWY-7663: gondoate biosynthesis (anaerobic)|g__Bacteroides.s__Bacteroides_fragilis	2.0460563164
PWY-7663: gondoate biosynthesis (anaerobic)|g__Bacteroides.s__Bacteroides_ovatus	1.7030399197
ANAGLYCOLYSIS-PWY: glycolysis III (from glucose)	125.8383523023
ANAGLYCOLYSIS-PWY: glycolysis III (from glucose)|g__Klebsiella.s__Klebsiella_oxytoca	3.5933616553
CALVIN-PWY: Calvin-Benson-Bassham cycle	124.1604733621
CALVIN-PWY: Calvin-Benson-Bassham cycle|g__Ruminococcus.s__Ruminococcus_bromii	12.9189394639
CALVIN-PWY: Calvin-Benson-Bassham cycle|g__Klebsiella.s__Klebsiella_oxytoca	5.7048777116
CALVIN-PWY: Calvin-Benson-Bassham cycle|g__Faecalibacterium.s__Faecalibacterium_prausnitzii	4.1677465896
PWY-6126: superpathway of adenosine nucleotides de novo biosynthesis II	124.0205958957
PWY-6126: superpathway of adenosine nucleotides de novo biosynthesis II|g__Bacteroides.s__Bacteroides_vulgatus	47.1706049236
PWY-6126: superpathway of adenosine nucleotides de novo biosynthesis II|g__Klebsiella.s__Klebsiella_oxytoca	3.7658754935
PWY-6126: superpathway of adenosine nucleotides de novo biosynthesis II|g__Bacteroides.s__Bacteroides_dorei	3.6293256655
PWY-6126: superpathway of adenosine nucleotides de novo biosynthesis II|g__Sutterella.s__Sutterella_wadsworthensis	2.4747288970
PWY-6317: galactose degradation I (Leloir pathway)	118.9887457693
PWY-6317: galactose degradation I (Leloir pathway)|g__Ruminococcus.s__Ruminococcus_bromii	31.1222310669
PWY-6317: galactose degradation I (Leloir pathway)|g__Faecalibacterium.s__Faecalibacterium_prausnitzii	7.4789364413
PWY66-422: D-galactose degradation V (Leloir pathway)	118.9887457693
PWY66-422: D-galactose degradation V (Leloir pathway)|g__Ruminococcus.s__Ruminococcus_bromii	31.1222310669
PWY66-422: D-galactose degradation V (Leloir pathway)|g__Faecalibacterium.s__Faecalibacterium_prausnitzii	7.4789364413
PWY66-422: D-galactose degradation V (Leloir pathway)|g__Blautia.s__Ruminococcus_obeum	0.9207234101
PWY-7282: 4-amino-2-methyl-5-phosphomethylpyrimidine biosynthesis (yeast)	112.3619948862
PWY0-845: superpathway of pyridoxal 5'-phosphate biosynthesis and salvage	109.6071160281
PWY0-845: superpathway of pyridoxal 5'-phosphate biosynthesis and salvage|g__Bacteroides.s__Bacteroides_uniformis	29.0750764786
PWY0-845: superpathway of pyridoxal 5'-phosphate biosynthesis and salvage|g__Bacteroides.s__Bacteroides_thetaiotaomicron	1.8168865026
PWY-7228: superpathway of guanosine nucleotides de novo biosynthesis I	107.1447346599
PWY-7228: superpathway of guanosine nucleotides de novo biosynthesis I|g__Bacteroides.s__Bacteroides_vulgatus	46.7674988086
PWY-7228: superpathway of guanosine nucleotides de novo biosynthesis I|g__Bacteroides.s__Bacteroides_massiliensis	5.9659595072
PWY-7228: superpathway of guanosine nucleotides de novo biosynthesis I|g__Parabacteroides.s__Parabacteroides_distasonis	4.1638279260
PWY-7228: superpathway of guanosine nucleotides de novo biosynthesis I|g__Klebsiella.s__Klebsiella_oxytoca	3.9470198617
PWY-7228: superpathway of guanosine nucleotides de novo biosynthesis I|g__Bacteroides.s__Bacteroides_dorei	3.7851558737
PWY-7228: superpathway of guanosine nucleotides de novo biosynthesis I|g__Sutterella.s__Sutterella_wadsworthensis	2.2743967501
PWY-7228: superpathway of guanosine nucleotides de novo biosynthesis I|g__Akkermansia.s__Akkermansia_muciniphila	1.8721819417
THRESYN-PWY: superpathway of L-threonine biosynthesis	104.4948617234
THRESYN-PWY: superpathway of L-threonine biosynthesis|g__Klebsiella.s__Klebsiella_oxytoca	5.5200903710
THRESYN-PWY: superpathway of L-threonine biosynthesis|g__Faecalibacterium.s__Faecalibacterium_prausnitzii	5.1936248985
THRESYN-PWY: superpathway of L-threonine biosynthesis|g__Phascolarctobacterium.s__Phascolarctobacterium_succinatutens	5.0586390643
PYRIDOXSYN-PWY: pyridoxal 5'-phosphate biosynthesis I	102.7426387935
PYRIDOXSYN-PWY: pyridoxal 5'-phosphate biosynthesis I|g__Bacteroides.s__Bacteroides_uniformis	31.1192932204
PYRIDOXSYN-PWY: pyridoxal 5'-phosphate biosynthesis I|g__Bacteroides.s__Bacteroides_thetaiotaomicron	2.4671673919
PWY-6527: stachyose degradation	99.1135020250
PWY-6527: stachyose degradation|g__Dorea.s__Dorea_longicatena	12.4718103888
PWY-6527: stachyose degradation|g__Klebsiella.s__Klebsiella_oxytoca	5.2559569530
PWY-6125: superpathway of guanosine nucleotides de novo biosynthesis II	96.8654255891
PWY-6125: superpathway of guanosine nucleotides de novo biosynthesis II|g__Bacteroides.s__Bacteroides_vulgatus	43.3099863263
PWY-6125: superpathway of guanosine nucleotides de novo biosynthesis II|g__Klebsiella.s__Klebsiella_oxytoca	3.6781430800
PWY-6125: superpathway of guanosine nucleotides de novo biosynthesis II|g__Bacteroides.s__Bacteroides_dorei	3.5208797385
PWY-6125: superpathway of guanosine nucleotides de novo biosynthesis II|g__Sutterella.s__Sutterella_wadsworthensis	1.3828382241
THISYNARA-PWY: superpathway of thiamin diphosphate biosynthesis III (eukaryotes)	90.6557149874
THISYNARA-PWY: superpathway of thiamin diphosphate biosynthesis III (eukaryotes)|g__Phascolarctobacterium.s__Phascolarctobacterium_succinatutens	7.1100892060
THISYNARA-PWY: superpathway of thiamin diphosphate biosynthesis III (eukaryotes)|g__Faecalibacterium.s__Faecalibacterium_prausnitzii	4.3062975480
ARGININE-SYN4-PWY: L-ornithine de novo  biosynthesis	89.8353713172
ARGININE-SYN4-PWY: L-ornithine de novo  biosynthesis|g__Bacteroides.s__Bacteroides_uniformis	38.8239193876
ARGININE-SYN4-PWY: L-ornithine de novo  biosynthesis|g__Bacteroides.s__Bacteroides_massiliensis	7.5855179931
ARGININE-SYN4-PWY: L-ornithine de novo  biosynthesis|g__Bacteroides.s__Bacteroides_thetaiotaomicron	2.0732903752
ARGININE-SYN4-PWY: L-ornithine de novo  biosynthesis|g__Bacteroides.s__Bacteroides_ovatus	1.2588931854
ARGININE-SYN4-PWY: L-ornithine de novo  biosynthesis|g__Bacteroides.s__Bacteroides_fragilis	1.1361793334
PWY-6168: flavin biosynthesis III (fungi)	88.0571516671
PWY-6168: flavin biosynthesis III (fungi)|g__Bacteroides.s__Bacteroides_thetaiotaomicron	1.7797103443
PWY-7208: superpathway of pyrimidine nucleobases salvage	87.9367488820
PWY-7208: superpathway of pyrimidine nucleobases salvage|g__Klebsiella.s__Klebsiella_oxytoca	3.1522302937
PWY-7208: superpathway of pyrimidine nucleobases salvage|g__Sutterella.s__Sutterella_wadsworthensis	2.2724075535
PWY-7208: superpathway of pyrimidine nucleobases salvage|g__Akkermansia.s__Akkermansia_muciniphila	1.6546019714
PWY-6897: thiamin salvage II	87.0094181419
ASPASN-PWY: superpathway of L-aspartate and L-asparagine biosynthesis	84.6908539004
ASPASN-PWY: superpathway of L-aspartate and L-asparagine biosynthesis|g__Faecalibacterium.s__Faecalibacterium_prausnitzii	5.7778802186
ASPASN-PWY: superpathway of L-aspartate and L-asparagine biosynthesis|g__Bacteroides.s__Bacteroides_thetaiotaomicron	2.1664072460
PWY-3001: superpathway of L-isoleucine biosynthesis I	84.6395674764
PWY-3001: superpathway of L-isoleucine biosynthesis I|g__Klebsiella.s__Klebsiella_oxytoca	6.2928348600
PWY-3001: superpathway of L-isoleucine biosynthesis I|g__Faecalibacterium.s__Faecalibacterium_prausnitzii	5.9875418133
NONOXIPENT-PWY: pentose phosphate pathway (non-oxidative branch)	82.6941020917
NONOXIPENT-PWY: pentose phosphate pathway (non-oxidative branch)|g__Ruminococcus.s__Ruminococcus_bromii	12.3681567494
NONOXIPENT-PWY: pentose phosphate pathway (non-oxidative branch)|g__Klebsiella.s__Klebsiella_oxytoca	6.2673832777
NONOXIPENT-PWY: pentose phosphate pathway (non-oxidative branch)|g__Blautia.s__Ruminococcus_gnavus	3.9574132786
NONOXIPENT-PWY: pentose phosphate pathway (non-oxidative branch)|g__Phascolarctobacterium.s__Phascolarctobacterium_succinatutens	2.3342540216
NONOXIPENT-PWY: pentose phosphate pathway (non-oxidative branch)|g__Bacteroides.s__Bacteroides_thetaiotaomicron	2.1992119685
NONOXIPENT-PWY: pentose phosphate pathway (non-oxidative branch)|g__Coprococcus.s__Coprococcus_catus	1.5281757402
PWY0-166: superpathway of pyrimidine deoxyribonucleotides de novo biosynthesis (E. coli)	74.6495611935
PWY0-166: superpathway of pyrimidine deoxyribonucleotides de novo biosynthesis (E. coli)|g__Sutterella.s__Sutterella_wadsworthensis	1.9432533361
PWY-7400: L-arginine biosynthesis IV (archaebacteria)	74.5403722423
PWY-7400: L-arginine biosynthesis IV (archaebacteria)|g__Blautia.s__Ruminococcus_torques	8.0966076926
TRPSYN-PWY: L-tryptophan biosynthesis	73.4667416749
TRPSYN-PWY: L-tryptophan biosynthesis|g__Phascolarctobacterium.s__Phascolarctobacterium_succinatutens	6.5746456480
TRPSYN-PWY: L-tryptophan biosynthesis|g__Bacteroides.s__Bacteroides_fragilis	1.8634486327
ARGSYN-PWY: L-arginine biosynthesis I (via L-ornithine)	68.7978203430
ARGSYN-PWY: L-arginine biosynthesis I (via L-ornithine)|g__Blautia.s__Ruminococcus_torques	7.3574253940
ARGSYN-PWY: L-arginine biosynthesis I (via L-ornithine)|g__Klebsiella.s__Klebsiella_oxytoca	6.8015160413
BRANCHED-CHAIN-AA-SYN-PWY: superpathway of branched amino acid biosynthesis	68.6083462593
BRANCHED-CHAIN-AA-SYN-PWY: superpathway of branched amino acid biosynthesis|g__Faecalibacterium.s__Faecalibacterium_prausnitzii	7.7023763959
BRANCHED-CHAIN-AA-SYN-PWY: superpathway of branched amino acid biosynthesis|g__Klebsiella.s__Klebsiella_oxytoca	7.6008057474
BRANCHED-CHAIN-AA-SYN-PWY: superpathway of branched amino acid biosynthesis|g__Blautia.s__Ruminococcus_obeum	0.8754150885
PWY-7220: adenosine deoxyribonucleotides de novo biosynthesis II	67.2039009696
PWY-7220: adenosine deoxyribonucleotides de novo biosynthesis II|g__Bacteroides.s__Bacteroides_vulgatus	36.4175053721
PWY-7220: adenosine deoxyribonucleotides de novo biosynthesis II|g__Bacteroides.s__Bacteroides_dorei	3.2759359896
PWY-7220: adenosine deoxyribonucleotides de novo biosynthesis II|g__Klebsiella.s__Klebsiella_oxytoca	2.8999681766
PWY-7220: adenosine deoxyribonucleotides de novo biosynthesis II|g__Sutterella.s__Sutterella_wadsworthensis	1.8843997772
PWY-7222: guanosine deoxyribonucleotides de novo biosynthesis II	67.2039009696
PWY-7222: guanosine deoxyribonucleotides de novo biosynthesis II|g__Bacteroides.s__Bacteroides_vulgatus	36.4175053721
PWY-7222: guanosine deoxyribonucleotides de novo biosynthesis II|g__Bacteroides.s__Bacteroides_dorei	3.2759359896
PWY-7222: guanosine deoxyribonucleotides de novo biosynthesis II|g__Klebsiella.s__Klebsiella_oxytoca	2.8999681766
PWY-7222: guanosine deoxyribonucleotides de novo biosynthesis II|g__Sutterella.s__Sutterella_wadsworthensis	1.8843997772
PWY-7184: pyrimidine deoxyribonucleotides de novo biosynthesis I	65.6994262128
PWY-7184: pyrimidine deoxyribonucleotides de novo biosynthesis I|g__Sutterella.s__Sutterella_wadsworthensis	1.8808703264
PWY-6609: adenine and adenosine salvage III	65.4499446613
PWY-6609: adenine and adenosine salvage III|g__Faecalibacterium.s__Faecalibacterium_prausnitzii	3.3739678723
PWY-6609: adenine and adenosine salvage III|g__Bacteroides.s__Bacteroides_fragilis	3.2484397810
PWY-6609: adenine and adenosine salvage III|g__Bacteroides.s__Bacteroides_ovatus	1.6771365765
PWY-6609: adenine and adenosine salvage III|g__Streptococcus.s__Streptococcus_thermophilus	1.6346546792
PWY-6609: adenine and adenosine salvage III|g__Blautia.s__Ruminococcus_gnavus	1.2150668287
PWY-7357: thiamin formation from pyrithiamine and oxythiamine (yeast)	63.8886507384
PWY-7357: thiamin formation from pyrithiamine and oxythiamine (yeast)|g__Ruminococcus.s__Ruminococcus_bromii	5.7881324708
PWY-7357: thiamin formation from pyrithiamine and oxythiamine (yeast)|g__Phascolarctobacterium.s__Phascolarctobacterium_succinatutens	3.9731881760
PWY-7357: thiamin formation from pyrithiamine and oxythiamine (yeast)|g__Faecalibacterium.s__Faecalibacterium_prausnitzii	2.1501120608
PANTOSYN-PWY: pantothenate and coenzyme A biosynthesis I	63.0120375027
PANTOSYN-PWY: pantothenate and coenzyme A biosynthesis I|g__Phascolarctobacterium.s__Phascolarctobacterium_succinatutens	7.4753768514
SER-GLYSYN-PWY: superpathway of L-serine and glycine biosynthesis I	58.8164785993
SER-GLYSYN-PWY: superpathway of L-serine and glycine biosynthesis I|g__Ruminococcus.s__Ruminococcus_bromii	11.7908342846
SER-GLYSYN-PWY: superpathway of L-serine and glycine biosynthesis I|g__Phascolarctobacterium.s__Phascolarctobacterium_succinatutens	9.9212722029
SER-GLYSYN-PWY: superpathway of L-serine and glycine biosynthesis I|g__Blautia.s__Ruminococcus_torques	3.3580386054
SER-GLYSYN-PWY: superpathway of L-serine and glycine biosynthesis I|g__Faecalibacterium.s__Faecalibacterium_prausnitzii	2.6163591748
SER-GLYSYN-PWY: superpathway of L-serine and glycine biosynthesis I|g__Coprococcus.s__Coprococcus_catus	1.2486406786
MET-SAM-PWY: superpathway of S-adenosyl-L-methionine biosynthesis	56.5180054922
MET-SAM-PWY: superpathway of S-adenosyl-L-methionine biosynthesis|g__Klebsiella.s__Klebsiella_oxytoca	7.3445300068
PWY-5347: superpathway of L-methionine biosynthesis (transsulfuration)	56.0307469205
PWY-5347: superpathway of L-methionine biosynthesis (transsulfuration)|g__Klebsiella.s__Klebsiella_oxytoca	6.6603917069
PWY-5103: L-isoleucine biosynthesis III	55.3688564049
PWY-5103: L-isoleucine biosynthesis III|g__Klebsiella.s__Klebsiella_oxytoca	8.6478519944
PWY-5103: L-isoleucine biosynthesis III|g__Faecalibacterium.s__Faecalibacterium_prausnitzii	7.3103686411
PWY-5103: L-isoleucine biosynthesis III|g__Blautia.s__Ruminococcus_obeum	0.7954119605
ANAEROFRUCAT-PWY: homolactic fermentation	54.2462944678
PWY-841: superpathway of purine nucleotides de novo biosynthesis I	54.1127734650
METSYN-PWY: L-homoserine and L-methionine biosynthesis	53.5977377745
METSYN-PWY: L-homoserine and L-methionine biosynthesis|g__Klebsiella.s__Klebsiella_oxytoca	7.7724375510
PWY-6270: isoprene biosynthesis I	53.3298388778
PWY-6270: isoprene biosynthesis I|g__Phascolarctobacterium.s__Phascolarctobacterium_succinatutens	5.3551255326
PWY-7560: methylerythritol phosphate pathway II	48.2366496881
PWY-7560: methylerythritol phosphate pathway II|g__Phascolarctobacterium.s__Phascolarctobacterium_succinatutens	5.4101325684
TRNA-CHARGING-PWY: tRNA charging	48.1949484067
PWY-6123: inosine-5'-phosphate biosynthesis I	47.7083150578
PWY-6123: inosine-5'-phosphate biosynthesis I|g__Faecalibacterium.s__Faecalibacterium_prausnitzii	3.5400208689
PWY-6123: inosine-5'-phosphate biosynthesis I|g__Klebsiella.s__Klebsiella_oxytoca	2.8981255189
PWY-6123: inosine-5'-phosphate biosynthesis I|g__Streptococcus.s__Streptococcus_thermophilus	1.6694613369
PWY-6123: inosine-5'-phosphate biosynthesis I|g__Bacteroides.s__Bacteroides_thetaiotaomicron	1.3435540371
PWY-6123: inosine-5'-phosphate biosynthesis I|g__Bacteroides.s__Bacteroides_fragilis	1.1216127699
PHOSLIPSYN-PWY: superpathway of phospholipid biosynthesis I (bacteria)	47.2322690376
PWY-5101: L-isoleucine biosynthesis II	46.8386193358
PWY-7197: pyrimidine deoxyribonucleotide phosphorylation	45.7530436451
PWY-7197: pyrimidine deoxyribonucleotide phosphorylation|g__Sutterella.s__Sutterella_wadsworthensis	2.1321961620
PWY-7197: pyrimidine deoxyribonucleotide phosphorylation|g__Akkermansia.s__Akkermansia_muciniphila	2.0855057351
COBALSYN-PWY: adenosylcobalamin salvage from cobinamide I	45.1661502421
COBALSYN-PWY: adenosylcobalamin salvage from cobinamide I|g__Phascolarctobacterium.s__Phascolarctobacterium_succinatutens	3.8274435273
COBALSYN-PWY: adenosylcobalamin salvage from cobinamide I|g__Faecalibacterium.s__Faecalibacterium_prausnitzii	3.5451538735
RHAMCAT-PWY: L-rhamnose degradation I	42.8534399642
RHAMCAT-PWY: L-rhamnose degradation I|g__Klebsiella.s__Klebsiella_oxytoca	5.2040900197
RHAMCAT-PWY: L-rhamnose degradation I|g__Bacteroides.s__Bacteroides_thetaiotaomicron	1.7429723875
PWY-6124: inosine-5'-phosphate biosynthesis II	40.6970429483
PWY-6124: inosine-5'-phosphate biosynthesis II|g__Faecalibacterium.s__Faecalibacterium_prausnitzii	4.7285721683
PWY-6124: inosine-5'-phosphate biosynthesis II|g__Klebsiella.s__Klebsiella_oxytoca	3.2882625456
PWY-6124: inosine-5'-phosphate biosynthesis II|g__Bacteroides.s__Bacteroides_ovatus	2.1340302889
PWY-6124: inosine-5'-phosphate biosynthesis II|g__Streptococcus.s__Streptococcus_thermophilus	1.5748162356
PWY-6124: inosine-5'-phosphate biosynthesis II|g__Bacteroides.s__Bacteroides_thetaiotaomicron	1.2466441789
PWY-6124: inosine-5'-phosphate biosynthesis II|g__Bacteroides.s__Bacteroides_fragilis	0.9476164409
HISTSYN-PWY: L-histidine biosynthesis	39.9634278778
HISTSYN-PWY: L-histidine biosynthesis|g__Ruminococcus.s__Ruminococcus_bromii	4.6816492496
HISTSYN-PWY: L-histidine biosynthesis|g__Bacteroides.s__Bacteroides_thetaiotaomicron	1.5261400550
DTDPRHAMSYN-PWY: dTDP-L-rhamnose biosynthesis I	39.1624094837
DTDPRHAMSYN-PWY: dTDP-L-rhamnose biosynthesis I|g__Faecalibacterium.s__Faecalibacterium_prausnitzii	3.1683640004
DTDPRHAMSYN-PWY: dTDP-L-rhamnose biosynthesis I|g__Bacteroides.s__Bacteroides_ovatus	1.5471515472
DTDPRHAMSYN-PWY: dTDP-L-rhamnose biosynthesis I|g__Bacteroides.s__Bacteroides_fragilis	1.4879046460
DTDPRHAMSYN-PWY: dTDP-L-rhamnose biosynthesis I|g__Eubacterium.s__Eubacterium_rectale	1.2191405059
PWY-6147: 6-hydroxymethyl-dihydropterin diphosphate biosynthesis I	38.9378308645
PWY-6147: 6-hydroxymethyl-dihydropterin diphosphate biosynthesis I|g__Bacteroides.s__Bacteroides_ovatus	2.2484541877
PWY-6545: pyrimidine deoxyribonucleotides de novo biosynthesis III	38.7468095793
PYRIDNUCSYN-PWY: NAD biosynthesis I (from aspartate)	37.3570093859
PYRIDNUCSYN-PWY: NAD biosynthesis I (from aspartate)|g__Ruminococcus.s__Ruminococcus_bromii	3.5882618030
PWY-7539: 6-hydroxymethyl-dihydropterin diphosphate biosynthesis III (Chlamydia)	36.5305639973
PWY-7539: 6-hydroxymethyl-dihydropterin diphosphate biosynthesis III (Chlamydia)|g__Bacteroides.s__Bacteroides_ovatus	2.7235035644
CITRULBIO-PWY: L-citrulline biosynthesis	36.4457707074
ARGSYNBSUB-PWY: L-arginine biosynthesis II (acetyl cycle)	36.1633242439
GALACTUROCAT-PWY: D-galacturonate degradation I	35.1910079925
GALACTUROCAT-PWY: D-galacturonate degradation I|g__Faecalibacterium.s__Faecalibacterium_prausnitzii	5.8823590791
GLUCONEO-PWY: gluconeogenesis I	34.8359630599
PWY-7013: L-1,2-propanediol degradation	33.3569963351
PWY-7013: L-1,2-propanediol degradation|g__Klebsiella.s__Klebsiella_oxytoca	9.4625989674
PWY-5154: L-arginine biosynthesis III (via N-acetyl-L-citrulline)	32.8525165453
COA-PWY: coenzyme A biosynthesis I	32.5670828247
COA-PWY: coenzyme A biosynthesis I|g__Phascolarctobacterium.s__Phascolarctobacterium_succinatutens	8.2796035713
COA-PWY: coenzyme A biosynthesis I|g__Faecalibacterium.s__Faecalibacterium_prausnitzii	4.5835800261
COA-PWY: coenzyme A biosynthesis I|g__Bacteroides.s__Bacteroides_ovatus	1.0976948408
GLCMANNANAUT-PWY: superpathway of N-acetylglucosamine, N-acetylmannosamine and N-acetylneuraminate degradation	32.4676314291
GLCMANNANAUT-PWY: superpathway of N-acetylglucosamine, N-acetylmannosamine and N-acetylneuraminate degradation|g__Dorea.s__Dorea_longicatena	7.1541645963
GLCMANNANAUT-PWY: superpathway of N-acetylglucosamine, N-acetylmannosamine and N-acetylneuraminate degradation|g__Faecalibacterium.s__Faecalibacterium_prausnitzii	4.3060215368
GLCMANNANAUT-PWY: superpathway of N-acetylglucosamine, N-acetylmannosamine and N-acetylneuraminate degradation|g__Blautia.s__Ruminococcus_torques	2.4205881022
PWY-7234: inosine-5'-phosphate biosynthesis III	32.1141088132
PWY66-400: glycolysis VI (metazoan)	31.9566596553
PWY-5345: superpathway of L-methionine biosynthesis (by sulfhydrylation)	31.6545118735
P4-PWY: superpathway of L-lysine, L-threonine and L-methionine biosynthesis I	31.4421167253
PWY-4984: urea cycle	31.4334277665
PWY-4984: urea cycle|g__Lachnospiraceae_noname.s__Lachnospiraceae_bacterium_7_1_58FAA	1.7546792038
RIBOSYN2-PWY: flavin biosynthesis I (bacteria and plants)	31.0781083214
PWY0-781: aspartate superpathway	30.9566651758
HOMOSER-METSYN-PWY: L-methionine biosynthesis I	30.9168746902
HOMOSER-METSYN-PWY: L-methionine biosynthesis I|g__Ruminococcus.s__Ruminococcus_bromii	7.6021931262
HOMOSER-METSYN-PWY: L-methionine biosynthesis I|g__Klebsiella.s__Klebsiella_oxytoca	5.7983723633
GLYCOLYSIS: glycolysis I (from glucose 6-phosphate)	30.2214537593
PWY-5484: glycolysis II (from fructose 6-phosphate)	29.9698463637
PWY-5484: glycolysis II (from fructose 6-phosphate)|g__Klebsiella.s__Klebsiella_oxytoca	2.6819075760
DENOVOPURINE2-PWY: superpathway of purine nucleotides de novo biosynthesis II	29.9177425381
GLYCOGENSYNTH-PWY: glycogen biosynthesis I (from ADP-D-Glucose)	29.5861585928
GLYCOGENSYNTH-PWY: glycogen biosynthesis I (from ADP-D-Glucose)|g__Klebsiella.s__Klebsiella_oxytoca	6.6520078851
PWY0-1297: superpathway of purine deoxyribonucleosides degradation	29.0742161069
PWY0-1297: superpathway of purine deoxyribonucleosides degradation|g__Klebsiella.s__Klebsiella_oxytoca	8.6769422519
PWY4FS-7: phosphatidylglycerol biosynthesis I (plastidic)	28.8756366180
PWY4FS-8: phosphatidylglycerol biosynthesis II (non-plastidic)	28.8756366180
PWY-1269: CMP-3-deoxy-D-manno-octulosonate biosynthesis I	28.1657656386
PWY-1269: CMP-3-deoxy-D-manno-octulosonate biosynthesis I|g__Klebsiella.s__Klebsiella_oxytoca	2.4082185466
PWY-1269: CMP-3-deoxy-D-manno-octulosonate biosynthesis I|g__Bacteroides.s__Bacteroides_thetaiotaomicron	2.3661181003
PWY-5188: tetrapyrrole biosynthesis I (from glutamate)	27.7888088895
PWY-5188: tetrapyrrole biosynthesis I (from glutamate)|g__Ruminococcus.s__Ruminococcus_bromii	3.6290715469
PWY-5188: tetrapyrrole biosynthesis I (from glutamate)|g__Sutterella.s__Sutterella_wadsworthensis	1.2117550381
PWY0-1586: peptidoglycan maturation (meso-diaminopimelate containing)	27.7734704496
PWY0-1586: peptidoglycan maturation (meso-diaminopimelate containing)|g__Faecalibacterium.s__Faecalibacterium_prausnitzii	7.7293022983
PWY0-1586: peptidoglycan maturation (meso-diaminopimelate containing)|g__Akkermansia.s__Akkermansia_muciniphila	1.5228068626
PWY0-1586: peptidoglycan maturation (meso-diaminopimelate containing)|g__Klebsiella.s__Klebsiella_oxytoca	1.3938473330
PWY-5659: GDP-mannose biosynthesis	26.8371800284
PWY-5659: GDP-mannose biosynthesis|g__Faecalibacterium.s__Faecalibacterium_prausnitzii	4.6624453680
PWY-5659: GDP-mannose biosynthesis|g__Alistipes.s__Alistipes_finegoldii	1.7535253071
PWY-5659: GDP-mannose biosynthesis|g__Bacteroides.s__Bacteroides_ovatus	1.7366176075
ARG+POLYAMINE-SYN: superpathway of arginine and polyamine biosynthesis	26.6981490872
DAPLYSINESYN-PWY: L-lysine biosynthesis I	26.0921775312
DAPLYSINESYN-PWY: L-lysine biosynthesis I|g__Klebsiella.s__Klebsiella_oxytoca	3.6936223046
TCA: TCA cycle I (prokaryotic)	26.0575650723
TCA: TCA cycle I (prokaryotic)|g__Klebsiella.s__Klebsiella_oxytoca	4.5308207833
SULFATE-CYS-PWY: superpathway of sulfate assimilation and cysteine biosynthesis	25.4524519145
PWY-4981: L-proline biosynthesis II (from arginine)	25.2320413088
PWY-4981: L-proline biosynthesis II (from arginine)|g__Collinsella.s__Collinsella_aerofaciens	3.9158966353
PWY-621: sucrose degradation III (sucrose invertase)	24.7109404249
PWY-621: sucrose degradation III (sucrose invertase)|g__Eubacterium.s__Eubacterium_rectale	1.6308845515
HSERMETANA-PWY: L-methionine biosynthesis III	24.6378856381
SO4ASSIM-PWY: sulfate reduction I (assimilatory)	24.1387200092
SO4ASSIM-PWY: sulfate reduction I (assimilatory)|g__Klebsiella.s__Klebsiella_oxytoca	8.4375772712
PWY-6969: TCA cycle V (2-oxoglutarate:ferredoxin oxidoreductase)	23.7758851007
GLUTORN-PWY: L-ornithine biosynthesis	22.9525395285
GLUTORN-PWY: L-ornithine biosynthesis|g__Klebsiella.s__Klebsiella_oxytoca	5.7540503543
GLUTORN-PWY: L-ornithine biosynthesis|g__Blautia.s__Ruminococcus_torques	2.1167787537
PWY-6305: putrescine biosynthesis IV	22.8437657132
PWY-6305: putrescine biosynthesis IV|g__Klebsiella.s__Klebsiella_oxytoca	8.2544907778
PWY-6305: putrescine biosynthesis IV|g__Faecalibacterium.s__Faecalibacterium_prausnitzii	3.3791568716
PWY-6305: putrescine biosynthesis IV|g__Blautia.s__Ruminococcus_obeum	1.5684441613
P441-PWY: superpathway of N-acetylneuraminate degradation	21.8268560404
PWY66-399: gluconeogenesis III	21.2214392384
BIOTIN-BIOSYNTHESIS-PWY: biotin biosynthesis I	21.1639741428
GALACT-GLUCUROCAT-PWY: superpathway of hexuronide and hexuronate degradation	20.7929930923
GALACT-GLUCUROCAT-PWY: superpathway of hexuronide and hexuronate degradation|g__Faecalibacterium.s__Faecalibacterium_prausnitzii	5.5645755584
PWY-7187: pyrimidine deoxyribonucleotides de novo biosynthesis II	20.6362535106
PWY-6901: superpathway of glucose and xylose degradation	20.2295179221
PWY-7237: myo-, chiro- and scillo-inositol degradation	19.2400897584
PWY-7237: myo-, chiro- and scillo-inositol degradation|g__Dorea.s__Dorea_longicatena	13.2496674180
PWY-7237: myo-, chiro- and scillo-inositol degradation|g__Klebsiella.s__Klebsiella_oxytoca	5.9904223404
PWY-4242: pantothenate and coenzyme A biosynthesis III	18.7834830481
PWY-4242: pantothenate and coenzyme A biosynthesis III|g__Phascolarctobacterium.s__Phascolarctobacterium_succinatutens	7.5535382412
PWY-4242: pantothenate and coenzyme A biosynthesis III|g__Faecalibacterium.s__Faecalibacterium_prausnitzii	2.0215009309
FASYN-ELONG-PWY: fatty acid elongation -- saturated	18.5836603628
PWY-5690: TCA cycle II (plants and fungi)	18.4341039553
HISDEG-PWY: L-histidine degradation I	17.6052732385
HISDEG-PWY: L-histidine degradation I|g__Alistipes.s__Alistipes_shahii	0.8814612177
NAGLIPASYN-PWY: lipid IVA biosynthesis	17.4430701188
HEXITOLDEGSUPER-PWY: superpathway of hexitol degradation (bacteria)	17.4087487606
PWY-2941: L-lysine biosynthesis II	17.3943914703
POLYAMSYN-PWY: superpathway of polyamine biosynthesis I	17.3098213433
PWY-6519: 8-amino-7-oxononanoate biosynthesis I	17.0918736471
PWY-5676: acetyl-CoA fermentation to butanoate II	17.0035131181
PWYG-321: mycolate biosynthesis	16.9883913922
PWY-6936: seleno-amino acid biosynthesis	16.6760396127
PWY-6936: seleno-amino acid biosynthesis|g__Dorea.s__Dorea_longicatena	6.3647123358
PWY-6936: seleno-amino acid biosynthesis|g__Klebsiella.s__Klebsiella_oxytoca	4.6665470361
PWY-6608: guanosine nucleotides degradation III	16.6095153456
PWY-7664: oleate biosynthesis IV (anaerobic)	16.5841627727
PWY-7242: D-fructuronate degradation	15.8827872261
PWY-7242: D-fructuronate degradation|g__Faecalibacterium.s__Faecalibacterium_prausnitzii	6.5132145307
PWY-5136: fatty acid &beta;-oxidation II (peroxisome)	15.5133046195
GLUCUROCAT-PWY: superpathway of &beta;-D-glucuronide and D-glucuronate degradation	15.4601980065
GLUCUROCAT-PWY: superpathway of &beta;-D-glucuronide and D-glucuronate degradation|g__Faecalibacterium.s__Faecalibacterium_prausnitzii	5.7035216443
PWY-6628: superpathway of L-phenylalanine biosynthesis	15.3400259598
PWY-5083: NAD/NADH phosphorylation and dephosphorylation	15.1885985063
PWY-5083: NAD/NADH phosphorylation and dephosphorylation|g__Klebsiella.s__Klebsiella_oxytoca	6.1510199092
FERMENTATION-PWY: mixed acid fermentation	15.0986656992
FAO-PWY: fatty acid &beta;-oxidation I	15.0949640983
PWY-5177: glutaryl-CoA degradation	14.8740720875
PWY-5177: glutaryl-CoA degradation|g__Faecalibacterium.s__Faecalibacterium_prausnitzii	7.0407602054
PWY-1861: formaldehyde assimilation II (RuMP Cycle)	14.6752156321
PENTOSE-P-PWY: pentose phosphate pathway	14.5584899466
PENTOSE-P-PWY: pentose phosphate pathway|g__Klebsiella.s__Klebsiella_oxytoca	3.4218130734
PWY0-862: (5Z)-dodec-5-enoate biosynthesis	14.5035021600
PWY0-862: (5Z)-dodec-5-enoate biosynthesis|g__Klebsiella.s__Klebsiella_oxytoca	3.5008342522
PWY-6282: palmitoleate biosynthesis I (from (5Z)-dodec-5-enoate)	14.4351793733
P42-PWY: incomplete reductive TCA cycle	14.0987505049
SALVADEHYPOX-PWY: adenosine nucleotides degradation II	14.0260929881
PWY-5989: stearate biosynthesis II (bacteria and plants)	13.6564013634
PWY-7456: mannan degradation	13.6298204812
PWY-5100: pyruvate fermentation to acetate and lactate II	13.5426491418
GLYCOLYSIS-E-D: superpathway of glycolysis and Entner-Doudoroff	13.2107353912
PWY-6507: 4-deoxy-L-threo-hex-4-enopyranuronate degradation	13.1952743646
PWY-6507: 4-deoxy-L-threo-hex-4-enopyranuronate degradation|g__Faecalibacterium.s__Faecalibacterium_prausnitzii	6.6831263377
P161-PWY: acetylene degradation	12.6200109739
P161-PWY: acetylene degradation|g__Klebsiella.s__Klebsiella_oxytoca	4.1569951306
FASYN-INITIAL-PWY: superpathway of fatty acid biosynthesis initiation (E. coli)	12.3857058081
PWY-7383: anaerobic energy metabolism (invertebrates, cytosol)	12.2634927068
PWY-6803: phosphatidylcholine acyl editing	12.1577300343
PWY-6803: phosphatidylcholine acyl editing|g__Klebsiella.s__Klebsiella_oxytoca	7.4971519437
PWY-6471: peptidoglycan biosynthesis IV (Enterococcus faecium)	11.6767355911
POLYAMINSYN3-PWY: superpathway of polyamine biosynthesis II	11.5499251792
PWY-7388: octanoyl-[acyl-carrier protein] biosynthesis (mitochondria, yeast)	11.5099630550
REDCITCYC: TCA cycle VIII (helicobacter)	11.3701651834
OANTIGEN-PWY: O-antigen building blocks biosynthesis (E. coli)	11.2987186473
LACTOSECAT-PWY: lactose and galactose degradation I	11.1395043918
GLYCOLYSIS-TCA-GLYOX-BYPASS: superpathway of glycolysis, pyruvate dehydrogenase, TCA, and glyoxylate bypass	10.4471520533
PWY0-1298: superpathway of pyrimidine deoxyribonucleosides degradation	10.2975524104
PWY-6353: purine nucleotides degradation II (aerobic)	10.1909232971
PWY-7199: pyrimidine deoxyribonucleosides salvage	10.1310631887
HEMESYN2-PWY: heme biosynthesis II (anaerobic)	10.0937067446
HEMESYN2-PWY: heme biosynthesis II (anaerobic)|g__Sutterella.s__Sutterella_wadsworthensis	1.5296964506
PWY0-1241: ADP-L-glycero-&beta;-D-manno-heptose biosynthesis	9.7409419522
PWY0-1241: ADP-L-glycero-&beta;-D-manno-heptose biosynthesis|g__Klebsiella.s__Klebsiella_oxytoca	3.6542908657
P461-PWY: hexitol fermentation to lactate, formate, ethanol and acetate	9.5799502567
PWY0-1061: superpathway of L-alanine biosynthesis	9.5508255334
PWY0-1261: anhydromuropeptides recycling	9.3836896638
P164-PWY: purine nucleobases degradation I (anaerobic)	9.3005015337
PWY66-409: superpathway of purine nucleotide salvage	9.2905241108
PWY-4361: S-methyl-5-thio-&alpha;-D-ribose 1-phosphate degradation	8.9708202876
PWY-4361: S-methyl-5-thio-&alpha;-D-ribose 1-phosphate degradation|g__Klebsiella.s__Klebsiella_oxytoca	6.8227385335
PPGPPMET-PWY: ppGpp biosynthesis	8.5481069712
PPGPPMET-PWY: ppGpp biosynthesis|g__Klebsiella.s__Klebsiella_oxytoca	4.6039763602
PWY-7254: TCA cycle VII (acetate-producers)	8.4856398466
HEME-BIOSYNTHESIS-II: heme biosynthesis I (aerobic)	7.7106175884
PWY-5918: superpathay of heme biosynthesis from glutamate	7.4665791919
UDPNAGSYN-PWY: UDP-N-acetyl-D-glucosamine biosynthesis I	7.4502861889
PWY-5030: L-histidine degradation III	7.4337172937
PYRIDNUCSAL-PWY: NAD salvage pathway I	7.3061957481
P122-PWY: heterolactic fermentation	7.0698184431
PWY-5855: ubiquinol-7 biosynthesis (prokaryotic)	6.8515563147
PWY-5855: ubiquinol-7 biosynthesis (prokaryotic)|g__Klebsiella.s__Klebsiella_oxytoca	2.6649174045
PWY-5856: ubiquinol-9 biosynthesis (prokaryotic)	6.8515563147
PWY-5856: ubiquinol-9 biosynthesis (prokaryotic)|g__Klebsiella.s__Klebsiella_oxytoca	2.6649174045
PWY-5857: ubiquinol-10 biosynthesis (prokaryotic)	6.8515563147
PWY-5857: ubiquinol-10 biosynthesis (prokaryotic)|g__Klebsiella.s__Klebsiella_oxytoca	2.6649174045
PWY-6708: ubiquinol-8 biosynthesis (prokaryotic)	6.8515563147
PWY-6708: ubiquinol-8 biosynthesis (prokaryotic)|g__Klebsiella.s__Klebsiella_oxytoca	2.6649174045
TCA-GLYOX-BYPASS: superpathway of glyoxylate bypass and TCA	6.7932851047
PWY-6606: guanosine nucleotides degradation II	6.6715084830
PWY-5505: L-glutamate and L-glutamine biosynthesis	6.4815913892
PWY-6531: mannitol cycle	6.1013454531
P108-PWY: pyruvate fermentation to propanoate I	6.0862548509
PWY-6595: superpathway of guanosine nucleotides degradation (plants)	5.9601468381
PWY-5088: L-glutamate degradation VIII (to propanoate)	5.3258364604
GLUCARDEG-PWY: D-glucarate degradation I	5.1223064201
GLUCARDEG-PWY: D-glucarate degradation I|g__Klebsiella.s__Klebsiella_oxytoca	4.7065270053
PWY-4041: &gamma;-glutamyl cycle	5.0577628856
PWY-4041: &gamma;-glutamyl cycle|g__Klebsiella.s__Klebsiella_oxytoca	4.8946516348
PWY0-1415: superpathway of heme biosynthesis from uroporphyrinogen-III	4.9856554111
PWY-5121: superpathway of geranylgeranyl diphosphate biosynthesis II (via MEP)	4.9557706358
GALACTARDEG-PWY: D-galactarate degradation I	4.7162448489
GALACTARDEG-PWY: D-galactarate degradation I|g__Klebsiella.s__Klebsiella_oxytoca	4.3614901822
GLUCARGALACTSUPER-PWY: superpathway of D-glucarate and D-galactarate degradation	4.7162448489
GLUCARGALACTSUPER-PWY: superpathway of D-glucarate and D-galactarate degradation|g__Klebsiella.s__Klebsiella_oxytoca	4.3614901822
PWY-5913: TCA cycle VI (obligate autotrophs)	4.5468765038
GLYOXYLATE-BYPASS: glyoxylate cycle	4.5165304239
PWY4LZ-257: superpathway of fermentation (Chlamydomonas reinhardtii)	4.4855770341
P105-PWY: TCA cycle IV (2-oxoglutarate decarboxylase)	4.3476135445
PWY-5723: Rubisco shunt	4.1181960666
RUMP-PWY: formaldehyde oxidation I	3.6361591703
PWY-5920: superpathway of heme biosynthesis from glycine	3.4699886114
GLYCOCAT-PWY: glycogen degradation I (bacterial)	3.1465098378
PWY-561: superpathway of glyoxylate cycle and fatty acid degradation	3.0838007786
NAD-BIOSYNTHESIS-II: NAD salvage pathway II	2.9990673673
NAD-BIOSYNTHESIS-II: NAD salvage pathway II|g__Klebsiella.s__Klebsiella_oxytoca	2.8624375231
PWY-5104: L-isoleucine biosynthesis IV	2.9896976136
PWY-5189: tetrapyrrole biosynthesis II (from glycine)	2.6211430008
FUCCAT-PWY: fucose degradation	2.2748523888
PWY-6588: pyruvate fermentation to acetone	2.1742747645
PWY-5173: superpathway of acetyl-CoA biosynthesis	2.0209632629
PWY-5173: superpathway of acetyl-CoA biosynthesis|g__Klebsiella.s__Klebsiella_oxytoca	1.8960323542
PWY-4702: phytate degradation I	1.6700943413
PWY-7371: 1,4-dihydroxy-6-naphthoate biosynthesis II	1.3695842171
PWY-7371: 1,4-dihydroxy-6-naphthoate biosynthesis II|g__Alistipes.s__Alistipes_finegoldii	1.0744985673
PWY-6731: starch degradation III	1.2533875525
PWY-6731: starch degradation III|g__Klebsiella.s__Klebsiella_oxytoca	1.1569160122