# Pathway	ERR480523_Abundance
UNMAPPED	80922.2173337880
UNINTEGRATED	13383.0578912475
UNINTEGRATED|g__Fusobacterium.s__Fusobacterium_gonidiaformans	1831.8146387792
UNINTEGRATED|g__Bacteroides.s__Bacteroides_uniformis	1548.0806376278
UNINTEGRATED|g__Bacteroides.s__Bacteroides_vulgatus	1245.7517265742
UNINTEGRATED|g__Ruminococcus.s__Ruminococcus_bromii	1131.3789256249
UNINTEGRATED|g__Bacteroides.s__Bacteroides_ovatus	1017.1649230700
UNINTEGRATED|g__Bacteroides.s__Bacteroides_massiliensis	978.6064113428
UNINTEGRATED|g__Faecalibacterium.s__Faecalibacterium_prausnitzii	610.6520241955
UNINTEGRATED|g__Blautia.s__Ruminococcus_torques	600.8447259678
UNINTEGRATED|g__Bacteroides.s__Bacteroides_thetaiotaomicron	443.6294693848
UNINTEGRATED|g__Eubacterium.s__Eubacterium_rectale	417.1865515960
UNINTEGRATED|g__Akkermansia.s__Akkermansia_muciniphila	112.6159710717
PWY-7219: adenosine ribonucleotides de novo biosynthesis	20.0508145102
PWY-7219: adenosine ribonucleotides de novo biosynthesis|g__Ruminococcus.s__Ruminococcus_bromii	5.8338304743
PWY-7219: adenosine ribonucleotides de novo biosynthesis|g__Fusobacterium.s__Fusobacterium_gonidiaformans	4.4848700425
PWY-7219: adenosine ribonucleotides de novo biosynthesis|g__Bacteroides.s__Bacteroides_vulgatus	2.5584315609
PWY-7219: adenosine ribonucleotides de novo biosynthesis|g__Blautia.s__Ruminococcus_torques	1.7472408347
PWY-7219: adenosine ribonucleotides de novo biosynthesis|g__Bacteroides.s__Bacteroides_ovatus	0.9433962264
PWY-7219: adenosine ribonucleotides de novo biosynthesis|g__Bacteroides.s__Bacteroides_massiliensis	0.7359705612
PWY-7221: guanosine ribonucleotides de novo biosynthesis	16.2199544580
PWY-7221: guanosine ribonucleotides de novo biosynthesis|g__Fusobacterium.s__Fusobacterium_gonidiaformans	3.1059971642
PWY-7221: guanosine ribonucleotides de novo biosynthesis|g__Ruminococcus.s__Ruminococcus_bromii	1.9774538877
PWY-7221: guanosine ribonucleotides de novo biosynthesis|g__Eubacterium.s__Eubacterium_rectale	0.7942811755
COA-PWY-1: coenzyme A biosynthesis II (mammalian)	15.5473334904
COA-PWY-1: coenzyme A biosynthesis II (mammalian)|g__Bacteroides.s__Bacteroides_vulgatus	2.0452533391
COA-PWY-1: coenzyme A biosynthesis II (mammalian)|g__Fusobacterium.s__Fusobacterium_gonidiaformans	1.4948324248
PWY-6700: queuosine biosynthesis	13.7774379255
PWY-6700: queuosine biosynthesis|g__Fusobacterium.s__Fusobacterium_gonidiaformans	2.8487450664
PWY-6700: queuosine biosynthesis|g__Bacteroides.s__Bacteroides_vulgatus	1.2254955046
PWY-6700: queuosine biosynthesis|g__Bacteroides.s__Bacteroides_ovatus	1.2161796756
PWY-6121: 5-aminoimidazole ribonucleotide biosynthesis I	13.7704422959
PWY-6121: 5-aminoimidazole ribonucleotide biosynthesis I|g__Fusobacterium.s__Fusobacterium_gonidiaformans	4.2321638214
PEPTIDOGLYCANSYN-PWY: peptidoglycan biosynthesis I (meso-diaminopimelate containing)	13.6367615459
PEPTIDOGLYCANSYN-PWY: peptidoglycan biosynthesis I (meso-diaminopimelate containing)|g__Fusobacterium.s__Fusobacterium_gonidiaformans	4.5859031387
PEPTIDOGLYCANSYN-PWY: peptidoglycan biosynthesis I (meso-diaminopimelate containing)|g__Bacteroides.s__Bacteroides_vulgatus	1.2441973130
PWY-1042: glycolysis IV (plant cytosol)	13.4588892542
PWY-1042: glycolysis IV (plant cytosol)|g__Fusobacterium.s__Fusobacterium_gonidiaformans	3.6161070397
PWY-6122: 5-aminoimidazole ribonucleotide biosynthesis II	13.0190553333
PWY-6122: 5-aminoimidazole ribonucleotide biosynthesis II|g__Fusobacterium.s__Fusobacterium_gonidiaformans	3.7752537916
PWY-6122: 5-aminoimidazole ribonucleotide biosynthesis II|g__Ruminococcus.s__Ruminococcus_bromii	2.0230780130
PWY-6122: 5-aminoimidazole ribonucleotide biosynthesis II|g__Faecalibacterium.s__Faecalibacterium_prausnitzii	0.7914523150
PWY-6277: superpathway of 5-aminoimidazole ribonucleotide biosynthesis	13.0190553333
PWY-6277: superpathway of 5-aminoimidazole ribonucleotide biosynthesis|g__Fusobacterium.s__Fusobacterium_gonidiaformans	3.7752537916
PWY-6277: superpathway of 5-aminoimidazole ribonucleotide biosynthesis|g__Ruminococcus.s__Ruminococcus_bromii	2.0230780130
PWY-6277: superpathway of 5-aminoimidazole ribonucleotide biosynthesis|g__Faecalibacterium.s__Faecalibacterium_prausnitzii	0.7914523150
ANAGLYCOLYSIS-PWY: glycolysis III (from glucose)	12.8664640544
PWY-6151: S-adenosyl-L-methionine cycle I	12.8196925064
PWY-6151: S-adenosyl-L-methionine cycle I|g__Ruminococcus.s__Ruminococcus_bromii	2.3049813952
PWY-6151: S-adenosyl-L-methionine cycle I|g__Bacteroides.s__Bacteroides_massiliensis	2.2734207859
PWY-6386: UDP-N-acetylmuramoyl-pentapeptide biosynthesis II (lysine-containing)	12.7855312297
PWY-6386: UDP-N-acetylmuramoyl-pentapeptide biosynthesis II (lysine-containing)|g__Fusobacterium.s__Fusobacterium_gonidiaformans	4.2175784157
PWY-6317: galactose degradation I (Leloir pathway)	12.2392014845
PWY-6317: galactose degradation I (Leloir pathway)|g__Fusobacterium.s__Fusobacterium_gonidiaformans	3.9723275876
PWY-6317: galactose degradation I (Leloir pathway)|g__Ruminococcus.s__Ruminococcus_bromii	2.1509952543
PWY66-422: D-galactose degradation V (Leloir pathway)	12.2392014845
PWY66-422: D-galactose degradation V (Leloir pathway)|g__Fusobacterium.s__Fusobacterium_gonidiaformans	3.9723275876
PWY66-422: D-galactose degradation V (Leloir pathway)|g__Ruminococcus.s__Ruminococcus_bromii	2.1509952543
PWY-6387: UDP-N-acetylmuramoyl-pentapeptide biosynthesis I (meso-diaminopimelate containing)	12.1964207536
PWY-6387: UDP-N-acetylmuramoyl-pentapeptide biosynthesis I (meso-diaminopimelate containing)|g__Fusobacterium.s__Fusobacterium_gonidiaformans	4.0074380246
PWY-6387: UDP-N-acetylmuramoyl-pentapeptide biosynthesis I (meso-diaminopimelate containing)|g__Bacteroides.s__Bacteroides_vulgatus	1.3871283925
PWY-5695: urate biosynthesis/inosine 5'-phosphate degradation	11.4220171405
PWY-5695: urate biosynthesis/inosine 5'-phosphate degradation|g__Bacteroides.s__Bacteroides_vulgatus	1.8887531588
PWY-5695: urate biosynthesis/inosine 5'-phosphate degradation|g__Blautia.s__Ruminococcus_torques	1.0268360436
PWY-6527: stachyose degradation	11.1455308933
NONOXIPENT-PWY: pentose phosphate pathway (non-oxidative branch)	11.1450469916
NONOXIPENT-PWY: pentose phosphate pathway (non-oxidative branch)|g__Ruminococcus.s__Ruminococcus_bromii	5.8915678485
PWY-6385: peptidoglycan biosynthesis III (mycobacteria)	10.7932834127
PWY-6163: chorismate biosynthesis from 3-dehydroquinate	10.3127820525
COMPLETE-ARO-PWY: superpathway of aromatic amino acid biosynthesis	10.1365972538
PWY-6737: starch degradation V	10.0907901591
PWY-6737: starch degradation V|g__Fusobacterium.s__Fusobacterium_gonidiaformans	3.9314372952
PWY-6737: starch degradation V|g__Ruminococcus.s__Ruminococcus_bromii	1.3717091242
ARO-PWY: chorismate biosynthesis I	10.0489422898
PANTO-PWY: phosphopantothenate biosynthesis I	9.9061642237
PANTO-PWY: phosphopantothenate biosynthesis I|g__Bacteroides.s__Bacteroides_vulgatus	1.8651169061
PWY-5686: UMP biosynthesis	9.8613213688
PWY-3841: folate transformations II	9.8169177511
PWY-3841: folate transformations II|g__Bacteroides.s__Bacteroides_massiliensis	2.8827360660
PWY-3841: folate transformations II|g__Bacteroides.s__Bacteroides_vulgatus	1.3435611577
PWY-5097: L-lysine biosynthesis VI	9.5309684932
COBALSYN-PWY: adenosylcobalamin salvage from cobinamide I	9.3235613644
COBALSYN-PWY: adenosylcobalamin salvage from cobinamide I|g__Fusobacterium.s__Fusobacterium_gonidiaformans	1.8999259214
PWY-5188: tetrapyrrole biosynthesis I (from glutamate)	9.2387828485
PWY-5188: tetrapyrrole biosynthesis I (from glutamate)|g__Fusobacterium.s__Fusobacterium_gonidiaformans	3.8482952591
PWY-5188: tetrapyrrole biosynthesis I (from glutamate)|g__Ruminococcus.s__Ruminococcus_bromii	1.8377940167
PWY-6609: adenine and adenosine salvage III	8.9748465103
PWY-6609: adenine and adenosine salvage III|g__Fusobacterium.s__Fusobacterium_gonidiaformans	1.7323516674
PWY-2942: L-lysine biosynthesis III	8.8716768792
NONMEVIPP-PWY: methylerythritol phosphate pathway I	8.7674820959
CALVIN-PWY: Calvin-Benson-Bassham cycle	8.5323990635
PWY-5667: CDP-diacylglycerol biosynthesis I	8.2734574678
PWY-5667: CDP-diacylglycerol biosynthesis I|g__Bacteroides.s__Bacteroides_uniformis	1.3700988090
PWY0-1319: CDP-diacylglycerol biosynthesis II	8.2734574678
PWY0-1319: CDP-diacylglycerol biosynthesis II|g__Bacteroides.s__Bacteroides_uniformis	1.3700988090
PWY-7357: thiamin formation from pyrithiamine and oxythiamine (yeast)	8.2467268555
SER-GLYSYN-PWY: superpathway of L-serine and glycine biosynthesis I	8.2088376235
SER-GLYSYN-PWY: superpathway of L-serine and glycine biosynthesis I|g__Ruminococcus.s__Ruminococcus_bromii	3.5367929695
PWY-6897: thiamin salvage II	7.9800463350
PYRIDNUCSYN-PWY: NAD biosynthesis I (from aspartate)	7.6974080699
ILEUSYN-PWY: L-isoleucine biosynthesis I (from threonine)	7.5549168010
PWY-7111: pyruvate fermentation to isobutanol (engineered)	7.5549168010
PWY-7111: pyruvate fermentation to isobutanol (engineered)|g__Ruminococcus.s__Ruminococcus_bromii	2.9670998276
PWY-7111: pyruvate fermentation to isobutanol (engineered)|g__Bacteroides.s__Bacteroides_massiliensis	0.9779894318
VALSYN-PWY: L-valine biosynthesis	7.5549168010
VALSYN-PWY: L-valine biosynthesis|g__Ruminococcus.s__Ruminococcus_bromii	2.9670998276
VALSYN-PWY: L-valine biosynthesis|g__Bacteroides.s__Bacteroides_massiliensis	0.9779894318
VALSYN-PWY: L-valine biosynthesis|g__Faecalibacterium.s__Faecalibacterium_prausnitzii	0.6626905235
HISDEG-PWY: L-histidine degradation I	7.4233532636
HISDEG-PWY: L-histidine degradation I|g__Fusobacterium.s__Fusobacterium_gonidiaformans	6.0137744427
PWY-6123: inosine-5'-phosphate biosynthesis I	7.2676324686
MET-SAM-PWY: superpathway of S-adenosyl-L-methionine biosynthesis	7.2118549855
1CMET2-PWY: N10-formyl-tetrahydrofolate biosynthesis	7.1059047644
ANAEROFRUCAT-PWY: homolactic fermentation	7.0052640364
THISYNARA-PWY: superpathway of thiamin diphosphate biosynthesis III (eukaryotes)	6.9213122549
PWY-5973: cis-vaccenate biosynthesis	6.5438389392
PWY-6124: inosine-5'-phosphate biosynthesis II	6.4830344400
PWY-6124: inosine-5'-phosphate biosynthesis II|g__Bacteroides.s__Bacteroides_ovatus	0.7679311934
METSYN-PWY: L-homoserine and L-methionine biosynthesis	6.4120076549
PWY-724: superpathway of L-lysine, L-threonine and L-methionine biosynthesis II	6.2388366873
PWY-5030: L-histidine degradation III	6.1497003520
PWY-7663: gondoate biosynthesis (anaerobic)	5.7643639841
PWY-5347: superpathway of L-methionine biosynthesis (transsulfuration)	5.7488514978
HOMOSER-METSYN-PWY: L-methionine biosynthesis I	5.5187100388
HOMOSER-METSYN-PWY: L-methionine biosynthesis I|g__Ruminococcus.s__Ruminococcus_bromii	3.9083452892
PWY-6703: preQ0 biosynthesis	5.1405351044
PWY-6703: preQ0 biosynthesis|g__Fusobacterium.s__Fusobacterium_gonidiaformans	4.4589912322
DTDPRHAMSYN-PWY: dTDP-L-rhamnose biosynthesis I	4.7076224294
DTDPRHAMSYN-PWY: dTDP-L-rhamnose biosynthesis I|g__Faecalibacterium.s__Faecalibacterium_prausnitzii	1.4727072643
ASPASN-PWY: superpathway of L-aspartate and L-asparagine biosynthesis	4.5119592948
ASPASN-PWY: superpathway of L-aspartate and L-asparagine biosynthesis|g__Fusobacterium.s__Fusobacterium_gonidiaformans	2.3359303368
ASPASN-PWY: superpathway of L-aspartate and L-asparagine biosynthesis|g__Faecalibacterium.s__Faecalibacterium_prausnitzii	1.1789877593
THRESYN-PWY: superpathway of L-threonine biosynthesis	4.3865588441
PWY-5659: GDP-mannose biosynthesis	4.1750217531
PWY-5659: GDP-mannose biosynthesis|g__Bacteroides.s__Bacteroides_ovatus	0.8740890821
GLYCOLYSIS: glycolysis I (from glucose 6-phosphate)	4.0533727006
PWY-5484: glycolysis II (from fructose 6-phosphate)	4.0392779999
PWY66-400: glycolysis VI (metazoan)	4.0070585553
PWY-5100: pyruvate fermentation to acetate and lactate II	3.5136612493
PWY-5100: pyruvate fermentation to acetate and lactate II|g__Fusobacterium.s__Fusobacterium_gonidiaformans	1.3528948057
PWY-3001: superpathway of L-isoleucine biosynthesis I	3.3461123877
PWY-5989: stearate biosynthesis II (bacteria and plants)	3.1308269361
PANTOSYN-PWY: pantothenate and coenzyme A biosynthesis I	3.0501419606
ARGININE-SYN4-PWY: L-ornithine de novo  biosynthesis	2.8512589390
ARGININE-SYN4-PWY: L-ornithine de novo  biosynthesis|g__Bacteroides.s__Bacteroides_thetaiotaomicron	0.9589581257
PWY-1269: CMP-3-deoxy-D-manno-octulosonate biosynthesis I	2.7235347004
BRANCHED-CHAIN-AA-SYN-PWY: superpathway of branched amino acid biosynthesis	2.6174573945
PWY-5367: petroselinate biosynthesis	2.5605881448
GLCMANNANAUT-PWY: superpathway of N-acetylglucosamine, N-acetylmannosamine and N-acetylneuraminate degradation	2.3511597409
GLCMANNANAUT-PWY: superpathway of N-acetylglucosamine, N-acetylmannosamine and N-acetylneuraminate degradation|g__Faecalibacterium.s__Faecalibacterium_prausnitzii	1.5324138897
PWY-6608: guanosine nucleotides degradation III	2.2415474248
PWY-5103: L-isoleucine biosynthesis III	2.1064864476
PWY-6305: putrescine biosynthesis IV	2.0425992969
PWY-6305: putrescine biosynthesis IV|g__Blautia.s__Ruminococcus_torques	0.9199632015
PWY-5177: glutaryl-CoA degradation	2.0197500103
PWY0-1586: peptidoglycan maturation (meso-diaminopimelate containing)	1.9491849274
PWY0-1586: peptidoglycan maturation (meso-diaminopimelate containing)|g__Akkermansia.s__Akkermansia_muciniphila	0.6908462867
SALVADEHYPOX-PWY: adenosine nucleotides degradation II	1.9383740194
PWY0-1296: purine ribonucleosides degradation	1.8755824098
PWY0-1296: purine ribonucleosides degradation|g__Blautia.s__Ruminococcus_torques	1.4511245906
PWY-4242: pantothenate and coenzyme A biosynthesis III	1.7541896104
COA-PWY: coenzyme A biosynthesis I	1.7498480776
COA-PWY: coenzyme A biosynthesis I|g__Fusobacterium.s__Fusobacterium_gonidiaformans	1.1380616914
RHAMCAT-PWY: L-rhamnose degradation I	1.6851531129
TCA: TCA cycle I (prokaryotic)	1.6747079455
GALACTUROCAT-PWY: D-galacturonate degradation I	1.3158562714
GALACTUROCAT-PWY: D-galacturonate degradation I|g__Faecalibacterium.s__Faecalibacterium_prausnitzii	0.9519549540
PWY-7242: D-fructuronate degradation	1.3072961361
PWY-5690: TCA cycle II (plants and fungi)	1.1156701040
PWY-621: sucrose degradation III (sucrose invertase)	0.9011747334