# Pathway	ERR480942_Abundance
UNMAPPED	306913.2497610941
UNINTEGRATED	89000.3276836029
UNINTEGRATED|g__Faecalibacterium.s__Faecalibacterium_prausnitzii	21929.8436769195
UNINTEGRATED|g__Prevotella.s__Prevotella_copri	9796.9341137777
UNINTEGRATED|g__Dialister.s__Dialister_invisus	7424.7696235168
UNINTEGRATED|g__Bacteroides.s__Bacteroides_fluxus	6696.1876949046
UNINTEGRATED|g__Bacteroides.s__Bacteroides_vulgatus	3810.4313482997
UNINTEGRATED|g__Blautia.s__Ruminococcus_obeum	3802.3787123077
UNINTEGRATED|g__Bacteroides.s__Bacteroides_stercoris	3056.1787551501
UNINTEGRATED|g__Bacteroides.s__Bacteroides_fragilis	2388.0481366154
UNINTEGRATED|g__Ruminococcus.s__Ruminococcus_bromii	2130.6076588728
UNINTEGRATED|g__Bifidobacterium.s__Bifidobacterium_dentium	2101.0193635069
UNINTEGRATED|g__Bacteroides.s__Bacteroides_dorei	1971.3557394872
UNINTEGRATED|g__Bacteroides.s__Bacteroides_eggerthii	1888.1425068764
UNINTEGRATED|g__Eubacterium.s__Eubacterium_eligens	1836.3761522546
UNINTEGRATED|g__Roseburia.s__Roseburia_inulinivorans	1833.2266474426
UNINTEGRATED|g__Ruminococcaceae_noname.s__Ruminococcaceae_bacterium_D16	1594.9191942786
UNINTEGRATED|g__Parabacteroides.s__Parabacteroides_johnsonii	1179.9534476552
UNINTEGRATED|g__Coriobacteriaceae_noname.s__Coriobacteriaceae_bacterium_phI	1084.7385572499
UNINTEGRATED|g__Bifidobacterium.s__Bifidobacterium_longum	1076.3647131774
UNINTEGRATED|g__Bifidobacterium.s__Bifidobacterium_adolescentis	1008.1959796247
UNINTEGRATED|g__Catenibacterium.s__Catenibacterium_mitsuokai	863.4512916760
UNINTEGRATED|g__Eubacterium.s__Eubacterium_ramulus	836.2504125532
UNINTEGRATED|g__Collinsella.s__Collinsella_aerofaciens	819.3930068815
UNINTEGRATED|g__Dorea.s__Dorea_longicatena	721.6079928849
UNINTEGRATED|g__Streptococcus.s__Streptococcus_salivarius	654.8240870830
UNINTEGRATED|g__Erysipelotrichaceae_noname.s__Eubacterium_biforme	626.0925379664
UNINTEGRATED|g__Porphyromonas.s__Porphyromonas_asaccharolytica	534.9850968651
UNINTEGRATED|g__Lactobacillus.s__Lactobacillus_casei_paracasei	520.5839827187
UNINTEGRATED|g__Dorea.s__Dorea_formicigenerans	461.4577805718
UNINTEGRATED|g__Propionibacterium.s__Propionibacterium_freudenreichii	384.5340203174
UNINTEGRATED|g__Streptococcus.s__Streptococcus_australis	350.1523887374
UNINTEGRATED|g__Coprococcus.s__Coprococcus_comes	338.8628489768
UNINTEGRATED|g__Bifidobacterium.s__Bifidobacterium_animalis	227.1079142496
UNINTEGRATED|g__Coprococcus.s__Coprococcus_catus	214.0882558194
PWY-7219: adenosine ribonucleotides de novo biosynthesis	127.2349466299
PWY-7219: adenosine ribonucleotides de novo biosynthesis|g__Faecalibacterium.s__Faecalibacterium_prausnitzii	26.8643637727
PWY-7219: adenosine ribonucleotides de novo biosynthesis|g__Prevotella.s__Prevotella_copri	15.4956849669
PWY-7219: adenosine ribonucleotides de novo biosynthesis|g__Dialister.s__Dialister_invisus	13.0982181464
PWY-7219: adenosine ribonucleotides de novo biosynthesis|g__Bacteroides.s__Bacteroides_fluxus	10.7944791579
PWY-7219: adenosine ribonucleotides de novo biosynthesis|g__Bacteroides.s__Bacteroides_stercoris	6.6140819250
PWY-7219: adenosine ribonucleotides de novo biosynthesis|g__Ruminococcus.s__Ruminococcus_bromii	6.4060472820
PWY-7219: adenosine ribonucleotides de novo biosynthesis|g__Bifidobacterium.s__Bifidobacterium_dentium	6.2420913544
PWY-7219: adenosine ribonucleotides de novo biosynthesis|g__Coriobacteriaceae_noname.s__Coriobacteriaceae_bacterium_phI	5.1888449103
PWY-7219: adenosine ribonucleotides de novo biosynthesis|g__Bacteroides.s__Bacteroides_vulgatus	4.7223984572
PWY-7219: adenosine ribonucleotides de novo biosynthesis|g__Ruminococcaceae_noname.s__Ruminococcaceae_bacterium_D16	3.0606872182
PWY-7219: adenosine ribonucleotides de novo biosynthesis|g__Erysipelotrichaceae_noname.s__Eubacterium_biforme	1.8882851051
PWY-7219: adenosine ribonucleotides de novo biosynthesis|g__Porphyromonas.s__Porphyromonas_asaccharolytica	1.7507768998
PWY-7219: adenosine ribonucleotides de novo biosynthesis|g__Bifidobacterium.s__Bifidobacterium_animalis	1.5670035652
PWY-7219: adenosine ribonucleotides de novo biosynthesis|g__Catenibacterium.s__Catenibacterium_mitsuokai	1.1689498632
PWY-7219: adenosine ribonucleotides de novo biosynthesis|g__Coprococcus.s__Coprococcus_comes	1.1668053156
PWY-7219: adenosine ribonucleotides de novo biosynthesis|g__Coprococcus.s__Coprococcus_catus	1.1493051436
PWY-7219: adenosine ribonucleotides de novo biosynthesis|g__Eubacterium.s__Eubacterium_ramulus	1.0580634158
PWY-7219: adenosine ribonucleotides de novo biosynthesis|g__Streptococcus.s__Streptococcus_salivarius	1.0503507251
PWY-7219: adenosine ribonucleotides de novo biosynthesis|g__Dorea.s__Dorea_formicigenerans	0.7550018875
PWY-7221: guanosine ribonucleotides de novo biosynthesis	112.5426601006
PWY-7221: guanosine ribonucleotides de novo biosynthesis|g__Prevotella.s__Prevotella_copri	17.2866349933
PWY-7221: guanosine ribonucleotides de novo biosynthesis|g__Dialister.s__Dialister_invisus	13.9293978958
PWY-7221: guanosine ribonucleotides de novo biosynthesis|g__Faecalibacterium.s__Faecalibacterium_prausnitzii	13.8325429726
PWY-7221: guanosine ribonucleotides de novo biosynthesis|g__Bacteroides.s__Bacteroides_fluxus	10.5698559116
PWY-7221: guanosine ribonucleotides de novo biosynthesis|g__Bacteroides.s__Bacteroides_vulgatus	5.8421229210
PWY-7221: guanosine ribonucleotides de novo biosynthesis|g__Blautia.s__Ruminococcus_obeum	3.9023544101
PWY-7221: guanosine ribonucleotides de novo biosynthesis|g__Eubacterium.s__Eubacterium_eligens	3.0307430771
PWY-7221: guanosine ribonucleotides de novo biosynthesis|g__Ruminococcus.s__Ruminococcus_bromii	2.8061149614
PWY-7221: guanosine ribonucleotides de novo biosynthesis|g__Bifidobacterium.s__Bifidobacterium_adolescentis	2.4928394555
PWY-7221: guanosine ribonucleotides de novo biosynthesis|g__Ruminococcaceae_noname.s__Ruminococcaceae_bacterium_D16	2.4712901498
PWY-7221: guanosine ribonucleotides de novo biosynthesis|g__Bifidobacterium.s__Bifidobacterium_animalis	2.4556802536
PWY-7221: guanosine ribonucleotides de novo biosynthesis|g__Streptococcus.s__Streptococcus_salivarius	1.9743685883
PWY-7221: guanosine ribonucleotides de novo biosynthesis|g__Bifidobacterium.s__Bifidobacterium_longum	1.9445240160
PWY-7221: guanosine ribonucleotides de novo biosynthesis|g__Parabacteroides.s__Parabacteroides_johnsonii	1.8078243429
PWY-7221: guanosine ribonucleotides de novo biosynthesis|g__Propionibacterium.s__Propionibacterium_freudenreichii	0.8118530546
PWY-5686: UMP biosynthesis	108.5958604330
PWY-5686: UMP biosynthesis|g__Faecalibacterium.s__Faecalibacterium_prausnitzii	20.5063946136
PWY-5686: UMP biosynthesis|g__Prevotella.s__Prevotella_copri	16.5647779152
PWY-5686: UMP biosynthesis|g__Bacteroides.s__Bacteroides_fluxus	7.0625074798
PWY-5686: UMP biosynthesis|g__Dialister.s__Dialister_invisus	5.8082803217
PWY-5686: UMP biosynthesis|g__Bifidobacterium.s__Bifidobacterium_dentium	4.3914927755
PWY-5686: UMP biosynthesis|g__Collinsella.s__Collinsella_aerofaciens	1.8320141631
PWY-5686: UMP biosynthesis|g__Propionibacterium.s__Propionibacterium_freudenreichii	1.0480349345
ILEUSYN-PWY: L-isoleucine biosynthesis I (from threonine)	103.7951203381
ILEUSYN-PWY: L-isoleucine biosynthesis I (from threonine)|g__Faecalibacterium.s__Faecalibacterium_prausnitzii	24.4893217861
ILEUSYN-PWY: L-isoleucine biosynthesis I (from threonine)|g__Blautia.s__Ruminococcus_obeum	4.8473037834
ILEUSYN-PWY: L-isoleucine biosynthesis I (from threonine)|g__Bifidobacterium.s__Bifidobacterium_longum	1.8077548559
PWY-7111: pyruvate fermentation to isobutanol (engineered)	103.7951203381
PWY-7111: pyruvate fermentation to isobutanol (engineered)|g__Faecalibacterium.s__Faecalibacterium_prausnitzii	35.1170832441
PWY-7111: pyruvate fermentation to isobutanol (engineered)|g__Ruminococcus.s__Ruminococcus_bromii	7.5385516978
PWY-7111: pyruvate fermentation to isobutanol (engineered)|g__Coriobacteriaceae_noname.s__Coriobacteriaceae_bacterium_phI	5.1915188333
PWY-7111: pyruvate fermentation to isobutanol (engineered)|g__Blautia.s__Ruminococcus_obeum	4.8473037834
PWY-7111: pyruvate fermentation to isobutanol (engineered)|g__Bacteroides.s__Bacteroides_vulgatus	4.3632846374
PWY-7111: pyruvate fermentation to isobutanol (engineered)|g__Ruminococcaceae_noname.s__Ruminococcaceae_bacterium_D16	2.6151777912
PWY-7111: pyruvate fermentation to isobutanol (engineered)|g__Eubacterium.s__Eubacterium_eligens	1.9324109964
PWY-7111: pyruvate fermentation to isobutanol (engineered)|g__Catenibacterium.s__Catenibacterium_mitsuokai	1.7213601112
PWY-7111: pyruvate fermentation to isobutanol (engineered)|g__Bifidobacterium.s__Bifidobacterium_longum	1.3083720315
PWY-7111: pyruvate fermentation to isobutanol (engineered)|g__Propionibacterium.s__Propionibacterium_freudenreichii	0.9147554113
PWY-7111: pyruvate fermentation to isobutanol (engineered)|g__Coprococcus.s__Coprococcus_catus	0.8809123597
PWY-7111: pyruvate fermentation to isobutanol (engineered)|g__Parabacteroides.s__Parabacteroides_johnsonii	0.8724113918
PWY-7111: pyruvate fermentation to isobutanol (engineered)|g__Dorea.s__Dorea_formicigenerans	0.8461634670
PWY-7111: pyruvate fermentation to isobutanol (engineered)|g__Dorea.s__Dorea_longicatena	0.7823195775
VALSYN-PWY: L-valine biosynthesis	103.7951203381
VALSYN-PWY: L-valine biosynthesis|g__Faecalibacterium.s__Faecalibacterium_prausnitzii	24.4893217861
VALSYN-PWY: L-valine biosynthesis|g__Ruminococcus.s__Ruminococcus_bromii	7.5385516978
VALSYN-PWY: L-valine biosynthesis|g__Coriobacteriaceae_noname.s__Coriobacteriaceae_bacterium_phI	5.1915188333
VALSYN-PWY: L-valine biosynthesis|g__Blautia.s__Ruminococcus_obeum	4.8473037834
VALSYN-PWY: L-valine biosynthesis|g__Bacteroides.s__Bacteroides_vulgatus	4.3632846374
VALSYN-PWY: L-valine biosynthesis|g__Bifidobacterium.s__Bifidobacterium_adolescentis	2.8158136508
VALSYN-PWY: L-valine biosynthesis|g__Ruminococcaceae_noname.s__Ruminococcaceae_bacterium_D16	2.6151777912
VALSYN-PWY: L-valine biosynthesis|g__Eubacterium.s__Eubacterium_eligens	1.9324109964
VALSYN-PWY: L-valine biosynthesis|g__Bifidobacterium.s__Bifidobacterium_longum	1.8077548559
VALSYN-PWY: L-valine biosynthesis|g__Catenibacterium.s__Catenibacterium_mitsuokai	1.7213601112
VALSYN-PWY: L-valine biosynthesis|g__Roseburia.s__Roseburia_inulinivorans	1.4687060828
VALSYN-PWY: L-valine biosynthesis|g__Streptococcus.s__Streptococcus_salivarius	1.0998089875
VALSYN-PWY: L-valine biosynthesis|g__Propionibacterium.s__Propionibacterium_freudenreichii	0.8592605532
VALSYN-PWY: L-valine biosynthesis|g__Parabacteroides.s__Parabacteroides_johnsonii	0.6625807520
PWY-6387: UDP-N-acetylmuramoyl-pentapeptide biosynthesis I (meso-diaminopimelate containing)	103.0988661523
PWY-6387: UDP-N-acetylmuramoyl-pentapeptide biosynthesis I (meso-diaminopimelate containing)|g__Faecalibacterium.s__Faecalibacterium_prausnitzii	17.8907555080
PWY-6387: UDP-N-acetylmuramoyl-pentapeptide biosynthesis I (meso-diaminopimelate containing)|g__Bacteroides.s__Bacteroides_fluxus	8.6470313929
PWY-6387: UDP-N-acetylmuramoyl-pentapeptide biosynthesis I (meso-diaminopimelate containing)|g__Bifidobacterium.s__Bifidobacterium_dentium	5.0202442242
PWY-6387: UDP-N-acetylmuramoyl-pentapeptide biosynthesis I (meso-diaminopimelate containing)|g__Bacteroides.s__Bacteroides_vulgatus	3.5300514436
PWY-6387: UDP-N-acetylmuramoyl-pentapeptide biosynthesis I (meso-diaminopimelate containing)|g__Bifidobacterium.s__Bifidobacterium_adolescentis	2.7241340611
PWY-6387: UDP-N-acetylmuramoyl-pentapeptide biosynthesis I (meso-diaminopimelate containing)|g__Eubacterium.s__Eubacterium_eligens	2.5951334781
PWY-6387: UDP-N-acetylmuramoyl-pentapeptide biosynthesis I (meso-diaminopimelate containing)|g__Streptococcus.s__Streptococcus_australis	1.1760758683
PWY-6386: UDP-N-acetylmuramoyl-pentapeptide biosynthesis II (lysine-containing)	102.4077183527
PWY-6386: UDP-N-acetylmuramoyl-pentapeptide biosynthesis II (lysine-containing)|g__Faecalibacterium.s__Faecalibacterium_prausnitzii	17.8548876578
PWY-6386: UDP-N-acetylmuramoyl-pentapeptide biosynthesis II (lysine-containing)|g__Bacteroides.s__Bacteroides_fluxus	8.9352236478
PWY-6386: UDP-N-acetylmuramoyl-pentapeptide biosynthesis II (lysine-containing)|g__Bifidobacterium.s__Bifidobacterium_dentium	3.6164112067
PWY-6386: UDP-N-acetylmuramoyl-pentapeptide biosynthesis II (lysine-containing)|g__Eubacterium.s__Eubacterium_eligens	2.7638064832
PWY-6386: UDP-N-acetylmuramoyl-pentapeptide biosynthesis II (lysine-containing)|g__Bifidobacterium.s__Bifidobacterium_adolescentis	2.7637339602
PWY-6386: UDP-N-acetylmuramoyl-pentapeptide biosynthesis II (lysine-containing)|g__Streptococcus.s__Streptococcus_australis	1.2941722989
PEPTIDOGLYCANSYN-PWY: peptidoglycan biosynthesis I (meso-diaminopimelate containing)	91.0503403416
PEPTIDOGLYCANSYN-PWY: peptidoglycan biosynthesis I (meso-diaminopimelate containing)|g__Faecalibacterium.s__Faecalibacterium_prausnitzii	17.4058525540
PEPTIDOGLYCANSYN-PWY: peptidoglycan biosynthesis I (meso-diaminopimelate containing)|g__Bacteroides.s__Bacteroides_fluxus	8.2947395705
PEPTIDOGLYCANSYN-PWY: peptidoglycan biosynthesis I (meso-diaminopimelate containing)|g__Bifidobacterium.s__Bifidobacterium_dentium	3.7713090361
PEPTIDOGLYCANSYN-PWY: peptidoglycan biosynthesis I (meso-diaminopimelate containing)|g__Bacteroides.s__Bacteroides_vulgatus	3.6819092556
PEPTIDOGLYCANSYN-PWY: peptidoglycan biosynthesis I (meso-diaminopimelate containing)|g__Bifidobacterium.s__Bifidobacterium_adolescentis	2.4871041597
PEPTIDOGLYCANSYN-PWY: peptidoglycan biosynthesis I (meso-diaminopimelate containing)|g__Streptococcus.s__Streptococcus_australis	1.1403441831
PWY-6151: S-adenosyl-L-methionine cycle I	89.5853359187
PWY-6151: S-adenosyl-L-methionine cycle I|g__Prevotella.s__Prevotella_copri	14.9473500101
PWY-6151: S-adenosyl-L-methionine cycle I|g__Bacteroides.s__Bacteroides_fluxus	13.7036711993
PWY-6151: S-adenosyl-L-methionine cycle I|g__Ruminococcus.s__Ruminococcus_bromii	5.7454971970
PWY-6151: S-adenosyl-L-methionine cycle I|g__Bacteroides.s__Bacteroides_stercoris	3.1709305670
PWY-6151: S-adenosyl-L-methionine cycle I|g__Bacteroides.s__Bacteroides_vulgatus	3.1581640081
PWY-6151: S-adenosyl-L-methionine cycle I|g__Bifidobacterium.s__Bifidobacterium_dentium	2.8102495712
PWY-6151: S-adenosyl-L-methionine cycle I|g__Erysipelotrichaceae_noname.s__Eubacterium_biforme	1.8858780944
COA-PWY-1: coenzyme A biosynthesis II (mammalian)	87.9990287256
COA-PWY-1: coenzyme A biosynthesis II (mammalian)|g__Faecalibacterium.s__Faecalibacterium_prausnitzii	11.6890407302
COA-PWY-1: coenzyme A biosynthesis II (mammalian)|g__Dialister.s__Dialister_invisus	7.7639386900
COA-PWY-1: coenzyme A biosynthesis II (mammalian)|g__Bifidobacterium.s__Bifidobacterium_dentium	4.4177667046
COA-PWY-1: coenzyme A biosynthesis II (mammalian)|g__Bacteroides.s__Bacteroides_fluxus	2.9957656320
COA-PWY-1: coenzyme A biosynthesis II (mammalian)|g__Bacteroides.s__Bacteroides_vulgatus	2.7623273216
COA-PWY-1: coenzyme A biosynthesis II (mammalian)|g__Eubacterium.s__Eubacterium_eligens	2.4551345488
COA-PWY-1: coenzyme A biosynthesis II (mammalian)|g__Bifidobacterium.s__Bifidobacterium_adolescentis	2.0696576503
PWY-6121: 5-aminoimidazole ribonucleotide biosynthesis I	83.6519651957
PWY-6121: 5-aminoimidazole ribonucleotide biosynthesis I|g__Faecalibacterium.s__Faecalibacterium_prausnitzii	11.1899874195
PWY-6121: 5-aminoimidazole ribonucleotide biosynthesis I|g__Dialister.s__Dialister_invisus	10.7138112851
PWY-6121: 5-aminoimidazole ribonucleotide biosynthesis I|g__Eubacterium.s__Eubacterium_eligens	4.4538087913
PWY-6121: 5-aminoimidazole ribonucleotide biosynthesis I|g__Blautia.s__Ruminococcus_obeum	3.0615779642
PWY-6121: 5-aminoimidazole ribonucleotide biosynthesis I|g__Collinsella.s__Collinsella_aerofaciens	2.3622137629
PWY-6121: 5-aminoimidazole ribonucleotide biosynthesis I|g__Erysipelotrichaceae_noname.s__Eubacterium_biforme	2.0577660053
PWY-6121: 5-aminoimidazole ribonucleotide biosynthesis I|g__Ruminococcaceae_noname.s__Ruminococcaceae_bacterium_D16	1.1561486760
PWY-2942: L-lysine biosynthesis III	82.8266805140
PWY-2942: L-lysine biosynthesis III|g__Prevotella.s__Prevotella_copri	13.4102799428
PWY-2942: L-lysine biosynthesis III|g__Dialister.s__Dialister_invisus	12.9144802765
PWY-2942: L-lysine biosynthesis III|g__Bacteroides.s__Bacteroides_fluxus	7.9259996508
PWY-2942: L-lysine biosynthesis III|g__Faecalibacterium.s__Faecalibacterium_prausnitzii	6.5795056413
PWY-2942: L-lysine biosynthesis III|g__Bacteroides.s__Bacteroides_stercoris	3.0072378515
PWY-2942: L-lysine biosynthesis III|g__Bacteroides.s__Bacteroides_eggerthii	2.5358562094
PWY-2942: L-lysine biosynthesis III|g__Blautia.s__Ruminococcus_obeum	1.7657676263
PWY-5097: L-lysine biosynthesis VI	81.9005723876
PWY-5097: L-lysine biosynthesis VI|g__Faecalibacterium.s__Faecalibacterium_prausnitzii	13.9566580702
PWY-5097: L-lysine biosynthesis VI|g__Prevotella.s__Prevotella_copri	13.4783712004
PWY-5097: L-lysine biosynthesis VI|g__Dialister.s__Dialister_invisus	10.3802029908
PWY-5097: L-lysine biosynthesis VI|g__Bacteroides.s__Bacteroides_stercoris	3.2556635134
PWY-5097: L-lysine biosynthesis VI|g__Bacteroides.s__Bacteroides_eggerthii	2.5570397687
PWY-5097: L-lysine biosynthesis VI|g__Blautia.s__Ruminococcus_obeum	1.7573477844
PWY-5667: CDP-diacylglycerol biosynthesis I	81.3899699727
PWY-5667: CDP-diacylglycerol biosynthesis I|g__Faecalibacterium.s__Faecalibacterium_prausnitzii	19.5285788963
PWY-5667: CDP-diacylglycerol biosynthesis I|g__Dialister.s__Dialister_invisus	11.6284545618
PWY-5667: CDP-diacylglycerol biosynthesis I|g__Ruminococcus.s__Ruminococcus_bromii	4.7908977441
PWY-5667: CDP-diacylglycerol biosynthesis I|g__Eubacterium.s__Eubacterium_eligens	2.0271430477
PWY-5667: CDP-diacylglycerol biosynthesis I|g__Bacteroides.s__Bacteroides_stercoris	1.6540514514
PWY0-1319: CDP-diacylglycerol biosynthesis II	81.3899699727
PWY0-1319: CDP-diacylglycerol biosynthesis II|g__Faecalibacterium.s__Faecalibacterium_prausnitzii	19.5285788963
PWY0-1319: CDP-diacylglycerol biosynthesis II|g__Dialister.s__Dialister_invisus	11.6284545618
PWY0-1319: CDP-diacylglycerol biosynthesis II|g__Ruminococcus.s__Ruminococcus_bromii	4.7908977441
PWY0-1319: CDP-diacylglycerol biosynthesis II|g__Eubacterium.s__Eubacterium_eligens	2.0271430477
PWY0-1319: CDP-diacylglycerol biosynthesis II|g__Bacteroides.s__Bacteroides_stercoris	1.6540514514
PWY-6122: 5-aminoimidazole ribonucleotide biosynthesis II	80.9950313142
PWY-6122: 5-aminoimidazole ribonucleotide biosynthesis II|g__Dialister.s__Dialister_invisus	11.4633894937
PWY-6122: 5-aminoimidazole ribonucleotide biosynthesis II|g__Faecalibacterium.s__Faecalibacterium_prausnitzii	9.7756601868
PWY-6122: 5-aminoimidazole ribonucleotide biosynthesis II|g__Bifidobacterium.s__Bifidobacterium_dentium	5.5320347985
PWY-6122: 5-aminoimidazole ribonucleotide biosynthesis II|g__Ruminococcus.s__Ruminococcus_bromii	4.3929987808
PWY-6122: 5-aminoimidazole ribonucleotide biosynthesis II|g__Eubacterium.s__Eubacterium_eligens	4.0291344767
PWY-6122: 5-aminoimidazole ribonucleotide biosynthesis II|g__Blautia.s__Ruminococcus_obeum	2.9463486731
PWY-6122: 5-aminoimidazole ribonucleotide biosynthesis II|g__Collinsella.s__Collinsella_aerofaciens	2.2133947593
PWY-6122: 5-aminoimidazole ribonucleotide biosynthesis II|g__Erysipelotrichaceae_noname.s__Eubacterium_biforme	1.8368633321
PWY-6122: 5-aminoimidazole ribonucleotide biosynthesis II|g__Catenibacterium.s__Catenibacterium_mitsuokai	1.4038965408
PWY-6122: 5-aminoimidazole ribonucleotide biosynthesis II|g__Bifidobacterium.s__Bifidobacterium_longum	1.2377108651
PWY-6122: 5-aminoimidazole ribonucleotide biosynthesis II|g__Ruminococcaceae_noname.s__Ruminococcaceae_bacterium_D16	1.0596859348
PWY-6277: superpathway of 5-aminoimidazole ribonucleotide biosynthesis	80.9950313142
PWY-6277: superpathway of 5-aminoimidazole ribonucleotide biosynthesis|g__Dialister.s__Dialister_invisus	11.4633894937
PWY-6277: superpathway of 5-aminoimidazole ribonucleotide biosynthesis|g__Faecalibacterium.s__Faecalibacterium_prausnitzii	9.7756601868
PWY-6277: superpathway of 5-aminoimidazole ribonucleotide biosynthesis|g__Bifidobacterium.s__Bifidobacterium_dentium	5.5320347985
PWY-6277: superpathway of 5-aminoimidazole ribonucleotide biosynthesis|g__Ruminococcus.s__Ruminococcus_bromii	4.3929987808
PWY-6277: superpathway of 5-aminoimidazole ribonucleotide biosynthesis|g__Eubacterium.s__Eubacterium_eligens	4.0291344767
PWY-6277: superpathway of 5-aminoimidazole ribonucleotide biosynthesis|g__Blautia.s__Ruminococcus_obeum	2.9463486731
PWY-6277: superpathway of 5-aminoimidazole ribonucleotide biosynthesis|g__Collinsella.s__Collinsella_aerofaciens	2.2133947593
PWY-6277: superpathway of 5-aminoimidazole ribonucleotide biosynthesis|g__Erysipelotrichaceae_noname.s__Eubacterium_biforme	1.8368633321
PWY-6277: superpathway of 5-aminoimidazole ribonucleotide biosynthesis|g__Catenibacterium.s__Catenibacterium_mitsuokai	1.4038965408
PWY-6277: superpathway of 5-aminoimidazole ribonucleotide biosynthesis|g__Bifidobacterium.s__Bifidobacterium_longum	1.2377108651
PWY-6277: superpathway of 5-aminoimidazole ribonucleotide biosynthesis|g__Ruminococcaceae_noname.s__Ruminococcaceae_bacterium_D16	1.0596859348
PWY-6385: peptidoglycan biosynthesis III (mycobacteria)	80.1086962196
PWY-6385: peptidoglycan biosynthesis III (mycobacteria)|g__Faecalibacterium.s__Faecalibacterium_prausnitzii	17.4058525540
PWY-6385: peptidoglycan biosynthesis III (mycobacteria)|g__Bifidobacterium.s__Bifidobacterium_dentium	5.2059980396
PWY-6737: starch degradation V	79.6718214357
PWY-6737: starch degradation V|g__Faecalibacterium.s__Faecalibacterium_prausnitzii	25.2154515854
PWY-6737: starch degradation V|g__Blautia.s__Ruminococcus_obeum	4.2576862238
PWY-6737: starch degradation V|g__Ruminococcus.s__Ruminococcus_bromii	3.5280153696
PWY-6737: starch degradation V|g__Bifidobacterium.s__Bifidobacterium_dentium	1.8410433708
PWY-6737: starch degradation V|g__Dorea.s__Dorea_longicatena	1.5329632194
PWY-6737: starch degradation V|g__Roseburia.s__Roseburia_inulinivorans	1.5264908906
PWY-6737: starch degradation V|g__Collinsella.s__Collinsella_aerofaciens	1.3822249954
PWY-6737: starch degradation V|g__Coriobacteriaceae_noname.s__Coriobacteriaceae_bacterium_phI	1.3414481783
PWY-6737: starch degradation V|g__Catenibacterium.s__Catenibacterium_mitsuokai	1.2246334433
NONMEVIPP-PWY: methylerythritol phosphate pathway I	79.2092457251
NONMEVIPP-PWY: methylerythritol phosphate pathway I|g__Bifidobacterium.s__Bifidobacterium_dentium	3.2569961060
NONMEVIPP-PWY: methylerythritol phosphate pathway I|g__Blautia.s__Ruminococcus_obeum	2.0021987909
NONMEVIPP-PWY: methylerythritol phosphate pathway I|g__Bifidobacterium.s__Bifidobacterium_adolescentis	1.3652144349
BRANCHED-CHAIN-AA-SYN-PWY: superpathway of branched amino acid biosynthesis	72.2839407118
BRANCHED-CHAIN-AA-SYN-PWY: superpathway of branched amino acid biosynthesis|g__Faecalibacterium.s__Faecalibacterium_prausnitzii	23.0497039284
BRANCHED-CHAIN-AA-SYN-PWY: superpathway of branched amino acid biosynthesis|g__Blautia.s__Ruminococcus_obeum	1.8677991659
BRANCHED-CHAIN-AA-SYN-PWY: superpathway of branched amino acid biosynthesis|g__Bifidobacterium.s__Bifidobacterium_longum	1.7506747308
COMPLETE-ARO-PWY: superpathway of aromatic amino acid biosynthesis	68.8613218886
COMPLETE-ARO-PWY: superpathway of aromatic amino acid biosynthesis|g__Eubacterium.s__Eubacterium_eligens	4.6217640073
COMPLETE-ARO-PWY: superpathway of aromatic amino acid biosynthesis|g__Blautia.s__Ruminococcus_obeum	3.8784813531
ANAGLYCOLYSIS-PWY: glycolysis III (from glucose)	68.7528311330
ARO-PWY: chorismate biosynthesis I	68.1333818142
ARO-PWY: chorismate biosynthesis I|g__Eubacterium.s__Eubacterium_eligens	4.3472034231
ARO-PWY: chorismate biosynthesis I|g__Blautia.s__Ruminococcus_obeum	3.6316808193
PWY-724: superpathway of L-lysine, L-threonine and L-methionine biosynthesis II	67.5598778467
PWY-724: superpathway of L-lysine, L-threonine and L-methionine biosynthesis II|g__Faecalibacterium.s__Faecalibacterium_prausnitzii	13.0712743289
PWY-5103: L-isoleucine biosynthesis III	67.5162961515
PWY-5103: L-isoleucine biosynthesis III|g__Faecalibacterium.s__Faecalibacterium_prausnitzii	22.7698276263
PWY-5103: L-isoleucine biosynthesis III|g__Blautia.s__Ruminococcus_obeum	1.8677991659
PWY-5103: L-isoleucine biosynthesis III|g__Bifidobacterium.s__Bifidobacterium_longum	1.5452660807
PWY-5695: urate biosynthesis/inosine 5'-phosphate degradation	64.4500056314
PWY-5695: urate biosynthesis/inosine 5'-phosphate degradation|g__Bacteroides.s__Bacteroides_fluxus	7.2935000663
PWY-5695: urate biosynthesis/inosine 5'-phosphate degradation|g__Faecalibacterium.s__Faecalibacterium_prausnitzii	6.5216708410
PWY-5695: urate biosynthesis/inosine 5'-phosphate degradation|g__Bacteroides.s__Bacteroides_vulgatus	3.5032060934
PWY-5695: urate biosynthesis/inosine 5'-phosphate degradation|g__Bacteroides.s__Bacteroides_eggerthii	1.1223710988
PWY-3001: superpathway of L-isoleucine biosynthesis I	60.9628201146
PWY-3001: superpathway of L-isoleucine biosynthesis I|g__Faecalibacterium.s__Faecalibacterium_prausnitzii	20.2191651552
PWY-6163: chorismate biosynthesis from 3-dehydroquinate	60.6399471522
PWY-6163: chorismate biosynthesis from 3-dehydroquinate|g__Eubacterium.s__Eubacterium_eligens	5.0554669796
PWY-6163: chorismate biosynthesis from 3-dehydroquinate|g__Blautia.s__Ruminococcus_obeum	3.5163292562
PWY-1042: glycolysis IV (plant cytosol)	60.5424683494
PWY-1042: glycolysis IV (plant cytosol)|g__Faecalibacterium.s__Faecalibacterium_prausnitzii	20.7246388647
DTDPRHAMSYN-PWY: dTDP-L-rhamnose biosynthesis I	58.1516393033
DTDPRHAMSYN-PWY: dTDP-L-rhamnose biosynthesis I|g__Faecalibacterium.s__Faecalibacterium_prausnitzii	24.4190337648
DTDPRHAMSYN-PWY: dTDP-L-rhamnose biosynthesis I|g__Bacteroides.s__Bacteroides_fluxus	6.1215268270
DTDPRHAMSYN-PWY: dTDP-L-rhamnose biosynthesis I|g__Bifidobacterium.s__Bifidobacterium_dentium	4.7754160622
DTDPRHAMSYN-PWY: dTDP-L-rhamnose biosynthesis I|g__Blautia.s__Ruminococcus_obeum	3.3767775983
DTDPRHAMSYN-PWY: dTDP-L-rhamnose biosynthesis I|g__Porphyromonas.s__Porphyromonas_asaccharolytica	1.6007794682
PWY-7229: superpathway of adenosine nucleotides de novo biosynthesis I	56.0307279024
PWY-3841: folate transformations II	54.8472759941
PWY-3841: folate transformations II|g__Bacteroides.s__Bacteroides_fluxus	9.0091988089
PWY-3841: folate transformations II|g__Bacteroides.s__Bacteroides_vulgatus	5.4194979030
PWY-3841: folate transformations II|g__Bacteroides.s__Bacteroides_stercoris	5.0345005036
PWY-3841: folate transformations II|g__Bacteroides.s__Bacteroides_fragilis	1.1331444759
NONOXIPENT-PWY: pentose phosphate pathway (non-oxidative branch)	54.7491096153
NONOXIPENT-PWY: pentose phosphate pathway (non-oxidative branch)|g__Faecalibacterium.s__Faecalibacterium_prausnitzii	20.6151441691
NONOXIPENT-PWY: pentose phosphate pathway (non-oxidative branch)|g__Eubacterium.s__Eubacterium_eligens	5.9655994316
NONOXIPENT-PWY: pentose phosphate pathway (non-oxidative branch)|g__Ruminococcus.s__Ruminococcus_bromii	5.0048695052
NONOXIPENT-PWY: pentose phosphate pathway (non-oxidative branch)|g__Blautia.s__Ruminococcus_obeum	2.0191178334
NONOXIPENT-PWY: pentose phosphate pathway (non-oxidative branch)|g__Propionibacterium.s__Propionibacterium_freudenreichii	0.6527362592
THRESYN-PWY: superpathway of L-threonine biosynthesis	53.0270286932
THRESYN-PWY: superpathway of L-threonine biosynthesis|g__Faecalibacterium.s__Faecalibacterium_prausnitzii	18.1353697523
THRESYN-PWY: superpathway of L-threonine biosynthesis|g__Bifidobacterium.s__Bifidobacterium_dentium	2.8113147663
THRESYN-PWY: superpathway of L-threonine biosynthesis|g__Bifidobacterium.s__Bifidobacterium_adolescentis	1.8691863866
THRESYN-PWY: superpathway of L-threonine biosynthesis|g__Bifidobacterium.s__Bifidobacterium_animalis	1.5087041734
SER-GLYSYN-PWY: superpathway of L-serine and glycine biosynthesis I	52.6259933425
SER-GLYSYN-PWY: superpathway of L-serine and glycine biosynthesis I|g__Faecalibacterium.s__Faecalibacterium_prausnitzii	8.5178633902
SER-GLYSYN-PWY: superpathway of L-serine and glycine biosynthesis I|g__Ruminococcus.s__Ruminococcus_bromii	5.7661738188
SER-GLYSYN-PWY: superpathway of L-serine and glycine biosynthesis I|g__Propionibacterium.s__Propionibacterium_freudenreichii	1.8265813743
SER-GLYSYN-PWY: superpathway of L-serine and glycine biosynthesis I|g__Porphyromonas.s__Porphyromonas_asaccharolytica	1.0577879899
PWY0-1586: peptidoglycan maturation (meso-diaminopimelate containing)	51.9364470179
PWY0-1586: peptidoglycan maturation (meso-diaminopimelate containing)|g__Faecalibacterium.s__Faecalibacterium_prausnitzii	13.2963995836
PWY0-1586: peptidoglycan maturation (meso-diaminopimelate containing)|g__Propionibacterium.s__Propionibacterium_freudenreichii	2.0314795132
PWY-5973: cis-vaccenate biosynthesis	51.8256384218
1CMET2-PWY: N10-formyl-tetrahydrofolate biosynthesis	49.8100246195
1CMET2-PWY: N10-formyl-tetrahydrofolate biosynthesis|g__Bacteroides.s__Bacteroides_fluxus	7.9250248499
PWY0-1296: purine ribonucleosides degradation	48.5417060941
PWY0-1296: purine ribonucleosides degradation|g__Faecalibacterium.s__Faecalibacterium_prausnitzii	21.6442124528
PWY0-1296: purine ribonucleosides degradation|g__Eubacterium.s__Eubacterium_eligens	3.3232828215
PWY0-1296: purine ribonucleosides degradation|g__Catenibacterium.s__Catenibacterium_mitsuokai	2.8873599713
PWY0-1296: purine ribonucleosides degradation|g__Blautia.s__Ruminococcus_obeum	1.9691708350
PWY0-1296: purine ribonucleosides degradation|g__Roseburia.s__Roseburia_inulinivorans	1.6409145834
PWY0-1296: purine ribonucleosides degradation|g__Eubacterium.s__Eubacterium_ramulus	1.4697930953
PWY-6700: queuosine biosynthesis	47.7067485842
PWY-6700: queuosine biosynthesis|g__Dialister.s__Dialister_invisus	11.7959209000
PWY-6700: queuosine biosynthesis|g__Prevotella.s__Prevotella_copri	8.5353959656
PWY-6700: queuosine biosynthesis|g__Bacteroides.s__Bacteroides_fluxus	6.4535244337
PWY-6700: queuosine biosynthesis|g__Bacteroides.s__Bacteroides_vulgatus	1.5224667259
PWY-6700: queuosine biosynthesis|g__Bacteroides.s__Bacteroides_dorei	1.4817320682
CALVIN-PWY: Calvin-Benson-Bassham cycle	47.3446750519
PANTO-PWY: phosphopantothenate biosynthesis I	47.2936663388
PANTO-PWY: phosphopantothenate biosynthesis I|g__Bacteroides.s__Bacteroides_fluxus	5.3051152726
PANTO-PWY: phosphopantothenate biosynthesis I|g__Bacteroides.s__Bacteroides_vulgatus	4.0591835698
PANTO-PWY: phosphopantothenate biosynthesis I|g__Bacteroides.s__Bacteroides_stercoris	3.3209296833
PANTO-PWY: phosphopantothenate biosynthesis I|g__Bacteroides.s__Bacteroides_eggerthii	1.7162548323
PANTO-PWY: phosphopantothenate biosynthesis I|g__Bacteroides.s__Bacteroides_dorei	1.5265788606
PANTO-PWY: phosphopantothenate biosynthesis I|g__Bacteroides.s__Bacteroides_fragilis	1.4200764119
PWY-6703: preQ0 biosynthesis	46.8018015918
PWY-6703: preQ0 biosynthesis|g__Dialister.s__Dialister_invisus	14.7434358954
PWY-6703: preQ0 biosynthesis|g__Bacteroides.s__Bacteroides_stercoris	6.7908710322
PWY-6703: preQ0 biosynthesis|g__Bacteroides.s__Bacteroides_vulgatus	5.4372511312
PWY-6703: preQ0 biosynthesis|g__Bacteroides.s__Bacteroides_eggerthii	2.5965657881
PWY-7663: gondoate biosynthesis (anaerobic)	46.4901060416
PWY-7663: gondoate biosynthesis (anaerobic)|g__Bacteroides.s__Bacteroides_stercoris	2.8526925959
PWY-7663: gondoate biosynthesis (anaerobic)|g__Bacteroides.s__Bacteroides_fluxus	2.3376424433
PWY-6126: superpathway of adenosine nucleotides de novo biosynthesis II	44.5432734325
PWY-7357: thiamin formation from pyrithiamine and oxythiamine (yeast)	44.2029426560
PWY-7357: thiamin formation from pyrithiamine and oxythiamine (yeast)|g__Faecalibacterium.s__Faecalibacterium_prausnitzii	15.1259086878
PWY-7357: thiamin formation from pyrithiamine and oxythiamine (yeast)|g__Ruminococcus.s__Ruminococcus_bromii	2.8933267636
PWY-7357: thiamin formation from pyrithiamine and oxythiamine (yeast)|g__Propionibacterium.s__Propionibacterium_freudenreichii	1.5520679729
PWY-6123: inosine-5'-phosphate biosynthesis I	43.5123971840
PWY-6123: inosine-5'-phosphate biosynthesis I|g__Faecalibacterium.s__Faecalibacterium_prausnitzii	14.3803562869
MET-SAM-PWY: superpathway of S-adenosyl-L-methionine biosynthesis	41.9572106548
PWY-6897: thiamin salvage II	41.5661461353
PWY-6897: thiamin salvage II|g__Propionibacterium.s__Propionibacterium_freudenreichii	1.6817232882
TRPSYN-PWY: L-tryptophan biosynthesis	40.9121316434
TRPSYN-PWY: L-tryptophan biosynthesis|g__Bacteroides.s__Bacteroides_fluxus	6.4331213491
PWY-6317: galactose degradation I (Leloir pathway)	40.8822988352
PWY-6317: galactose degradation I (Leloir pathway)|g__Faecalibacterium.s__Faecalibacterium_prausnitzii	15.9652321233
PWY-6317: galactose degradation I (Leloir pathway)|g__Ruminococcus.s__Ruminococcus_bromii	3.7320332825
PWY-6317: galactose degradation I (Leloir pathway)|g__Blautia.s__Ruminococcus_obeum	2.2276791316
PWY66-422: D-galactose degradation V (Leloir pathway)	40.8822988352
PWY66-422: D-galactose degradation V (Leloir pathway)|g__Faecalibacterium.s__Faecalibacterium_prausnitzii	15.9652321233
PWY66-422: D-galactose degradation V (Leloir pathway)|g__Ruminococcus.s__Ruminococcus_bromii	3.7320332825
PWY66-422: D-galactose degradation V (Leloir pathway)|g__Blautia.s__Ruminococcus_obeum	2.2597390496
PWY-7228: superpathway of guanosine nucleotides de novo biosynthesis I	39.4413225302
PWY-7228: superpathway of guanosine nucleotides de novo biosynthesis I|g__Dialister.s__Dialister_invisus	13.2317850298
PWY-6124: inosine-5'-phosphate biosynthesis II	38.3834594140
PWY-6124: inosine-5'-phosphate biosynthesis II|g__Faecalibacterium.s__Faecalibacterium_prausnitzii	19.7318169491
PWY-6124: inosine-5'-phosphate biosynthesis II|g__Streptococcus.s__Streptococcus_salivarius	1.5976130111
PWY-5101: L-isoleucine biosynthesis II	37.9683502039
METSYN-PWY: L-homoserine and L-methionine biosynthesis	37.7636401419
PWY-5347: superpathway of L-methionine biosynthesis (transsulfuration)	37.6336918973
PWY-6125: superpathway of guanosine nucleotides de novo biosynthesis II	34.6207009049
PWY0-166: superpathway of pyrimidine deoxyribonucleotides de novo biosynthesis (E. coli)	34.5496280633
PWY-6609: adenine and adenosine salvage III	33.8791089742
PWY-6609: adenine and adenosine salvage III|g__Faecalibacterium.s__Faecalibacterium_prausnitzii	19.9546956779
HISTSYN-PWY: L-histidine biosynthesis	33.5367244197
HISTSYN-PWY: L-histidine biosynthesis|g__Bifidobacterium.s__Bifidobacterium_dentium	4.3769790167
PYRIDNUCSYN-PWY: NAD biosynthesis I (from aspartate)	33.2426561580
PYRIDNUCSYN-PWY: NAD biosynthesis I (from aspartate)|g__Ruminococcus.s__Ruminococcus_bromii	5.7628033318
PWY-621: sucrose degradation III (sucrose invertase)	32.9897879606
PWY-621: sucrose degradation III (sucrose invertase)|g__Faecalibacterium.s__Faecalibacterium_prausnitzii	20.4453290443
PWY-621: sucrose degradation III (sucrose invertase)|g__Blautia.s__Ruminococcus_obeum	3.0852758845
PWY-6270: isoprene biosynthesis I	32.3642956930
ANAEROFRUCAT-PWY: homolactic fermentation	31.8656645189
PWY-7208: superpathway of pyrimidine nucleobases salvage	31.7917126957
PWY-7208: superpathway of pyrimidine nucleobases salvage|g__Dialister.s__Dialister_invisus	17.1629270141
ASPASN-PWY: superpathway of L-aspartate and L-asparagine biosynthesis	30.9758235973
ASPASN-PWY: superpathway of L-aspartate and L-asparagine biosynthesis|g__Faecalibacterium.s__Faecalibacterium_prausnitzii	16.5540667633
ASPASN-PWY: superpathway of L-aspartate and L-asparagine biosynthesis|g__Bacteroides.s__Bacteroides_fluxus	6.5428997609
ASPASN-PWY: superpathway of L-aspartate and L-asparagine biosynthesis|g__Propionibacterium.s__Propionibacterium_freudenreichii	1.3720812000
PWY-5188: tetrapyrrole biosynthesis I (from glutamate)	30.9107412022
PWY-5188: tetrapyrrole biosynthesis I (from glutamate)|g__Dialister.s__Dialister_invisus	14.6287365214
PWY-5188: tetrapyrrole biosynthesis I (from glutamate)|g__Ruminococcus.s__Ruminococcus_bromii	6.4634184988
PWY-5188: tetrapyrrole biosynthesis I (from glutamate)|g__Propionibacterium.s__Propionibacterium_freudenreichii	0.8906823092
PWY-6527: stachyose degradation	30.8035111430
PWY-6527: stachyose degradation|g__Faecalibacterium.s__Faecalibacterium_prausnitzii	12.1213697521
PWY-841: superpathway of purine nucleotides de novo biosynthesis I	30.6876653595
PANTOSYN-PWY: pantothenate and coenzyme A biosynthesis I	29.7797306176
GALACTUROCAT-PWY: D-galacturonate degradation I	29.7388049389
GALACTUROCAT-PWY: D-galacturonate degradation I|g__Faecalibacterium.s__Faecalibacterium_prausnitzii	24.2599562035
PWY-7560: methylerythritol phosphate pathway II	29.5188011150
PWY-6545: pyrimidine deoxyribonucleotides de novo biosynthesis III	29.4366261078
PWY-7184: pyrimidine deoxyribonucleotides de novo biosynthesis I	29.2209419397
RIBOSYN2-PWY: flavin biosynthesis I (bacteria and plants)	28.9456513092
RHAMCAT-PWY: L-rhamnose degradation I	28.7951337212
RHAMCAT-PWY: L-rhamnose degradation I|g__Faecalibacterium.s__Faecalibacterium_prausnitzii	18.6151222696
PWY-5100: pyruvate fermentation to acetate and lactate II	28.7631756028
PWY-5100: pyruvate fermentation to acetate and lactate II|g__Propionibacterium.s__Propionibacterium_freudenreichii	0.8215588730
PWY-5100: pyruvate fermentation to acetate and lactate II|g__Bifidobacterium.s__Bifidobacterium_animalis	0.8144666672
GLCMANNANAUT-PWY: superpathway of N-acetylglucosamine, N-acetylmannosamine and N-acetylneuraminate degradation	28.6644222295
GLCMANNANAUT-PWY: superpathway of N-acetylglucosamine, N-acetylmannosamine and N-acetylneuraminate degradation|g__Faecalibacterium.s__Faecalibacterium_prausnitzii	12.2894602004
COBALSYN-PWY: adenosylcobalamin salvage from cobinamide I	27.9888350643
COBALSYN-PWY: adenosylcobalamin salvage from cobinamide I|g__Faecalibacterium.s__Faecalibacterium_prausnitzii	4.8514736680
COBALSYN-PWY: adenosylcobalamin salvage from cobinamide I|g__Coprococcus.s__Coprococcus_catus	1.4511447920
OANTIGEN-PWY: O-antigen building blocks biosynthesis (E. coli)	27.1415203092
PWY-7199: pyrimidine deoxyribonucleosides salvage	27.1246036888
PWY-6507: 4-deoxy-L-threo-hex-4-enopyranuronate degradation	26.6508602701
PWY-6507: 4-deoxy-L-threo-hex-4-enopyranuronate degradation|g__Faecalibacterium.s__Faecalibacterium_prausnitzii	19.7147402819
GALACT-GLUCUROCAT-PWY: superpathway of hexuronide and hexuronate degradation	26.6013473463
GALACT-GLUCUROCAT-PWY: superpathway of hexuronide and hexuronate degradation|g__Faecalibacterium.s__Faecalibacterium_prausnitzii	20.5855373887
PWY-7242: D-fructuronate degradation	26.0149154539
PWY-7242: D-fructuronate degradation|g__Faecalibacterium.s__Faecalibacterium_prausnitzii	18.1775486286
THISYNARA-PWY: superpathway of thiamin diphosphate biosynthesis III (eukaryotes)	25.3916385564
THISYNARA-PWY: superpathway of thiamin diphosphate biosynthesis III (eukaryotes)|g__Faecalibacterium.s__Faecalibacterium_prausnitzii	12.5726218528
ARGININE-SYN4-PWY: L-ornithine de novo  biosynthesis	25.0027618721
ARGININE-SYN4-PWY: L-ornithine de novo  biosynthesis|g__Bacteroides.s__Bacteroides_fluxus	6.1111178600
ARGININE-SYN4-PWY: L-ornithine de novo  biosynthesis|g__Bacteroides.s__Bacteroides_stercoris	3.6718087908
HOMOSER-METSYN-PWY: L-methionine biosynthesis I	24.6151837926
HOMOSER-METSYN-PWY: L-methionine biosynthesis I|g__Ruminococcus.s__Ruminococcus_bromii	6.4541956903
PWY-6630: superpathway of L-tyrosine biosynthesis	24.5465286664
UDPNAGSYN-PWY: UDP-N-acetyl-D-glucosamine biosynthesis I	24.1986223081
UDPNAGSYN-PWY: UDP-N-acetyl-D-glucosamine biosynthesis I|g__Bifidobacterium.s__Bifidobacterium_dentium	4.1145550733
UDPNAGSYN-PWY: UDP-N-acetyl-D-glucosamine biosynthesis I|g__Bifidobacterium.s__Bifidobacterium_adolescentis	2.7460718503
UDPNAGSYN-PWY: UDP-N-acetyl-D-glucosamine biosynthesis I|g__Bifidobacterium.s__Bifidobacterium_longum	1.6338658424
UDPNAGSYN-PWY: UDP-N-acetyl-D-glucosamine biosynthesis I|g__Bifidobacterium.s__Bifidobacterium_animalis	0.9175007449
GLUCUROCAT-PWY: superpathway of &beta;-D-glucuronide and D-glucuronate degradation	23.9124060918
GLUCUROCAT-PWY: superpathway of &beta;-D-glucuronide and D-glucuronate degradation|g__Faecalibacterium.s__Faecalibacterium_prausnitzii	18.8016192367
PWY-7220: adenosine deoxyribonucleotides de novo biosynthesis II	23.8964927308
PWY-7222: guanosine deoxyribonucleotides de novo biosynthesis II	23.8964927308
PWY-7196: superpathway of pyrimidine ribonucleosides salvage	22.7683085022
PWY-7197: pyrimidine deoxyribonucleotide phosphorylation	22.7243620126
PWY-7197: pyrimidine deoxyribonucleotide phosphorylation|g__Dialister.s__Dialister_invisus	13.9737717280
PWY-4981: L-proline biosynthesis II (from arginine)	22.3304395108
PWY-4981: L-proline biosynthesis II (from arginine)|g__Collinsella.s__Collinsella_aerofaciens	2.0569394493
PWY-6168: flavin biosynthesis III (fungi)	21.9727569729
PWY-7282: 4-amino-2-methyl-5-phosphomethylpyrimidine biosynthesis (yeast)	21.8851647703
COA-PWY: coenzyme A biosynthesis I	21.7632192293
COA-PWY: coenzyme A biosynthesis I|g__Faecalibacterium.s__Faecalibacterium_prausnitzii	8.9859180491
COA-PWY: coenzyme A biosynthesis I|g__Bifidobacterium.s__Bifidobacterium_dentium	4.4177667046
PWY-2941: L-lysine biosynthesis II	20.6920726828
PWY-5177: glutaryl-CoA degradation	20.5694310823
PWY-5177: glutaryl-CoA degradation|g__Faecalibacterium.s__Faecalibacterium_prausnitzii	14.9471941427
TRNA-CHARGING-PWY: tRNA charging	20.1609195953
PWY66-400: glycolysis VI (metazoan)	20.0439554808
P4-PWY: superpathway of L-lysine, L-threonine and L-methionine biosynthesis I	19.5007508335
GLYCOLYSIS: glycolysis I (from glucose 6-phosphate)	19.4411464357
PWY0-781: aspartate superpathway	19.2432421168
PWY-5484: glycolysis II (from fructose 6-phosphate)	19.0464169729
PWY0-1297: superpathway of purine deoxyribonucleosides degradation	18.3113642184
PWY-4242: pantothenate and coenzyme A biosynthesis III	17.7604821158
PWY-4242: pantothenate and coenzyme A biosynthesis III|g__Faecalibacterium.s__Faecalibacterium_prausnitzii	9.3129945473
PWY-7234: inosine-5'-phosphate biosynthesis III	17.5558103984
PYRIDNUCSAL-PWY: NAD salvage pathway I	16.7778685515
PWY-7211: superpathway of pyrimidine deoxyribonucleotides de novo biosynthesis	16.1763397465
PWY-5121: superpathway of geranylgeranyl diphosphate biosynthesis II (via MEP)	15.5004120197
PWY-5659: GDP-mannose biosynthesis	15.2447826204
PWY-5659: GDP-mannose biosynthesis|g__Faecalibacterium.s__Faecalibacterium_prausnitzii	3.9868339955
PWY-5659: GDP-mannose biosynthesis|g__Porphyromonas.s__Porphyromonas_asaccharolytica	1.0182003309
DAPLYSINESYN-PWY: L-lysine biosynthesis I	14.8215699109
PWY-7210: pyrimidine deoxyribonucleotides biosynthesis from CTP	14.2596918827
PWY66-409: superpathway of purine nucleotide salvage	14.2025681057
P161-PWY: acetylene degradation	14.0462816712
PWY0-162: superpathway of pyrimidine ribonucleotides de novo biosynthesis	13.7293414711
GLYCOGENSYNTH-PWY: glycogen biosynthesis I (from ADP-D-Glucose)	13.1644497134
GLYCOGENSYNTH-PWY: glycogen biosynthesis I (from ADP-D-Glucose)|g__Blautia.s__Ruminococcus_obeum	2.7104743794
GLYCOGENSYNTH-PWY: glycogen biosynthesis I (from ADP-D-Glucose)|g__Erysipelotrichaceae_noname.s__Eubacterium_biforme	1.7814634901
PENTOSE-P-PWY: pentose phosphate pathway	12.6958073961
PWY-7456: mannan degradation	12.6157462357
PWY0-845: superpathway of pyridoxal 5'-phosphate biosynthesis and salvage	12.3512586568
PWY-7198: pyrimidine deoxyribonucleotides de novo biosynthesis IV	12.2736819878
PWY-5030: L-histidine degradation III	11.1503702866
PWY-7400: L-arginine biosynthesis IV (archaebacteria)	11.0382602833
HSERMETANA-PWY: L-methionine biosynthesis III	10.8443065257
PWY-6936: seleno-amino acid biosynthesis	10.0310844179
PWY-6936: seleno-amino acid biosynthesis|g__Propionibacterium.s__Propionibacterium_freudenreichii	1.5391715798
PWY-5941: glycogen degradation II (eukaryotic)	9.8726970473
POLYAMSYN-PWY: superpathway of polyamine biosynthesis I	9.6991493725
ARGSYN-PWY: L-arginine biosynthesis I (via L-ornithine)	9.6552016880
PYRIDOXSYN-PWY: pyridoxal 5'-phosphate biosynthesis I	9.3332867392
PYRIDOXSYN-PWY: pyridoxal 5'-phosphate biosynthesis I|g__Bacteroides.s__Bacteroides_stercoris	2.6178785975
PWY-6608: guanosine nucleotides degradation III	8.6696969740
PWY-6353: purine nucleotides degradation II (aerobic)	8.0948811383
PWY-6628: superpathway of L-phenylalanine biosynthesis	7.8261428388
DENOVOPURINE2-PWY: superpathway of purine nucleotides de novo biosynthesis II	7.8249702138
LACTOSECAT-PWY: lactose and galactose degradation I	7.6245991928
LACTOSECAT-PWY: lactose and galactose degradation I|g__Streptococcus.s__Streptococcus_australis	1.5909937642
LACTOSECAT-PWY: lactose and galactose degradation I|g__Lactobacillus.s__Lactobacillus_casei_paracasei	0.9035464197
SALVADEHYPOX-PWY: adenosine nucleotides degradation II	7.4088559658
P162-PWY: L-glutamate degradation V (via hydroxyglutarate)	7.3661447866
PWY-7187: pyrimidine deoxyribonucleotides de novo biosynthesis II	7.2356461842
PRPP-PWY: superpathway of histidine, purine, and pyrimidine biosynthesis	7.0780385746
COLANSYN-PWY: colanic acid building blocks biosynthesis	6.5359203333
PWY-6147: 6-hydroxymethyl-dihydropterin diphosphate biosynthesis I	6.4557785019
PWY-6147: 6-hydroxymethyl-dihydropterin diphosphate biosynthesis I|g__Collinsella.s__Collinsella_aerofaciens	1.2490781829
PWY-6901: superpathway of glucose and xylose degradation	6.1649881913
PWY-7117: C4 photosynthetic carbon assimilation cycle, PEPCK type	5.8556412957
PWY-7539: 6-hydroxymethyl-dihydropterin diphosphate biosynthesis III (Chlamydia)	5.1598450910
PWY-7323: superpathway of GDP-mannose-derived O-antigen building blocks biosynthesis	5.1479419085
PWY-5676: acetyl-CoA fermentation to butanoate II	5.0955771234
PWY0-1061: superpathway of L-alanine biosynthesis	5.0475983076
PWY0-1061: superpathway of L-alanine biosynthesis|g__Streptococcus.s__Streptococcus_australis	1.3176870189
PWY-6305: putrescine biosynthesis IV	4.8107240646
PWY-6305: putrescine biosynthesis IV|g__Blautia.s__Ruminococcus_obeum	2.7032541020
TCA: TCA cycle I (prokaryotic)	4.7981672504
PWY-6969: TCA cycle V (2-oxoglutarate:ferredoxin oxidoreductase)	4.2804760075
P185-PWY: formaldehyde assimilation III (dihydroxyacetone cycle)	4.1367222463
PWY-5913: TCA cycle VI (obligate autotrophs)	4.1183158098
PWY66-399: gluconeogenesis III	3.9643995465
PWY-6606: guanosine nucleotides degradation II	3.8007596913
FOLSYN-PWY: superpathway of tetrahydrofolate biosynthesis and salvage	3.7501970585
PWY-5154: L-arginine biosynthesis III (via N-acetyl-L-citrulline)	3.7336609821
PWY-7115: C4 photosynthetic carbon assimilation cycle, NAD-ME type	3.5737873504
CITRULBIO-PWY: L-citrulline biosynthesis	3.5687474525
FAO-PWY: fatty acid &beta;-oxidation I	3.5063500220
PWY-4984: urea cycle	3.0637729461
PWY-5136: fatty acid &beta;-oxidation II (peroxisome)	3.0156272440
HEMESYN2-PWY: heme biosynthesis II (anaerobic)	2.8762108466
GOLPDLCAT-PWY: superpathway of glycerol degradation to 1,3-propanediol	2.7415447626
PWY-5690: TCA cycle II (plants and fungi)	2.7125201358
PWY-5918: superpathay of heme biosynthesis from glutamate	2.6078304252
PWY-6612: superpathway of tetrahydrofolate biosynthesis	2.5651843696
PWY66-389: phytol degradation	2.4693505248
PWY-7003: glycerol degradation to butanol	2.3158993912
GLUTORN-PWY: L-ornithine biosynthesis	2.2233581794
PWY-7383: anaerobic energy metabolism (invertebrates, cytosol)	2.1450381047
PWY-5173: superpathway of acetyl-CoA biosynthesis	2.0858338365
PWY-6595: superpathway of guanosine nucleotides degradation (plants)	1.9650791488
PWY-6590: superpathway of Clostridium acetobutylicum acidogenic fermentation	1.9481499521
NAD-BIOSYNTHESIS-II: NAD salvage pathway II	1.8496848061
HEME-BIOSYNTHESIS-II: heme biosynthesis I (aerobic)	1.8435083411
HEME-BIOSYNTHESIS-II: heme biosynthesis I (aerobic)|g__Propionibacterium.s__Propionibacterium_freudenreichii	1.2003288141
FERMENTATION-PWY: mixed acid fermentation	1.8273111809
P42-PWY: incomplete reductive TCA cycle	1.7688906887
PWY0-1415: superpathway of heme biosynthesis from uroporphyrinogen-III	1.6166589957
PWY-7209: superpathway of pyrimidine ribonucleosides degradation	1.5773175341
CENTFERM-PWY: pyruvate fermentation to butanoate	1.5357325446
GLUDEG-I-PWY: GABA shunt	1.5322379866
PWY-5022: 4-aminobutanoate degradation V	1.5189618390
PWY-5920: superpathway of heme biosynthesis from glycine	1.4045581761
PWY-5104: L-isoleucine biosynthesis IV	1.3440643301
PWY-5104: L-isoleucine biosynthesis IV|g__Propionibacterium.s__Propionibacterium_freudenreichii	0.7597438589
PWY-5189: tetrapyrrole biosynthesis II (from glycine)	1.2806012277
PWY-5189: tetrapyrrole biosynthesis II (from glycine)|g__Propionibacterium.s__Propionibacterium_freudenreichii	0.8244023083
PWY-6588: pyruvate fermentation to acetone	0.9309375999