# Pathway	ERR480993_Abundance
UNMAPPED	242840.1198225752
UNINTEGRATED	166152.4567824231
UNINTEGRATED|g__Prevotella.s__Prevotella_copri	70984.6980153695
UNINTEGRATED|g__Faecalibacterium.s__Faecalibacterium_prausnitzii	31061.5415070579
UNINTEGRATED|g__Eubacterium.s__Eubacterium_rectale	8321.1230208477
UNINTEGRATED|g__Collinsella.s__Collinsella_aerofaciens	4766.2256821533
UNINTEGRATED|g__Bacteroides.s__Bacteroides_dorei	4492.4802525705
UNINTEGRATED|g__Bacteroides.s__Bacteroides_vulgatus	4192.4484035387
UNINTEGRATED|g__Phascolarctobacterium.s__Phascolarctobacterium_succinatutens	3878.1557270645
UNINTEGRATED|g__Prevotella.s__Prevotella_stercorea	3344.1429177233
UNINTEGRATED|g__Bacteroides.s__Bacteroides_ovatus	2846.3004838102
UNINTEGRATED|g__Parabacteroides.s__Parabacteroides_merdae	2574.4170196033
UNINTEGRATED|g__Ruminococcus.s__Ruminococcus_bromii	2379.4317165188
UNINTEGRATED|g__Bifidobacterium.s__Bifidobacterium_longum	2370.2841290410
UNINTEGRATED|g__Megasphaera.s__Megasphaera_elsdenii	2332.3626266149
UNINTEGRATED|g__Roseburia.s__Roseburia_inulinivorans	2313.7392573455
UNINTEGRATED|g__Bifidobacterium.s__Bifidobacterium_adolescentis	2281.5637372620
UNINTEGRATED|g__Bacteroides.s__Bacteroides_uniformis	2107.9981205626
UNINTEGRATED|g__Bacteroides.s__Bacteroides_coprocola	1953.2574393142
UNINTEGRATED|g__Dorea.s__Dorea_longicatena	1681.1283294626
UNINTEGRATED|g__Catenibacterium.s__Catenibacterium_mitsuokai	1541.7953629802
UNINTEGRATED|g__Dorea.s__Dorea_formicigenerans	1444.5980748196
UNINTEGRATED|g__Roseburia.s__Roseburia_intestinalis	1421.4629695662
UNINTEGRATED|g__Eubacterium.s__Eubacterium_ventriosum	1411.7863050885
UNINTEGRATED|g__Alistipes.s__Alistipes_putredinis	1096.9187392513
UNINTEGRATED|g__Bacteroides.s__Bacteroides_stercoris	968.3238297584
UNINTEGRATED|g__Coprococcus.s__Coprococcus_comes	967.2492227852
UNINTEGRATED|g__Alistipes.s__Alistipes_shahii	877.6649100686
UNINTEGRATED|g__Blautia.s__Ruminococcus_torques	876.2187692416
UNINTEGRATED|g__Eubacterium.s__Eubacterium_hallii	873.8949446611
UNINTEGRATED|g__Eubacterium.s__Eubacterium_ramulus	595.6898240028
PWY-7219: adenosine ribonucleotides de novo biosynthesis	267.9747348601
PWY-7219: adenosine ribonucleotides de novo biosynthesis|g__Prevotella.s__Prevotella_copri	95.7676060994
PWY-7219: adenosine ribonucleotides de novo biosynthesis|g__Faecalibacterium.s__Faecalibacterium_prausnitzii	38.6356063883
PWY-7219: adenosine ribonucleotides de novo biosynthesis|g__Eubacterium.s__Eubacterium_rectale	26.6683547510
PWY-7219: adenosine ribonucleotides de novo biosynthesis|g__Collinsella.s__Collinsella_aerofaciens	17.0277948289
PWY-7219: adenosine ribonucleotides de novo biosynthesis|g__Bacteroides.s__Bacteroides_coprocola	16.9690919285
PWY-7219: adenosine ribonucleotides de novo biosynthesis|g__Phascolarctobacterium.s__Phascolarctobacterium_succinatutens	12.0825499858
PWY-7219: adenosine ribonucleotides de novo biosynthesis|g__Prevotella.s__Prevotella_stercorea	10.7971306305
PWY-7219: adenosine ribonucleotides de novo biosynthesis|g__Ruminococcus.s__Ruminococcus_bromii	7.5675654781
PWY-7219: adenosine ribonucleotides de novo biosynthesis|g__Megasphaera.s__Megasphaera_elsdenii	6.7253235964
PWY-7219: adenosine ribonucleotides de novo biosynthesis|g__Bifidobacterium.s__Bifidobacterium_adolescentis	5.1288235069
PWY-7219: adenosine ribonucleotides de novo biosynthesis|g__Bifidobacterium.s__Bifidobacterium_longum	3.9903810295
PWY-7219: adenosine ribonucleotides de novo biosynthesis|g__Catenibacterium.s__Catenibacterium_mitsuokai	3.9895242479
PWY-7219: adenosine ribonucleotides de novo biosynthesis|g__Bacteroides.s__Bacteroides_dorei	3.6209908181
PWY-7219: adenosine ribonucleotides de novo biosynthesis|g__Dorea.s__Dorea_formicigenerans	2.6741242977
PWY-7219: adenosine ribonucleotides de novo biosynthesis|g__Blautia.s__Ruminococcus_torques	2.4703765184
PWY-7219: adenosine ribonucleotides de novo biosynthesis|g__Alistipes.s__Alistipes_putredinis	2.2023010721
PWY-7219: adenosine ribonucleotides de novo biosynthesis|g__Bacteroides.s__Bacteroides_vulgatus	1.9731247075
PWY-7219: adenosine ribonucleotides de novo biosynthesis|g__Eubacterium.s__Eubacterium_ventriosum	1.5988269320
PWY-7219: adenosine ribonucleotides de novo biosynthesis|g__Roseburia.s__Roseburia_inulinivorans	1.1061155431
PWY-7219: adenosine ribonucleotides de novo biosynthesis|g__Coprococcus.s__Coprococcus_comes	1.0270626138
PWY-7219: adenosine ribonucleotides de novo biosynthesis|g__Eubacterium.s__Eubacterium_hallii	0.9688243691
PWY-7219: adenosine ribonucleotides de novo biosynthesis|g__Bacteroides.s__Bacteroides_stercoris	0.8876708155
PWY-6151: S-adenosyl-L-methionine cycle I	225.9261791143
PWY-6151: S-adenosyl-L-methionine cycle I|g__Prevotella.s__Prevotella_copri	119.1257257723
PWY-6151: S-adenosyl-L-methionine cycle I|g__Faecalibacterium.s__Faecalibacterium_prausnitzii	33.8054411940
PWY-6151: S-adenosyl-L-methionine cycle I|g__Eubacterium.s__Eubacterium_rectale	7.5144190004
PWY-6151: S-adenosyl-L-methionine cycle I|g__Catenibacterium.s__Catenibacterium_mitsuokai	4.7360833854
PWY-6151: S-adenosyl-L-methionine cycle I|g__Prevotella.s__Prevotella_stercorea	3.6468686023
PWY-6151: S-adenosyl-L-methionine cycle I|g__Bacteroides.s__Bacteroides_vulgatus	2.8698608633
PWY-6151: S-adenosyl-L-methionine cycle I|g__Ruminococcus.s__Ruminococcus_bromii	2.7062908997
PWY-6151: S-adenosyl-L-methionine cycle I|g__Bifidobacterium.s__Bifidobacterium_adolescentis	2.3494613229
PWY-6151: S-adenosyl-L-methionine cycle I|g__Bacteroides.s__Bacteroides_dorei	2.0129933914
PWY-6151: S-adenosyl-L-methionine cycle I|g__Dorea.s__Dorea_longicatena	1.4696468265
PWY-6700: queuosine biosynthesis	225.4653928929
PWY-6700: queuosine biosynthesis|g__Prevotella.s__Prevotella_copri	143.0324798239
PWY-6700: queuosine biosynthesis|g__Phascolarctobacterium.s__Phascolarctobacterium_succinatutens	8.0086034940
PWY-6700: queuosine biosynthesis|g__Prevotella.s__Prevotella_stercorea	6.8376832117
PWY-6700: queuosine biosynthesis|g__Bacteroides.s__Bacteroides_dorei	3.6217794834
PWY-6700: queuosine biosynthesis|g__Bacteroides.s__Bacteroides_coprocola	3.4619806027
PWY-6700: queuosine biosynthesis|g__Megasphaera.s__Megasphaera_elsdenii	2.3152841367
PWY-6700: queuosine biosynthesis|g__Bacteroides.s__Bacteroides_vulgatus	1.5137443516
PWY-5686: UMP biosynthesis	221.7240009282
PWY-5686: UMP biosynthesis|g__Prevotella.s__Prevotella_copri	92.6928730093
PWY-5686: UMP biosynthesis|g__Faecalibacterium.s__Faecalibacterium_prausnitzii	34.3581329261
PWY-5686: UMP biosynthesis|g__Collinsella.s__Collinsella_aerofaciens	9.9708465493
PWY-5686: UMP biosynthesis|g__Eubacterium.s__Eubacterium_rectale	8.1318558467
PWY-5686: UMP biosynthesis|g__Ruminococcus.s__Ruminococcus_bromii	7.9036252924
PWY-5686: UMP biosynthesis|g__Prevotella.s__Prevotella_stercorea	5.1165169302
PWY-5686: UMP biosynthesis|g__Catenibacterium.s__Catenibacterium_mitsuokai	3.8069037391
PWY-5686: UMP biosynthesis|g__Megasphaera.s__Megasphaera_elsdenii	2.8004294302
PWY-5686: UMP biosynthesis|g__Phascolarctobacterium.s__Phascolarctobacterium_succinatutens	2.7697927291
PWY-5686: UMP biosynthesis|g__Alistipes.s__Alistipes_putredinis	2.6839406316
PWY-5686: UMP biosynthesis|g__Bacteroides.s__Bacteroides_coprocola	1.6734169183
PWY-5686: UMP biosynthesis|g__Dorea.s__Dorea_longicatena	1.5841958760
PWY-7221: guanosine ribonucleotides de novo biosynthesis	221.0493429824
PWY-7221: guanosine ribonucleotides de novo biosynthesis|g__Prevotella.s__Prevotella_copri	104.9621258280
PWY-7221: guanosine ribonucleotides de novo biosynthesis|g__Faecalibacterium.s__Faecalibacterium_prausnitzii	21.6815395053
PWY-7221: guanosine ribonucleotides de novo biosynthesis|g__Eubacterium.s__Eubacterium_rectale	13.9985085329
PWY-7221: guanosine ribonucleotides de novo biosynthesis|g__Ruminococcus.s__Ruminococcus_bromii	6.2228095325
PWY-7221: guanosine ribonucleotides de novo biosynthesis|g__Prevotella.s__Prevotella_stercorea	5.9811428827
PWY-7221: guanosine ribonucleotides de novo biosynthesis|g__Bacteroides.s__Bacteroides_dorei	5.7723898846
PWY-7221: guanosine ribonucleotides de novo biosynthesis|g__Phascolarctobacterium.s__Phascolarctobacterium_succinatutens	4.7830035457
PWY-7221: guanosine ribonucleotides de novo biosynthesis|g__Megasphaera.s__Megasphaera_elsdenii	2.5954338364
PWY-7221: guanosine ribonucleotides de novo biosynthesis|g__Bacteroides.s__Bacteroides_vulgatus	2.0927983710
PWY-7221: guanosine ribonucleotides de novo biosynthesis|g__Eubacterium.s__Eubacterium_ramulus	0.9936061961
PWY-7221: guanosine ribonucleotides de novo biosynthesis|g__Roseburia.s__Roseburia_inulinivorans	0.9758271667
PWY-7221: guanosine ribonucleotides de novo biosynthesis|g__Eubacterium.s__Eubacterium_ventriosum	0.8517887564
NONMEVIPP-PWY: methylerythritol phosphate pathway I	199.2470946102
NONMEVIPP-PWY: methylerythritol phosphate pathway I|g__Eubacterium.s__Eubacterium_rectale	9.2393222845
NONMEVIPP-PWY: methylerythritol phosphate pathway I|g__Phascolarctobacterium.s__Phascolarctobacterium_succinatutens	6.0059907589
NONMEVIPP-PWY: methylerythritol phosphate pathway I|g__Bifidobacterium.s__Bifidobacterium_adolescentis	3.3064375920
NONMEVIPP-PWY: methylerythritol phosphate pathway I|g__Alistipes.s__Alistipes_putredinis	2.2524468668
PWY-6386: UDP-N-acetylmuramoyl-pentapeptide biosynthesis II (lysine-containing)	182.0448206098
PWY-6386: UDP-N-acetylmuramoyl-pentapeptide biosynthesis II (lysine-containing)|g__Faecalibacterium.s__Faecalibacterium_prausnitzii	24.0761757581
PWY-6386: UDP-N-acetylmuramoyl-pentapeptide biosynthesis II (lysine-containing)|g__Eubacterium.s__Eubacterium_rectale	12.3617197785
PWY-6386: UDP-N-acetylmuramoyl-pentapeptide biosynthesis II (lysine-containing)|g__Collinsella.s__Collinsella_aerofaciens	5.8484210191
PWY-6386: UDP-N-acetylmuramoyl-pentapeptide biosynthesis II (lysine-containing)|g__Bifidobacterium.s__Bifidobacterium_adolescentis	5.1790747722
PWY-6386: UDP-N-acetylmuramoyl-pentapeptide biosynthesis II (lysine-containing)|g__Megasphaera.s__Megasphaera_elsdenii	3.9667056233
PWY-6386: UDP-N-acetylmuramoyl-pentapeptide biosynthesis II (lysine-containing)|g__Phascolarctobacterium.s__Phascolarctobacterium_succinatutens	3.7983437150
PWY-6386: UDP-N-acetylmuramoyl-pentapeptide biosynthesis II (lysine-containing)|g__Parabacteroides.s__Parabacteroides_merdae	1.0663318828
PWY-5097: L-lysine biosynthesis VI	181.1784082192
PWY-5097: L-lysine biosynthesis VI|g__Prevotella.s__Prevotella_copri	91.4791609225
PWY-5097: L-lysine biosynthesis VI|g__Faecalibacterium.s__Faecalibacterium_prausnitzii	22.4375779771
PWY-5097: L-lysine biosynthesis VI|g__Eubacterium.s__Eubacterium_rectale	11.5919012169
PWY-5097: L-lysine biosynthesis VI|g__Prevotella.s__Prevotella_stercorea	4.1594637322
PWY-5097: L-lysine biosynthesis VI|g__Catenibacterium.s__Catenibacterium_mitsuokai	2.2189854840
PWY-5097: L-lysine biosynthesis VI|g__Phascolarctobacterium.s__Phascolarctobacterium_succinatutens	1.9578475084
PWY-5097: L-lysine biosynthesis VI|g__Bacteroides.s__Bacteroides_vulgatus	1.4534488804
COA-PWY-1: coenzyme A biosynthesis II (mammalian)	180.1374575103
COA-PWY-1: coenzyme A biosynthesis II (mammalian)|g__Faecalibacterium.s__Faecalibacterium_prausnitzii	26.2558637806
COA-PWY-1: coenzyme A biosynthesis II (mammalian)|g__Eubacterium.s__Eubacterium_rectale	12.7157262015
COA-PWY-1: coenzyme A biosynthesis II (mammalian)|g__Phascolarctobacterium.s__Phascolarctobacterium_succinatutens	8.6996056642
COA-PWY-1: coenzyme A biosynthesis II (mammalian)|g__Bifidobacterium.s__Bifidobacterium_adolescentis	4.3970776747
COA-PWY-1: coenzyme A biosynthesis II (mammalian)|g__Bifidobacterium.s__Bifidobacterium_longum	2.7830826970
COA-PWY-1: coenzyme A biosynthesis II (mammalian)|g__Alistipes.s__Alistipes_putredinis	2.7578919979
COA-PWY-1: coenzyme A biosynthesis II (mammalian)|g__Bacteroides.s__Bacteroides_dorei	1.9698620853
COA-PWY-1: coenzyme A biosynthesis II (mammalian)|g__Megasphaera.s__Megasphaera_elsdenii	1.6638935108
COA-PWY-1: coenzyme A biosynthesis II (mammalian)|g__Eubacterium.s__Eubacterium_ventriosum	1.2059089539
PEPTIDOGLYCANSYN-PWY: peptidoglycan biosynthesis I (meso-diaminopimelate containing)	175.5777091216
PEPTIDOGLYCANSYN-PWY: peptidoglycan biosynthesis I (meso-diaminopimelate containing)|g__Faecalibacterium.s__Faecalibacterium_prausnitzii	24.5510861351
PEPTIDOGLYCANSYN-PWY: peptidoglycan biosynthesis I (meso-diaminopimelate containing)|g__Collinsella.s__Collinsella_aerofaciens	5.4117242049
PEPTIDOGLYCANSYN-PWY: peptidoglycan biosynthesis I (meso-diaminopimelate containing)|g__Bifidobacterium.s__Bifidobacterium_adolescentis	4.7168895921
PEPTIDOGLYCANSYN-PWY: peptidoglycan biosynthesis I (meso-diaminopimelate containing)|g__Phascolarctobacterium.s__Phascolarctobacterium_succinatutens	4.5650070192
PEPTIDOGLYCANSYN-PWY: peptidoglycan biosynthesis I (meso-diaminopimelate containing)|g__Megasphaera.s__Megasphaera_elsdenii	3.3949281090
PEPTIDOGLYCANSYN-PWY: peptidoglycan biosynthesis I (meso-diaminopimelate containing)|g__Bacteroides.s__Bacteroides_dorei	3.1689415150
PEPTIDOGLYCANSYN-PWY: peptidoglycan biosynthesis I (meso-diaminopimelate containing)|g__Blautia.s__Ruminococcus_torques	1.3107511243
PEPTIDOGLYCANSYN-PWY: peptidoglycan biosynthesis I (meso-diaminopimelate containing)|g__Parabacteroides.s__Parabacteroides_merdae	1.0853842047
ILEUSYN-PWY: L-isoleucine biosynthesis I (from threonine)	172.3636380522
ILEUSYN-PWY: L-isoleucine biosynthesis I (from threonine)|g__Faecalibacterium.s__Faecalibacterium_prausnitzii	62.0194216645
ILEUSYN-PWY: L-isoleucine biosynthesis I (from threonine)|g__Bifidobacterium.s__Bifidobacterium_longum	1.8087382954
PWY-7111: pyruvate fermentation to isobutanol (engineered)	172.3636380522
PWY-7111: pyruvate fermentation to isobutanol (engineered)|g__Faecalibacterium.s__Faecalibacterium_prausnitzii	52.7283865154
PWY-7111: pyruvate fermentation to isobutanol (engineered)|g__Eubacterium.s__Eubacterium_rectale	12.7119765963
PWY-7111: pyruvate fermentation to isobutanol (engineered)|g__Phascolarctobacterium.s__Phascolarctobacterium_succinatutens	11.5681416687
PWY-7111: pyruvate fermentation to isobutanol (engineered)|g__Ruminococcus.s__Ruminococcus_bromii	9.7870450436
PWY-7111: pyruvate fermentation to isobutanol (engineered)|g__Bacteroides.s__Bacteroides_vulgatus	3.6057401358
PWY-7111: pyruvate fermentation to isobutanol (engineered)|g__Catenibacterium.s__Catenibacterium_mitsuokai	3.1984172774
PWY-7111: pyruvate fermentation to isobutanol (engineered)|g__Dorea.s__Dorea_longicatena	1.7225855744
PWY-7111: pyruvate fermentation to isobutanol (engineered)|g__Bifidobacterium.s__Bifidobacterium_longum	1.7220361326
PWY-7111: pyruvate fermentation to isobutanol (engineered)|g__Dorea.s__Dorea_formicigenerans	1.3845967738
PWY-7111: pyruvate fermentation to isobutanol (engineered)|g__Coprococcus.s__Coprococcus_comes	1.2487805719
PWY-7111: pyruvate fermentation to isobutanol (engineered)|g__Blautia.s__Ruminococcus_torques	1.1527941405
PWY-7111: pyruvate fermentation to isobutanol (engineered)|g__Parabacteroides.s__Parabacteroides_merdae	0.9950958134
PWY-7111: pyruvate fermentation to isobutanol (engineered)|g__Eubacterium.s__Eubacterium_hallii	0.6818956700
VALSYN-PWY: L-valine biosynthesis	172.3636380522
VALSYN-PWY: L-valine biosynthesis|g__Faecalibacterium.s__Faecalibacterium_prausnitzii	62.0194216645
VALSYN-PWY: L-valine biosynthesis|g__Eubacterium.s__Eubacterium_rectale	12.7119765963
VALSYN-PWY: L-valine biosynthesis|g__Phascolarctobacterium.s__Phascolarctobacterium_succinatutens	11.5681416687
VALSYN-PWY: L-valine biosynthesis|g__Ruminococcus.s__Ruminococcus_bromii	9.7870450436
VALSYN-PWY: L-valine biosynthesis|g__Bifidobacterium.s__Bifidobacterium_adolescentis	6.3460019427
VALSYN-PWY: L-valine biosynthesis|g__Bacteroides.s__Bacteroides_vulgatus	3.6057401358
VALSYN-PWY: L-valine biosynthesis|g__Catenibacterium.s__Catenibacterium_mitsuokai	3.1984172774
VALSYN-PWY: L-valine biosynthesis|g__Bifidobacterium.s__Bifidobacterium_longum	1.8087382954
VALSYN-PWY: L-valine biosynthesis|g__Dorea.s__Dorea_longicatena	1.7225855744
VALSYN-PWY: L-valine biosynthesis|g__Dorea.s__Dorea_formicigenerans	1.3845967738
VALSYN-PWY: L-valine biosynthesis|g__Coprococcus.s__Coprococcus_comes	1.2487805719
VALSYN-PWY: L-valine biosynthesis|g__Parabacteroides.s__Parabacteroides_merdae	0.9950958134
VALSYN-PWY: L-valine biosynthesis|g__Eubacterium.s__Eubacterium_hallii	0.6818956700
PWY-2942: L-lysine biosynthesis III	172.2850441660
PWY-2942: L-lysine biosynthesis III|g__Prevotella.s__Prevotella_copri	89.9746728000
PWY-2942: L-lysine biosynthesis III|g__Faecalibacterium.s__Faecalibacterium_prausnitzii	16.6545909392
PWY-2942: L-lysine biosynthesis III|g__Prevotella.s__Prevotella_stercorea	4.5096464646
PWY-2942: L-lysine biosynthesis III|g__Bacteroides.s__Bacteroides_dorei	2.7689545749
PWY-2942: L-lysine biosynthesis III|g__Catenibacterium.s__Catenibacterium_mitsuokai	2.0220097317
PWY-2942: L-lysine biosynthesis III|g__Bacteroides.s__Bacteroides_vulgatus	1.4861673600
PWY-2942: L-lysine biosynthesis III|g__Bacteroides.s__Bacteroides_stercoris	1.1403884511
PWY-6387: UDP-N-acetylmuramoyl-pentapeptide biosynthesis I (meso-diaminopimelate containing)	171.6902942733
PWY-6387: UDP-N-acetylmuramoyl-pentapeptide biosynthesis I (meso-diaminopimelate containing)|g__Faecalibacterium.s__Faecalibacterium_prausnitzii	26.3977631482
PWY-6387: UDP-N-acetylmuramoyl-pentapeptide biosynthesis I (meso-diaminopimelate containing)|g__Eubacterium.s__Eubacterium_rectale	11.5434069101
PWY-6387: UDP-N-acetylmuramoyl-pentapeptide biosynthesis I (meso-diaminopimelate containing)|g__Collinsella.s__Collinsella_aerofaciens	5.3851368167
PWY-6387: UDP-N-acetylmuramoyl-pentapeptide biosynthesis I (meso-diaminopimelate containing)|g__Bifidobacterium.s__Bifidobacterium_adolescentis	4.7824242677
PWY-6387: UDP-N-acetylmuramoyl-pentapeptide biosynthesis I (meso-diaminopimelate containing)|g__Phascolarctobacterium.s__Phascolarctobacterium_succinatutens	4.2777442326
PWY-6387: UDP-N-acetylmuramoyl-pentapeptide biosynthesis I (meso-diaminopimelate containing)|g__Megasphaera.s__Megasphaera_elsdenii	3.9354680518
PWY-6387: UDP-N-acetylmuramoyl-pentapeptide biosynthesis I (meso-diaminopimelate containing)|g__Bacteroides.s__Bacteroides_dorei	3.4413010442
PWY-6387: UDP-N-acetylmuramoyl-pentapeptide biosynthesis I (meso-diaminopimelate containing)|g__Blautia.s__Ruminococcus_torques	1.2823317372
PWY-6387: UDP-N-acetylmuramoyl-pentapeptide biosynthesis I (meso-diaminopimelate containing)|g__Parabacteroides.s__Parabacteroides_merdae	0.9879267917
COMPLETE-ARO-PWY: superpathway of aromatic amino acid biosynthesis	161.0150649276
COMPLETE-ARO-PWY: superpathway of aromatic amino acid biosynthesis|g__Eubacterium.s__Eubacterium_rectale	12.2373693547
ARO-PWY: chorismate biosynthesis I	158.0935197952
ARO-PWY: chorismate biosynthesis I|g__Eubacterium.s__Eubacterium_rectale	11.1261419295
ARO-PWY: chorismate biosynthesis I|g__Catenibacterium.s__Catenibacterium_mitsuokai	3.8058849377
PWY-6737: starch degradation V	154.7291466478
PWY-6737: starch degradation V|g__Faecalibacterium.s__Faecalibacterium_prausnitzii	32.5844275230
PWY-6737: starch degradation V|g__Collinsella.s__Collinsella_aerofaciens	12.9886526395
PWY-6737: starch degradation V|g__Eubacterium.s__Eubacterium_rectale	11.3109787980
PWY-6737: starch degradation V|g__Catenibacterium.s__Catenibacterium_mitsuokai	6.4040272524
PWY-6737: starch degradation V|g__Ruminococcus.s__Ruminococcus_bromii	6.1810998199
PWY-6737: starch degradation V|g__Roseburia.s__Roseburia_inulinivorans	3.6369937516
PWY-6737: starch degradation V|g__Eubacterium.s__Eubacterium_hallii	2.1311282163
PWY-6737: starch degradation V|g__Dorea.s__Dorea_formicigenerans	1.7713844358
PWY-6737: starch degradation V|g__Dorea.s__Dorea_longicatena	1.6967774580
PWY-6737: starch degradation V|g__Coprococcus.s__Coprococcus_comes	1.1629793253
PWY-6163: chorismate biosynthesis from 3-dehydroquinate	149.4768208570
PWY-6163: chorismate biosynthesis from 3-dehydroquinate|g__Eubacterium.s__Eubacterium_rectale	11.4723515212
PWY-6163: chorismate biosynthesis from 3-dehydroquinate|g__Catenibacterium.s__Catenibacterium_mitsuokai	3.1473673487
PWY-6122: 5-aminoimidazole ribonucleotide biosynthesis II	146.5431260949
PWY-6122: 5-aminoimidazole ribonucleotide biosynthesis II|g__Faecalibacterium.s__Faecalibacterium_prausnitzii	17.1310917385
PWY-6122: 5-aminoimidazole ribonucleotide biosynthesis II|g__Collinsella.s__Collinsella_aerofaciens	12.6112382471
PWY-6122: 5-aminoimidazole ribonucleotide biosynthesis II|g__Phascolarctobacterium.s__Phascolarctobacterium_succinatutens	8.0872478622
PWY-6122: 5-aminoimidazole ribonucleotide biosynthesis II|g__Ruminococcus.s__Ruminococcus_bromii	5.5449416610
PWY-6122: 5-aminoimidazole ribonucleotide biosynthesis II|g__Bifidobacterium.s__Bifidobacterium_adolescentis	3.7929445327
PWY-6122: 5-aminoimidazole ribonucleotide biosynthesis II|g__Bifidobacterium.s__Bifidobacterium_longum	2.0838659852
PWY-6122: 5-aminoimidazole ribonucleotide biosynthesis II|g__Megasphaera.s__Megasphaera_elsdenii	2.0762638445
PWY-6122: 5-aminoimidazole ribonucleotide biosynthesis II|g__Roseburia.s__Roseburia_inulinivorans	1.8558154734
PWY-6122: 5-aminoimidazole ribonucleotide biosynthesis II|g__Dorea.s__Dorea_longicatena	1.4831861380
PWY-6122: 5-aminoimidazole ribonucleotide biosynthesis II|g__Alistipes.s__Alistipes_putredinis	1.2601919368
PWY-6122: 5-aminoimidazole ribonucleotide biosynthesis II|g__Eubacterium.s__Eubacterium_ventriosum	1.2526529413
PWY-6122: 5-aminoimidazole ribonucleotide biosynthesis II|g__Dorea.s__Dorea_formicigenerans	1.0403016358
PWY-6277: superpathway of 5-aminoimidazole ribonucleotide biosynthesis	146.5431260949
PWY-6277: superpathway of 5-aminoimidazole ribonucleotide biosynthesis|g__Faecalibacterium.s__Faecalibacterium_prausnitzii	17.1310917385
PWY-6277: superpathway of 5-aminoimidazole ribonucleotide biosynthesis|g__Collinsella.s__Collinsella_aerofaciens	12.6112382471
PWY-6277: superpathway of 5-aminoimidazole ribonucleotide biosynthesis|g__Phascolarctobacterium.s__Phascolarctobacterium_succinatutens	8.0872478622
PWY-6277: superpathway of 5-aminoimidazole ribonucleotide biosynthesis|g__Ruminococcus.s__Ruminococcus_bromii	5.5449416610
PWY-6277: superpathway of 5-aminoimidazole ribonucleotide biosynthesis|g__Bifidobacterium.s__Bifidobacterium_adolescentis	3.7929445327
PWY-6277: superpathway of 5-aminoimidazole ribonucleotide biosynthesis|g__Bifidobacterium.s__Bifidobacterium_longum	2.0838659852
PWY-6277: superpathway of 5-aminoimidazole ribonucleotide biosynthesis|g__Megasphaera.s__Megasphaera_elsdenii	2.0762638445
PWY-6277: superpathway of 5-aminoimidazole ribonucleotide biosynthesis|g__Roseburia.s__Roseburia_inulinivorans	1.8558154734
PWY-6277: superpathway of 5-aminoimidazole ribonucleotide biosynthesis|g__Dorea.s__Dorea_longicatena	1.4831861380
PWY-6277: superpathway of 5-aminoimidazole ribonucleotide biosynthesis|g__Alistipes.s__Alistipes_putredinis	1.2601919368
PWY-6277: superpathway of 5-aminoimidazole ribonucleotide biosynthesis|g__Eubacterium.s__Eubacterium_ventriosum	1.2526529413
PWY-6277: superpathway of 5-aminoimidazole ribonucleotide biosynthesis|g__Dorea.s__Dorea_formicigenerans	1.0403016358
PWY-5667: CDP-diacylglycerol biosynthesis I	133.9835793839
PWY-5667: CDP-diacylglycerol biosynthesis I|g__Faecalibacterium.s__Faecalibacterium_prausnitzii	26.1843855550
PWY-5667: CDP-diacylglycerol biosynthesis I|g__Prevotella.s__Prevotella_stercorea	8.7742455589
PWY-5667: CDP-diacylglycerol biosynthesis I|g__Eubacterium.s__Eubacterium_rectale	5.5945323491
PWY-5667: CDP-diacylglycerol biosynthesis I|g__Megasphaera.s__Megasphaera_elsdenii	3.0229736523
PWY-5667: CDP-diacylglycerol biosynthesis I|g__Dorea.s__Dorea_longicatena	2.1610482877
PWY-5667: CDP-diacylglycerol biosynthesis I|g__Dorea.s__Dorea_formicigenerans	1.7019135081
PWY-5667: CDP-diacylglycerol biosynthesis I|g__Parabacteroides.s__Parabacteroides_merdae	1.3502156271
PWY0-1319: CDP-diacylglycerol biosynthesis II	133.9835793839
PWY0-1319: CDP-diacylglycerol biosynthesis II|g__Faecalibacterium.s__Faecalibacterium_prausnitzii	26.1843855550
PWY0-1319: CDP-diacylglycerol biosynthesis II|g__Prevotella.s__Prevotella_stercorea	8.7742455589
PWY0-1319: CDP-diacylglycerol biosynthesis II|g__Eubacterium.s__Eubacterium_rectale	5.5945323491
PWY0-1319: CDP-diacylglycerol biosynthesis II|g__Megasphaera.s__Megasphaera_elsdenii	3.0229736523
PWY0-1319: CDP-diacylglycerol biosynthesis II|g__Dorea.s__Dorea_longicatena	2.1610482877
PWY0-1319: CDP-diacylglycerol biosynthesis II|g__Dorea.s__Dorea_formicigenerans	1.7019135081
PWY0-1319: CDP-diacylglycerol biosynthesis II|g__Parabacteroides.s__Parabacteroides_merdae	1.3502156271
BRANCHED-CHAIN-AA-SYN-PWY: superpathway of branched amino acid biosynthesis	133.2662715016
BRANCHED-CHAIN-AA-SYN-PWY: superpathway of branched amino acid biosynthesis|g__Faecalibacterium.s__Faecalibacterium_prausnitzii	57.9839149376
BRANCHED-CHAIN-AA-SYN-PWY: superpathway of branched amino acid biosynthesis|g__Bifidobacterium.s__Bifidobacterium_longum	1.6848387292
PANTO-PWY: phosphopantothenate biosynthesis I	132.3765250902
PANTO-PWY: phosphopantothenate biosynthesis I|g__Phascolarctobacterium.s__Phascolarctobacterium_succinatutens	5.9127175200
PANTO-PWY: phosphopantothenate biosynthesis I|g__Bacteroides.s__Bacteroides_coprocola	4.2073358270
PANTO-PWY: phosphopantothenate biosynthesis I|g__Bacteroides.s__Bacteroides_dorei	4.0772033573
PANTO-PWY: phosphopantothenate biosynthesis I|g__Parabacteroides.s__Parabacteroides_merdae	2.2446937095
PANTO-PWY: phosphopantothenate biosynthesis I|g__Alistipes.s__Alistipes_putredinis	2.1022888961
PANTO-PWY: phosphopantothenate biosynthesis I|g__Megasphaera.s__Megasphaera_elsdenii	2.0559542273
PANTO-PWY: phosphopantothenate biosynthesis I|g__Blautia.s__Ruminococcus_torques	1.7709643645
PANTO-PWY: phosphopantothenate biosynthesis I|g__Bacteroides.s__Bacteroides_uniformis	1.3080444735
PWY-6121: 5-aminoimidazole ribonucleotide biosynthesis I	126.5235984486
PWY-6121: 5-aminoimidazole ribonucleotide biosynthesis I|g__Faecalibacterium.s__Faecalibacterium_prausnitzii	18.4414941681
PWY-6121: 5-aminoimidazole ribonucleotide biosynthesis I|g__Collinsella.s__Collinsella_aerofaciens	7.8300549205
PWY-6121: 5-aminoimidazole ribonucleotide biosynthesis I|g__Phascolarctobacterium.s__Phascolarctobacterium_succinatutens	7.2095426600
PWY-6121: 5-aminoimidazole ribonucleotide biosynthesis I|g__Ruminococcus.s__Ruminococcus_bromii	5.8399195485
PWY-6121: 5-aminoimidazole ribonucleotide biosynthesis I|g__Megasphaera.s__Megasphaera_elsdenii	2.0271332395
PWY-6121: 5-aminoimidazole ribonucleotide biosynthesis I|g__Bifidobacterium.s__Bifidobacterium_longum	1.8053715131
PWY-6121: 5-aminoimidazole ribonucleotide biosynthesis I|g__Dorea.s__Dorea_longicatena	1.7352370616
PWY-5103: L-isoleucine biosynthesis III	121.8560100428
PWY-5103: L-isoleucine biosynthesis III|g__Faecalibacterium.s__Faecalibacterium_prausnitzii	55.5517286017
PWY-5103: L-isoleucine biosynthesis III|g__Bifidobacterium.s__Bifidobacterium_longum	1.5325401850
PWY-724: superpathway of L-lysine, L-threonine and L-methionine biosynthesis II	120.4019263098
PWY-724: superpathway of L-lysine, L-threonine and L-methionine biosynthesis II|g__Faecalibacterium.s__Faecalibacterium_prausnitzii	21.5408974973
PWY-724: superpathway of L-lysine, L-threonine and L-methionine biosynthesis II|g__Phascolarctobacterium.s__Phascolarctobacterium_succinatutens	2.5305507908
PWY-1042: glycolysis IV (plant cytosol)	119.9257062760
PWY-1042: glycolysis IV (plant cytosol)|g__Faecalibacterium.s__Faecalibacterium_prausnitzii	38.7642499075
PWY-1042: glycolysis IV (plant cytosol)|g__Ruminococcus.s__Ruminococcus_bromii	7.8897918694
PWY-1042: glycolysis IV (plant cytosol)|g__Bacteroides.s__Bacteroides_coprocola	6.0506377426
PWY-6385: peptidoglycan biosynthesis III (mycobacteria)	118.0285940443
PWY-6385: peptidoglycan biosynthesis III (mycobacteria)|g__Faecalibacterium.s__Faecalibacterium_prausnitzii	24.5510861351
PWY-6385: peptidoglycan biosynthesis III (mycobacteria)|g__Phascolarctobacterium.s__Phascolarctobacterium_succinatutens	4.0265777595
PWY4FS-7: phosphatidylglycerol biosynthesis I (plastidic)	118.0044832429
PWY4FS-8: phosphatidylglycerol biosynthesis II (non-plastidic)	118.0044832429
PWY-5973: cis-vaccenate biosynthesis	114.5146793752
PWY-5973: cis-vaccenate biosynthesis|g__Eubacterium.s__Eubacterium_rectale	12.7435665917
PWY-7663: gondoate biosynthesis (anaerobic)	102.4234806081
NONOXIPENT-PWY: pentose phosphate pathway (non-oxidative branch)	91.2263332410
NONOXIPENT-PWY: pentose phosphate pathway (non-oxidative branch)|g__Faecalibacterium.s__Faecalibacterium_prausnitzii	24.4438886673
NONOXIPENT-PWY: pentose phosphate pathway (non-oxidative branch)|g__Ruminococcus.s__Ruminococcus_bromii	11.1060146108
NONOXIPENT-PWY: pentose phosphate pathway (non-oxidative branch)|g__Phascolarctobacterium.s__Phascolarctobacterium_succinatutens	4.0348284826
NONOXIPENT-PWY: pentose phosphate pathway (non-oxidative branch)|g__Blautia.s__Ruminococcus_torques	2.5304347311
PWY-3001: superpathway of L-isoleucine biosynthesis I	89.8677262782
PWY-3001: superpathway of L-isoleucine biosynthesis I|g__Faecalibacterium.s__Faecalibacterium_prausnitzii	32.1505970511
CALVIN-PWY: Calvin-Benson-Bassham cycle	89.0401245602
CALVIN-PWY: Calvin-Benson-Bassham cycle|g__Faecalibacterium.s__Faecalibacterium_prausnitzii	16.0253516797
CALVIN-PWY: Calvin-Benson-Bassham cycle|g__Ruminococcus.s__Ruminococcus_bromii	8.5062817646
PWY-7357: thiamin formation from pyrithiamine and oxythiamine (yeast)	88.9680707340
PWY-7357: thiamin formation from pyrithiamine and oxythiamine (yeast)|g__Faecalibacterium.s__Faecalibacterium_prausnitzii	20.6291409329
PWY-7357: thiamin formation from pyrithiamine and oxythiamine (yeast)|g__Ruminococcus.s__Ruminococcus_bromii	4.1184203058
PWY-7357: thiamin formation from pyrithiamine and oxythiamine (yeast)|g__Phascolarctobacterium.s__Phascolarctobacterium_succinatutens	2.5211058746
PWY-6897: thiamin salvage II	86.2667710298
SER-GLYSYN-PWY: superpathway of L-serine and glycine biosynthesis I	84.7763085046
SER-GLYSYN-PWY: superpathway of L-serine and glycine biosynthesis I|g__Faecalibacterium.s__Faecalibacterium_prausnitzii	22.8069156963
SER-GLYSYN-PWY: superpathway of L-serine and glycine biosynthesis I|g__Phascolarctobacterium.s__Phascolarctobacterium_succinatutens	6.7641859923
SER-GLYSYN-PWY: superpathway of L-serine and glycine biosynthesis I|g__Ruminococcus.s__Ruminococcus_bromii	2.9165686726
PWY-6123: inosine-5'-phosphate biosynthesis I	82.3571659009
PWY-6123: inosine-5'-phosphate biosynthesis I|g__Faecalibacterium.s__Faecalibacterium_prausnitzii	29.9539188375
PWY-3841: folate transformations II	75.5637537842
PWY-3841: folate transformations II|g__Bacteroides.s__Bacteroides_dorei	3.0495716802
PWY-3841: folate transformations II|g__Parabacteroides.s__Parabacteroides_merdae	1.8797816707
ANAGLYCOLYSIS-PWY: glycolysis III (from glucose)	75.3231587784
PWY-6609: adenine and adenosine salvage III	75.1144239993
PWY-6609: adenine and adenosine salvage III|g__Faecalibacterium.s__Faecalibacterium_prausnitzii	35.6992329065
PWY-6609: adenine and adenosine salvage III|g__Alistipes.s__Alistipes_shahii	2.4398091940
PWY0-1296: purine ribonucleosides degradation	74.5495965070
PWY0-1296: purine ribonucleosides degradation|g__Faecalibacterium.s__Faecalibacterium_prausnitzii	37.2709187352
PWY0-1296: purine ribonucleosides degradation|g__Eubacterium.s__Eubacterium_rectale	11.2128163502
PWY0-1296: purine ribonucleosides degradation|g__Catenibacterium.s__Catenibacterium_mitsuokai	2.7220108188
PWY0-1296: purine ribonucleosides degradation|g__Megasphaera.s__Megasphaera_elsdenii	1.9079157537
PWY0-1296: purine ribonucleosides degradation|g__Dorea.s__Dorea_longicatena	1.4982876712
PWY0-1296: purine ribonucleosides degradation|g__Roseburia.s__Roseburia_inulinivorans	1.3875302709
PWY-5695: urate biosynthesis/inosine 5'-phosphate degradation	73.8769423910
PWY-5695: urate biosynthesis/inosine 5'-phosphate degradation|g__Faecalibacterium.s__Faecalibacterium_prausnitzii	20.4107728935
PWY-5695: urate biosynthesis/inosine 5'-phosphate degradation|g__Bacteroides.s__Bacteroides_coprocola	4.2817341523
PWY-5695: urate biosynthesis/inosine 5'-phosphate degradation|g__Megasphaera.s__Megasphaera_elsdenii	2.3227676468
PWY-5695: urate biosynthesis/inosine 5'-phosphate degradation|g__Bacteroides.s__Bacteroides_dorei	2.0226928895
PWY-5695: urate biosynthesis/inosine 5'-phosphate degradation|g__Alistipes.s__Alistipes_shahii	1.9173473383
PWY-5695: urate biosynthesis/inosine 5'-phosphate degradation|g__Roseburia.s__Roseburia_inulinivorans	1.1478472135
PWY-5695: urate biosynthesis/inosine 5'-phosphate degradation|g__Bacteroides.s__Bacteroides_vulgatus	1.0244589576
PWY-6507: 4-deoxy-L-threo-hex-4-enopyranuronate degradation	73.7422634049
PWY-6507: 4-deoxy-L-threo-hex-4-enopyranuronate degradation|g__Faecalibacterium.s__Faecalibacterium_prausnitzii	51.8085686791
THRESYN-PWY: superpathway of L-threonine biosynthesis	72.2708581054
THRESYN-PWY: superpathway of L-threonine biosynthesis|g__Faecalibacterium.s__Faecalibacterium_prausnitzii	24.7191771202
THRESYN-PWY: superpathway of L-threonine biosynthesis|g__Phascolarctobacterium.s__Phascolarctobacterium_succinatutens	2.1542636240
PWY-7242: D-fructuronate degradation	71.9337418990
PWY-7242: D-fructuronate degradation|g__Faecalibacterium.s__Faecalibacterium_prausnitzii	34.9291650926
PWY-6124: inosine-5'-phosphate biosynthesis II	71.3220222273
PWY-6124: inosine-5'-phosphate biosynthesis II|g__Faecalibacterium.s__Faecalibacterium_prausnitzii	33.6149760259
PWY-6124: inosine-5'-phosphate biosynthesis II|g__Bacteroides.s__Bacteroides_ovatus	0.7710100231
DTDPRHAMSYN-PWY: dTDP-L-rhamnose biosynthesis I	68.1414745016
DTDPRHAMSYN-PWY: dTDP-L-rhamnose biosynthesis I|g__Faecalibacterium.s__Faecalibacterium_prausnitzii	36.1401205388
DTDPRHAMSYN-PWY: dTDP-L-rhamnose biosynthesis I|g__Eubacterium.s__Eubacterium_rectale	10.5657084461
1CMET2-PWY: N10-formyl-tetrahydrofolate biosynthesis	65.5608640118
GLCMANNANAUT-PWY: superpathway of N-acetylglucosamine, N-acetylmannosamine and N-acetylneuraminate degradation	64.6859317573
GLCMANNANAUT-PWY: superpathway of N-acetylglucosamine, N-acetylmannosamine and N-acetylneuraminate degradation|g__Faecalibacterium.s__Faecalibacterium_prausnitzii	31.6749013752
GLCMANNANAUT-PWY: superpathway of N-acetylglucosamine, N-acetylmannosamine and N-acetylneuraminate degradation|g__Blautia.s__Ruminococcus_torques	8.7989163881
GLCMANNANAUT-PWY: superpathway of N-acetylglucosamine, N-acetylmannosamine and N-acetylneuraminate degradation|g__Dorea.s__Dorea_longicatena	2.7998707625
GALACTUROCAT-PWY: D-galacturonate degradation I	64.0942946938
GALACTUROCAT-PWY: D-galacturonate degradation I|g__Faecalibacterium.s__Faecalibacterium_prausnitzii	45.3013255429
PANTOSYN-PWY: pantothenate and coenzyme A biosynthesis I	63.9072456461
PANTOSYN-PWY: pantothenate and coenzyme A biosynthesis I|g__Phascolarctobacterium.s__Phascolarctobacterium_succinatutens	6.8333911413
PWY-6317: galactose degradation I (Leloir pathway)	62.8662994938
PWY-6317: galactose degradation I (Leloir pathway)|g__Faecalibacterium.s__Faecalibacterium_prausnitzii	23.9843780571
PWY-6317: galactose degradation I (Leloir pathway)|g__Ruminococcus.s__Ruminococcus_bromii	5.9620933387
PWY66-422: D-galactose degradation V (Leloir pathway)	62.8662994938
PWY66-422: D-galactose degradation V (Leloir pathway)|g__Faecalibacterium.s__Faecalibacterium_prausnitzii	23.9843780571
PWY66-422: D-galactose degradation V (Leloir pathway)|g__Eubacterium.s__Eubacterium_rectale	8.6365352552
PWY66-422: D-galactose degradation V (Leloir pathway)|g__Ruminococcus.s__Ruminococcus_bromii	5.9620933387
PWY-5659: GDP-mannose biosynthesis	62.2186953175
PWY-5659: GDP-mannose biosynthesis|g__Faecalibacterium.s__Faecalibacterium_prausnitzii	38.8117937722
PWY-6270: isoprene biosynthesis I	58.8791362228
PWY-6270: isoprene biosynthesis I|g__Phascolarctobacterium.s__Phascolarctobacterium_succinatutens	5.5467993089
HISTSYN-PWY: L-histidine biosynthesis	55.1688708408
HISTSYN-PWY: L-histidine biosynthesis|g__Ruminococcus.s__Ruminococcus_bromii	3.8566877826
PWY-7560: methylerythritol phosphate pathway II	53.0760467936
PWY-7560: methylerythritol phosphate pathway II|g__Phascolarctobacterium.s__Phascolarctobacterium_succinatutens	6.0059907589
PWY-621: sucrose degradation III (sucrose invertase)	50.7447876137
PWY-621: sucrose degradation III (sucrose invertase)|g__Faecalibacterium.s__Faecalibacterium_prausnitzii	33.7864153539
PWY-621: sucrose degradation III (sucrose invertase)|g__Blautia.s__Ruminococcus_torques	0.8888888889
GALACT-GLUCUROCAT-PWY: superpathway of hexuronide and hexuronate degradation	49.3266484436
GALACT-GLUCUROCAT-PWY: superpathway of hexuronide and hexuronate degradation|g__Faecalibacterium.s__Faecalibacterium_prausnitzii	33.0029607754
THISYNARA-PWY: superpathway of thiamin diphosphate biosynthesis III (eukaryotes)	48.4090444350
THISYNARA-PWY: superpathway of thiamin diphosphate biosynthesis III (eukaryotes)|g__Faecalibacterium.s__Faecalibacterium_prausnitzii	19.2016362911
THISYNARA-PWY: superpathway of thiamin diphosphate biosynthesis III (eukaryotes)|g__Phascolarctobacterium.s__Phascolarctobacterium_succinatutens	2.9733083134
PWY-5100: pyruvate fermentation to acetate and lactate II	47.4310201044
PWY-5100: pyruvate fermentation to acetate and lactate II|g__Blautia.s__Ruminococcus_torques	1.2349180901
PWY-5100: pyruvate fermentation to acetate and lactate II|g__Roseburia.s__Roseburia_intestinalis	0.9741841208
PWY-7229: superpathway of adenosine nucleotides de novo biosynthesis I	47.0892218829
PWY-7229: superpathway of adenosine nucleotides de novo biosynthesis I|g__Faecalibacterium.s__Faecalibacterium_prausnitzii	2.6081805586
PWY-7229: superpathway of adenosine nucleotides de novo biosynthesis I|g__Bacteroides.s__Bacteroides_vulgatus	1.9731694250
PWY-6147: 6-hydroxymethyl-dihydropterin diphosphate biosynthesis I	46.9907959241
GLUCUROCAT-PWY: superpathway of &beta;-D-glucuronide and D-glucuronate degradation	46.9906410431
GLUCUROCAT-PWY: superpathway of &beta;-D-glucuronide and D-glucuronate degradation|g__Faecalibacterium.s__Faecalibacterium_prausnitzii	31.3956579734
ASPASN-PWY: superpathway of L-aspartate and L-asparagine biosynthesis	45.8309743424
ASPASN-PWY: superpathway of L-aspartate and L-asparagine biosynthesis|g__Faecalibacterium.s__Faecalibacterium_prausnitzii	27.0931411651
COA-PWY: coenzyme A biosynthesis I	44.9609316382
COA-PWY: coenzyme A biosynthesis I|g__Faecalibacterium.s__Faecalibacterium_prausnitzii	18.1210973111
COA-PWY: coenzyme A biosynthesis I|g__Phascolarctobacterium.s__Phascolarctobacterium_succinatutens	8.5942280072
COA-PWY: coenzyme A biosynthesis I|g__Eubacterium.s__Eubacterium_ventriosum	1.0843046896
TRPSYN-PWY: L-tryptophan biosynthesis	44.7667800506
TRPSYN-PWY: L-tryptophan biosynthesis|g__Phascolarctobacterium.s__Phascolarctobacterium_succinatutens	2.8118036998
PWY-6527: stachyose degradation	42.0521807987
PWY-6527: stachyose degradation|g__Faecalibacterium.s__Faecalibacterium_prausnitzii	15.2736316989
PWY-6527: stachyose degradation|g__Dorea.s__Dorea_longicatena	1.3812106516
PWY-7199: pyrimidine deoxyribonucleosides salvage	41.9620988006
PWY-6168: flavin biosynthesis III (fungi)	41.7304113304
PWY-6703: preQ0 biosynthesis	41.7085057492
PWY-6703: preQ0 biosynthesis|g__Megasphaera.s__Megasphaera_elsdenii	5.5408868370
PWY-6703: preQ0 biosynthesis|g__Bacteroides.s__Bacteroides_vulgatus	2.6004294381
PWY-6703: preQ0 biosynthesis|g__Bacteroides.s__Bacteroides_stercoris	2.1379229712
PWY-6703: preQ0 biosynthesis|g__Parabacteroides.s__Parabacteroides_merdae	2.0574382455
COBALSYN-PWY: adenosylcobalamin salvage from cobinamide I	41.5274808646
COBALSYN-PWY: adenosylcobalamin salvage from cobinamide I|g__Faecalibacterium.s__Faecalibacterium_prausnitzii	16.4907341689
COBALSYN-PWY: adenosylcobalamin salvage from cobinamide I|g__Eubacterium.s__Eubacterium_rectale	10.4238975492
COBALSYN-PWY: adenosylcobalamin salvage from cobinamide I|g__Phascolarctobacterium.s__Phascolarctobacterium_succinatutens	6.4815332362
PWY-2941: L-lysine biosynthesis II	41.3655351579
PWY-2941: L-lysine biosynthesis II|g__Catenibacterium.s__Catenibacterium_mitsuokai	2.3814758552
PWY-5177: glutaryl-CoA degradation	39.9671088652
PWY-5177: glutaryl-CoA degradation|g__Faecalibacterium.s__Faecalibacterium_prausnitzii	28.8766798479
PWY-7400: L-arginine biosynthesis IV (archaebacteria)	38.9825408537
PWY-4981: L-proline biosynthesis II (from arginine)	37.5347547075
PWY-4981: L-proline biosynthesis II (from arginine)|g__Collinsella.s__Collinsella_aerofaciens	8.2363545260
PWY-4981: L-proline biosynthesis II (from arginine)|g__Eubacterium.s__Eubacterium_ramulus	1.2034901214
GLYCOGENSYNTH-PWY: glycogen biosynthesis I (from ADP-D-Glucose)	36.4847985492
GLYCOGENSYNTH-PWY: glycogen biosynthesis I (from ADP-D-Glucose)|g__Eubacterium.s__Eubacterium_rectale	16.1592221821
RHAMCAT-PWY: L-rhamnose degradation I	36.1023904715
RHAMCAT-PWY: L-rhamnose degradation I|g__Faecalibacterium.s__Faecalibacterium_prausnitzii	26.4041851581
PWY-6126: superpathway of adenosine nucleotides de novo biosynthesis II	35.8706374602
PWY-6126: superpathway of adenosine nucleotides de novo biosynthesis II|g__Bacteroides.s__Bacteroides_vulgatus	2.0314626469
PWY-6126: superpathway of adenosine nucleotides de novo biosynthesis II|g__Faecalibacterium.s__Faecalibacterium_prausnitzii	1.5757055980
PWY-5676: acetyl-CoA fermentation to butanoate II	35.8387846183
ARGSYN-PWY: L-arginine biosynthesis I (via L-ornithine)	34.7709375696
PHOSLIPSYN-PWY: superpathway of phospholipid biosynthesis I (bacteria)	34.5164596750
PWY-5347: superpathway of L-methionine biosynthesis (transsulfuration)	34.4509383792
PYRIDNUCSYN-PWY: NAD biosynthesis I (from aspartate)	33.6876913472
PYRIDNUCSYN-PWY: NAD biosynthesis I (from aspartate)|g__Ruminococcus.s__Ruminococcus_bromii	5.1500950845
METSYN-PWY: L-homoserine and L-methionine biosynthesis	33.0231094125
MET-SAM-PWY: superpathway of S-adenosyl-L-methionine biosynthesis	32.3611789544
PWY-841: superpathway of purine nucleotides de novo biosynthesis I	32.2552886080
PWY-7228: superpathway of guanosine nucleotides de novo biosynthesis I	30.9920253379
PWY-7228: superpathway of guanosine nucleotides de novo biosynthesis I|g__Bacteroides.s__Bacteroides_dorei	5.0541513308
PWY-7228: superpathway of guanosine nucleotides de novo biosynthesis I|g__Bacteroides.s__Bacteroides_vulgatus	2.2699686717
PWY-4242: pantothenate and coenzyme A biosynthesis III	30.4767394813
PWY-4242: pantothenate and coenzyme A biosynthesis III|g__Faecalibacterium.s__Faecalibacterium_prausnitzii	9.6248359484
PWY-4242: pantothenate and coenzyme A biosynthesis III|g__Phascolarctobacterium.s__Phascolarctobacterium_succinatutens	8.3087163085
P4-PWY: superpathway of L-lysine, L-threonine and L-methionine biosynthesis I	27.2474729685
PWY0-1586: peptidoglycan maturation (meso-diaminopimelate containing)	27.2156153075
PWY0-1586: peptidoglycan maturation (meso-diaminopimelate containing)|g__Faecalibacterium.s__Faecalibacterium_prausnitzii	19.6005599256
PWY0-166: superpathway of pyrimidine deoxyribonucleotides de novo biosynthesis (E. coli)	26.9865126522
PWY-6125: superpathway of guanosine nucleotides de novo biosynthesis II	26.7864476247
PWY-6125: superpathway of guanosine nucleotides de novo biosynthesis II|g__Bacteroides.s__Bacteroides_vulgatus	1.4007821169
PWY-7208: superpathway of pyrimidine nucleobases salvage	26.5688742406
PWY-7208: superpathway of pyrimidine nucleobases salvage|g__Phascolarctobacterium.s__Phascolarctobacterium_succinatutens	4.4016878015
PWY-7234: inosine-5'-phosphate biosynthesis III	26.4717533127
PWY0-781: aspartate superpathway	26.4195252294
DAPLYSINESYN-PWY: L-lysine biosynthesis I	26.3558420164
PWY-5121: superpathway of geranylgeranyl diphosphate biosynthesis II (via MEP)	26.1457837687
PWY-5989: stearate biosynthesis II (bacteria and plants)	25.8760291280
ARG+POLYAMINE-SYN: superpathway of arginine and polyamine biosynthesis	23.0502926873
PWY0-162: superpathway of pyrimidine ribonucleotides de novo biosynthesis	22.0582327628
PWY-6545: pyrimidine deoxyribonucleotides de novo biosynthesis III	22.0516697966
PWY-5367: petroselinate biosynthesis	21.9425759293
PWY-5367: petroselinate biosynthesis|g__Eubacterium.s__Eubacterium_rectale	12.5039576092
PWY-6969: TCA cycle V (2-oxoglutarate:ferredoxin oxidoreductase)	21.8540927302
PWY-7184: pyrimidine deoxyribonucleotides de novo biosynthesis I	21.3534502441
PWY-7282: 4-amino-2-methyl-5-phosphomethylpyrimidine biosynthesis (yeast)	21.0256076427
TCA: TCA cycle I (prokaryotic)	20.7307481756
PWY-5188: tetrapyrrole biosynthesis I (from glutamate)	19.8544407059
PWY-5188: tetrapyrrole biosynthesis I (from glutamate)|g__Ruminococcus.s__Ruminococcus_bromii	5.9286703036
PWY-5188: tetrapyrrole biosynthesis I (from glutamate)|g__Megasphaera.s__Megasphaera_elsdenii	2.9158186419
HOMOSER-METSYN-PWY: L-methionine biosynthesis I	19.0004997214
HOMOSER-METSYN-PWY: L-methionine biosynthesis I|g__Ruminococcus.s__Ruminococcus_bromii	6.2076273463
POLYAMSYN-PWY: superpathway of polyamine biosynthesis I	18.5756974629
PWY-6305: putrescine biosynthesis IV	17.3758594928
PWY-6305: putrescine biosynthesis IV|g__Faecalibacterium.s__Faecalibacterium_prausnitzii	11.4302155571
PWY-6305: putrescine biosynthesis IV|g__Blautia.s__Ruminococcus_torques	0.9259259259
PWY-7197: pyrimidine deoxyribonucleotide phosphorylation	16.8596853552
PWY-7197: pyrimidine deoxyribonucleotide phosphorylation|g__Phascolarctobacterium.s__Phascolarctobacterium_succinatutens	3.6958430982
PWY-7220: adenosine deoxyribonucleotides de novo biosynthesis II	16.6627285657
PWY-7220: adenosine deoxyribonucleotides de novo biosynthesis II|g__Bacteroides.s__Bacteroides_vulgatus	2.6387735111
PWY-7220: adenosine deoxyribonucleotides de novo biosynthesis II|g__Faecalibacterium.s__Faecalibacterium_prausnitzii	0.6919412109
PWY-7222: guanosine deoxyribonucleotides de novo biosynthesis II	16.6627285657
PWY-7222: guanosine deoxyribonucleotides de novo biosynthesis II|g__Bacteroides.s__Bacteroides_vulgatus	2.6387735111
PWY-7222: guanosine deoxyribonucleotides de novo biosynthesis II|g__Faecalibacterium.s__Faecalibacterium_prausnitzii	0.6919412109
SO4ASSIM-PWY: sulfate reduction I (assimilatory)	16.3706059840
PWY-7539: 6-hydroxymethyl-dihydropterin diphosphate biosynthesis III (Chlamydia)	15.9796613399
LACTOSECAT-PWY: lactose and galactose degradation I	15.6278873537
PWY-7323: superpathway of GDP-mannose-derived O-antigen building blocks biosynthesis	15.6223202075
PWY-5690: TCA cycle II (plants and fungi)	15.6066222519
PENTOSE-P-PWY: pentose phosphate pathway	15.4595746285
ARGSYNBSUB-PWY: L-arginine biosynthesis II (acetyl cycle)	15.2471012795
ARGSYNBSUB-PWY: L-arginine biosynthesis II (acetyl cycle)|g__Bifidobacterium.s__Bifidobacterium_longum	0.9905063164
PWY66-409: superpathway of purine nucleotide salvage	15.0210088501
POLYAMINSYN3-PWY: superpathway of polyamine biosynthesis II	13.4152109134
DENOVOPURINE2-PWY: superpathway of purine nucleotides de novo biosynthesis II	13.0645785223
PWY-1269: CMP-3-deoxy-D-manno-octulosonate biosynthesis I	12.2343410510
PWY-1269: CMP-3-deoxy-D-manno-octulosonate biosynthesis I|g__Alistipes.s__Alistipes_shahii	2.0928681419
PWY-5101: L-isoleucine biosynthesis II	11.5814706474
PWY-7211: superpathway of pyrimidine deoxyribonucleotides de novo biosynthesis	11.3398928301
PWY-7187: pyrimidine deoxyribonucleotides de novo biosynthesis II	11.3330577989
PRPP-PWY: superpathway of histidine, purine, and pyrimidine biosynthesis	10.9987017064
ARGININE-SYN4-PWY: L-ornithine de novo  biosynthesis	10.8025603363
COLANSYN-PWY: colanic acid building blocks biosynthesis	10.8002066090
PWY-7456: mannan degradation	10.6396350291
PWY-5154: L-arginine biosynthesis III (via N-acetyl-L-citrulline)	10.0596155570
OANTIGEN-PWY: O-antigen building blocks biosynthesis (E. coli)	9.7175969795
PWY-7196: superpathway of pyrimidine ribonucleosides salvage	9.5303479788
PWY0-845: superpathway of pyridoxal 5'-phosphate biosynthesis and salvage	9.3248823277
PYRIDNUCSAL-PWY: NAD salvage pathway I	9.2321467265
GLUTORN-PWY: L-ornithine biosynthesis	9.0160300593
GLUTORN-PWY: L-ornithine biosynthesis|g__Bifidobacterium.s__Bifidobacterium_longum	1.1648301977
HSERMETANA-PWY: L-methionine biosynthesis III	8.2375519563
SULFATE-CYS-PWY: superpathway of sulfate assimilation and cysteine biosynthesis	7.4929387953
PYRIDOXSYN-PWY: pyridoxal 5'-phosphate biosynthesis I	6.9025700480
PWY-5345: superpathway of L-methionine biosynthesis (by sulfhydrylation)	6.8146021946
HISDEG-PWY: L-histidine degradation I	6.4717475601
PWY-5030: L-histidine degradation III	6.2882108444
PWY-7210: pyrimidine deoxyribonucleotides biosynthesis from CTP	6.2802788755
PWY0-1297: superpathway of purine deoxyribonucleosides degradation	6.1653936203
UDPNAGSYN-PWY: UDP-N-acetyl-D-glucosamine biosynthesis I	5.5625025159
UDPNAGSYN-PWY: UDP-N-acetyl-D-glucosamine biosynthesis I|g__Bifidobacterium.s__Bifidobacterium_adolescentis	2.3160150976
UDPNAGSYN-PWY: UDP-N-acetyl-D-glucosamine biosynthesis I|g__Bifidobacterium.s__Bifidobacterium_longum	1.0089497125
PWY-6936: seleno-amino acid biosynthesis	5.0271341646
PWY-6936: seleno-amino acid biosynthesis|g__Dorea.s__Dorea_longicatena	1.3816358164
PWY-7198: pyrimidine deoxyribonucleotides de novo biosynthesis IV	4.9991293107
PWY66-400: glycolysis VI (metazoan)	4.2772002888
P42-PWY: incomplete reductive TCA cycle	2.8933677522
GLYCOCAT-PWY: glycogen degradation I (bacterial)	2.5182248116
PWY-5104: L-isoleucine biosynthesis IV	2.4009348742
PWY-6531: mannitol cycle	2.2026320234
PWY-6353: purine nucleotides degradation II (aerobic)	1.7733955238
PWY-7209: superpathway of pyrimidine ribonucleosides degradation	1.7449530370
PWY-6608: guanosine nucleotides degradation III	1.6159326042
PWY-5384: sucrose degradation IV (sucrose phosphorylase)	1.4114512758
PWY-5384: sucrose degradation IV (sucrose phosphorylase)|g__Roseburia.s__Roseburia_intestinalis	0.8837825895
P164-PWY: purine nucleobases degradation I (anaerobic)	1.3968478415
PWY-7237: myo-, chiro- and scillo-inositol degradation	1.2360939431
PWY-7237: myo-, chiro- and scillo-inositol degradation|g__Dorea.s__Dorea_longicatena	1.2360939431
PWY-6606: guanosine nucleotides degradation II	1.1623517798
PWY-6595: superpathway of guanosine nucleotides degradation (plants)	1.1321697233
SALVADEHYPOX-PWY: adenosine nucleotides degradation II	1.0169641580