# Pathway	ERR480520_Abundance
UNMAPPED	34104.1703155745
UNINTEGRATED	2762.8596899391
UNINTEGRATED|g__Fusobacterium.s__Fusobacterium_gonidiaformans	605.5986761075
UNINTEGRATED|g__Bacteroides.s__Bacteroides_massiliensis	500.3986017291
UNINTEGRATED|g__Bacteroides.s__Bacteroides_vulgatus	465.2393666034
UNINTEGRATED|g__Ruminococcus.s__Ruminococcus_bromii	417.7895253283
UNINTEGRATED|g__Bacteroides.s__Bacteroides_ovatus	409.0698361600
UNINTEGRATED|g__Blautia.s__Ruminococcus_torques	229.8985550768
PWY-7219: adenosine ribonucleotides de novo biosynthesis	7.5860166620
PWY-7219: adenosine ribonucleotides de novo biosynthesis|g__Ruminococcus.s__Ruminococcus_bromii	2.5162799578
PWY-7219: adenosine ribonucleotides de novo biosynthesis|g__Fusobacterium.s__Fusobacterium_gonidiaformans	1.1875426195
PWY-7219: adenosine ribonucleotides de novo biosynthesis|g__Bacteroides.s__Bacteroides_vulgatus	1.1478136225
PWY-7219: adenosine ribonucleotides de novo biosynthesis|g__Blautia.s__Ruminococcus_torques	0.7497656982
PWY-6700: queuosine biosynthesis	5.4060322983
PWY-6700: queuosine biosynthesis|g__Bacteroides.s__Bacteroides_massiliensis	2.3175175183
PWY-1042: glycolysis IV (plant cytosol)	4.7941126136
PWY-6121: 5-aminoimidazole ribonucleotide biosynthesis I	4.4302847067
PWY-6122: 5-aminoimidazole ribonucleotide biosynthesis II	3.9985014704
PWY-6122: 5-aminoimidazole ribonucleotide biosynthesis II|g__Ruminococcus.s__Ruminococcus_bromii	1.3990173855
PWY-6277: superpathway of 5-aminoimidazole ribonucleotide biosynthesis	3.9985014704
PWY-6277: superpathway of 5-aminoimidazole ribonucleotide biosynthesis|g__Ruminococcus.s__Ruminococcus_bromii	1.3990173855
PWY-7282: 4-amino-2-methyl-5-phosphomethylpyrimidine biosynthesis (yeast)	3.9712150318
PWY-6386: UDP-N-acetylmuramoyl-pentapeptide biosynthesis II (lysine-containing)	3.6693974703
PWY-6386: UDP-N-acetylmuramoyl-pentapeptide biosynthesis II (lysine-containing)|g__Fusobacterium.s__Fusobacterium_gonidiaformans	1.1318046400
NONMEVIPP-PWY: methylerythritol phosphate pathway I	3.4426086195
PWY-6317: galactose degradation I (Leloir pathway)	3.3968395247
PWY-6317: galactose degradation I (Leloir pathway)|g__Fusobacterium.s__Fusobacterium_gonidiaformans	1.1112003325
PWY66-422: D-galactose degradation V (Leloir pathway)	3.3968395247
PWY66-422: D-galactose degradation V (Leloir pathway)|g__Fusobacterium.s__Fusobacterium_gonidiaformans	1.1112003325
PWY-6387: UDP-N-acetylmuramoyl-pentapeptide biosynthesis I (meso-diaminopimelate containing)	3.3171458885
PWY-6387: UDP-N-acetylmuramoyl-pentapeptide biosynthesis I (meso-diaminopimelate containing)|g__Fusobacterium.s__Fusobacterium_gonidiaformans	1.0840789264
PWY-6737: starch degradation V	3.2165120575
HISDEG-PWY: L-histidine degradation I	3.0470573608
HISDEG-PWY: L-histidine degradation I|g__Fusobacterium.s__Fusobacterium_gonidiaformans	2.3994463046
PWY-5659: GDP-mannose biosynthesis	3.0026026752
PWY-5659: GDP-mannose biosynthesis|g__Bacteroides.s__Bacteroides_ovatus	1.0982976387
PEPTIDOGLYCANSYN-PWY: peptidoglycan biosynthesis I (meso-diaminopimelate containing)	2.9842956299
PEPTIDOGLYCANSYN-PWY: peptidoglycan biosynthesis I (meso-diaminopimelate containing)|g__Fusobacterium.s__Fusobacterium_gonidiaformans	1.0655827282
PWY-7221: guanosine ribonucleotides de novo biosynthesis	2.9711175795
PWY0-845: superpathway of pyridoxal 5'-phosphate biosynthesis and salvage	2.9521778497
ANAGLYCOLYSIS-PWY: glycolysis III (from glucose)	2.9410752178
PWY-7111: pyruvate fermentation to isobutanol (engineered)	2.8535215720
PWY-7111: pyruvate fermentation to isobutanol (engineered)|g__Ruminococcus.s__Ruminococcus_bromii	1.6803641858
VALSYN-PWY: L-valine biosynthesis	2.8535215720
VALSYN-PWY: L-valine biosynthesis|g__Ruminococcus.s__Ruminococcus_bromii	1.6803641858
PWY-6168: flavin biosynthesis III (fungi)	2.7973939387
PWY-6123: inosine-5'-phosphate biosynthesis I	2.7874187821
PWY-6163: chorismate biosynthesis from 3-dehydroquinate	2.7123374085
COMPLETE-ARO-PWY: superpathway of aromatic amino acid biosynthesis	2.6956874689
PWY-6527: stachyose degradation	2.6879511498
PWY-3841: folate transformations II	2.5738916496
PWY-6124: inosine-5'-phosphate biosynthesis II	2.5672196091
ARO-PWY: chorismate biosynthesis I	2.5667448041
CALVIN-PWY: Calvin-Benson-Bassham cycle	2.4873393651
PWY66-400: glycolysis VI (metazoan)	2.4754323956
SER-GLYSYN-PWY: superpathway of L-serine and glycine biosynthesis I	2.4454255388
SER-GLYSYN-PWY: superpathway of L-serine and glycine biosynthesis I|g__Ruminococcus.s__Ruminococcus_bromii	1.3583696417
PWY-6151: S-adenosyl-L-methionine cycle I	2.3926961956
PWY-6151: S-adenosyl-L-methionine cycle I|g__Ruminococcus.s__Ruminococcus_bromii	1.3183039687
1CMET2-PWY: N10-formyl-tetrahydrofolate biosynthesis	2.3502553942
PYRIDOXSYN-PWY: pyridoxal 5'-phosphate biosynthesis I	2.3073106037
PWY-5188: tetrapyrrole biosynthesis I (from glutamate)	2.1031065311
PWY-5188: tetrapyrrole biosynthesis I (from glutamate)|g__Fusobacterium.s__Fusobacterium_gonidiaformans	1.7179616224
PYRIDNUCSYN-PWY: NAD biosynthesis I (from aspartate)	2.0525059417
HISTSYN-PWY: L-histidine biosynthesis	1.9179203245
PWY-6385: peptidoglycan biosynthesis III (mycobacteria)	1.8841362298
DTDPRHAMSYN-PWY: dTDP-L-rhamnose biosynthesis I	1.8509571464
PWY-5100: pyruvate fermentation to acetate and lactate II	1.7639106604
PWY-5100: pyruvate fermentation to acetate and lactate II|g__Fusobacterium.s__Fusobacterium_gonidiaformans	1.1769676956
PWY-5686: UMP biosynthesis	1.7458993091
PWY-5097: L-lysine biosynthesis VI	1.5324027477
COA-PWY-1: coenzyme A biosynthesis II (mammalian)	1.4169581061
ARGININE-SYN4-PWY: L-ornithine de novo  biosynthesis	1.4075659327
NONOXIPENT-PWY: pentose phosphate pathway (non-oxidative branch)	1.3815332777
TRPSYN-PWY: L-tryptophan biosynthesis	1.2670401375
THISYNARA-PWY: superpathway of thiamin diphosphate biosynthesis III (eukaryotes)	1.1587197907
PWY-2942: L-lysine biosynthesis III	1.1534278046
COA-PWY: coenzyme A biosynthesis I	1.0584810797
ASPASN-PWY: superpathway of L-aspartate and L-asparagine biosynthesis	0.8980691513