# Pathway	ERR480994_Abundance
UNMAPPED	220154.6321270454
UNINTEGRATED	149733.4969344264
UNINTEGRATED|g__Prevotella.s__Prevotella_copri	68917.7869879832
UNINTEGRATED|g__Faecalibacterium.s__Faecalibacterium_prausnitzii	30055.4885981058
UNINTEGRATED|g__Eubacterium.s__Eubacterium_rectale	7546.6684590514
UNINTEGRATED|g__Bacteroides.s__Bacteroides_dorei	6382.4573330197
UNINTEGRATED|g__Collinsella.s__Collinsella_aerofaciens	4787.7912895978
UNINTEGRATED|g__Phascolarctobacterium.s__Phascolarctobacterium_succinatutens	3914.2627512324
UNINTEGRATED|g__Bifidobacterium.s__Bifidobacterium_longum	3008.4649337156
UNINTEGRATED|g__Parabacteroides.s__Parabacteroides_merdae	2696.9231177046
UNINTEGRATED|g__Bacteroides.s__Bacteroides_vulgatus	2578.4318718130
UNINTEGRATED|g__Prevotella.s__Prevotella_stercorea	2421.7494955324
UNINTEGRATED|g__Bacteroides.s__Bacteroides_ovatus	2376.3377891704
UNINTEGRATED|g__Megasphaera.s__Megasphaera_elsdenii	2340.9238713852
UNINTEGRATED|g__Bifidobacterium.s__Bifidobacterium_adolescentis	2195.8936709091
UNINTEGRATED|g__Bacteroides.s__Bacteroides_coprocola	2193.7531367166
UNINTEGRATED|g__Ruminococcus.s__Ruminococcus_bromii	2163.9368479543
UNINTEGRATED|g__Eubacterium.s__Eubacterium_ventriosum	2031.7539509137
UNINTEGRATED|g__Dorea.s__Dorea_longicatena	1818.0408230108
UNINTEGRATED|g__Catenibacterium.s__Catenibacterium_mitsuokai	1688.7505294360
UNINTEGRATED|g__Alistipes.s__Alistipes_putredinis	1529.8516144808
UNINTEGRATED|g__Coprococcus.s__Coprococcus_comes	1396.0127513085
UNINTEGRATED|g__Roseburia.s__Roseburia_inulinivorans	1362.7236019139
UNINTEGRATED|g__Eubacterium.s__Eubacterium_ramulus	1323.4730367874
UNINTEGRATED|g__Roseburia.s__Roseburia_intestinalis	1302.6064110427
UNINTEGRATED|g__Dorea.s__Dorea_formicigenerans	1274.1303641434
UNINTEGRATED|g__Bacteroides.s__Bacteroides_stercoris	1212.3551638726
UNINTEGRATED|g__Blautia.s__Ruminococcus_torques	852.4068117740
UNINTEGRATED|g__Eubacterium.s__Eubacterium_hallii	692.9946658702
UNINTEGRATED|g__Barnesiella.s__Barnesiella_intestinihominis	504.3087410896
UNINTEGRATED|g__Eubacterium.s__Eubacterium_siraeum	430.9286167729
UNINTEGRATED|g__Ruminococcus.s__Ruminococcus_lactaris	377.2506831426
UNINTEGRATED|g__Alistipes.s__Alistipes_shahii	358.7312278715
PWY-7219: adenosine ribonucleotides de novo biosynthesis	257.1440976898
PWY-7219: adenosine ribonucleotides de novo biosynthesis|g__Prevotella.s__Prevotella_copri	105.5452841945
PWY-7219: adenosine ribonucleotides de novo biosynthesis|g__Faecalibacterium.s__Faecalibacterium_prausnitzii	45.6758163270
PWY-7219: adenosine ribonucleotides de novo biosynthesis|g__Eubacterium.s__Eubacterium_rectale	18.8599919210
PWY-7219: adenosine ribonucleotides de novo biosynthesis|g__Bacteroides.s__Bacteroides_coprocola	17.8297270782
PWY-7219: adenosine ribonucleotides de novo biosynthesis|g__Collinsella.s__Collinsella_aerofaciens	15.4558601959
PWY-7219: adenosine ribonucleotides de novo biosynthesis|g__Ruminococcus.s__Ruminococcus_bromii	8.4203767260
PWY-7219: adenosine ribonucleotides de novo biosynthesis|g__Phascolarctobacterium.s__Phascolarctobacterium_succinatutens	7.9633278708
PWY-7219: adenosine ribonucleotides de novo biosynthesis|g__Megasphaera.s__Megasphaera_elsdenii	6.9006310084
PWY-7219: adenosine ribonucleotides de novo biosynthesis|g__Catenibacterium.s__Catenibacterium_mitsuokai	3.7972401049
PWY-7219: adenosine ribonucleotides de novo biosynthesis|g__Bacteroides.s__Bacteroides_dorei	3.3731439531
PWY-7219: adenosine ribonucleotides de novo biosynthesis|g__Bifidobacterium.s__Bifidobacterium_adolescentis	3.1926596159
PWY-7219: adenosine ribonucleotides de novo biosynthesis|g__Prevotella.s__Prevotella_stercorea	3.1487120425
PWY-7219: adenosine ribonucleotides de novo biosynthesis|g__Roseburia.s__Roseburia_inulinivorans	2.4938045746
PWY-7219: adenosine ribonucleotides de novo biosynthesis|g__Bacteroides.s__Bacteroides_vulgatus	2.4362264964
PWY-7219: adenosine ribonucleotides de novo biosynthesis|g__Parabacteroides.s__Parabacteroides_merdae	2.1250625925
PWY-7219: adenosine ribonucleotides de novo biosynthesis|g__Bacteroides.s__Bacteroides_ovatus	1.7181383379
PWY-7219: adenosine ribonucleotides de novo biosynthesis|g__Dorea.s__Dorea_formicigenerans	1.2921103294
PWY-7219: adenosine ribonucleotides de novo biosynthesis|g__Blautia.s__Ruminococcus_torques	1.2618034398
PWY-7219: adenosine ribonucleotides de novo biosynthesis|g__Alistipes.s__Alistipes_putredinis	1.1727797407
PWY-7219: adenosine ribonucleotides de novo biosynthesis|g__Barnesiella.s__Barnesiella_intestinihominis	1.0993162068
PWY-7219: adenosine ribonucleotides de novo biosynthesis|g__Eubacterium.s__Eubacterium_hallii	1.0786807006
PWY-6151: S-adenosyl-L-methionine cycle I	213.9575032922
PWY-6151: S-adenosyl-L-methionine cycle I|g__Prevotella.s__Prevotella_copri	120.5193595033
PWY-6151: S-adenosyl-L-methionine cycle I|g__Faecalibacterium.s__Faecalibacterium_prausnitzii	26.4253726687
PWY-6151: S-adenosyl-L-methionine cycle I|g__Prevotella.s__Prevotella_stercorea	8.6392964767
PWY-6151: S-adenosyl-L-methionine cycle I|g__Eubacterium.s__Eubacterium_rectale	6.7996757002
PWY-6151: S-adenosyl-L-methionine cycle I|g__Bifidobacterium.s__Bifidobacterium_adolescentis	6.5332261617
PWY-6151: S-adenosyl-L-methionine cycle I|g__Ruminococcus.s__Ruminococcus_bromii	4.9456683775
PWY-6151: S-adenosyl-L-methionine cycle I|g__Bacteroides.s__Bacteroides_dorei	3.2853203133
PWY-6151: S-adenosyl-L-methionine cycle I|g__Dorea.s__Dorea_longicatena	3.2647306539
PWY-6151: S-adenosyl-L-methionine cycle I|g__Catenibacterium.s__Catenibacterium_mitsuokai	2.2832561159
PWY-7221: guanosine ribonucleotides de novo biosynthesis	205.9192383413
PWY-7221: guanosine ribonucleotides de novo biosynthesis|g__Prevotella.s__Prevotella_copri	102.8169411340
PWY-7221: guanosine ribonucleotides de novo biosynthesis|g__Faecalibacterium.s__Faecalibacterium_prausnitzii	16.6359106695
PWY-7221: guanosine ribonucleotides de novo biosynthesis|g__Phascolarctobacterium.s__Phascolarctobacterium_succinatutens	6.7084906007
PWY-7221: guanosine ribonucleotides de novo biosynthesis|g__Eubacterium.s__Eubacterium_rectale	6.5688961138
PWY-7221: guanosine ribonucleotides de novo biosynthesis|g__Bifidobacterium.s__Bifidobacterium_adolescentis	4.6938664464
PWY-7221: guanosine ribonucleotides de novo biosynthesis|g__Prevotella.s__Prevotella_stercorea	3.5535723175
PWY-7221: guanosine ribonucleotides de novo biosynthesis|g__Bacteroides.s__Bacteroides_dorei	3.2075422668
PWY-7221: guanosine ribonucleotides de novo biosynthesis|g__Ruminococcus.s__Ruminococcus_bromii	2.9788853084
PWY-7221: guanosine ribonucleotides de novo biosynthesis|g__Megasphaera.s__Megasphaera_elsdenii	2.2471369790
PWY-7221: guanosine ribonucleotides de novo biosynthesis|g__Bacteroides.s__Bacteroides_vulgatus	1.9691275233
PWY-7221: guanosine ribonucleotides de novo biosynthesis|g__Bifidobacterium.s__Bifidobacterium_longum	1.0564859836
PWY-7221: guanosine ribonucleotides de novo biosynthesis|g__Roseburia.s__Roseburia_intestinalis	0.9261654472
PWY-5686: UMP biosynthesis	202.0985807432
PWY-5686: UMP biosynthesis|g__Prevotella.s__Prevotella_copri	90.2661612198
PWY-5686: UMP biosynthesis|g__Faecalibacterium.s__Faecalibacterium_prausnitzii	38.0797119464
PWY-5686: UMP biosynthesis|g__Eubacterium.s__Eubacterium_rectale	10.2346353926
PWY-5686: UMP biosynthesis|g__Collinsella.s__Collinsella_aerofaciens	5.9746467382
PWY-5686: UMP biosynthesis|g__Phascolarctobacterium.s__Phascolarctobacterium_succinatutens	5.5765346011
PWY-5686: UMP biosynthesis|g__Ruminococcus.s__Ruminococcus_bromii	4.2523568274
PWY-5686: UMP biosynthesis|g__Megasphaera.s__Megasphaera_elsdenii	2.7740084496
PWY-5686: UMP biosynthesis|g__Catenibacterium.s__Catenibacterium_mitsuokai	2.3299719002
PWY-5686: UMP biosynthesis|g__Prevotella.s__Prevotella_stercorea	1.7547528262
PWY-6700: queuosine biosynthesis	200.8805231482
PWY-6700: queuosine biosynthesis|g__Prevotella.s__Prevotella_copri	130.1556355922
PWY-6700: queuosine biosynthesis|g__Prevotella.s__Prevotella_stercorea	5.7631415585
PWY-6700: queuosine biosynthesis|g__Phascolarctobacterium.s__Phascolarctobacterium_succinatutens	3.3741759084
PWY-6700: queuosine biosynthesis|g__Megasphaera.s__Megasphaera_elsdenii	2.8878000872
PWY-6386: UDP-N-acetylmuramoyl-pentapeptide biosynthesis II (lysine-containing)	188.0196713705
PWY-6386: UDP-N-acetylmuramoyl-pentapeptide biosynthesis II (lysine-containing)|g__Faecalibacterium.s__Faecalibacterium_prausnitzii	24.8753490773
PWY-6386: UDP-N-acetylmuramoyl-pentapeptide biosynthesis II (lysine-containing)|g__Eubacterium.s__Eubacterium_rectale	12.1008887901
PWY-6386: UDP-N-acetylmuramoyl-pentapeptide biosynthesis II (lysine-containing)|g__Collinsella.s__Collinsella_aerofaciens	6.4273592131
PWY-6386: UDP-N-acetylmuramoyl-pentapeptide biosynthesis II (lysine-containing)|g__Phascolarctobacterium.s__Phascolarctobacterium_succinatutens	6.4087563370
PWY-6386: UDP-N-acetylmuramoyl-pentapeptide biosynthesis II (lysine-containing)|g__Bifidobacterium.s__Bifidobacterium_adolescentis	4.2706359315
PWY-6386: UDP-N-acetylmuramoyl-pentapeptide biosynthesis II (lysine-containing)|g__Megasphaera.s__Megasphaera_elsdenii	4.2660124624
PWY-6386: UDP-N-acetylmuramoyl-pentapeptide biosynthesis II (lysine-containing)|g__Dorea.s__Dorea_formicigenerans	1.5731228504
PWY-5097: L-lysine biosynthesis VI	182.1272757007
PWY-5097: L-lysine biosynthesis VI|g__Prevotella.s__Prevotella_copri	98.1140474180
PWY-5097: L-lysine biosynthesis VI|g__Faecalibacterium.s__Faecalibacterium_prausnitzii	24.5874396123
PWY-5097: L-lysine biosynthesis VI|g__Eubacterium.s__Eubacterium_rectale	7.6982515394
PWY-5097: L-lysine biosynthesis VI|g__Phascolarctobacterium.s__Phascolarctobacterium_succinatutens	4.4771581559
PWY-5097: L-lysine biosynthesis VI|g__Prevotella.s__Prevotella_stercorea	3.0136988936
PEPTIDOGLYCANSYN-PWY: peptidoglycan biosynthesis I (meso-diaminopimelate containing)	181.7299003850
PEPTIDOGLYCANSYN-PWY: peptidoglycan biosynthesis I (meso-diaminopimelate containing)|g__Faecalibacterium.s__Faecalibacterium_prausnitzii	25.0219270321
PEPTIDOGLYCANSYN-PWY: peptidoglycan biosynthesis I (meso-diaminopimelate containing)|g__Phascolarctobacterium.s__Phascolarctobacterium_succinatutens	6.9106021887
PEPTIDOGLYCANSYN-PWY: peptidoglycan biosynthesis I (meso-diaminopimelate containing)|g__Collinsella.s__Collinsella_aerofaciens	5.2839335248
PEPTIDOGLYCANSYN-PWY: peptidoglycan biosynthesis I (meso-diaminopimelate containing)|g__Bacteroides.s__Bacteroides_dorei	4.5282130810
PEPTIDOGLYCANSYN-PWY: peptidoglycan biosynthesis I (meso-diaminopimelate containing)|g__Bifidobacterium.s__Bifidobacterium_adolescentis	3.7647669663
PEPTIDOGLYCANSYN-PWY: peptidoglycan biosynthesis I (meso-diaminopimelate containing)|g__Megasphaera.s__Megasphaera_elsdenii	3.7281986229
PWY-2942: L-lysine biosynthesis III	180.4120795782
PWY-2942: L-lysine biosynthesis III|g__Prevotella.s__Prevotella_copri	100.2212365230
PWY-2942: L-lysine biosynthesis III|g__Faecalibacterium.s__Faecalibacterium_prausnitzii	11.6736814002
PWY-2942: L-lysine biosynthesis III|g__Prevotella.s__Prevotella_stercorea	7.2130145984
PWY-2942: L-lysine biosynthesis III|g__Catenibacterium.s__Catenibacterium_mitsuokai	5.9061425265
PWY-2942: L-lysine biosynthesis III|g__Bacteroides.s__Bacteroides_dorei	3.6665161320
PWY-2942: L-lysine biosynthesis III|g__Bacteroides.s__Bacteroides_coprocola	1.3371399101
NONMEVIPP-PWY: methylerythritol phosphate pathway I	179.2394511422
NONMEVIPP-PWY: methylerythritol phosphate pathway I|g__Eubacterium.s__Eubacterium_rectale	8.8219621738
NONMEVIPP-PWY: methylerythritol phosphate pathway I|g__Phascolarctobacterium.s__Phascolarctobacterium_succinatutens	8.2423206489
NONMEVIPP-PWY: methylerythritol phosphate pathway I|g__Catenibacterium.s__Catenibacterium_mitsuokai	1.2053767228
PWY-6387: UDP-N-acetylmuramoyl-pentapeptide biosynthesis I (meso-diaminopimelate containing)	178.5840903931
PWY-6387: UDP-N-acetylmuramoyl-pentapeptide biosynthesis I (meso-diaminopimelate containing)|g__Faecalibacterium.s__Faecalibacterium_prausnitzii	27.7854705988
PWY-6387: UDP-N-acetylmuramoyl-pentapeptide biosynthesis I (meso-diaminopimelate containing)|g__Eubacterium.s__Eubacterium_rectale	11.8688748911
PWY-6387: UDP-N-acetylmuramoyl-pentapeptide biosynthesis I (meso-diaminopimelate containing)|g__Phascolarctobacterium.s__Phascolarctobacterium_succinatutens	6.7378485953
PWY-6387: UDP-N-acetylmuramoyl-pentapeptide biosynthesis I (meso-diaminopimelate containing)|g__Collinsella.s__Collinsella_aerofaciens	5.2471008834
PWY-6387: UDP-N-acetylmuramoyl-pentapeptide biosynthesis I (meso-diaminopimelate containing)|g__Bacteroides.s__Bacteroides_dorei	4.9410312318
PWY-6387: UDP-N-acetylmuramoyl-pentapeptide biosynthesis I (meso-diaminopimelate containing)|g__Bifidobacterium.s__Bifidobacterium_adolescentis	4.1212403070
PWY-6387: UDP-N-acetylmuramoyl-pentapeptide biosynthesis I (meso-diaminopimelate containing)|g__Megasphaera.s__Megasphaera_elsdenii	3.9974637316
PWY-6387: UDP-N-acetylmuramoyl-pentapeptide biosynthesis I (meso-diaminopimelate containing)|g__Dorea.s__Dorea_formicigenerans	1.4853128089
PWY-6737: starch degradation V	161.4709283183
PWY-6737: starch degradation V|g__Faecalibacterium.s__Faecalibacterium_prausnitzii	41.4223066127
PWY-6737: starch degradation V|g__Eubacterium.s__Eubacterium_rectale	17.9588383891
PWY-6737: starch degradation V|g__Collinsella.s__Collinsella_aerofaciens	11.7397360370
PWY-6737: starch degradation V|g__Ruminococcus.s__Ruminococcus_bromii	6.2758767109
PWY-6737: starch degradation V|g__Catenibacterium.s__Catenibacterium_mitsuokai	5.2570163397
PWY-6737: starch degradation V|g__Dorea.s__Dorea_longicatena	2.6212531696
PWY-6737: starch degradation V|g__Dorea.s__Dorea_formicigenerans	2.6145743724
PWY-6737: starch degradation V|g__Eubacterium.s__Eubacterium_hallii	1.5187896982
PWY-6737: starch degradation V|g__Roseburia.s__Roseburia_inulinivorans	1.3781372861
PWY-6737: starch degradation V|g__Eubacterium.s__Eubacterium_ramulus	1.1670915524
COA-PWY-1: coenzyme A biosynthesis II (mammalian)	160.0431512891
COA-PWY-1: coenzyme A biosynthesis II (mammalian)|g__Eubacterium.s__Eubacterium_rectale	17.8560052291
COA-PWY-1: coenzyme A biosynthesis II (mammalian)|g__Faecalibacterium.s__Faecalibacterium_prausnitzii	13.9544483920
COA-PWY-1: coenzyme A biosynthesis II (mammalian)|g__Bifidobacterium.s__Bifidobacterium_adolescentis	6.8224677445
COA-PWY-1: coenzyme A biosynthesis II (mammalian)|g__Phascolarctobacterium.s__Phascolarctobacterium_succinatutens	6.5211371267
COA-PWY-1: coenzyme A biosynthesis II (mammalian)|g__Bifidobacterium.s__Bifidobacterium_longum	2.7471814281
COA-PWY-1: coenzyme A biosynthesis II (mammalian)|g__Eubacterium.s__Eubacterium_ventriosum	2.1990018654
COA-PWY-1: coenzyme A biosynthesis II (mammalian)|g__Megasphaera.s__Megasphaera_elsdenii	1.9279434150
COA-PWY-1: coenzyme A biosynthesis II (mammalian)|g__Dorea.s__Dorea_formicigenerans	1.6835016835
ARO-PWY: chorismate biosynthesis I	152.4121257173
ARO-PWY: chorismate biosynthesis I|g__Eubacterium.s__Eubacterium_rectale	11.1841359925
ARO-PWY: chorismate biosynthesis I|g__Phascolarctobacterium.s__Phascolarctobacterium_succinatutens	5.6711971588
ARO-PWY: chorismate biosynthesis I|g__Megasphaera.s__Megasphaera_elsdenii	4.6396398851
COMPLETE-ARO-PWY: superpathway of aromatic amino acid biosynthesis	151.8970029910
COMPLETE-ARO-PWY: superpathway of aromatic amino acid biosynthesis|g__Eubacterium.s__Eubacterium_rectale	11.9737182367
COMPLETE-ARO-PWY: superpathway of aromatic amino acid biosynthesis|g__Phascolarctobacterium.s__Phascolarctobacterium_succinatutens	5.8193699146
COMPLETE-ARO-PWY: superpathway of aromatic amino acid biosynthesis|g__Megasphaera.s__Megasphaera_elsdenii	4.9149522809
ILEUSYN-PWY: L-isoleucine biosynthesis I (from threonine)	148.4612291935
ILEUSYN-PWY: L-isoleucine biosynthesis I (from threonine)|g__Faecalibacterium.s__Faecalibacterium_prausnitzii	51.8409912593
ILEUSYN-PWY: L-isoleucine biosynthesis I (from threonine)|g__Bifidobacterium.s__Bifidobacterium_longum	2.2510919969
PWY-7111: pyruvate fermentation to isobutanol (engineered)	148.4612291935
PWY-7111: pyruvate fermentation to isobutanol (engineered)|g__Faecalibacterium.s__Faecalibacterium_prausnitzii	51.8409912593
PWY-7111: pyruvate fermentation to isobutanol (engineered)|g__Phascolarctobacterium.s__Phascolarctobacterium_succinatutens	11.5850247074
PWY-7111: pyruvate fermentation to isobutanol (engineered)|g__Eubacterium.s__Eubacterium_rectale	10.1197992006
PWY-7111: pyruvate fermentation to isobutanol (engineered)|g__Ruminococcus.s__Ruminococcus_bromii	5.2126896939
PWY-7111: pyruvate fermentation to isobutanol (engineered)|g__Catenibacterium.s__Catenibacterium_mitsuokai	5.1906243603
PWY-7111: pyruvate fermentation to isobutanol (engineered)|g__Dorea.s__Dorea_longicatena	2.7155327928
PWY-7111: pyruvate fermentation to isobutanol (engineered)|g__Bacteroides.s__Bacteroides_vulgatus	2.1686506836
PWY-7111: pyruvate fermentation to isobutanol (engineered)|g__Bifidobacterium.s__Bifidobacterium_longum	1.6503963663
PWY-7111: pyruvate fermentation to isobutanol (engineered)|g__Bacteroides.s__Bacteroides_stercoris	1.5929319765
PWY-7111: pyruvate fermentation to isobutanol (engineered)|g__Coprococcus.s__Coprococcus_comes	1.1119371147
PWY-7111: pyruvate fermentation to isobutanol (engineered)|g__Parabacteroides.s__Parabacteroides_merdae	1.0851344947
PWY-7111: pyruvate fermentation to isobutanol (engineered)|g__Dorea.s__Dorea_formicigenerans	1.0547953096
PWY-7111: pyruvate fermentation to isobutanol (engineered)|g__Ruminococcus.s__Ruminococcus_lactaris	1.0303055379
PWY-7111: pyruvate fermentation to isobutanol (engineered)|g__Eubacterium.s__Eubacterium_ramulus	0.6932409012
VALSYN-PWY: L-valine biosynthesis	148.4612291935
VALSYN-PWY: L-valine biosynthesis|g__Faecalibacterium.s__Faecalibacterium_prausnitzii	51.8409912593
VALSYN-PWY: L-valine biosynthesis|g__Phascolarctobacterium.s__Phascolarctobacterium_succinatutens	11.5850247074
VALSYN-PWY: L-valine biosynthesis|g__Eubacterium.s__Eubacterium_rectale	10.1197992006
VALSYN-PWY: L-valine biosynthesis|g__Bifidobacterium.s__Bifidobacterium_adolescentis	5.6103929704
VALSYN-PWY: L-valine biosynthesis|g__Ruminococcus.s__Ruminococcus_bromii	5.2126896939
VALSYN-PWY: L-valine biosynthesis|g__Catenibacterium.s__Catenibacterium_mitsuokai	5.1906243603
VALSYN-PWY: L-valine biosynthesis|g__Dorea.s__Dorea_longicatena	2.7155327928
VALSYN-PWY: L-valine biosynthesis|g__Bifidobacterium.s__Bifidobacterium_longum	2.2510919969
VALSYN-PWY: L-valine biosynthesis|g__Bacteroides.s__Bacteroides_vulgatus	2.1686506836
VALSYN-PWY: L-valine biosynthesis|g__Bacteroides.s__Bacteroides_stercoris	1.5929319765
VALSYN-PWY: L-valine biosynthesis|g__Parabacteroides.s__Parabacteroides_merdae	1.0851344947
VALSYN-PWY: L-valine biosynthesis|g__Coprococcus.s__Coprococcus_comes	0.8878381351
VALSYN-PWY: L-valine biosynthesis|g__Dorea.s__Dorea_formicigenerans	0.8442015569
VALSYN-PWY: L-valine biosynthesis|g__Roseburia.s__Roseburia_intestinalis	0.8079722043
VALSYN-PWY: L-valine biosynthesis|g__Eubacterium.s__Eubacterium_ramulus	0.6932409012
PWY-6163: chorismate biosynthesis from 3-dehydroquinate	144.3884267907
PWY-6163: chorismate biosynthesis from 3-dehydroquinate|g__Eubacterium.s__Eubacterium_rectale	14.1190773889
PWY-6163: chorismate biosynthesis from 3-dehydroquinate|g__Megasphaera.s__Megasphaera_elsdenii	4.9006947454
PWY-6163: chorismate biosynthesis from 3-dehydroquinate|g__Phascolarctobacterium.s__Phascolarctobacterium_succinatutens	4.7249254492
PWY-6163: chorismate biosynthesis from 3-dehydroquinate|g__Roseburia.s__Roseburia_inulinivorans	2.9089021453
PWY-5667: CDP-diacylglycerol biosynthesis I	143.5924540201
PWY-5667: CDP-diacylglycerol biosynthesis I|g__Faecalibacterium.s__Faecalibacterium_prausnitzii	20.8389060743
PWY-5667: CDP-diacylglycerol biosynthesis I|g__Eubacterium.s__Eubacterium_rectale	7.0368395203
PWY-5667: CDP-diacylglycerol biosynthesis I|g__Ruminococcus.s__Ruminococcus_bromii	4.4051695877
PWY-5667: CDP-diacylglycerol biosynthesis I|g__Prevotella.s__Prevotella_stercorea	4.2221365087
PWY-5667: CDP-diacylglycerol biosynthesis I|g__Megasphaera.s__Megasphaera_elsdenii	3.6049745096
PWY-5667: CDP-diacylglycerol biosynthesis I|g__Bacteroides.s__Bacteroides_coprocola	2.1561087547
PWY-5667: CDP-diacylglycerol biosynthesis I|g__Eubacterium.s__Eubacterium_ramulus	1.2376237624
PWY-5667: CDP-diacylglycerol biosynthesis I|g__Roseburia.s__Roseburia_inulinivorans	1.2030075188
PWY-5667: CDP-diacylglycerol biosynthesis I|g__Coprococcus.s__Coprococcus_comes	1.1990407674
PWY0-1319: CDP-diacylglycerol biosynthesis II	143.5924540201
PWY0-1319: CDP-diacylglycerol biosynthesis II|g__Faecalibacterium.s__Faecalibacterium_prausnitzii	20.8389060743
PWY0-1319: CDP-diacylglycerol biosynthesis II|g__Eubacterium.s__Eubacterium_rectale	7.0368395203
PWY0-1319: CDP-diacylglycerol biosynthesis II|g__Ruminococcus.s__Ruminococcus_bromii	4.4051695877
PWY0-1319: CDP-diacylglycerol biosynthesis II|g__Prevotella.s__Prevotella_stercorea	4.2221365087
PWY0-1319: CDP-diacylglycerol biosynthesis II|g__Megasphaera.s__Megasphaera_elsdenii	3.6049745096
PWY0-1319: CDP-diacylglycerol biosynthesis II|g__Bacteroides.s__Bacteroides_coprocola	2.1561087547
PWY0-1319: CDP-diacylglycerol biosynthesis II|g__Eubacterium.s__Eubacterium_ramulus	1.2376237624
PWY0-1319: CDP-diacylglycerol biosynthesis II|g__Roseburia.s__Roseburia_inulinivorans	1.2030075188
PWY0-1319: CDP-diacylglycerol biosynthesis II|g__Coprococcus.s__Coprococcus_comes	1.1990407674
PWY-5973: cis-vaccenate biosynthesis	141.5918615828
PWY-5973: cis-vaccenate biosynthesis|g__Eubacterium.s__Eubacterium_rectale	9.9169517800
PWY-724: superpathway of L-lysine, L-threonine and L-methionine biosynthesis II	133.2929015617
PWY-724: superpathway of L-lysine, L-threonine and L-methionine biosynthesis II|g__Faecalibacterium.s__Faecalibacterium_prausnitzii	21.1717914269
PWY-724: superpathway of L-lysine, L-threonine and L-methionine biosynthesis II|g__Phascolarctobacterium.s__Phascolarctobacterium_succinatutens	4.9385192038
PWY-6122: 5-aminoimidazole ribonucleotide biosynthesis II	132.5315080735
PWY-6122: 5-aminoimidazole ribonucleotide biosynthesis II|g__Faecalibacterium.s__Faecalibacterium_prausnitzii	20.3269079854
PWY-6122: 5-aminoimidazole ribonucleotide biosynthesis II|g__Collinsella.s__Collinsella_aerofaciens	14.3832232675
PWY-6122: 5-aminoimidazole ribonucleotide biosynthesis II|g__Phascolarctobacterium.s__Phascolarctobacterium_succinatutens	9.1328184499
PWY-6122: 5-aminoimidazole ribonucleotide biosynthesis II|g__Ruminococcus.s__Ruminococcus_bromii	5.2334432147
PWY-6122: 5-aminoimidazole ribonucleotide biosynthesis II|g__Bifidobacterium.s__Bifidobacterium_longum	3.3235382266
PWY-6122: 5-aminoimidazole ribonucleotide biosynthesis II|g__Megasphaera.s__Megasphaera_elsdenii	2.9470287424
PWY-6122: 5-aminoimidazole ribonucleotide biosynthesis II|g__Catenibacterium.s__Catenibacterium_mitsuokai	2.2758170178
PWY-6122: 5-aminoimidazole ribonucleotide biosynthesis II|g__Bifidobacterium.s__Bifidobacterium_adolescentis	2.1787537765
PWY-6122: 5-aminoimidazole ribonucleotide biosynthesis II|g__Dorea.s__Dorea_longicatena	1.1368568536
PWY-6122: 5-aminoimidazole ribonucleotide biosynthesis II|g__Alistipes.s__Alistipes_putredinis	1.0927082347
PWY-6122: 5-aminoimidazole ribonucleotide biosynthesis II|g__Blautia.s__Ruminococcus_torques	0.9696121239
PWY-6277: superpathway of 5-aminoimidazole ribonucleotide biosynthesis	132.5315080735
PWY-6277: superpathway of 5-aminoimidazole ribonucleotide biosynthesis|g__Faecalibacterium.s__Faecalibacterium_prausnitzii	20.3269079854
PWY-6277: superpathway of 5-aminoimidazole ribonucleotide biosynthesis|g__Collinsella.s__Collinsella_aerofaciens	14.3832232675
PWY-6277: superpathway of 5-aminoimidazole ribonucleotide biosynthesis|g__Phascolarctobacterium.s__Phascolarctobacterium_succinatutens	9.1328184499
PWY-6277: superpathway of 5-aminoimidazole ribonucleotide biosynthesis|g__Ruminococcus.s__Ruminococcus_bromii	5.2334432147
PWY-6277: superpathway of 5-aminoimidazole ribonucleotide biosynthesis|g__Bifidobacterium.s__Bifidobacterium_longum	3.3235382266
PWY-6277: superpathway of 5-aminoimidazole ribonucleotide biosynthesis|g__Megasphaera.s__Megasphaera_elsdenii	2.9470287424
PWY-6277: superpathway of 5-aminoimidazole ribonucleotide biosynthesis|g__Catenibacterium.s__Catenibacterium_mitsuokai	2.2758170178
PWY-6277: superpathway of 5-aminoimidazole ribonucleotide biosynthesis|g__Bifidobacterium.s__Bifidobacterium_adolescentis	2.1787537765
PWY-6277: superpathway of 5-aminoimidazole ribonucleotide biosynthesis|g__Dorea.s__Dorea_longicatena	1.1368568536
PWY-6277: superpathway of 5-aminoimidazole ribonucleotide biosynthesis|g__Alistipes.s__Alistipes_putredinis	1.0927082347
PWY-6277: superpathway of 5-aminoimidazole ribonucleotide biosynthesis|g__Blautia.s__Ruminococcus_torques	0.9696121239
PWY-7663: gondoate biosynthesis (anaerobic)	130.5919052916
PWY-7663: gondoate biosynthesis (anaerobic)|g__Bacteroides.s__Bacteroides_ovatus	1.7491276406
PWY-7663: gondoate biosynthesis (anaerobic)|g__Bacteroides.s__Bacteroides_stercoris	1.4712951774
PWY-1042: glycolysis IV (plant cytosol)	130.4646600152
PWY-1042: glycolysis IV (plant cytosol)|g__Faecalibacterium.s__Faecalibacterium_prausnitzii	46.3575704132
PWY-1042: glycolysis IV (plant cytosol)|g__Ruminococcus.s__Ruminococcus_bromii	10.1611865862
PWY-1042: glycolysis IV (plant cytosol)|g__Bacteroides.s__Bacteroides_coprocola	3.9206970018
PWY-1042: glycolysis IV (plant cytosol)|g__Alistipes.s__Alistipes_shahii	1.8780749336
PWY-6121: 5-aminoimidazole ribonucleotide biosynthesis I	127.6309717124
PWY-6121: 5-aminoimidazole ribonucleotide biosynthesis I|g__Faecalibacterium.s__Faecalibacterium_prausnitzii	22.2656386769
PWY-6121: 5-aminoimidazole ribonucleotide biosynthesis I|g__Collinsella.s__Collinsella_aerofaciens	12.2920388285
PWY-6121: 5-aminoimidazole ribonucleotide biosynthesis I|g__Phascolarctobacterium.s__Phascolarctobacterium_succinatutens	7.4976602774
PWY-6121: 5-aminoimidazole ribonucleotide biosynthesis I|g__Ruminococcus.s__Ruminococcus_bromii	5.9910921335
PWY-6121: 5-aminoimidazole ribonucleotide biosynthesis I|g__Megasphaera.s__Megasphaera_elsdenii	3.0720242190
PWY-6121: 5-aminoimidazole ribonucleotide biosynthesis I|g__Bifidobacterium.s__Bifidobacterium_longum	2.8345361271
PWY-6121: 5-aminoimidazole ribonucleotide biosynthesis I|g__Catenibacterium.s__Catenibacterium_mitsuokai	2.2147309687
PWY-6121: 5-aminoimidazole ribonucleotide biosynthesis I|g__Alistipes.s__Alistipes_putredinis	1.2803041447
PWY-6121: 5-aminoimidazole ribonucleotide biosynthesis I|g__Dorea.s__Dorea_longicatena	1.2247478808
PWY-6121: 5-aminoimidazole ribonucleotide biosynthesis I|g__Blautia.s__Ruminococcus_torques	1.1351686193
PWY-6385: peptidoglycan biosynthesis III (mycobacteria)	118.5831890533
PWY-6385: peptidoglycan biosynthesis III (mycobacteria)|g__Faecalibacterium.s__Faecalibacterium_prausnitzii	25.0219270321
PWY-6385: peptidoglycan biosynthesis III (mycobacteria)|g__Phascolarctobacterium.s__Phascolarctobacterium_succinatutens	5.8025372450
PANTO-PWY: phosphopantothenate biosynthesis I	107.3109066582
PANTO-PWY: phosphopantothenate biosynthesis I|g__Phascolarctobacterium.s__Phascolarctobacterium_succinatutens	6.4661302257
PANTO-PWY: phosphopantothenate biosynthesis I|g__Megasphaera.s__Megasphaera_elsdenii	3.8798801572
PANTO-PWY: phosphopantothenate biosynthesis I|g__Bacteroides.s__Bacteroides_coprocola	2.9349304372
PANTO-PWY: phosphopantothenate biosynthesis I|g__Bacteroides.s__Bacteroides_vulgatus	1.6638819182
PANTO-PWY: phosphopantothenate biosynthesis I|g__Eubacterium.s__Eubacterium_ventriosum	1.5065873098
PWY-7357: thiamin formation from pyrithiamine and oxythiamine (yeast)	106.4664402543
PWY-7357: thiamin formation from pyrithiamine and oxythiamine (yeast)|g__Faecalibacterium.s__Faecalibacterium_prausnitzii	18.6445480205
PWY-7357: thiamin formation from pyrithiamine and oxythiamine (yeast)|g__Phascolarctobacterium.s__Phascolarctobacterium_succinatutens	4.3873977899
PWY-7357: thiamin formation from pyrithiamine and oxythiamine (yeast)|g__Ruminococcus.s__Ruminococcus_bromii	2.3224242962
PWY-6897: thiamin salvage II	102.7959814846
BRANCHED-CHAIN-AA-SYN-PWY: superpathway of branched amino acid biosynthesis	102.3748738223
BRANCHED-CHAIN-AA-SYN-PWY: superpathway of branched amino acid biosynthesis|g__Faecalibacterium.s__Faecalibacterium_prausnitzii	50.1639257306
BRANCHED-CHAIN-AA-SYN-PWY: superpathway of branched amino acid biosynthesis|g__Bifidobacterium.s__Bifidobacterium_longum	1.7920864045
PWY4FS-7: phosphatidylglycerol biosynthesis I (plastidic)	98.5754545107
PWY4FS-8: phosphatidylglycerol biosynthesis II (non-plastidic)	98.5754545107
PWY0-1296: purine ribonucleosides degradation	95.3464419684
PWY0-1296: purine ribonucleosides degradation|g__Faecalibacterium.s__Faecalibacterium_prausnitzii	45.8792051352
PWY0-1296: purine ribonucleosides degradation|g__Eubacterium.s__Eubacterium_rectale	13.3382042736
PWY0-1296: purine ribonucleosides degradation|g__Megasphaera.s__Megasphaera_elsdenii	1.9927095105
PWY0-1296: purine ribonucleosides degradation|g__Catenibacterium.s__Catenibacterium_mitsuokai	1.6578973645
PWY0-1296: purine ribonucleosides degradation|g__Dorea.s__Dorea_longicatena	1.5381926004
PWY0-1296: purine ribonucleosides degradation|g__Eubacterium.s__Eubacterium_ramulus	1.5159926328
PWY0-1296: purine ribonucleosides degradation|g__Roseburia.s__Roseburia_inulinivorans	1.4466366832
PWY0-1296: purine ribonucleosides degradation|g__Roseburia.s__Roseburia_intestinalis	1.0649627263
CALVIN-PWY: Calvin-Benson-Bassham cycle	94.8197955454
CALVIN-PWY: Calvin-Benson-Bassham cycle|g__Faecalibacterium.s__Faecalibacterium_prausnitzii	25.9952934432
CALVIN-PWY: Calvin-Benson-Bassham cycle|g__Ruminococcus.s__Ruminococcus_bromii	11.5443635345
SER-GLYSYN-PWY: superpathway of L-serine and glycine biosynthesis I	90.7506670958
SER-GLYSYN-PWY: superpathway of L-serine and glycine biosynthesis I|g__Faecalibacterium.s__Faecalibacterium_prausnitzii	21.7199348798
SER-GLYSYN-PWY: superpathway of L-serine and glycine biosynthesis I|g__Phascolarctobacterium.s__Phascolarctobacterium_succinatutens	8.2684892675
SER-GLYSYN-PWY: superpathway of L-serine and glycine biosynthesis I|g__Ruminococcus.s__Ruminococcus_bromii	5.4662534504
SER-GLYSYN-PWY: superpathway of L-serine and glycine biosynthesis I|g__Dorea.s__Dorea_formicigenerans	2.1822419362
SER-GLYSYN-PWY: superpathway of L-serine and glycine biosynthesis I|g__Blautia.s__Ruminococcus_torques	1.0209290454
SER-GLYSYN-PWY: superpathway of L-serine and glycine biosynthesis I|g__Eubacterium.s__Eubacterium_siraeum	0.9896146660
PWY-5103: L-isoleucine biosynthesis III	90.3279443186
PWY-5103: L-isoleucine biosynthesis III|g__Faecalibacterium.s__Faecalibacterium_prausnitzii	50.1639257306
PWY-5103: L-isoleucine biosynthesis III|g__Bifidobacterium.s__Bifidobacterium_longum	1.6939217259
NONOXIPENT-PWY: pentose phosphate pathway (non-oxidative branch)	89.9872064058
NONOXIPENT-PWY: pentose phosphate pathway (non-oxidative branch)|g__Faecalibacterium.s__Faecalibacterium_prausnitzii	27.0437700278
NONOXIPENT-PWY: pentose phosphate pathway (non-oxidative branch)|g__Phascolarctobacterium.s__Phascolarctobacterium_succinatutens	5.7356013137
NONOXIPENT-PWY: pentose phosphate pathway (non-oxidative branch)|g__Blautia.s__Ruminococcus_torques	2.2429077061
PWY-3001: superpathway of L-isoleucine biosynthesis I	84.2611794214
PWY-3001: superpathway of L-isoleucine biosynthesis I|g__Faecalibacterium.s__Faecalibacterium_prausnitzii	33.4365793515
PWY-6507: 4-deoxy-L-threo-hex-4-enopyranuronate degradation	75.4230206833
PWY-6507: 4-deoxy-L-threo-hex-4-enopyranuronate degradation|g__Faecalibacterium.s__Faecalibacterium_prausnitzii	53.7397945790
PWY-7242: D-fructuronate degradation	74.5873912776
PWY-7242: D-fructuronate degradation|g__Faecalibacterium.s__Faecalibacterium_prausnitzii	45.0357041324
THRESYN-PWY: superpathway of L-threonine biosynthesis	73.1248551880
THRESYN-PWY: superpathway of L-threonine biosynthesis|g__Faecalibacterium.s__Faecalibacterium_prausnitzii	27.1259312726
THRESYN-PWY: superpathway of L-threonine biosynthesis|g__Phascolarctobacterium.s__Phascolarctobacterium_succinatutens	6.0063679053
THRESYN-PWY: superpathway of L-threonine biosynthesis|g__Bifidobacterium.s__Bifidobacterium_adolescentis	4.5133137494
PWY-6609: adenine and adenosine salvage III	72.8098909292
PWY-6609: adenine and adenosine salvage III|g__Faecalibacterium.s__Faecalibacterium_prausnitzii	42.5173256064
PWY-6609: adenine and adenosine salvage III|g__Eubacterium.s__Eubacterium_ventriosum	1.4295925661
DTDPRHAMSYN-PWY: dTDP-L-rhamnose biosynthesis I	72.7063226598
DTDPRHAMSYN-PWY: dTDP-L-rhamnose biosynthesis I|g__Faecalibacterium.s__Faecalibacterium_prausnitzii	36.8364499271
DTDPRHAMSYN-PWY: dTDP-L-rhamnose biosynthesis I|g__Eubacterium.s__Eubacterium_rectale	8.8332082454
DTDPRHAMSYN-PWY: dTDP-L-rhamnose biosynthesis I|g__Bacteroides.s__Bacteroides_ovatus	1.3884194494
PANTOSYN-PWY: pantothenate and coenzyme A biosynthesis I	69.9625724805
PANTOSYN-PWY: pantothenate and coenzyme A biosynthesis I|g__Phascolarctobacterium.s__Phascolarctobacterium_succinatutens	6.5064778197
PWY-3841: folate transformations II	69.4526370468
PWY-3841: folate transformations II|g__Bacteroides.s__Bacteroides_vulgatus	2.5534576765
PWY-3841: folate transformations II|g__Bacteroides.s__Bacteroides_dorei	1.8656051494
PWY-3841: folate transformations II|g__Parabacteroides.s__Parabacteroides_merdae	1.5760534751
PWY-3841: folate transformations II|g__Bacteroides.s__Bacteroides_stercoris	1.4521769540
GALACTUROCAT-PWY: D-galacturonate degradation I	64.4648532196
GALACTUROCAT-PWY: D-galacturonate degradation I|g__Faecalibacterium.s__Faecalibacterium_prausnitzii	44.2546305669
GALACTUROCAT-PWY: D-galacturonate degradation I|g__Alistipes.s__Alistipes_shahii	0.9264793654
PWY-5695: urate biosynthesis/inosine 5'-phosphate degradation	64.4084356799
PWY-5695: urate biosynthesis/inosine 5'-phosphate degradation|g__Faecalibacterium.s__Faecalibacterium_prausnitzii	7.0329920404
PWY-5695: urate biosynthesis/inosine 5'-phosphate degradation|g__Bacteroides.s__Bacteroides_coprocola	5.0652788366
PWY-5695: urate biosynthesis/inosine 5'-phosphate degradation|g__Bacteroides.s__Bacteroides_dorei	3.7495985952
PWY-5695: urate biosynthesis/inosine 5'-phosphate degradation|g__Megasphaera.s__Megasphaera_elsdenii	2.1177687089
PWY-5695: urate biosynthesis/inosine 5'-phosphate degradation|g__Alistipes.s__Alistipes_shahii	1.6910260938
PWY-5695: urate biosynthesis/inosine 5'-phosphate degradation|g__Roseburia.s__Roseburia_inulinivorans	1.6560405717
PWY-5695: urate biosynthesis/inosine 5'-phosphate degradation|g__Roseburia.s__Roseburia_intestinalis	1.5515243776
PWY-6123: inosine-5'-phosphate biosynthesis I	64.3066168415
PWY-6123: inosine-5'-phosphate biosynthesis I|g__Faecalibacterium.s__Faecalibacterium_prausnitzii	25.5181206026
PWY-6317: galactose degradation I (Leloir pathway)	64.0591615028
PWY-6317: galactose degradation I (Leloir pathway)|g__Faecalibacterium.s__Faecalibacterium_prausnitzii	27.7244994957
PWY-6317: galactose degradation I (Leloir pathway)|g__Ruminococcus.s__Ruminococcus_bromii	4.8328255339
PWY66-422: D-galactose degradation V (Leloir pathway)	64.0591615028
PWY66-422: D-galactose degradation V (Leloir pathway)|g__Faecalibacterium.s__Faecalibacterium_prausnitzii	27.7244994957
PWY66-422: D-galactose degradation V (Leloir pathway)|g__Eubacterium.s__Eubacterium_rectale	11.3894073417
PWY66-422: D-galactose degradation V (Leloir pathway)|g__Ruminococcus.s__Ruminococcus_bromii	4.8328255339
PWY66-422: D-galactose degradation V (Leloir pathway)|g__Roseburia.s__Roseburia_intestinalis	1.3685666347
1CMET2-PWY: N10-formyl-tetrahydrofolate biosynthesis	61.3810842058
GLCMANNANAUT-PWY: superpathway of N-acetylglucosamine, N-acetylmannosamine and N-acetylneuraminate degradation	61.0725821301
GLCMANNANAUT-PWY: superpathway of N-acetylglucosamine, N-acetylmannosamine and N-acetylneuraminate degradation|g__Faecalibacterium.s__Faecalibacterium_prausnitzii	29.2034447509
GLCMANNANAUT-PWY: superpathway of N-acetylglucosamine, N-acetylmannosamine and N-acetylneuraminate degradation|g__Blautia.s__Ruminococcus_torques	9.5249013244
GLCMANNANAUT-PWY: superpathway of N-acetylglucosamine, N-acetylmannosamine and N-acetylneuraminate degradation|g__Dorea.s__Dorea_longicatena	4.3599708735
GALACT-GLUCUROCAT-PWY: superpathway of hexuronide and hexuronate degradation	60.0781694901
GALACT-GLUCUROCAT-PWY: superpathway of hexuronide and hexuronate degradation|g__Faecalibacterium.s__Faecalibacterium_prausnitzii	37.3178015512
GLUCUROCAT-PWY: superpathway of &beta;-D-glucuronide and D-glucuronate degradation	59.8579390335
GLUCUROCAT-PWY: superpathway of &beta;-D-glucuronide and D-glucuronate degradation|g__Faecalibacterium.s__Faecalibacterium_prausnitzii	37.2157562380
PWY-7229: superpathway of adenosine nucleotides de novo biosynthesis I	58.6662333265
PWY-7229: superpathway of adenosine nucleotides de novo biosynthesis I|g__Bacteroides.s__Bacteroides_dorei	3.1425180349
PWY-7229: superpathway of adenosine nucleotides de novo biosynthesis I|g__Faecalibacterium.s__Faecalibacterium_prausnitzii	2.6217695136
PYRIDNUCSYN-PWY: NAD biosynthesis I (from aspartate)	58.3269559678
PYRIDNUCSYN-PWY: NAD biosynthesis I (from aspartate)|g__Ruminococcus.s__Ruminococcus_bromii	4.7971301914
PYRIDNUCSYN-PWY: NAD biosynthesis I (from aspartate)|g__Alistipes.s__Alistipes_shahii	1.6857336436
PWY-5659: GDP-mannose biosynthesis	57.0879980731
PWY-5659: GDP-mannose biosynthesis|g__Faecalibacterium.s__Faecalibacterium_prausnitzii	34.8170463899
PWY-5659: GDP-mannose biosynthesis|g__Alistipes.s__Alistipes_shahii	1.3261485157
PWY-5659: GDP-mannose biosynthesis|g__Roseburia.s__Roseburia_intestinalis	0.9273724881
PWY-6124: inosine-5'-phosphate biosynthesis II	55.4970810654
PWY-6124: inosine-5'-phosphate biosynthesis II|g__Faecalibacterium.s__Faecalibacterium_prausnitzii	31.3722442387
PWY-6147: 6-hydroxymethyl-dihydropterin diphosphate biosynthesis I	53.2693904669
PWY-6147: 6-hydroxymethyl-dihydropterin diphosphate biosynthesis I|g__Collinsella.s__Collinsella_aerofaciens	3.4521774843
COA-PWY: coenzyme A biosynthesis I	52.8326386575
COA-PWY: coenzyme A biosynthesis I|g__Faecalibacterium.s__Faecalibacterium_prausnitzii	12.5576097077
COA-PWY: coenzyme A biosynthesis I|g__Phascolarctobacterium.s__Phascolarctobacterium_succinatutens	7.0436048281
COA-PWY: coenzyme A biosynthesis I|g__Eubacterium.s__Eubacterium_ventriosum	1.2783636945
TRPSYN-PWY: L-tryptophan biosynthesis	52.5086834311
TRPSYN-PWY: L-tryptophan biosynthesis|g__Phascolarctobacterium.s__Phascolarctobacterium_succinatutens	4.3729662390
PWY-6703: preQ0 biosynthesis	51.9570001236
PWY-6703: preQ0 biosynthesis|g__Bacteroides.s__Bacteroides_dorei	5.0383628597
PWY-6703: preQ0 biosynthesis|g__Megasphaera.s__Megasphaera_elsdenii	2.9043818101
PWY-6703: preQ0 biosynthesis|g__Ruminococcus.s__Ruminococcus_lactaris	1.9601033994
COBALSYN-PWY: adenosylcobalamin salvage from cobinamide I	49.8610377562
COBALSYN-PWY: adenosylcobalamin salvage from cobinamide I|g__Faecalibacterium.s__Faecalibacterium_prausnitzii	20.3306560894
COBALSYN-PWY: adenosylcobalamin salvage from cobinamide I|g__Eubacterium.s__Eubacterium_rectale	10.1691814130
COBALSYN-PWY: adenosylcobalamin salvage from cobinamide I|g__Phascolarctobacterium.s__Phascolarctobacterium_succinatutens	3.5269198991
PWY-6527: stachyose degradation	45.9837141107
PWY-6527: stachyose degradation|g__Faecalibacterium.s__Faecalibacterium_prausnitzii	16.2568708851
PWY-6527: stachyose degradation|g__Dorea.s__Dorea_longicatena	1.4059631227
ANAGLYCOLYSIS-PWY: glycolysis III (from glucose)	45.9591079575
PWY-5100: pyruvate fermentation to acetate and lactate II	44.9207999780
PWY-5100: pyruvate fermentation to acetate and lactate II|g__Roseburia.s__Roseburia_intestinalis	1.3458603189
PWY-6126: superpathway of adenosine nucleotides de novo biosynthesis II	44.1791135910
PWY-6126: superpathway of adenosine nucleotides de novo biosynthesis II|g__Bacteroides.s__Bacteroides_dorei	3.2467927556
PWY-6126: superpathway of adenosine nucleotides de novo biosynthesis II|g__Faecalibacterium.s__Faecalibacterium_prausnitzii	1.5767432382
PWY-7400: L-arginine biosynthesis IV (archaebacteria)	43.3007929582
PWY-7400: L-arginine biosynthesis IV (archaebacteria)|g__Bifidobacterium.s__Bifidobacterium_longum	1.9607307958
ASPASN-PWY: superpathway of L-aspartate and L-asparagine biosynthesis	43.1227290714
ASPASN-PWY: superpathway of L-aspartate and L-asparagine biosynthesis|g__Faecalibacterium.s__Faecalibacterium_prausnitzii	29.3981895784
PWY-4242: pantothenate and coenzyme A biosynthesis III	42.5817235481
PWY-4242: pantothenate and coenzyme A biosynthesis III|g__Faecalibacterium.s__Faecalibacterium_prausnitzii	13.8329643339
PWY-4242: pantothenate and coenzyme A biosynthesis III|g__Phascolarctobacterium.s__Phascolarctobacterium_succinatutens	5.9767684263
PWY-4242: pantothenate and coenzyme A biosynthesis III|g__Eubacterium.s__Eubacterium_ventriosum	1.3109003051
PWY-621: sucrose degradation III (sucrose invertase)	41.7018742331
PWY-621: sucrose degradation III (sucrose invertase)|g__Faecalibacterium.s__Faecalibacterium_prausnitzii	26.6164397917
PWY-621: sucrose degradation III (sucrose invertase)|g__Eubacterium.s__Eubacterium_rectale	2.1253150130
PHOSLIPSYN-PWY: superpathway of phospholipid biosynthesis I (bacteria)	40.4933039953
PWY-4981: L-proline biosynthesis II (from arginine)	39.8786507933
PWY-4981: L-proline biosynthesis II (from arginine)|g__Collinsella.s__Collinsella_aerofaciens	7.3667140823
ARGSYN-PWY: L-arginine biosynthesis I (via L-ornithine)	38.8831590201
ARGSYN-PWY: L-arginine biosynthesis I (via L-ornithine)|g__Bifidobacterium.s__Bifidobacterium_longum	1.9532109154
PWY-6270: isoprene biosynthesis I	38.5515099672
PWY-6270: isoprene biosynthesis I|g__Phascolarctobacterium.s__Phascolarctobacterium_succinatutens	6.7832807455
PWY-6168: flavin biosynthesis III (fungi)	38.1831791805
PWY-7228: superpathway of guanosine nucleotides de novo biosynthesis I	38.1577772198
PWY-7228: superpathway of guanosine nucleotides de novo biosynthesis I|g__Bacteroides.s__Bacteroides_dorei	3.6882692567
PWY-7228: superpathway of guanosine nucleotides de novo biosynthesis I|g__Bacteroides.s__Bacteroides_vulgatus	1.2853391961
PWY-2941: L-lysine biosynthesis II	37.2249940641
PWY-841: superpathway of purine nucleotides de novo biosynthesis I	37.1920659135
THISYNARA-PWY: superpathway of thiamin diphosphate biosynthesis III (eukaryotes)	36.8446781154
THISYNARA-PWY: superpathway of thiamin diphosphate biosynthesis III (eukaryotes)|g__Faecalibacterium.s__Faecalibacterium_prausnitzii	8.0405145413
THISYNARA-PWY: superpathway of thiamin diphosphate biosynthesis III (eukaryotes)|g__Phascolarctobacterium.s__Phascolarctobacterium_succinatutens	5.3207488141
GLYCOGENSYNTH-PWY: glycogen biosynthesis I (from ADP-D-Glucose)	34.5991111577
GLYCOGENSYNTH-PWY: glycogen biosynthesis I (from ADP-D-Glucose)|g__Eubacterium.s__Eubacterium_rectale	11.0806139741
GLYCOGENSYNTH-PWY: glycogen biosynthesis I (from ADP-D-Glucose)|g__Roseburia.s__Roseburia_intestinalis	0.7203845699
HISTSYN-PWY: L-histidine biosynthesis	34.5946123917
PWY-7560: methylerythritol phosphate pathway II	34.4110360294
PWY-7560: methylerythritol phosphate pathway II|g__Phascolarctobacterium.s__Phascolarctobacterium_succinatutens	8.2423206489
PWY0-166: superpathway of pyrimidine deoxyribonucleotides de novo biosynthesis (E. coli)	33.6617666270
PWY-5347: superpathway of L-methionine biosynthesis (transsulfuration)	32.8783439721
PWY-6125: superpathway of guanosine nucleotides de novo biosynthesis II	32.8000522585
PWY-6125: superpathway of guanosine nucleotides de novo biosynthesis II|g__Bacteroides.s__Bacteroides_dorei	3.2845368414
MET-SAM-PWY: superpathway of S-adenosyl-L-methionine biosynthesis	32.6136273458
METSYN-PWY: L-homoserine and L-methionine biosynthesis	31.7287690546
PWY-7208: superpathway of pyrimidine nucleobases salvage	31.4506584807
PWY-7208: superpathway of pyrimidine nucleobases salvage|g__Phascolarctobacterium.s__Phascolarctobacterium_succinatutens	6.9094859364
PWY-5177: glutaryl-CoA degradation	31.2627245733
PWY-5177: glutaryl-CoA degradation|g__Faecalibacterium.s__Faecalibacterium_prausnitzii	23.1001864664
PWY-5676: acetyl-CoA fermentation to butanoate II	30.5116847329
RHAMCAT-PWY: L-rhamnose degradation I	28.5364402368
RHAMCAT-PWY: L-rhamnose degradation I|g__Faecalibacterium.s__Faecalibacterium_prausnitzii	21.6432541089
PWY-7234: inosine-5'-phosphate biosynthesis III	28.4671606366
PWY-6545: pyrimidine deoxyribonucleotides de novo biosynthesis III	27.5089028128
PWY-7184: pyrimidine deoxyribonucleotides de novo biosynthesis I	26.8873095930
ARG+POLYAMINE-SYN: superpathway of arginine and polyamine biosynthesis	24.2609806842
TCA: TCA cycle I (prokaryotic)	21.0420449439
PWY-7220: adenosine deoxyribonucleotides de novo biosynthesis II	21.0005454274
PWY-7220: adenosine deoxyribonucleotides de novo biosynthesis II|g__Bacteroides.s__Bacteroides_dorei	4.7893072404
PWY-7220: adenosine deoxyribonucleotides de novo biosynthesis II|g__Faecalibacterium.s__Faecalibacterium_prausnitzii	0.6917519998
PWY-7222: guanosine deoxyribonucleotides de novo biosynthesis II	21.0005454274
PWY-7222: guanosine deoxyribonucleotides de novo biosynthesis II|g__Bacteroides.s__Bacteroides_dorei	4.7893072404
PWY-7222: guanosine deoxyribonucleotides de novo biosynthesis II|g__Faecalibacterium.s__Faecalibacterium_prausnitzii	0.6917519998
PWY-7197: pyrimidine deoxyribonucleotide phosphorylation	20.3700291192
PWY-7197: pyrimidine deoxyribonucleotide phosphorylation|g__Phascolarctobacterium.s__Phascolarctobacterium_succinatutens	4.3674251533
PWY-7199: pyrimidine deoxyribonucleosides salvage	20.1963481874
PWY-5188: tetrapyrrole biosynthesis I (from glutamate)	20.1759956853
PWY-5188: tetrapyrrole biosynthesis I (from glutamate)|g__Ruminococcus.s__Ruminococcus_bromii	5.9036374064
PWY-5188: tetrapyrrole biosynthesis I (from glutamate)|g__Megasphaera.s__Megasphaera_elsdenii	3.8937888495
PWY0-1586: peptidoglycan maturation (meso-diaminopimelate containing)	19.2651723459
PWY0-1586: peptidoglycan maturation (meso-diaminopimelate containing)|g__Faecalibacterium.s__Faecalibacterium_prausnitzii	14.4881773931
DAPLYSINESYN-PWY: L-lysine biosynthesis I	18.8568756721
PWY-6969: TCA cycle V (2-oxoglutarate:ferredoxin oxidoreductase)	18.7418222550
LACTOSECAT-PWY: lactose and galactose degradation I	18.7296617093
OANTIGEN-PWY: O-antigen building blocks biosynthesis (E. coli)	18.6459309872
PWY-5121: superpathway of geranylgeranyl diphosphate biosynthesis II (via MEP)	18.5756369269
PWY-7539: 6-hydroxymethyl-dihydropterin diphosphate biosynthesis III (Chlamydia)	18.5082852440
P4-PWY: superpathway of L-lysine, L-threonine and L-methionine biosynthesis I	18.2814537414
PWY-5989: stearate biosynthesis II (bacteria and plants)	18.2187536450
POLYAMSYN-PWY: superpathway of polyamine biosynthesis I	18.1265219471
HOMOSER-METSYN-PWY: L-methionine biosynthesis I	17.8822811360
HOMOSER-METSYN-PWY: L-methionine biosynthesis I|g__Ruminococcus.s__Ruminococcus_bromii	4.4518561120
ARGSYNBSUB-PWY: L-arginine biosynthesis II (acetyl cycle)	17.6523607455
ARGSYNBSUB-PWY: L-arginine biosynthesis II (acetyl cycle)|g__Bifidobacterium.s__Bifidobacterium_longum	1.9637612637
PWY0-781: aspartate superpathway	16.5462994676
SO4ASSIM-PWY: sulfate reduction I (assimilatory)	16.2128446754
PWY-5690: TCA cycle II (plants and fungi)	15.4980691644
PWY-5367: petroselinate biosynthesis	14.6067542617
PWY-5367: petroselinate biosynthesis|g__Eubacterium.s__Eubacterium_rectale	9.5379321613
PWY-6305: putrescine biosynthesis IV	14.0079495366
PWY-6305: putrescine biosynthesis IV|g__Faecalibacterium.s__Faecalibacterium_prausnitzii	6.5817518086
ARGININE-SYN4-PWY: L-ornithine de novo  biosynthesis	13.8027009380
ARGININE-SYN4-PWY: L-ornithine de novo  biosynthesis|g__Bacteroides.s__Bacteroides_stercoris	1.3546713012
POLYAMINSYN3-PWY: superpathway of polyamine biosynthesis II	13.6228673076
UDPNAGSYN-PWY: UDP-N-acetyl-D-glucosamine biosynthesis I	12.4453279677
UDPNAGSYN-PWY: UDP-N-acetyl-D-glucosamine biosynthesis I|g__Bifidobacterium.s__Bifidobacterium_adolescentis	4.8448296485
UDPNAGSYN-PWY: UDP-N-acetyl-D-glucosamine biosynthesis I|g__Bifidobacterium.s__Bifidobacterium_longum	1.5654987380
SULFATE-CYS-PWY: superpathway of sulfate assimilation and cysteine biosynthesis	12.2796728310
PWY-7282: 4-amino-2-methyl-5-phosphomethylpyrimidine biosynthesis (yeast)	12.2096959859
PYRIDNUCSAL-PWY: NAD salvage pathway I	11.8529329911
TRNA-CHARGING-PWY: tRNA charging	11.1525813744
GLUTORN-PWY: L-ornithine biosynthesis	10.6159573670
GLUTORN-PWY: L-ornithine biosynthesis|g__Bifidobacterium.s__Bifidobacterium_longum	1.6398693675
PWY-7211: superpathway of pyrimidine deoxyribonucleotides de novo biosynthesis	10.2700037127
PWY-7196: superpathway of pyrimidine ribonucleosides salvage	9.8685249604
PWY-5104: L-isoleucine biosynthesis IV	9.0295434874
PWY-5104: L-isoleucine biosynthesis IV|g__Roseburia.s__Roseburia_intestinalis	0.9590041116
PWY0-162: superpathway of pyrimidine ribonucleotides de novo biosynthesis	8.9322343664
PENTOSE-P-PWY: pentose phosphate pathway	8.9194476506
PWY-1269: CMP-3-deoxy-D-manno-octulosonate biosynthesis I	8.3920571824
PWY-5154: L-arginine biosynthesis III (via N-acetyl-L-citrulline)	7.8954304859
PWY-7210: pyrimidine deoxyribonucleotides biosynthesis from CTP	7.8774980345
PWY-5030: L-histidine degradation III	7.1653899861
PWY-7198: pyrimidine deoxyribonucleotides de novo biosynthesis IV	6.2772256598
HISDEG-PWY: L-histidine degradation I	6.0220394087
PWY-6936: seleno-amino acid biosynthesis	5.0653638160
PWY-5101: L-isoleucine biosynthesis II	5.0444689229
PWY0-845: superpathway of pyridoxal 5'-phosphate biosynthesis and salvage	5.0317154803
DENOVOPURINE2-PWY: superpathway of purine nucleotides de novo biosynthesis II	4.7465888998
PRPP-PWY: superpathway of histidine, purine, and pyrimidine biosynthesis	4.2296533685
PWY-7187: pyrimidine deoxyribonucleotides de novo biosynthesis II	3.9255277538
PYRIDOXSYN-PWY: pyridoxal 5'-phosphate biosynthesis I	3.8261239144
P42-PWY: incomplete reductive TCA cycle	3.7815907296
PWY-6608: guanosine nucleotides degradation III	2.4588288993
PWY-7237: myo-, chiro- and scillo-inositol degradation	2.3744099204
SALVADEHYPOX-PWY: adenosine nucleotides degradation II	2.0628843854
P164-PWY: purine nucleobases degradation I (anaerobic)	1.9910058336
PWY-7209: superpathway of pyrimidine ribonucleosides degradation	1.7054627776
PWY-5022: 4-aminobutanoate degradation V	1.4946470201
GLUDEG-I-PWY: GABA shunt	1.4650718868
PWY-6606: guanosine nucleotides degradation II	1.4613066278
PWY-5384: sucrose degradation IV (sucrose phosphorylase)	1.4029556508
PWY-6595: superpathway of guanosine nucleotides degradation (plants)	1.3530787939