# Pathway	ERR480755_Abundance
UNMAPPED	201015.8768689794
UNINTEGRATED	189077.0604064359
UNINTEGRATED|g__Bacteroides.s__Bacteroides_dorei	50425.0942594350
UNINTEGRATED|g__Streptococcus.s__Streptococcus_thermophilus	37419.2827466649
UNINTEGRATED|g__Bacteroides.s__Bacteroides_ovatus	14325.2203137744
UNINTEGRATED|g__Escherichia.s__Escherichia_coli	13851.4387242010
UNINTEGRATED|g__Bifidobacterium.s__Bifidobacterium_animalis	13615.0077254164
UNINTEGRATED|g__Blautia.s__Ruminococcus_torques	3542.7661513906
UNINTEGRATED|g__Blautia.s__Ruminococcus_gnavus	3356.8244357744
UNINTEGRATED|g__Bacteroides.s__Bacteroides_fragilis	2017.9081544569
UNINTEGRATED|g__Streptococcus.s__Streptococcus_salivarius	1924.6027165343
UNINTEGRATED|g__Eubacterium.s__Eubacterium_rectale	1835.4158345903
UNINTEGRATED|g__Lachnospiraceae_noname.s__Lachnospiraceae_bacterium_5_1_63FAA	1664.1707376133
UNINTEGRATED|g__Bacteroides.s__Bacteroides_thetaiotaomicron	1626.8856643622
UNINTEGRATED|g__Dorea.s__Dorea_longicatena	1523.1765370941
UNINTEGRATED|g__Parabacteroides.s__Parabacteroides_distasonis	1521.3576593128
UNINTEGRATED|g__Bacteroides.s__Bacteroides_uniformis	1317.0506735558
UNINTEGRATED|g__Peptostreptococcaceae_noname.s__Clostridium_bartlettii	1227.7377090202
UNINTEGRATED|g__Lactococcus.s__Lactococcus_lactis	972.3316082508
PWY-7219: adenosine ribonucleotides de novo biosynthesis	157.4751739181
PWY-7219: adenosine ribonucleotides de novo biosynthesis|g__Streptococcus.s__Streptococcus_thermophilus	49.8910746598
PWY-7219: adenosine ribonucleotides de novo biosynthesis|g__Bacteroides.s__Bacteroides_dorei	49.7142836385
PWY-7219: adenosine ribonucleotides de novo biosynthesis|g__Bifidobacterium.s__Bifidobacterium_animalis	21.7152152986
PWY-7219: adenosine ribonucleotides de novo biosynthesis|g__Escherichia.s__Escherichia_coli	8.1820662837
PWY-7219: adenosine ribonucleotides de novo biosynthesis|g__Bacteroides.s__Bacteroides_ovatus	7.3415523645
PWY-7219: adenosine ribonucleotides de novo biosynthesis|g__Blautia.s__Ruminococcus_torques	5.9451016000
PWY-7219: adenosine ribonucleotides de novo biosynthesis|g__Eubacterium.s__Eubacterium_rectale	2.1295584013
PWY-7219: adenosine ribonucleotides de novo biosynthesis|g__Lachnospiraceae_noname.s__Lachnospiraceae_bacterium_5_1_63FAA	2.0600048835
PWY-7219: adenosine ribonucleotides de novo biosynthesis|g__Bacteroides.s__Bacteroides_uniformis	2.0199740276
PWY-7219: adenosine ribonucleotides de novo biosynthesis|g__Dorea.s__Dorea_longicatena	1.9683440624
PWY-7219: adenosine ribonucleotides de novo biosynthesis|g__Blautia.s__Ruminococcus_gnavus	1.4034331782
PWY-7219: adenosine ribonucleotides de novo biosynthesis|g__Bacteroides.s__Bacteroides_thetaiotaomicron	1.3369697824
PWY-7219: adenosine ribonucleotides de novo biosynthesis|g__Bacteroides.s__Bacteroides_fragilis	1.0242939846
PWY-7219: adenosine ribonucleotides de novo biosynthesis|g__Peptostreptococcaceae_noname.s__Clostridium_bartlettii	0.8546667162
PWY-6386: UDP-N-acetylmuramoyl-pentapeptide biosynthesis II (lysine-containing)	142.8546969599
PWY-6386: UDP-N-acetylmuramoyl-pentapeptide biosynthesis II (lysine-containing)|g__Streptococcus.s__Streptococcus_thermophilus	58.2448560538
PWY-6386: UDP-N-acetylmuramoyl-pentapeptide biosynthesis II (lysine-containing)|g__Escherichia.s__Escherichia_coli	3.6954352284
PWY-6386: UDP-N-acetylmuramoyl-pentapeptide biosynthesis II (lysine-containing)|g__Blautia.s__Ruminococcus_gnavus	3.0350473739
PWY-6386: UDP-N-acetylmuramoyl-pentapeptide biosynthesis II (lysine-containing)|g__Lachnospiraceae_noname.s__Lachnospiraceae_bacterium_5_1_63FAA	2.2586872989
PEPTIDOGLYCANSYN-PWY: peptidoglycan biosynthesis I (meso-diaminopimelate containing)	135.7838874096
PEPTIDOGLYCANSYN-PWY: peptidoglycan biosynthesis I (meso-diaminopimelate containing)|g__Bacteroides.s__Bacteroides_dorei	42.2613332330
PEPTIDOGLYCANSYN-PWY: peptidoglycan biosynthesis I (meso-diaminopimelate containing)|g__Bifidobacterium.s__Bifidobacterium_animalis	16.9991925779
PEPTIDOGLYCANSYN-PWY: peptidoglycan biosynthesis I (meso-diaminopimelate containing)|g__Escherichia.s__Escherichia_coli	4.2935328622
PEPTIDOGLYCANSYN-PWY: peptidoglycan biosynthesis I (meso-diaminopimelate containing)|g__Blautia.s__Ruminococcus_torques	3.0334400922
PEPTIDOGLYCANSYN-PWY: peptidoglycan biosynthesis I (meso-diaminopimelate containing)|g__Blautia.s__Ruminococcus_gnavus	2.8310130303
PEPTIDOGLYCANSYN-PWY: peptidoglycan biosynthesis I (meso-diaminopimelate containing)|g__Lachnospiraceae_noname.s__Lachnospiraceae_bacterium_5_1_63FAA	1.8217346797
PEPTIDOGLYCANSYN-PWY: peptidoglycan biosynthesis I (meso-diaminopimelate containing)|g__Parabacteroides.s__Parabacteroides_distasonis	1.4451432583
PWY-6387: UDP-N-acetylmuramoyl-pentapeptide biosynthesis I (meso-diaminopimelate containing)	134.7035269666
PWY-6387: UDP-N-acetylmuramoyl-pentapeptide biosynthesis I (meso-diaminopimelate containing)|g__Bacteroides.s__Bacteroides_dorei	43.6113603490
PWY-6387: UDP-N-acetylmuramoyl-pentapeptide biosynthesis I (meso-diaminopimelate containing)|g__Bifidobacterium.s__Bifidobacterium_animalis	21.8552272370
PWY-6387: UDP-N-acetylmuramoyl-pentapeptide biosynthesis I (meso-diaminopimelate containing)|g__Blautia.s__Ruminococcus_torques	5.1760241822
PWY-6387: UDP-N-acetylmuramoyl-pentapeptide biosynthesis I (meso-diaminopimelate containing)|g__Escherichia.s__Escherichia_coli	4.0885394745
PWY-6387: UDP-N-acetylmuramoyl-pentapeptide biosynthesis I (meso-diaminopimelate containing)|g__Blautia.s__Ruminococcus_gnavus	2.8227219813
PWY-6387: UDP-N-acetylmuramoyl-pentapeptide biosynthesis I (meso-diaminopimelate containing)|g__Lachnospiraceae_noname.s__Lachnospiraceae_bacterium_5_1_63FAA	1.6482366826
PWY-6387: UDP-N-acetylmuramoyl-pentapeptide biosynthesis I (meso-diaminopimelate containing)|g__Parabacteroides.s__Parabacteroides_distasonis	1.5324640845
PWY-7221: guanosine ribonucleotides de novo biosynthesis	133.7020896263
PWY-7221: guanosine ribonucleotides de novo biosynthesis|g__Streptococcus.s__Streptococcus_thermophilus	48.9751950500
PWY-7221: guanosine ribonucleotides de novo biosynthesis|g__Bacteroides.s__Bacteroides_dorei	41.2420834895
PWY-7221: guanosine ribonucleotides de novo biosynthesis|g__Bifidobacterium.s__Bifidobacterium_animalis	12.2120461091
PWY-7221: guanosine ribonucleotides de novo biosynthesis|g__Bacteroides.s__Bacteroides_ovatus	11.1330353763
PWY-7221: guanosine ribonucleotides de novo biosynthesis|g__Escherichia.s__Escherichia_coli	4.0427727737
PWY-7221: guanosine ribonucleotides de novo biosynthesis|g__Blautia.s__Ruminococcus_gnavus	1.9822890315
PWY-6385: peptidoglycan biosynthesis III (mycobacteria)	128.3019302595
PWY-6385: peptidoglycan biosynthesis III (mycobacteria)|g__Bifidobacterium.s__Bifidobacterium_animalis	21.2609696976
PWY-6385: peptidoglycan biosynthesis III (mycobacteria)|g__Escherichia.s__Escherichia_coli	4.2295373598
PWY-6151: S-adenosyl-L-methionine cycle I	127.6176844875
PWY-6151: S-adenosyl-L-methionine cycle I|g__Bacteroides.s__Bacteroides_dorei	38.5587177322
PWY-6151: S-adenosyl-L-methionine cycle I|g__Streptococcus.s__Streptococcus_thermophilus	30.8363474984
PWY-6151: S-adenosyl-L-methionine cycle I|g__Bifidobacterium.s__Bifidobacterium_animalis	25.8084810258
PWY-6151: S-adenosyl-L-methionine cycle I|g__Escherichia.s__Escherichia_coli	4.6054466703
PWY-6151: S-adenosyl-L-methionine cycle I|g__Blautia.s__Ruminococcus_torques	3.1588668612
PWY-6151: S-adenosyl-L-methionine cycle I|g__Bacteroides.s__Bacteroides_uniformis	3.1292372944
PWY-6151: S-adenosyl-L-methionine cycle I|g__Dorea.s__Dorea_longicatena	2.0477413474
PWY-6151: S-adenosyl-L-methionine cycle I|g__Lachnospiraceae_noname.s__Lachnospiraceae_bacterium_5_1_63FAA	2.0440992901
PWY-6151: S-adenosyl-L-methionine cycle I|g__Streptococcus.s__Streptococcus_salivarius	1.6487460534
PWY-6121: 5-aminoimidazole ribonucleotide biosynthesis I	123.3986080632
PWY-6121: 5-aminoimidazole ribonucleotide biosynthesis I|g__Streptococcus.s__Streptococcus_thermophilus	58.1054141634
PWY-6121: 5-aminoimidazole ribonucleotide biosynthesis I|g__Streptococcus.s__Streptococcus_salivarius	2.3096135304
PWY-6121: 5-aminoimidazole ribonucleotide biosynthesis I|g__Lachnospiraceae_noname.s__Lachnospiraceae_bacterium_5_1_63FAA	1.9178230848
PWY-6121: 5-aminoimidazole ribonucleotide biosynthesis I|g__Blautia.s__Ruminococcus_gnavus	1.0594099756
PWY-5686: UMP biosynthesis	122.7382906464
PWY-5686: UMP biosynthesis|g__Bifidobacterium.s__Bifidobacterium_animalis	17.3655695558
PWY-5686: UMP biosynthesis|g__Bacteroides.s__Bacteroides_ovatus	8.7716191725
PWY-5686: UMP biosynthesis|g__Escherichia.s__Escherichia_coli	1.9333313045
PWY-5686: UMP biosynthesis|g__Bacteroides.s__Bacteroides_uniformis	1.6677191533
PWY-6122: 5-aminoimidazole ribonucleotide biosynthesis II	121.2940217288
PWY-6122: 5-aminoimidazole ribonucleotide biosynthesis II|g__Streptococcus.s__Streptococcus_thermophilus	58.1526741464
PWY-6122: 5-aminoimidazole ribonucleotide biosynthesis II|g__Bifidobacterium.s__Bifidobacterium_animalis	21.0114294297
PWY-6122: 5-aminoimidazole ribonucleotide biosynthesis II|g__Streptococcus.s__Streptococcus_salivarius	2.4040421288
PWY-6122: 5-aminoimidazole ribonucleotide biosynthesis II|g__Lachnospiraceae_noname.s__Lachnospiraceae_bacterium_5_1_63FAA	1.6216319397
PWY-6122: 5-aminoimidazole ribonucleotide biosynthesis II|g__Peptostreptococcaceae_noname.s__Clostridium_bartlettii	1.0154861640
PWY-6122: 5-aminoimidazole ribonucleotide biosynthesis II|g__Blautia.s__Ruminococcus_gnavus	0.9567985843
PWY-6122: 5-aminoimidazole ribonucleotide biosynthesis II|g__Dorea.s__Dorea_longicatena	0.9342520145
PWY-6122: 5-aminoimidazole ribonucleotide biosynthesis II|g__Lactococcus.s__Lactococcus_lactis	0.6823027719
PWY-6277: superpathway of 5-aminoimidazole ribonucleotide biosynthesis	121.2940217288
PWY-6277: superpathway of 5-aminoimidazole ribonucleotide biosynthesis|g__Streptococcus.s__Streptococcus_thermophilus	58.1526741464
PWY-6277: superpathway of 5-aminoimidazole ribonucleotide biosynthesis|g__Bifidobacterium.s__Bifidobacterium_animalis	21.0114294297
PWY-6277: superpathway of 5-aminoimidazole ribonucleotide biosynthesis|g__Streptococcus.s__Streptococcus_salivarius	2.4040421288
PWY-6277: superpathway of 5-aminoimidazole ribonucleotide biosynthesis|g__Lachnospiraceae_noname.s__Lachnospiraceae_bacterium_5_1_63FAA	1.6216319397
PWY-6277: superpathway of 5-aminoimidazole ribonucleotide biosynthesis|g__Peptostreptococcaceae_noname.s__Clostridium_bartlettii	1.0154861640
PWY-6277: superpathway of 5-aminoimidazole ribonucleotide biosynthesis|g__Blautia.s__Ruminococcus_gnavus	0.9567985843
PWY-6277: superpathway of 5-aminoimidazole ribonucleotide biosynthesis|g__Dorea.s__Dorea_longicatena	0.9342520145
PWY-6277: superpathway of 5-aminoimidazole ribonucleotide biosynthesis|g__Lactococcus.s__Lactococcus_lactis	0.6823027719
PWY-7229: superpathway of adenosine nucleotides de novo biosynthesis I	121.2172201101
PWY-7229: superpathway of adenosine nucleotides de novo biosynthesis I|g__Streptococcus.s__Streptococcus_thermophilus	46.8138033252
PWY-7229: superpathway of adenosine nucleotides de novo biosynthesis I|g__Bacteroides.s__Bacteroides_dorei	35.7406690659
ILEUSYN-PWY: L-isoleucine biosynthesis I (from threonine)	117.7157625874
PWY-7111: pyruvate fermentation to isobutanol (engineered)	117.7157625874
PWY-7111: pyruvate fermentation to isobutanol (engineered)|g__Streptococcus.s__Streptococcus_thermophilus	32.2939508641
PWY-7111: pyruvate fermentation to isobutanol (engineered)|g__Escherichia.s__Escherichia_coli	8.9602535208
PWY-7111: pyruvate fermentation to isobutanol (engineered)|g__Blautia.s__Ruminococcus_torques	4.3876319121
PWY-7111: pyruvate fermentation to isobutanol (engineered)|g__Streptococcus.s__Streptococcus_salivarius	2.8658384253
PWY-7111: pyruvate fermentation to isobutanol (engineered)|g__Blautia.s__Ruminococcus_gnavus	2.0063206388
PWY-7111: pyruvate fermentation to isobutanol (engineered)|g__Eubacterium.s__Eubacterium_rectale	1.6163567963
PWY-7111: pyruvate fermentation to isobutanol (engineered)|g__Lactococcus.s__Lactococcus_lactis	1.5011090025
PWY-7111: pyruvate fermentation to isobutanol (engineered)|g__Parabacteroides.s__Parabacteroides_distasonis	1.1103550273
PWY-7111: pyruvate fermentation to isobutanol (engineered)|g__Dorea.s__Dorea_longicatena	1.0088378405
VALSYN-PWY: L-valine biosynthesis	117.7157625874
VALSYN-PWY: L-valine biosynthesis|g__Streptococcus.s__Streptococcus_thermophilus	57.2532342687
VALSYN-PWY: L-valine biosynthesis|g__Escherichia.s__Escherichia_coli	8.9276787844
VALSYN-PWY: L-valine biosynthesis|g__Blautia.s__Ruminococcus_torques	3.1228497714
VALSYN-PWY: L-valine biosynthesis|g__Eubacterium.s__Eubacterium_rectale	1.6163567963
VALSYN-PWY: L-valine biosynthesis|g__Streptococcus.s__Streptococcus_salivarius	1.5507346688
VALSYN-PWY: L-valine biosynthesis|g__Lactococcus.s__Lactococcus_lactis	1.5011090025
VALSYN-PWY: L-valine biosynthesis|g__Parabacteroides.s__Parabacteroides_distasonis	1.1103550273
VALSYN-PWY: L-valine biosynthesis|g__Dorea.s__Dorea_longicatena	1.0088378405
VALSYN-PWY: L-valine biosynthesis|g__Lachnospiraceae_noname.s__Lachnospiraceae_bacterium_5_1_63FAA	0.9409709102
PWY-5695: urate biosynthesis/inosine 5'-phosphate degradation	115.4726079575
PWY-5695: urate biosynthesis/inosine 5'-phosphate degradation|g__Bacteroides.s__Bacteroides_dorei	44.5890095515
PWY-5695: urate biosynthesis/inosine 5'-phosphate degradation|g__Escherichia.s__Escherichia_coli	5.2016927363
PWY-5695: urate biosynthesis/inosine 5'-phosphate degradation|g__Peptostreptococcaceae_noname.s__Clostridium_bartlettii	1.6374198550
PWY-5695: urate biosynthesis/inosine 5'-phosphate degradation|g__Blautia.s__Ruminococcus_torques	1.2630597441
PWY-1042: glycolysis IV (plant cytosol)	112.0297032569
PWY-1042: glycolysis IV (plant cytosol)|g__Bacteroides.s__Bacteroides_ovatus	9.1529893764
PWY-1042: glycolysis IV (plant cytosol)|g__Escherichia.s__Escherichia_coli	7.0498747823
PWY-1042: glycolysis IV (plant cytosol)|g__Lachnospiraceae_noname.s__Lachnospiraceae_bacterium_5_1_63FAA	5.0180064816
PWY-1042: glycolysis IV (plant cytosol)|g__Blautia.s__Ruminococcus_torques	4.8417223508
PWY-6126: superpathway of adenosine nucleotides de novo biosynthesis II	111.7667470926
PWY-6126: superpathway of adenosine nucleotides de novo biosynthesis II|g__Streptococcus.s__Streptococcus_thermophilus	40.1912353710
PWY-6126: superpathway of adenosine nucleotides de novo biosynthesis II|g__Bacteroides.s__Bacteroides_dorei	33.2302725526
COMPLETE-ARO-PWY: superpathway of aromatic amino acid biosynthesis	109.0445801380
COMPLETE-ARO-PWY: superpathway of aromatic amino acid biosynthesis|g__Streptococcus.s__Streptococcus_thermophilus	45.6226558391
COMPLETE-ARO-PWY: superpathway of aromatic amino acid biosynthesis|g__Escherichia.s__Escherichia_coli	3.9504177066
COMPLETE-ARO-PWY: superpathway of aromatic amino acid biosynthesis|g__Blautia.s__Ruminococcus_torques	2.3914203613
BRANCHED-CHAIN-AA-SYN-PWY: superpathway of branched amino acid biosynthesis	108.4803066844
PWY-5097: L-lysine biosynthesis VI	106.5207840295
PWY-5097: L-lysine biosynthesis VI|g__Bifidobacterium.s__Bifidobacterium_animalis	26.0533110528
PWY-5097: L-lysine biosynthesis VI|g__Bacteroides.s__Bacteroides_ovatus	7.5458832990
PWY-5097: L-lysine biosynthesis VI|g__Bacteroides.s__Bacteroides_uniformis	1.5130316570
ARO-PWY: chorismate biosynthesis I	104.2025180419
ARO-PWY: chorismate biosynthesis I|g__Streptococcus.s__Streptococcus_thermophilus	43.3185296116
ARO-PWY: chorismate biosynthesis I|g__Escherichia.s__Escherichia_coli	3.6521281425
ARO-PWY: chorismate biosynthesis I|g__Blautia.s__Ruminococcus_torques	2.1888583117
PWY-2942: L-lysine biosynthesis III	103.9849023823
PWY-2942: L-lysine biosynthesis III|g__Bifidobacterium.s__Bifidobacterium_animalis	26.5766944877
PWY-2942: L-lysine biosynthesis III|g__Bacteroides.s__Bacteroides_dorei	20.6495563610
PWY-2942: L-lysine biosynthesis III|g__Bacteroides.s__Bacteroides_ovatus	8.7198448317
PWY-2942: L-lysine biosynthesis III|g__Blautia.s__Ruminococcus_torques	3.8154527464
PWY-2942: L-lysine biosynthesis III|g__Parabacteroides.s__Parabacteroides_distasonis	1.5368943446
PWY-7228: superpathway of guanosine nucleotides de novo biosynthesis I	103.7762111261
PWY-7228: superpathway of guanosine nucleotides de novo biosynthesis I|g__Streptococcus.s__Streptococcus_thermophilus	44.0169456898
PWY-7228: superpathway of guanosine nucleotides de novo biosynthesis I|g__Bacteroides.s__Bacteroides_dorei	34.0558170899
PWY-5103: L-isoleucine biosynthesis III	103.3029678046
PWY-3841: folate transformations II	103.0745618509
PWY-3841: folate transformations II|g__Streptococcus.s__Streptococcus_thermophilus	37.0350159953
PWY-3841: folate transformations II|g__Bacteroides.s__Bacteroides_dorei	34.9881448449
PWY-3841: folate transformations II|g__Bacteroides.s__Bacteroides_ovatus	6.3188278339
PWY-3841: folate transformations II|g__Bacteroides.s__Bacteroides_uniformis	1.3749248569
PWY-3841: folate transformations II|g__Bacteroides.s__Bacteroides_fragilis	1.2388748136
PWY-6700: queuosine biosynthesis	101.2798122987
PWY-6700: queuosine biosynthesis|g__Bacteroides.s__Bacteroides_dorei	39.4489236616
PWY-6700: queuosine biosynthesis|g__Bacteroides.s__Bacteroides_ovatus	9.4248905753
PWY-6700: queuosine biosynthesis|g__Bacteroides.s__Bacteroides_thetaiotaomicron	3.2905175446
PWY-6700: queuosine biosynthesis|g__Lachnospiraceae_noname.s__Lachnospiraceae_bacterium_5_1_63FAA	2.0485825313
PWY-6700: queuosine biosynthesis|g__Peptostreptococcaceae_noname.s__Clostridium_bartlettii	1.3808674167
PWY-6123: inosine-5'-phosphate biosynthesis I	101.2032275811
PWY-6123: inosine-5'-phosphate biosynthesis I|g__Streptococcus.s__Streptococcus_thermophilus	38.9252102045
PWY-6123: inosine-5'-phosphate biosynthesis I|g__Bacteroides.s__Bacteroides_ovatus	8.7141374910
PWY-6123: inosine-5'-phosphate biosynthesis I|g__Escherichia.s__Escherichia_coli	3.3073836211
PWY-6123: inosine-5'-phosphate biosynthesis I|g__Bacteroides.s__Bacteroides_thetaiotaomicron	1.4482119955
ANAGLYCOLYSIS-PWY: glycolysis III (from glucose)	100.2662152095
ANAGLYCOLYSIS-PWY: glycolysis III (from glucose)|g__Bacteroides.s__Bacteroides_ovatus	7.5002896279
PWY-6125: superpathway of guanosine nucleotides de novo biosynthesis II	98.6620914241
PWY-6125: superpathway of guanosine nucleotides de novo biosynthesis II|g__Streptococcus.s__Streptococcus_thermophilus	38.6579396552
PWY-6125: superpathway of guanosine nucleotides de novo biosynthesis II|g__Bacteroides.s__Bacteroides_dorei	30.9957514992
PWY-6163: chorismate biosynthesis from 3-dehydroquinate	96.6089976744
PWY-6163: chorismate biosynthesis from 3-dehydroquinate|g__Streptococcus.s__Streptococcus_thermophilus	41.1477963350
PWY-6163: chorismate biosynthesis from 3-dehydroquinate|g__Escherichia.s__Escherichia_coli	3.2029137345
PWY-6163: chorismate biosynthesis from 3-dehydroquinate|g__Blautia.s__Ruminococcus_torques	2.0246122489
PWY-7208: superpathway of pyrimidine nucleobases salvage	95.3129235643
PWY-7208: superpathway of pyrimidine nucleobases salvage|g__Streptococcus.s__Streptococcus_thermophilus	51.0070462974
PWY-7208: superpathway of pyrimidine nucleobases salvage|g__Blautia.s__Ruminococcus_torques	5.4896741102
PWY0-166: superpathway of pyrimidine deoxyribonucleotides de novo biosynthesis (E. coli)	93.3916670981
PWY-6609: adenine and adenosine salvage III	92.9831357371
PWY-6609: adenine and adenosine salvage III|g__Streptococcus.s__Streptococcus_thermophilus	27.6570203680
PWY-6609: adenine and adenosine salvage III|g__Bacteroides.s__Bacteroides_ovatus	11.3052225289
PWY-6609: adenine and adenosine salvage III|g__Escherichia.s__Escherichia_coli	6.6758917012
PWY-6609: adenine and adenosine salvage III|g__Blautia.s__Ruminococcus_torques	4.8829713917
PWY-6609: adenine and adenosine salvage III|g__Lachnospiraceae_noname.s__Lachnospiraceae_bacterium_5_1_63FAA	1.5511527275
1CMET2-PWY: N10-formyl-tetrahydrofolate biosynthesis	92.9280456826
1CMET2-PWY: N10-formyl-tetrahydrofolate biosynthesis|g__Bacteroides.s__Bacteroides_ovatus	5.8567752100
PWY-6124: inosine-5'-phosphate biosynthesis II	91.3403182962
PWY-6124: inosine-5'-phosphate biosynthesis II|g__Streptococcus.s__Streptococcus_thermophilus	35.8004362545
PWY-6124: inosine-5'-phosphate biosynthesis II|g__Bacteroides.s__Bacteroides_ovatus	7.9746962875
PWY-6124: inosine-5'-phosphate biosynthesis II|g__Escherichia.s__Escherichia_coli	3.3830853825
PWY-6124: inosine-5'-phosphate biosynthesis II|g__Streptococcus.s__Streptococcus_salivarius	3.3415663826
PWY-6124: inosine-5'-phosphate biosynthesis II|g__Bacteroides.s__Bacteroides_thetaiotaomicron	1.3590502446
PWY-6124: inosine-5'-phosphate biosynthesis II|g__Bacteroides.s__Bacteroides_fragilis	0.8464717630
COA-PWY-1: coenzyme A biosynthesis II (mammalian)	91.3091199826
COA-PWY-1: coenzyme A biosynthesis II (mammalian)|g__Bacteroides.s__Bacteroides_dorei	29.3397989626
COA-PWY-1: coenzyme A biosynthesis II (mammalian)|g__Bacteroides.s__Bacteroides_ovatus	8.1746683052
COA-PWY-1: coenzyme A biosynthesis II (mammalian)|g__Escherichia.s__Escherichia_coli	4.8785441587
COA-PWY-1: coenzyme A biosynthesis II (mammalian)|g__Blautia.s__Ruminococcus_torques	2.5845038148
PWY66-409: superpathway of purine nucleotide salvage	91.2411755759
PWY66-409: superpathway of purine nucleotide salvage|g__Streptococcus.s__Streptococcus_thermophilus	33.8365091544
SER-GLYSYN-PWY: superpathway of L-serine and glycine biosynthesis I	88.5721224216
SER-GLYSYN-PWY: superpathway of L-serine and glycine biosynthesis I|g__Escherichia.s__Escherichia_coli	2.5600444593
SER-GLYSYN-PWY: superpathway of L-serine and glycine biosynthesis I|g__Blautia.s__Ruminococcus_torques	1.5828478465
PWY-7184: pyrimidine deoxyribonucleotides de novo biosynthesis I	88.3927794829
PWY66-400: glycolysis VI (metazoan)	87.8053073859
DENOVOPURINE2-PWY: superpathway of purine nucleotides de novo biosynthesis II	85.9542553319
GLYCOLYSIS: glycolysis I (from glucose 6-phosphate)	85.4503924723
PWY-3001: superpathway of L-isoleucine biosynthesis I	84.7432020592
PWY-3001: superpathway of L-isoleucine biosynthesis I|g__Escherichia.s__Escherichia_coli	1.6781718648
PWY-6703: preQ0 biosynthesis	83.1713948116
PWY-6703: preQ0 biosynthesis|g__Bacteroides.s__Bacteroides_dorei	36.4083653612
PWY-6703: preQ0 biosynthesis|g__Bacteroides.s__Bacteroides_ovatus	8.0650192572
PWY-6703: preQ0 biosynthesis|g__Escherichia.s__Escherichia_coli	2.5457676174
PWY-6703: preQ0 biosynthesis|g__Lachnospiraceae_noname.s__Lachnospiraceae_bacterium_5_1_63FAA	2.5439063567
PWY-6703: preQ0 biosynthesis|g__Bacteroides.s__Bacteroides_fragilis	2.0588795883
PWY-6703: preQ0 biosynthesis|g__Blautia.s__Ruminococcus_torques	2.0263632149
NONMEVIPP-PWY: methylerythritol phosphate pathway I	82.7187377109
NONMEVIPP-PWY: methylerythritol phosphate pathway I|g__Bacteroides.s__Bacteroides_ovatus	2.7689446398
PWY-5484: glycolysis II (from fructose 6-phosphate)	82.1065255807
PWY-7220: adenosine deoxyribonucleotides de novo biosynthesis II	82.0470740367
PWY-7220: adenosine deoxyribonucleotides de novo biosynthesis II|g__Streptococcus.s__Streptococcus_thermophilus	32.1218119082
PWY-7220: adenosine deoxyribonucleotides de novo biosynthesis II|g__Bacteroides.s__Bacteroides_dorei	24.7024991876
PWY-7222: guanosine deoxyribonucleotides de novo biosynthesis II	82.0470740367
PWY-7222: guanosine deoxyribonucleotides de novo biosynthesis II|g__Streptococcus.s__Streptococcus_thermophilus	32.1218119082
PWY-7222: guanosine deoxyribonucleotides de novo biosynthesis II|g__Bacteroides.s__Bacteroides_dorei	24.7024991876
PWY4FS-7: phosphatidylglycerol biosynthesis I (plastidic)	81.7737160507
PWY4FS-7: phosphatidylglycerol biosynthesis I (plastidic)|g__Escherichia.s__Escherichia_coli	4.2205566265
PWY4FS-8: phosphatidylglycerol biosynthesis II (non-plastidic)	81.7737160507
PWY4FS-8: phosphatidylglycerol biosynthesis II (non-plastidic)|g__Escherichia.s__Escherichia_coli	4.2205566265
PWY0-1296: purine ribonucleosides degradation	81.5226550714
PWY0-1296: purine ribonucleosides degradation|g__Streptococcus.s__Streptococcus_thermophilus	26.9490380725
PWY0-1296: purine ribonucleosides degradation|g__Escherichia.s__Escherichia_coli	5.1805388810
PWY0-1296: purine ribonucleosides degradation|g__Blautia.s__Ruminococcus_torques	4.9693924882
PWY0-1296: purine ribonucleosides degradation|g__Blautia.s__Ruminococcus_gnavus	3.7782955908
PWY0-1296: purine ribonucleosides degradation|g__Dorea.s__Dorea_longicatena	1.7208975844
PWY0-1296: purine ribonucleosides degradation|g__Peptostreptococcaceae_noname.s__Clostridium_bartlettii	1.6324964377
PWY0-1296: purine ribonucleosides degradation|g__Lachnospiraceae_noname.s__Lachnospiraceae_bacterium_5_1_63FAA	1.3896005418
PWY-7187: pyrimidine deoxyribonucleotides de novo biosynthesis II	81.4447297947
PWY-6737: starch degradation V	81.2247586952
PWY-6737: starch degradation V|g__Lachnospiraceae_noname.s__Lachnospiraceae_bacterium_5_1_63FAA	5.8068522848
PWY-6737: starch degradation V|g__Dorea.s__Dorea_longicatena	1.6916332540
PWY-6737: starch degradation V|g__Blautia.s__Ruminococcus_torques	1.4914845133
PWY-6737: starch degradation V|g__Blautia.s__Ruminococcus_gnavus	1.1709604305
PWY-5667: CDP-diacylglycerol biosynthesis I	80.7219477712
PWY-5667: CDP-diacylglycerol biosynthesis I|g__Bacteroides.s__Bacteroides_ovatus	9.0426988141
PWY-5667: CDP-diacylglycerol biosynthesis I|g__Escherichia.s__Escherichia_coli	5.9274812971
PWY-5667: CDP-diacylglycerol biosynthesis I|g__Blautia.s__Ruminococcus_gnavus	1.8459716656
PWY-5667: CDP-diacylglycerol biosynthesis I|g__Eubacterium.s__Eubacterium_rectale	1.6596597885
PWY-5667: CDP-diacylglycerol biosynthesis I|g__Parabacteroides.s__Parabacteroides_distasonis	1.6069119098
PWY0-1319: CDP-diacylglycerol biosynthesis II	80.7219477712
PWY0-1319: CDP-diacylglycerol biosynthesis II|g__Bacteroides.s__Bacteroides_ovatus	9.0426988141
PWY0-1319: CDP-diacylglycerol biosynthesis II|g__Escherichia.s__Escherichia_coli	5.9274812971
PWY0-1319: CDP-diacylglycerol biosynthesis II|g__Blautia.s__Ruminococcus_gnavus	1.8459716656
PWY0-1319: CDP-diacylglycerol biosynthesis II|g__Eubacterium.s__Eubacterium_rectale	1.6596597885
PWY0-1319: CDP-diacylglycerol biosynthesis II|g__Parabacteroides.s__Parabacteroides_distasonis	1.6069119098
PANTO-PWY: phosphopantothenate biosynthesis I	80.5361604025
PANTO-PWY: phosphopantothenate biosynthesis I|g__Bacteroides.s__Bacteroides_dorei	36.9293478806
PANTO-PWY: phosphopantothenate biosynthesis I|g__Bacteroides.s__Bacteroides_ovatus	5.6935038386
PANTO-PWY: phosphopantothenate biosynthesis I|g__Lachnospiraceae_noname.s__Lachnospiraceae_bacterium_5_1_63FAA	3.8728301935
PANTO-PWY: phosphopantothenate biosynthesis I|g__Blautia.s__Ruminococcus_torques	3.3486877006
PANTO-PWY: phosphopantothenate biosynthesis I|g__Escherichia.s__Escherichia_coli	2.2981684773
PANTO-PWY: phosphopantothenate biosynthesis I|g__Dorea.s__Dorea_longicatena	1.8250979163
PANTO-PWY: phosphopantothenate biosynthesis I|g__Parabacteroides.s__Parabacteroides_distasonis	1.7256272159
PWY-7197: pyrimidine deoxyribonucleotide phosphorylation	80.1990777954
PWY-7197: pyrimidine deoxyribonucleotide phosphorylation|g__Streptococcus.s__Streptococcus_thermophilus	43.4913136095
UDPNAGSYN-PWY: UDP-N-acetyl-D-glucosamine biosynthesis I	80.0528459435
UDPNAGSYN-PWY: UDP-N-acetyl-D-glucosamine biosynthesis I|g__Streptococcus.s__Streptococcus_thermophilus	44.8677321477
UDPNAGSYN-PWY: UDP-N-acetyl-D-glucosamine biosynthesis I|g__Bifidobacterium.s__Bifidobacterium_animalis	24.1195037592
UDPNAGSYN-PWY: UDP-N-acetyl-D-glucosamine biosynthesis I|g__Escherichia.s__Escherichia_coli	3.4278650097
UDPNAGSYN-PWY: UDP-N-acetyl-D-glucosamine biosynthesis I|g__Streptococcus.s__Streptococcus_salivarius	2.0261281940
PWY-6471: peptidoglycan biosynthesis IV (Enterococcus faecium)	77.9585825156
PWY-2941: L-lysine biosynthesis II	77.8052972328
PWY-6317: galactose degradation I (Leloir pathway)	76.6878351854
PWY-6317: galactose degradation I (Leloir pathway)|g__Streptococcus.s__Streptococcus_thermophilus	34.7475009562
PWY-6317: galactose degradation I (Leloir pathway)|g__Lachnospiraceae_noname.s__Lachnospiraceae_bacterium_5_1_63FAA	3.0519803107
PWY-6317: galactose degradation I (Leloir pathway)|g__Blautia.s__Ruminococcus_torques	1.5832828966
PWY66-422: D-galactose degradation V (Leloir pathway)	76.6878351854
PWY66-422: D-galactose degradation V (Leloir pathway)|g__Streptococcus.s__Streptococcus_thermophilus	34.7475009562
PWY66-422: D-galactose degradation V (Leloir pathway)|g__Lachnospiraceae_noname.s__Lachnospiraceae_bacterium_5_1_63FAA	3.8273414559
PWY66-422: D-galactose degradation V (Leloir pathway)|g__Blautia.s__Ruminococcus_torques	1.5832828966
PWY66-422: D-galactose degradation V (Leloir pathway)|g__Escherichia.s__Escherichia_coli	1.3738805246
ARGSYNBSUB-PWY: L-arginine biosynthesis II (acetyl cycle)	74.1744433168
PWY-5347: superpathway of L-methionine biosynthesis (transsulfuration)	73.6331920172
PWY-5347: superpathway of L-methionine biosynthesis (transsulfuration)|g__Blautia.s__Ruminococcus_torques	2.9572026630
PWY-5347: superpathway of L-methionine biosynthesis (transsulfuration)|g__Escherichia.s__Escherichia_coli	2.0024016397
THRESYN-PWY: superpathway of L-threonine biosynthesis	73.3755586521
THRESYN-PWY: superpathway of L-threonine biosynthesis|g__Bifidobacterium.s__Bifidobacterium_animalis	32.0482374239
THRESYN-PWY: superpathway of L-threonine biosynthesis|g__Escherichia.s__Escherichia_coli	5.2009081560
THRESYN-PWY: superpathway of L-threonine biosynthesis|g__Blautia.s__Ruminococcus_torques	3.0871537747
PWY-6270: isoprene biosynthesis I	72.8061891873
MET-SAM-PWY: superpathway of S-adenosyl-L-methionine biosynthesis	72.5907252596
MET-SAM-PWY: superpathway of S-adenosyl-L-methionine biosynthesis|g__Blautia.s__Ruminococcus_torques	3.4901172293
MET-SAM-PWY: superpathway of S-adenosyl-L-methionine biosynthesis|g__Escherichia.s__Escherichia_coli	1.4699345261
PWY-6936: seleno-amino acid biosynthesis	72.0925229634
PWY-6936: seleno-amino acid biosynthesis|g__Escherichia.s__Escherichia_coli	7.9815430435
PWY-6936: seleno-amino acid biosynthesis|g__Lactococcus.s__Lactococcus_lactis	0.7468960357
FASYN-INITIAL-PWY: superpathway of fatty acid biosynthesis initiation (E. coli)	71.9953665518
PWY-724: superpathway of L-lysine, L-threonine and L-methionine biosynthesis II	71.9737950776
PWY-7560: methylerythritol phosphate pathway II	71.6843219159
PWY-5973: cis-vaccenate biosynthesis	69.4289702131
PWY-5973: cis-vaccenate biosynthesis|g__Blautia.s__Ruminococcus_torques	3.3059611196
PYRIDNUCSAL-PWY: NAD salvage pathway I	69.0657052531
PWY-7234: inosine-5'-phosphate biosynthesis III	68.8352717375
PWY-6527: stachyose degradation	68.7809265857
PWY-6527: stachyose degradation|g__Escherichia.s__Escherichia_coli	1.5819203334
PWY-7400: L-arginine biosynthesis IV (archaebacteria)	68.7224873567
PWY-7400: L-arginine biosynthesis IV (archaebacteria)|g__Blautia.s__Ruminococcus_torques	2.8353917101
ARGSYN-PWY: L-arginine biosynthesis I (via L-ornithine)	68.3861059160
ARGSYN-PWY: L-arginine biosynthesis I (via L-ornithine)|g__Blautia.s__Ruminococcus_torques	2.7855953760
OANTIGEN-PWY: O-antigen building blocks biosynthesis (E. coli)	68.3489737060
OANTIGEN-PWY: O-antigen building blocks biosynthesis (E. coli)|g__Bifidobacterium.s__Bifidobacterium_animalis	24.8304067315
PWY-7663: gondoate biosynthesis (anaerobic)	67.9897490284
PWY-7663: gondoate biosynthesis (anaerobic)|g__Bacteroides.s__Bacteroides_ovatus	10.7430563416
PWY-7663: gondoate biosynthesis (anaerobic)|g__Escherichia.s__Escherichia_coli	3.3761540432
METSYN-PWY: L-homoserine and L-methionine biosynthesis	67.0231770866
METSYN-PWY: L-homoserine and L-methionine biosynthesis|g__Blautia.s__Ruminococcus_torques	3.3019612424
METSYN-PWY: L-homoserine and L-methionine biosynthesis|g__Escherichia.s__Escherichia_coli	1.7547105802
DTDPRHAMSYN-PWY: dTDP-L-rhamnose biosynthesis I	66.2766806065
DTDPRHAMSYN-PWY: dTDP-L-rhamnose biosynthesis I|g__Bifidobacterium.s__Bifidobacterium_animalis	25.1255996278
DTDPRHAMSYN-PWY: dTDP-L-rhamnose biosynthesis I|g__Bacteroides.s__Bacteroides_ovatus	16.3286065057
DTDPRHAMSYN-PWY: dTDP-L-rhamnose biosynthesis I|g__Blautia.s__Ruminococcus_torques	1.7155152813
DTDPRHAMSYN-PWY: dTDP-L-rhamnose biosynthesis I|g__Eubacterium.s__Eubacterium_rectale	1.3573388207
DTDPRHAMSYN-PWY: dTDP-L-rhamnose biosynthesis I|g__Lactococcus.s__Lactococcus_lactis	1.1318619128
FASYN-ELONG-PWY: fatty acid elongation -- saturated	65.9063312007
FASYN-ELONG-PWY: fatty acid elongation -- saturated|g__Escherichia.s__Escherichia_coli	2.6062366175
PWY-5971: palmitate biosynthesis II (bacteria and plants)	64.1642732020
PWY-7199: pyrimidine deoxyribonucleosides salvage	64.1459737227
PWY-7199: pyrimidine deoxyribonucleosides salvage|g__Streptococcus.s__Streptococcus_thermophilus	39.2876105182
PWY-7199: pyrimidine deoxyribonucleosides salvage|g__Escherichia.s__Escherichia_coli	3.0375835892
GLUTORN-PWY: L-ornithine biosynthesis	62.4376508432
GLUTORN-PWY: L-ornithine biosynthesis|g__Blautia.s__Ruminococcus_torques	2.3355900890
GLUTORN-PWY: L-ornithine biosynthesis|g__Lactococcus.s__Lactococcus_lactis	1.0256410256
PWYG-321: mycolate biosynthesis	62.4308586503
PHOSLIPSYN-PWY: superpathway of phospholipid biosynthesis I (bacteria)	62.4160717741
PHOSLIPSYN-PWY: superpathway of phospholipid biosynthesis I (bacteria)|g__Escherichia.s__Escherichia_coli	5.2445301752
PWY-6282: palmitoleate biosynthesis I (from (5Z)-dodec-5-enoate)	62.1938609974
PWY-6282: palmitoleate biosynthesis I (from (5Z)-dodec-5-enoate)|g__Escherichia.s__Escherichia_coli	2.3649606633
PWY-7664: oleate biosynthesis IV (anaerobic)	61.2087586195
PWY-7664: oleate biosynthesis IV (anaerobic)|g__Escherichia.s__Escherichia_coli	2.4448425238
PWY-7388: octanoyl-[acyl-carrier protein] biosynthesis (mitochondria, yeast)	61.0886214447
PWY-5989: stearate biosynthesis II (bacteria and plants)	60.9363877015
PWY-5989: stearate biosynthesis II (bacteria and plants)|g__Escherichia.s__Escherichia_coli	1.8630687951
HOMOSER-METSYN-PWY: L-methionine biosynthesis I	60.4415393420
HOMOSER-METSYN-PWY: L-methionine biosynthesis I|g__Escherichia.s__Escherichia_coli	4.7609666622
HOMOSER-METSYN-PWY: L-methionine biosynthesis I|g__Blautia.s__Ruminococcus_torques	2.4792820647
HOMOSER-METSYN-PWY: L-methionine biosynthesis I|g__Lachnospiraceae_noname.s__Lachnospiraceae_bacterium_5_1_63FAA	1.9021805421
HOMOSER-METSYN-PWY: L-methionine biosynthesis I|g__Lactococcus.s__Lactococcus_lactis	0.7824525118
DAPLYSINESYN-PWY: L-lysine biosynthesis I	59.7137027038
DAPLYSINESYN-PWY: L-lysine biosynthesis I|g__Bifidobacterium.s__Bifidobacterium_animalis	27.5546143000
ANAEROFRUCAT-PWY: homolactic fermentation	59.6731657593
PWY-6897: thiamin salvage II	58.8911000500
PWY-6897: thiamin salvage II|g__Bifidobacterium.s__Bifidobacterium_animalis	24.5189773818
PWY-6897: thiamin salvage II|g__Escherichia.s__Escherichia_coli	2.4514163526
PANTOSYN-PWY: pantothenate and coenzyme A biosynthesis I	56.8537881797
PANTOSYN-PWY: pantothenate and coenzyme A biosynthesis I|g__Bacteroides.s__Bacteroides_ovatus	7.3724299607
PANTOSYN-PWY: pantothenate and coenzyme A biosynthesis I|g__Escherichia.s__Escherichia_coli	2.5657465251
THISYNARA-PWY: superpathway of thiamin diphosphate biosynthesis III (eukaryotes)	56.1620115442
THISYNARA-PWY: superpathway of thiamin diphosphate biosynthesis III (eukaryotes)|g__Bacteroides.s__Bacteroides_ovatus	12.2035065143
THISYNARA-PWY: superpathway of thiamin diphosphate biosynthesis III (eukaryotes)|g__Blautia.s__Ruminococcus_torques	2.3576983029
PWY-7357: thiamin formation from pyrithiamine and oxythiamine (yeast)	55.9010819660
PWY-7357: thiamin formation from pyrithiamine and oxythiamine (yeast)|g__Bifidobacterium.s__Bifidobacterium_animalis	27.7466941165
PWY-7357: thiamin formation from pyrithiamine and oxythiamine (yeast)|g__Escherichia.s__Escherichia_coli	6.1891236417
PWY-7357: thiamin formation from pyrithiamine and oxythiamine (yeast)|g__Blautia.s__Ruminococcus_torques	2.6401941059
PWY0-862: (5Z)-dodec-5-enoate biosynthesis	55.8966060687
PWY0-862: (5Z)-dodec-5-enoate biosynthesis|g__Escherichia.s__Escherichia_coli	2.2583728640
CALVIN-PWY: Calvin-Benson-Bassham cycle	55.5495019544
CALVIN-PWY: Calvin-Benson-Bassham cycle|g__Lachnospiraceae_noname.s__Lachnospiraceae_bacterium_5_1_63FAA	2.1528146501
PWY0-1297: superpathway of purine deoxyribonucleosides degradation	53.0856212903
PWY0-1297: superpathway of purine deoxyribonucleosides degradation|g__Escherichia.s__Escherichia_coli	5.2880951195
PWY0-1297: superpathway of purine deoxyribonucleosides degradation|g__Blautia.s__Ruminococcus_torques	1.9977114872
PWY-6113: superpathway of mycolate biosynthesis	52.6536757332
TRPSYN-PWY: L-tryptophan biosynthesis	52.1383118433
TRPSYN-PWY: L-tryptophan biosynthesis|g__Escherichia.s__Escherichia_coli	4.0662143670
TRPSYN-PWY: L-tryptophan biosynthesis|g__Blautia.s__Ruminococcus_torques	2.1438844716
PWY-5121: superpathway of geranylgeranyl diphosphate biosynthesis II (via MEP)	51.7437103149
PWY-5100: pyruvate fermentation to acetate and lactate II	49.6293933542
PWY-5100: pyruvate fermentation to acetate and lactate II|g__Bifidobacterium.s__Bifidobacterium_animalis	21.8447079547
PWY-5100: pyruvate fermentation to acetate and lactate II|g__Streptococcus.s__Streptococcus_thermophilus	14.6744126204
PWY-5100: pyruvate fermentation to acetate and lactate II|g__Blautia.s__Ruminococcus_torques	1.6573339207
PWY-5100: pyruvate fermentation to acetate and lactate II|g__Lachnospiraceae_noname.s__Lachnospiraceae_bacterium_5_1_63FAA	1.2279719640
PWY-5100: pyruvate fermentation to acetate and lactate II|g__Lactococcus.s__Lactococcus_lactis	1.2274373750
PWY-7282: 4-amino-2-methyl-5-phosphomethylpyrimidine biosynthesis (yeast)	47.6132938780
PWY-7282: 4-amino-2-methyl-5-phosphomethylpyrimidine biosynthesis (yeast)|g__Bacteroides.s__Bacteroides_ovatus	5.9478042923
PWY-7282: 4-amino-2-methyl-5-phosphomethylpyrimidine biosynthesis (yeast)|g__Bacteroides.s__Bacteroides_fragilis	1.4269017377
HISTSYN-PWY: L-histidine biosynthesis	46.6766813035
HISTSYN-PWY: L-histidine biosynthesis|g__Bifidobacterium.s__Bifidobacterium_animalis	20.7654107232
HISTSYN-PWY: L-histidine biosynthesis|g__Escherichia.s__Escherichia_coli	1.5480006555
COA-PWY: coenzyme A biosynthesis I	46.6285127961
COA-PWY: coenzyme A biosynthesis I|g__Bacteroides.s__Bacteroides_ovatus	9.0579909394
COA-PWY: coenzyme A biosynthesis I|g__Escherichia.s__Escherichia_coli	4.4509498586
COA-PWY: coenzyme A biosynthesis I|g__Blautia.s__Ruminococcus_torques	2.9486859824
PWY-6628: superpathway of L-phenylalanine biosynthesis	45.9602102640
PWY-6628: superpathway of L-phenylalanine biosynthesis|g__Escherichia.s__Escherichia_coli	4.2327360175
PWY-7392: taxadiene biosynthesis (engineered)	45.2324929909
PYRIDNUCSYN-PWY: NAD biosynthesis I (from aspartate)	44.9608851319
PYRIDNUCSYN-PWY: NAD biosynthesis I (from aspartate)|g__Lachnospiraceae_noname.s__Lachnospiraceae_bacterium_5_1_63FAA	2.7730210535
PYRIDNUCSYN-PWY: NAD biosynthesis I (from aspartate)|g__Escherichia.s__Escherichia_coli	1.8199340736
THISYN-PWY: superpathway of thiamin diphosphate biosynthesis I	43.9025217089
PWY-5659: GDP-mannose biosynthesis	43.0260357718
PWY-5659: GDP-mannose biosynthesis|g__Bifidobacterium.s__Bifidobacterium_animalis	19.1552599049
PWY-5659: GDP-mannose biosynthesis|g__Bacteroides.s__Bacteroides_ovatus	11.0800744779
PWY-5659: GDP-mannose biosynthesis|g__Lachnospiraceae_noname.s__Lachnospiraceae_bacterium_5_1_63FAA	3.8366509049
PWY-5659: GDP-mannose biosynthesis|g__Escherichia.s__Escherichia_coli	2.6293138148
ASPASN-PWY: superpathway of L-aspartate and L-asparagine biosynthesis	42.4418043690
ASPASN-PWY: superpathway of L-aspartate and L-asparagine biosynthesis|g__Escherichia.s__Escherichia_coli	9.5438837790
ASPASN-PWY: superpathway of L-aspartate and L-asparagine biosynthesis|g__Bacteroides.s__Bacteroides_ovatus	5.7304028829
PWY0-1586: peptidoglycan maturation (meso-diaminopimelate containing)	41.8673111419
PWY0-1586: peptidoglycan maturation (meso-diaminopimelate containing)|g__Escherichia.s__Escherichia_coli	13.0021912926
PWY-6630: superpathway of L-tyrosine biosynthesis	41.0677351418
PWY-6630: superpathway of L-tyrosine biosynthesis|g__Escherichia.s__Escherichia_coli	3.0983789755
PWY-6168: flavin biosynthesis III (fungi)	41.0650835678
PWY-6168: flavin biosynthesis III (fungi)|g__Escherichia.s__Escherichia_coli	4.9195045857
PWY-6168: flavin biosynthesis III (fungi)|g__Bacteroides.s__Bacteroides_thetaiotaomicron	1.4852550576
PWY-7196: superpathway of pyrimidine ribonucleosides salvage	40.9654682974
BIOTIN-BIOSYNTHESIS-PWY: biotin biosynthesis I	40.0349709200
BIOTIN-BIOSYNTHESIS-PWY: biotin biosynthesis I|g__Escherichia.s__Escherichia_coli	3.1177660576
FOLSYN-PWY: superpathway of tetrahydrofolate biosynthesis and salvage	38.7927129486
PWY-6519: 8-amino-7-oxononanoate biosynthesis I	37.7565905003
PWY-6519: 8-amino-7-oxononanoate biosynthesis I|g__Escherichia.s__Escherichia_coli	3.0617525371
HEXITOLDEGSUPER-PWY: superpathway of hexitol degradation (bacteria)	36.9699480044
RHAMCAT-PWY: L-rhamnose degradation I	36.9468374460
RHAMCAT-PWY: L-rhamnose degradation I|g__Bacteroides.s__Bacteroides_ovatus	6.8045711273
RHAMCAT-PWY: L-rhamnose degradation I|g__Escherichia.s__Escherichia_coli	4.1870822191
RHAMCAT-PWY: L-rhamnose degradation I|g__Blautia.s__Ruminococcus_torques	2.6540555608
RHAMCAT-PWY: L-rhamnose degradation I|g__Bacteroides.s__Bacteroides_thetaiotaomicron	0.8483563097
PWY0-162: superpathway of pyrimidine ribonucleotides de novo biosynthesis	35.5042234558
COLANSYN-PWY: colanic acid building blocks biosynthesis	32.4233754666
COLANSYN-PWY: colanic acid building blocks biosynthesis|g__Escherichia.s__Escherichia_coli	1.8037142096
PWY-6859: all-trans-farnesol biosynthesis	32.1675024865
PWY-6859: all-trans-farnesol biosynthesis|g__Escherichia.s__Escherichia_coli	5.1006961882
PWY-7456: mannan degradation	31.9571812694
PWY-4242: pantothenate and coenzyme A biosynthesis III	30.5021043854
PWY-4242: pantothenate and coenzyme A biosynthesis III|g__Bacteroides.s__Bacteroides_ovatus	5.1825596740
PWY-4242: pantothenate and coenzyme A biosynthesis III|g__Escherichia.s__Escherichia_coli	4.4123292419
RIBOSYN2-PWY: flavin biosynthesis I (bacteria and plants)	30.2762289565
RIBOSYN2-PWY: flavin biosynthesis I (bacteria and plants)|g__Escherichia.s__Escherichia_coli	5.0758511584
NONOXIPENT-PWY: pentose phosphate pathway (non-oxidative branch)	29.9620419712
NONOXIPENT-PWY: pentose phosphate pathway (non-oxidative branch)|g__Blautia.s__Ruminococcus_torques	6.9925226107
NONOXIPENT-PWY: pentose phosphate pathway (non-oxidative branch)|g__Lachnospiraceae_noname.s__Lachnospiraceae_bacterium_5_1_63FAA	4.2997520544
NONOXIPENT-PWY: pentose phosphate pathway (non-oxidative branch)|g__Blautia.s__Ruminococcus_gnavus	1.2953367876
ENTBACSYN-PWY: enterobactin biosynthesis	29.6820386792
ENTBACSYN-PWY: enterobactin biosynthesis|g__Escherichia.s__Escherichia_coli	8.2789348211
PWY0-845: superpathway of pyridoxal 5'-phosphate biosynthesis and salvage	29.4851740310
PWY0-845: superpathway of pyridoxal 5'-phosphate biosynthesis and salvage|g__Bacteroides.s__Bacteroides_ovatus	6.0300300366
PWY-6612: superpathway of tetrahydrofolate biosynthesis	29.2259726762
PWY-6612: superpathway of tetrahydrofolate biosynthesis|g__Escherichia.s__Escherichia_coli	2.9929180614
PWY-5154: L-arginine biosynthesis III (via N-acetyl-L-citrulline)	27.6305355755
PWY-5384: sucrose degradation IV (sucrose phosphorylase)	27.5431258636
PWY-5384: sucrose degradation IV (sucrose phosphorylase)|g__Escherichia.s__Escherichia_coli	3.5034623377
PWY-6901: superpathway of glucose and xylose degradation	27.1320284676
PWY-7323: superpathway of GDP-mannose-derived O-antigen building blocks biosynthesis	27.1156481667
PWY-7323: superpathway of GDP-mannose-derived O-antigen building blocks biosynthesis|g__Bacteroides.s__Bacteroides_ovatus	7.4264717631
PWY-7323: superpathway of GDP-mannose-derived O-antigen building blocks biosynthesis|g__Escherichia.s__Escherichia_coli	1.5246486834
PWY-6284: superpathway of unsaturated fatty acids biosynthesis (E. coli)	27.1110437460
PWY-6353: purine nucleotides degradation II (aerobic)	26.5088942821
PWY-6353: purine nucleotides degradation II (aerobic)|g__Escherichia.s__Escherichia_coli	5.5295726682
PWY-841: superpathway of purine nucleotides de novo biosynthesis I	26.1626288605
P441-PWY: superpathway of N-acetylneuraminate degradation	25.5962666509
P461-PWY: hexitol fermentation to lactate, formate, ethanol and acetate	25.2181161023
P461-PWY: hexitol fermentation to lactate, formate, ethanol and acetate|g__Escherichia.s__Escherichia_coli	5.5459501174
P461-PWY: hexitol fermentation to lactate, formate, ethanol and acetate|g__Lachnospiraceae_noname.s__Lachnospiraceae_bacterium_5_1_63FAA	4.6945197450
PWY-621: sucrose degradation III (sucrose invertase)	25.1161594334
PWY-621: sucrose degradation III (sucrose invertase)|g__Blautia.s__Ruminococcus_torques	11.9961680737
PWY-621: sucrose degradation III (sucrose invertase)|g__Lachnospiraceae_noname.s__Lachnospiraceae_bacterium_5_1_63FAA	3.2370416595
PWY-621: sucrose degradation III (sucrose invertase)|g__Eubacterium.s__Eubacterium_rectale	2.2021244625
PWY-621: sucrose degradation III (sucrose invertase)|g__Escherichia.s__Escherichia_coli	1.1315417256
PWY-5897: superpathway of menaquinol-11 biosynthesis	24.4634527999
PWY-5897: superpathway of menaquinol-11 biosynthesis|g__Escherichia.s__Escherichia_coli	2.2386823392
PWY-5898: superpathway of menaquinol-12 biosynthesis	24.4634527999
PWY-5898: superpathway of menaquinol-12 biosynthesis|g__Escherichia.s__Escherichia_coli	2.2386823392
PWY-5899: superpathway of menaquinol-13 biosynthesis	24.4634527999
PWY-5899: superpathway of menaquinol-13 biosynthesis|g__Escherichia.s__Escherichia_coli	2.2386823392
PYRIDOXSYN-PWY: pyridoxal 5'-phosphate biosynthesis I	24.0140353191
PYRIDOXSYN-PWY: pyridoxal 5'-phosphate biosynthesis I|g__Bacteroides.s__Bacteroides_ovatus	7.2058343411
ARGININE-SYN4-PWY: L-ornithine de novo  biosynthesis	23.4061649282
ARGININE-SYN4-PWY: L-ornithine de novo  biosynthesis|g__Bacteroides.s__Bacteroides_ovatus	7.7819967445
PRPP-PWY: superpathway of histidine, purine, and pyrimidine biosynthesis	23.0468715072
SULFATE-CYS-PWY: superpathway of sulfate assimilation and cysteine biosynthesis	21.6672082348
SULFATE-CYS-PWY: superpathway of sulfate assimilation and cysteine biosynthesis|g__Escherichia.s__Escherichia_coli	3.7114483550
GLYCOGENSYNTH-PWY: glycogen biosynthesis I (from ADP-D-Glucose)	21.6476700136
GLYCOGENSYNTH-PWY: glycogen biosynthesis I (from ADP-D-Glucose)|g__Escherichia.s__Escherichia_coli	3.7908604528
GLYCOGENSYNTH-PWY: glycogen biosynthesis I (from ADP-D-Glucose)|g__Lachnospiraceae_noname.s__Lachnospiraceae_bacterium_5_1_63FAA	3.6691099453
GLYCOGENSYNTH-PWY: glycogen biosynthesis I (from ADP-D-Glucose)|g__Eubacterium.s__Eubacterium_rectale	0.8959857390
NAD-BIOSYNTHESIS-II: NAD salvage pathway II	19.9993168570
NAD-BIOSYNTHESIS-II: NAD salvage pathway II|g__Escherichia.s__Escherichia_coli	8.4057426120
PWY0-1061: superpathway of L-alanine biosynthesis	19.8661751260
PWY0-1061: superpathway of L-alanine biosynthesis|g__Escherichia.s__Escherichia_coli	5.2690830589
GLCMANNANAUT-PWY: superpathway of N-acetylglucosamine, N-acetylmannosamine and N-acetylneuraminate degradation	19.5926100177
GLCMANNANAUT-PWY: superpathway of N-acetylglucosamine, N-acetylmannosamine and N-acetylneuraminate degradation|g__Escherichia.s__Escherichia_coli	4.6482621140
GLCMANNANAUT-PWY: superpathway of N-acetylglucosamine, N-acetylmannosamine and N-acetylneuraminate degradation|g__Blautia.s__Ruminococcus_torques	3.2996955333
SALVADEHYPOX-PWY: adenosine nucleotides degradation II	19.0422257741
SALVADEHYPOX-PWY: adenosine nucleotides degradation II|g__Escherichia.s__Escherichia_coli	5.1987393880
SALVADEHYPOX-PWY: adenosine nucleotides degradation II|g__Blautia.s__Ruminococcus_torques	2.1408858032
PWY-5840: superpathway of menaquinol-7 biosynthesis	18.3231149521
P4-PWY: superpathway of L-lysine, L-threonine and L-methionine biosynthesis I	18.1303261347
PWY-7328: superpathway of UDP-glucose-derived O-antigen building blocks biosynthesis	17.6193388585
PWY-1269: CMP-3-deoxy-D-manno-octulosonate biosynthesis I	17.1819758658
PWY-1269: CMP-3-deoxy-D-manno-octulosonate biosynthesis I|g__Escherichia.s__Escherichia_coli	9.0136069499
PWY-1269: CMP-3-deoxy-D-manno-octulosonate biosynthesis I|g__Bacteroides.s__Bacteroides_ovatus	5.9977845399
PWY-6608: guanosine nucleotides degradation III	16.9266297634
PWY-6608: guanosine nucleotides degradation III|g__Escherichia.s__Escherichia_coli	4.6244800386
PWY-6608: guanosine nucleotides degradation III|g__Blautia.s__Ruminococcus_torques	4.2325403346
PWY-6892: thiazole biosynthesis I (E. coli)	16.6578946516
GLYCOLYSIS-E-D: superpathway of glycolysis and Entner-Doudoroff	16.6371618327
PENTOSE-P-PWY: pentose phosphate pathway	16.3307674528
FUC-RHAMCAT-PWY: superpathway of fucose and rhamnose degradation	16.2455903356
FUC-RHAMCAT-PWY: superpathway of fucose and rhamnose degradation|g__Escherichia.s__Escherichia_coli	4.5821952582
PWY-6147: 6-hydroxymethyl-dihydropterin diphosphate biosynthesis I	16.0445825179
PWY-6147: 6-hydroxymethyl-dihydropterin diphosphate biosynthesis I|g__Bacteroides.s__Bacteroides_ovatus	8.6321058529
PWY-6147: 6-hydroxymethyl-dihydropterin diphosphate biosynthesis I|g__Escherichia.s__Escherichia_coli	3.2120536841
PWY-7539: 6-hydroxymethyl-dihydropterin diphosphate biosynthesis III (Chlamydia)	15.7631282064
PWY-7539: 6-hydroxymethyl-dihydropterin diphosphate biosynthesis III (Chlamydia)|g__Bacteroides.s__Bacteroides_ovatus	8.2253447945
PWY-7539: 6-hydroxymethyl-dihydropterin diphosphate biosynthesis III (Chlamydia)|g__Escherichia.s__Escherichia_coli	3.2143230901
PWY0-1261: anhydromuropeptides recycling	15.5713903095
PWY0-1261: anhydromuropeptides recycling|g__Escherichia.s__Escherichia_coli	5.2564436668
POLYISOPRENSYN-PWY: polyisoprenoid biosynthesis (E. coli)	15.5383326203
POLYISOPRENSYN-PWY: polyisoprenoid biosynthesis (E. coli)|g__Escherichia.s__Escherichia_coli	5.3676824658
GLUCOSE1PMETAB-PWY: glucose and glucose-1-phosphate degradation	15.2728473128
GLUCOSE1PMETAB-PWY: glucose and glucose-1-phosphate degradation|g__Escherichia.s__Escherichia_coli	4.0255913494
PWY-7211: superpathway of pyrimidine deoxyribonucleotides de novo biosynthesis	15.1994045055
TCA: TCA cycle I (prokaryotic)	15.1014851263
TCA: TCA cycle I (prokaryotic)|g__Escherichia.s__Escherichia_coli	5.7381134332
PWY-2723: trehalose degradation V	15.0074109650
PWY-6595: superpathway of guanosine nucleotides degradation (plants)	14.7787699916
PWY-5838: superpathway of menaquinol-8 biosynthesis I	14.7597100635
PWY-5838: superpathway of menaquinol-8 biosynthesis I|g__Escherichia.s__Escherichia_coli	2.2044243492
PWY0-781: aspartate superpathway	14.4449007588
GLUCUROCAT-PWY: superpathway of &beta;-D-glucuronide and D-glucuronate degradation	14.4424666743
GLUCUROCAT-PWY: superpathway of &beta;-D-glucuronide and D-glucuronate degradation|g__Escherichia.s__Escherichia_coli	4.9855847948
PWY-5083: NAD/NADH phosphorylation and dephosphorylation	14.3036415567
GALACT-GLUCUROCAT-PWY: superpathway of hexuronide and hexuronate degradation	14.1976551570
GALACT-GLUCUROCAT-PWY: superpathway of hexuronide and hexuronate degradation|g__Escherichia.s__Escherichia_coli	4.8114231755
PWY-6606: guanosine nucleotides degradation II	14.1466649626
PWY-6895: superpathway of thiamin diphosphate biosynthesis II	14.0778021613
GLYCOLYSIS-TCA-GLYOX-BYPASS: superpathway of glycolysis, pyruvate dehydrogenase, TCA, and glyoxylate bypass	13.8474044130
FUCCAT-PWY: fucose degradation	13.6970624999
FUCCAT-PWY: fucose degradation|g__Escherichia.s__Escherichia_coli	6.6784536610
SO4ASSIM-PWY: sulfate reduction I (assimilatory)	13.5880560710
SO4ASSIM-PWY: sulfate reduction I (assimilatory)|g__Escherichia.s__Escherichia_coli	5.1092671027
ARG+POLYAMINE-SYN: superpathway of arginine and polyamine biosynthesis	13.3423567372
HEMESYN2-PWY: heme biosynthesis II (anaerobic)	12.9016946995
HEMESYN2-PWY: heme biosynthesis II (anaerobic)|g__Escherichia.s__Escherichia_coli	5.6893536245
PWY-7242: D-fructuronate degradation	12.7356490235
PWY-7242: D-fructuronate degradation|g__Escherichia.s__Escherichia_coli	6.3468747389
PWY-7242: D-fructuronate degradation|g__Lactococcus.s__Lactococcus_lactis	1.1622958501
PWY-7204: pyridoxal 5'-phosphate salvage II (plants)	12.3937125135
HEME-BIOSYNTHESIS-II: heme biosynthesis I (aerobic)	12.2821332182
PWY-6545: pyrimidine deoxyribonucleotides de novo biosynthesis III	11.8067564213
PWY-5367: petroselinate biosynthesis	11.8016702533
PWY-5367: petroselinate biosynthesis|g__Blautia.s__Ruminococcus_torques	2.7760184446
PWY-5367: petroselinate biosynthesis|g__Eubacterium.s__Eubacterium_rectale	1.3333333333
PPGPPMET-PWY: ppGpp biosynthesis	11.6376979614
COBALSYN-PWY: adenosylcobalamin salvage from cobinamide I	11.0580151467
COBALSYN-PWY: adenosylcobalamin salvage from cobinamide I|g__Escherichia.s__Escherichia_coli	3.3048176146
PWY-5863: superpathway of phylloquinol biosynthesis	11.0421258645
PWY-5861: superpathway of demethylmenaquinol-8 biosynthesis	10.6570328284
PWY-5861: superpathway of demethylmenaquinol-8 biosynthesis|g__Escherichia.s__Escherichia_coli	1.6814347131
PWY0-1298: superpathway of pyrimidine deoxyribonucleosides degradation	10.6384670826
PWY-6969: TCA cycle V (2-oxoglutarate:ferredoxin oxidoreductase)	10.5930590639
PWY-6969: TCA cycle V (2-oxoglutarate:ferredoxin oxidoreductase)|g__Escherichia.s__Escherichia_coli	5.4982773244
GALACTUROCAT-PWY: D-galacturonate degradation I	10.5641370242
GALACTUROCAT-PWY: D-galacturonate degradation I|g__Escherichia.s__Escherichia_coli	4.8266248898
PWY-5723: Rubisco shunt	10.5142282374
PWY-5791: 1,4-dihydroxy-2-naphthoate biosynthesis II (plants)	10.2987015422
PWY-5791: 1,4-dihydroxy-2-naphthoate biosynthesis II (plants)|g__Escherichia.s__Escherichia_coli	4.9655348601
PWY-5837: 1,4-dihydroxy-2-naphthoate biosynthesis I	10.2987015422
PWY-5837: 1,4-dihydroxy-2-naphthoate biosynthesis I|g__Escherichia.s__Escherichia_coli	4.9655348601
PWY-5505: L-glutamate and L-glutamine biosynthesis	10.1994595279
PWY0-1415: superpathway of heme biosynthesis from uroporphyrinogen-III	9.5715588225
PWY-7315: dTDP-N-acetylthomosamine biosynthesis	9.5367767201
PWY-7315: dTDP-N-acetylthomosamine biosynthesis|g__Escherichia.s__Escherichia_coli	6.1498469122
PWY-6507: 4-deoxy-L-threo-hex-4-enopyranuronate degradation	9.4536344528
PWY-6507: 4-deoxy-L-threo-hex-4-enopyranuronate degradation|g__Escherichia.s__Escherichia_coli	4.6389345248
PWY-5918: superpathay of heme biosynthesis from glutamate	8.9610691439
PWY-6531: mannitol cycle	8.6121240415
PWY-5188: tetrapyrrole biosynthesis I (from glutamate)	8.4735385471
PWY-5188: tetrapyrrole biosynthesis I (from glutamate)|g__Escherichia.s__Escherichia_coli	1.7950728986
PWY-5188: tetrapyrrole biosynthesis I (from glutamate)|g__Lachnospiraceae_noname.s__Lachnospiraceae_bacterium_5_1_63FAA	1.7406103776
TCA-GLYOX-BYPASS: superpathway of glyoxylate bypass and TCA	8.1631351353
TCA-GLYOX-BYPASS: superpathway of glyoxylate bypass and TCA|g__Escherichia.s__Escherichia_coli	5.3684425060
GLUDEG-I-PWY: GABA shunt	8.0887438616
PWY-5920: superpathway of heme biosynthesis from glycine	8.0388953122
PWY-6305: putrescine biosynthesis IV	7.6148927674
PWY-6305: putrescine biosynthesis IV|g__Blautia.s__Ruminococcus_torques	4.3430751466
PWY-6305: putrescine biosynthesis IV|g__Escherichia.s__Escherichia_coli	0.9815051228
POLYAMSYN-PWY: superpathway of polyamine biosynthesis I	7.5073123465
POLYAMSYN-PWY: superpathway of polyamine biosynthesis I|g__Escherichia.s__Escherichia_coli	1.3107498804
P42-PWY: incomplete reductive TCA cycle	7.1713009212
P105-PWY: TCA cycle IV (2-oxoglutarate decarboxylase)	7.0717754562
P105-PWY: TCA cycle IV (2-oxoglutarate decarboxylase)|g__Escherichia.s__Escherichia_coli	5.4982773244
PWY-5189: tetrapyrrole biosynthesis II (from glycine)	7.0491397712
PWY-5189: tetrapyrrole biosynthesis II (from glycine)|g__Escherichia.s__Escherichia_coli	4.0829768606
NAGLIPASYN-PWY: lipid IVA biosynthesis	6.8145486284
NAGLIPASYN-PWY: lipid IVA biosynthesis|g__Escherichia.s__Escherichia_coli	2.2524317801
PWY-7269: NAD/NADP-NADH/NADPH mitochondrial interconversion (yeast)	6.7801828964
PWY-5690: TCA cycle II (plants and fungi)	6.6577253845
PWY-5690: TCA cycle II (plants and fungi)|g__Escherichia.s__Escherichia_coli	5.0591258205
P185-PWY: formaldehyde assimilation III (dihydroxyacetone cycle)	6.5101118836
PWY-5656: mannosylglycerate biosynthesis I	6.2167238527
TRNA-CHARGING-PWY: tRNA charging	5.8829973788
REDCITCYC: TCA cycle VIII (helicobacter)	5.8809480969
PWY-4041: &gamma;-glutamyl cycle	5.5435658869
PWY-4041: &gamma;-glutamyl cycle|g__Escherichia.s__Escherichia_coli	4.4905281776
PWY-7254: TCA cycle VII (acetate-producers)	5.5061710585
PWY-7254: TCA cycle VII (acetate-producers)|g__Escherichia.s__Escherichia_coli	4.2216136905
GLYOXYLATE-BYPASS: glyoxylate cycle	5.5052445838
GLYOXYLATE-BYPASS: glyoxylate cycle|g__Escherichia.s__Escherichia_coli	4.5119841252
PWY-5913: TCA cycle VI (obligate autotrophs)	5.3334732125
PWY-5913: TCA cycle VI (obligate autotrophs)|g__Escherichia.s__Escherichia_coli	4.4855070463
PWY-5464: superpathway of cytosolic glycolysis (plants), pyruvate dehydrogenase and TCA cycle	5.2300413961
TEICHOICACID-PWY: teichoic acid (poly-glycerol) biosynthesis	5.0705525100
KETOGLUCONMET-PWY: ketogluconate metabolism	5.0038097443
PWY-4981: L-proline biosynthesis II (from arginine)	4.9418787666
PWY-4981: L-proline biosynthesis II (from arginine)|g__Escherichia.s__Escherichia_coli	1.7726797861
PWY-4702: phytate degradation I	4.8639424628
PWY-4702: phytate degradation I|g__Escherichia.s__Escherichia_coli	3.4521861637
GLYCOL-GLYOXDEG-PWY: superpathway of glycol metabolism and degradation	4.8415681975
GLYCOL-GLYOXDEG-PWY: superpathway of glycol metabolism and degradation|g__Escherichia.s__Escherichia_coli	3.9797738827
HSERMETANA-PWY: L-methionine biosynthesis III	4.7283431171
PWY-561: superpathway of glyoxylate cycle and fatty acid degradation	4.4584741664
PWY0-1241: ADP-L-glycero-&beta;-D-manno-heptose biosynthesis	3.9843902104
PWY0-1241: ADP-L-glycero-&beta;-D-manno-heptose biosynthesis|g__Escherichia.s__Escherichia_coli	3.8619074456
PWY0-1533: methylphosphonate degradation I	3.9488736812
PWY0-1533: methylphosphonate degradation I|g__Escherichia.s__Escherichia_coli	3.9488736812
LACTOSECAT-PWY: lactose and galactose degradation I	3.8996648812
GLYCOCAT-PWY: glycogen degradation I (bacterial)	3.8784258423
PWY-5855: ubiquinol-7 biosynthesis (prokaryotic)	3.8183644498
PWY-5855: ubiquinol-7 biosynthesis (prokaryotic)|g__Escherichia.s__Escherichia_coli	3.8183644498
PWY-5856: ubiquinol-9 biosynthesis (prokaryotic)	3.8183644498
PWY-5856: ubiquinol-9 biosynthesis (prokaryotic)|g__Escherichia.s__Escherichia_coli	3.8183644498
PWY-5857: ubiquinol-10 biosynthesis (prokaryotic)	3.8183644498
PWY-5857: ubiquinol-10 biosynthesis (prokaryotic)|g__Escherichia.s__Escherichia_coli	3.8183644498
PWY-6708: ubiquinol-8 biosynthesis (prokaryotic)	3.8183644498
PWY-6708: ubiquinol-8 biosynthesis (prokaryotic)|g__Escherichia.s__Escherichia_coli	3.8183644498
METHGLYUT-PWY: superpathway of methylglyoxal degradation	3.6925320519
METHGLYUT-PWY: superpathway of methylglyoxal degradation|g__Escherichia.s__Escherichia_coli	2.9051784295
CITRULBIO-PWY: L-citrulline biosynthesis	3.5382784621
PWY-6823: molybdenum cofactor biosynthesis	3.5180970225
PWY-6823: molybdenum cofactor biosynthesis|g__Escherichia.s__Escherichia_coli	3.0992231661
UBISYN-PWY: superpathway of ubiquinol-8 biosynthesis (prokaryotic)	3.5065864150
UBISYN-PWY: superpathway of ubiquinol-8 biosynthesis (prokaryotic)|g__Escherichia.s__Escherichia_coli	3.5065864150
AEROBACTINSYN-PWY: aerobactin biosynthesis	3.3571810913
AEROBACTINSYN-PWY: aerobactin biosynthesis|g__Escherichia.s__Escherichia_coli	3.3571810913
PWY-6891: thiazole biosynthesis II (Bacillus)	3.3188190479
FAO-PWY: fatty acid &beta;-oxidation I	3.2555028246
AST-PWY: L-arginine degradation II (AST pathway)	3.1999317085
AST-PWY: L-arginine degradation II (AST pathway)|g__Escherichia.s__Escherichia_coli	3.1999317085
KDO-NAGLIPASYN-PWY: superpathway of (Kdo)2-lipid A biosynthesis	3.1717355687
KDO-NAGLIPASYN-PWY: superpathway of (Kdo)2-lipid A biosynthesis|g__Escherichia.s__Escherichia_coli	2.5523899262
PWY490-3: nitrate reduction VI (assimilatory)	3.0421570855
PWY0-1479: tRNA processing	3.0399335898
PWY-4984: urea cycle	3.0095581986
P125-PWY: superpathway of (R,R)-butanediol biosynthesis	2.9405688265
PWY-5136: fatty acid &beta;-oxidation II (peroxisome)	2.8188105964
PWY-5173: superpathway of acetyl-CoA biosynthesis	2.7779774082
PWY-5173: superpathway of acetyl-CoA biosynthesis|g__Escherichia.s__Escherichia_coli	1.9956399935
PWY-6803: phosphatidylcholine acyl editing	2.5111535523
PWY-6803: phosphatidylcholine acyl editing|g__Escherichia.s__Escherichia_coli	1.2787723785
PWY-7409: phospholipid remodeling (phosphatidylethanolamine, yeast)	2.3571152932
PWY-7409: phospholipid remodeling (phosphatidylethanolamine, yeast)|g__Escherichia.s__Escherichia_coli	2.2139775541
PWY0-1338: polymyxin resistance	1.8741462756
PWY0-1338: polymyxin resistance|g__Escherichia.s__Escherichia_coli	1.8741462756
PWY-7446: sulfoglycolysis	1.4787870892
PWY-7446: sulfoglycolysis|g__Escherichia.s__Escherichia_coli	1.4787870892