# Pathway	ERR480758_Abundance
UNMAPPED	217336.7508695936
UNINTEGRATED	196524.2199335221
UNINTEGRATED|g__Bacteroides.s__Bacteroides_dorei	52769.8299511359
UNINTEGRATED|g__Streptococcus.s__Streptococcus_thermophilus	39224.6908399753
UNINTEGRATED|g__Escherichia.s__Escherichia_coli	16176.9807212912
UNINTEGRATED|g__Bacteroides.s__Bacteroides_ovatus	13967.8416781040
UNINTEGRATED|g__Bifidobacterium.s__Bifidobacterium_animalis	13744.2687360182
UNINTEGRATED|g__Blautia.s__Ruminococcus_torques	4317.7097931468
UNINTEGRATED|g__Dorea.s__Dorea_longicatena	2672.8233190130
UNINTEGRATED|g__Streptococcus.s__Streptococcus_salivarius	2389.0582557909
UNINTEGRATED|g__Blautia.s__Ruminococcus_gnavus	2387.9292892578
UNINTEGRATED|g__Eubacterium.s__Eubacterium_rectale	2312.8884029005
UNINTEGRATED|g__Blautia.s__Ruminococcus_obeum	2127.1211583087
UNINTEGRATED|g__Bacteroides.s__Bacteroides_uniformis	1987.8597306251
UNINTEGRATED|g__Bacteroides.s__Bacteroides_fragilis	1934.3163676249
UNINTEGRATED|g__Parabacteroides.s__Parabacteroides_distasonis	1814.0959154879
UNINTEGRATED|g__Lactococcus.s__Lactococcus_lactis	1341.5147970564
UNINTEGRATED|g__Bacteroides.s__Bacteroides_thetaiotaomicron	1043.5799256530
UNINTEGRATED|g__Streptococcus.s__Streptococcus_mitis_oralis_pneumoniae	991.8083490189
UNINTEGRATED|g__Lactobacillus.s__Lactobacillus_delbrueckii	697.5472382588
UNINTEGRATED|g__Peptostreptococcaceae_noname.s__Clostridium_bartlettii	601.0021967617
UNINTEGRATED|g__Haemophilus.s__Haemophilus_pittmaniae	315.3400501066
PWY-7219: adenosine ribonucleotides de novo biosynthesis	170.5207499448
PWY-7219: adenosine ribonucleotides de novo biosynthesis|g__Streptococcus.s__Streptococcus_thermophilus	59.2730809593
PWY-7219: adenosine ribonucleotides de novo biosynthesis|g__Bacteroides.s__Bacteroides_dorei	46.1781014151
PWY-7219: adenosine ribonucleotides de novo biosynthesis|g__Bifidobacterium.s__Bifidobacterium_animalis	24.8259682423
PWY-7219: adenosine ribonucleotides de novo biosynthesis|g__Escherichia.s__Escherichia_coli	10.0547544744
PWY-7219: adenosine ribonucleotides de novo biosynthesis|g__Bacteroides.s__Bacteroides_ovatus	9.9457504969
PWY-7219: adenosine ribonucleotides de novo biosynthesis|g__Blautia.s__Ruminococcus_torques	7.3352292804
PWY-7219: adenosine ribonucleotides de novo biosynthesis|g__Blautia.s__Ruminococcus_obeum	2.4372754812
PWY-7219: adenosine ribonucleotides de novo biosynthesis|g__Blautia.s__Ruminococcus_gnavus	2.1772849184
PWY-7219: adenosine ribonucleotides de novo biosynthesis|g__Peptostreptococcaceae_noname.s__Clostridium_bartlettii	1.6341596823
PWY-7219: adenosine ribonucleotides de novo biosynthesis|g__Bacteroides.s__Bacteroides_thetaiotaomicron	1.4099584573
PWY-7219: adenosine ribonucleotides de novo biosynthesis|g__Eubacterium.s__Eubacterium_rectale	1.2537970827
PWY-7219: adenosine ribonucleotides de novo biosynthesis|g__Streptococcus.s__Streptococcus_mitis_oralis_pneumoniae	1.1798603944
PWY-7219: adenosine ribonucleotides de novo biosynthesis|g__Bacteroides.s__Bacteroides_fragilis	1.0360352043
PWY-7219: adenosine ribonucleotides de novo biosynthesis|g__Lactobacillus.s__Lactobacillus_delbrueckii	1.0259471436
PWY-6122: 5-aminoimidazole ribonucleotide biosynthesis II	149.7530454172
PWY-6122: 5-aminoimidazole ribonucleotide biosynthesis II|g__Streptococcus.s__Streptococcus_thermophilus	66.7921460626
PWY-6122: 5-aminoimidazole ribonucleotide biosynthesis II|g__Bifidobacterium.s__Bifidobacterium_animalis	23.8518188097
PWY-6122: 5-aminoimidazole ribonucleotide biosynthesis II|g__Streptococcus.s__Streptococcus_salivarius	4.2314420362
PWY-6122: 5-aminoimidazole ribonucleotide biosynthesis II|g__Escherichia.s__Escherichia_coli	3.9660546946
PWY-6122: 5-aminoimidazole ribonucleotide biosynthesis II|g__Lactococcus.s__Lactococcus_lactis	2.3831387380
PWY-6122: 5-aminoimidazole ribonucleotide biosynthesis II|g__Lactobacillus.s__Lactobacillus_delbrueckii	1.2642272558
PWY-6122: 5-aminoimidazole ribonucleotide biosynthesis II|g__Blautia.s__Ruminococcus_gnavus	1.2267404348
PWY-6122: 5-aminoimidazole ribonucleotide biosynthesis II|g__Blautia.s__Ruminococcus_torques	0.9694765600
PWY-6277: superpathway of 5-aminoimidazole ribonucleotide biosynthesis	149.7530454172
PWY-6277: superpathway of 5-aminoimidazole ribonucleotide biosynthesis|g__Streptococcus.s__Streptococcus_thermophilus	66.7921460626
PWY-6277: superpathway of 5-aminoimidazole ribonucleotide biosynthesis|g__Bifidobacterium.s__Bifidobacterium_animalis	23.8518188097
PWY-6277: superpathway of 5-aminoimidazole ribonucleotide biosynthesis|g__Streptococcus.s__Streptococcus_salivarius	4.2314420362
PWY-6277: superpathway of 5-aminoimidazole ribonucleotide biosynthesis|g__Escherichia.s__Escherichia_coli	3.9660546946
PWY-6277: superpathway of 5-aminoimidazole ribonucleotide biosynthesis|g__Lactococcus.s__Lactococcus_lactis	2.3831387380
PWY-6277: superpathway of 5-aminoimidazole ribonucleotide biosynthesis|g__Lactobacillus.s__Lactobacillus_delbrueckii	1.2642272558
PWY-6277: superpathway of 5-aminoimidazole ribonucleotide biosynthesis|g__Blautia.s__Ruminococcus_gnavus	1.2267404348
PWY-6277: superpathway of 5-aminoimidazole ribonucleotide biosynthesis|g__Blautia.s__Ruminococcus_torques	0.9694765600
PWY-6121: 5-aminoimidazole ribonucleotide biosynthesis I	149.5311231407
PWY-6121: 5-aminoimidazole ribonucleotide biosynthesis I|g__Streptococcus.s__Streptococcus_thermophilus	65.8358954326
PWY-6121: 5-aminoimidazole ribonucleotide biosynthesis I|g__Escherichia.s__Escherichia_coli	3.8417082422
PWY-6121: 5-aminoimidazole ribonucleotide biosynthesis I|g__Lactococcus.s__Lactococcus_lactis	2.3326784645
PWY-6121: 5-aminoimidazole ribonucleotide biosynthesis I|g__Lactobacillus.s__Lactobacillus_delbrueckii	1.3568564828
PWY-6121: 5-aminoimidazole ribonucleotide biosynthesis I|g__Blautia.s__Ruminococcus_torques	1.1591472627
PEPTIDOGLYCANSYN-PWY: peptidoglycan biosynthesis I (meso-diaminopimelate containing)	148.6407809557
PEPTIDOGLYCANSYN-PWY: peptidoglycan biosynthesis I (meso-diaminopimelate containing)|g__Bacteroides.s__Bacteroides_dorei	49.5855046690
PEPTIDOGLYCANSYN-PWY: peptidoglycan biosynthesis I (meso-diaminopimelate containing)|g__Bifidobacterium.s__Bifidobacterium_animalis	21.6876563856
PEPTIDOGLYCANSYN-PWY: peptidoglycan biosynthesis I (meso-diaminopimelate containing)|g__Escherichia.s__Escherichia_coli	3.9367950206
PEPTIDOGLYCANSYN-PWY: peptidoglycan biosynthesis I (meso-diaminopimelate containing)|g__Blautia.s__Ruminococcus_torques	3.3591200422
PEPTIDOGLYCANSYN-PWY: peptidoglycan biosynthesis I (meso-diaminopimelate containing)|g__Parabacteroides.s__Parabacteroides_distasonis	1.1941885111
PWY-7221: guanosine ribonucleotides de novo biosynthesis	147.5739777827
PWY-7221: guanosine ribonucleotides de novo biosynthesis|g__Bacteroides.s__Bacteroides_dorei	44.9763942795
PWY-7221: guanosine ribonucleotides de novo biosynthesis|g__Streptococcus.s__Streptococcus_thermophilus	44.9365076157
PWY-7221: guanosine ribonucleotides de novo biosynthesis|g__Bifidobacterium.s__Bifidobacterium_animalis	20.9051696244
PWY-7221: guanosine ribonucleotides de novo biosynthesis|g__Bacteroides.s__Bacteroides_ovatus	11.8831551004
PWY-7221: guanosine ribonucleotides de novo biosynthesis|g__Parabacteroides.s__Parabacteroides_distasonis	2.4376106372
PWY-7221: guanosine ribonucleotides de novo biosynthesis|g__Escherichia.s__Escherichia_coli	1.4517795944
PWY-7221: guanosine ribonucleotides de novo biosynthesis|g__Streptococcus.s__Streptococcus_salivarius	0.8718399498
PWY-7221: guanosine ribonucleotides de novo biosynthesis|g__Eubacterium.s__Eubacterium_rectale	0.8048289738
PWY-6387: UDP-N-acetylmuramoyl-pentapeptide biosynthesis I (meso-diaminopimelate containing)	143.2065905365
PWY-6387: UDP-N-acetylmuramoyl-pentapeptide biosynthesis I (meso-diaminopimelate containing)|g__Bacteroides.s__Bacteroides_dorei	47.9795453840
PWY-6387: UDP-N-acetylmuramoyl-pentapeptide biosynthesis I (meso-diaminopimelate containing)|g__Bifidobacterium.s__Bifidobacterium_animalis	22.3185612948
PWY-6387: UDP-N-acetylmuramoyl-pentapeptide biosynthesis I (meso-diaminopimelate containing)|g__Escherichia.s__Escherichia_coli	3.7343509305
PWY-6387: UDP-N-acetylmuramoyl-pentapeptide biosynthesis I (meso-diaminopimelate containing)|g__Blautia.s__Ruminococcus_torques	2.9565997914
PWY-6387: UDP-N-acetylmuramoyl-pentapeptide biosynthesis I (meso-diaminopimelate containing)|g__Blautia.s__Ruminococcus_gnavus	1.6650119538
PWY-6387: UDP-N-acetylmuramoyl-pentapeptide biosynthesis I (meso-diaminopimelate containing)|g__Parabacteroides.s__Parabacteroides_distasonis	1.3012600292
PWY-6386: UDP-N-acetylmuramoyl-pentapeptide biosynthesis II (lysine-containing)	141.7031352321
PWY-6386: UDP-N-acetylmuramoyl-pentapeptide biosynthesis II (lysine-containing)|g__Streptococcus.s__Streptococcus_thermophilus	56.6152150747
PWY-6386: UDP-N-acetylmuramoyl-pentapeptide biosynthesis II (lysine-containing)|g__Blautia.s__Ruminococcus_torques	2.9924463474
PWY-6386: UDP-N-acetylmuramoyl-pentapeptide biosynthesis II (lysine-containing)|g__Escherichia.s__Escherichia_coli	2.9334606467
PWY-6386: UDP-N-acetylmuramoyl-pentapeptide biosynthesis II (lysine-containing)|g__Blautia.s__Ruminococcus_gnavus	1.8153909825
PWY-6386: UDP-N-acetylmuramoyl-pentapeptide biosynthesis II (lysine-containing)|g__Parabacteroides.s__Parabacteroides_distasonis	1.1750338423
PWY-6385: peptidoglycan biosynthesis III (mycobacteria)	133.9970097389
PWY-6385: peptidoglycan biosynthesis III (mycobacteria)|g__Bifidobacterium.s__Bifidobacterium_animalis	21.6683595152
PWY-6385: peptidoglycan biosynthesis III (mycobacteria)|g__Escherichia.s__Escherichia_coli	3.6202962532
PWY-6385: peptidoglycan biosynthesis III (mycobacteria)|g__Blautia.s__Ruminococcus_torques	2.7836761541
PWY-6385: peptidoglycan biosynthesis III (mycobacteria)|g__Parabacteroides.s__Parabacteroides_distasonis	1.1826080046
PWY-7229: superpathway of adenosine nucleotides de novo biosynthesis I	128.4909470638
PWY-7229: superpathway of adenosine nucleotides de novo biosynthesis I|g__Streptococcus.s__Streptococcus_thermophilus	44.8186240778
PWY-7229: superpathway of adenosine nucleotides de novo biosynthesis I|g__Bacteroides.s__Bacteroides_dorei	38.5559760563
ILEUSYN-PWY: L-isoleucine biosynthesis I (from threonine)	126.5084236502
ILEUSYN-PWY: L-isoleucine biosynthesis I (from threonine)|g__Escherichia.s__Escherichia_coli	7.2981613997
PWY-7111: pyruvate fermentation to isobutanol (engineered)	126.5084236502
PWY-7111: pyruvate fermentation to isobutanol (engineered)|g__Streptococcus.s__Streptococcus_thermophilus	17.8322875265
PWY-7111: pyruvate fermentation to isobutanol (engineered)|g__Escherichia.s__Escherichia_coli	7.8886356033
PWY-7111: pyruvate fermentation to isobutanol (engineered)|g__Blautia.s__Ruminococcus_torques	6.7211801849
PWY-7111: pyruvate fermentation to isobutanol (engineered)|g__Dorea.s__Dorea_longicatena	1.6750135826
PWY-7111: pyruvate fermentation to isobutanol (engineered)|g__Eubacterium.s__Eubacterium_rectale	1.0171288782
VALSYN-PWY: L-valine biosynthesis	126.5084236502
VALSYN-PWY: L-valine biosynthesis|g__Streptococcus.s__Streptococcus_thermophilus	44.7405370232
VALSYN-PWY: L-valine biosynthesis|g__Escherichia.s__Escherichia_coli	7.2981613997
VALSYN-PWY: L-valine biosynthesis|g__Blautia.s__Ruminococcus_torques	3.6409132496
VALSYN-PWY: L-valine biosynthesis|g__Dorea.s__Dorea_longicatena	1.6750135826
VALSYN-PWY: L-valine biosynthesis|g__Blautia.s__Ruminococcus_obeum	1.6016972181
VALSYN-PWY: L-valine biosynthesis|g__Eubacterium.s__Eubacterium_rectale	1.0171288782
COMPLETE-ARO-PWY: superpathway of aromatic amino acid biosynthesis	118.2189599910
COMPLETE-ARO-PWY: superpathway of aromatic amino acid biosynthesis|g__Streptococcus.s__Streptococcus_thermophilus	47.0250953269
COMPLETE-ARO-PWY: superpathway of aromatic amino acid biosynthesis|g__Blautia.s__Ruminococcus_torques	4.3034699657
PWY-5097: L-lysine biosynthesis VI	118.0213052186
PWY-5097: L-lysine biosynthesis VI|g__Bifidobacterium.s__Bifidobacterium_animalis	28.7588459438
PWY-5097: L-lysine biosynthesis VI|g__Bacteroides.s__Bacteroides_ovatus	7.4340822748
PWY-6126: superpathway of adenosine nucleotides de novo biosynthesis II	116.4214160884
PWY-6126: superpathway of adenosine nucleotides de novo biosynthesis II|g__Streptococcus.s__Streptococcus_thermophilus	42.1492627382
PWY-6126: superpathway of adenosine nucleotides de novo biosynthesis II|g__Bacteroides.s__Bacteroides_dorei	36.2468421172
PWY-2942: L-lysine biosynthesis III	116.0791673354
PWY-2942: L-lysine biosynthesis III|g__Bacteroides.s__Bacteroides_dorei	32.4277730031
PWY-2942: L-lysine biosynthesis III|g__Bifidobacterium.s__Bifidobacterium_animalis	28.0149044275
PWY-2942: L-lysine biosynthesis III|g__Bacteroides.s__Bacteroides_ovatus	9.0218462221
PWY-2942: L-lysine biosynthesis III|g__Blautia.s__Ruminococcus_torques	5.7891481159
PWY-3841: folate transformations II	115.5403404973
PWY-3841: folate transformations II|g__Streptococcus.s__Streptococcus_thermophilus	40.3747760590
PWY-3841: folate transformations II|g__Bacteroides.s__Bacteroides_dorei	33.4081633232
PWY-3841: folate transformations II|g__Bacteroides.s__Bacteroides_ovatus	7.4344057880
PWY-3841: folate transformations II|g__Parabacteroides.s__Parabacteroides_distasonis	3.0414331942
PWY-3841: folate transformations II|g__Escherichia.s__Escherichia_coli	1.9236991710
PWY-5686: UMP biosynthesis	115.1930156201
PWY-5686: UMP biosynthesis|g__Bifidobacterium.s__Bifidobacterium_animalis	21.0407933253
PWY-5686: UMP biosynthesis|g__Bacteroides.s__Bacteroides_ovatus	6.9567872226
PWY-5686: UMP biosynthesis|g__Blautia.s__Ruminococcus_torques	3.9723712897
PWY-5686: UMP biosynthesis|g__Escherichia.s__Escherichia_coli	1.8088458419
PWY-5686: UMP biosynthesis|g__Blautia.s__Ruminococcus_gnavus	1.5703122771
ARO-PWY: chorismate biosynthesis I	113.1459028598
ARO-PWY: chorismate biosynthesis I|g__Streptococcus.s__Streptococcus_thermophilus	44.8672509881
ARO-PWY: chorismate biosynthesis I|g__Blautia.s__Ruminococcus_torques	4.0900964221
PWY-7228: superpathway of guanosine nucleotides de novo biosynthesis I	108.0801271338
PWY-7228: superpathway of guanosine nucleotides de novo biosynthesis I|g__Streptococcus.s__Streptococcus_thermophilus	40.1293588383
PWY-7228: superpathway of guanosine nucleotides de novo biosynthesis I|g__Bacteroides.s__Bacteroides_dorei	38.5470186557
PWY-7228: superpathway of guanosine nucleotides de novo biosynthesis I|g__Parabacteroides.s__Parabacteroides_distasonis	2.0527379809
COA-PWY-1: coenzyme A biosynthesis II (mammalian)	108.0238382998
COA-PWY-1: coenzyme A biosynthesis II (mammalian)|g__Bacteroides.s__Bacteroides_dorei	33.7752222681
COA-PWY-1: coenzyme A biosynthesis II (mammalian)|g__Bacteroides.s__Bacteroides_ovatus	5.1868707547
COA-PWY-1: coenzyme A biosynthesis II (mammalian)|g__Escherichia.s__Escherichia_coli	2.6022708728
PWY-6163: chorismate biosynthesis from 3-dehydroquinate	107.5446472657
PWY-6163: chorismate biosynthesis from 3-dehydroquinate|g__Streptococcus.s__Streptococcus_thermophilus	44.6724819561
PWY-6163: chorismate biosynthesis from 3-dehydroquinate|g__Blautia.s__Ruminococcus_torques	4.0579530514
PWY66-409: superpathway of purine nucleotide salvage	107.4467077070
PWY66-409: superpathway of purine nucleotide salvage|g__Streptococcus.s__Streptococcus_thermophilus	43.7867899737
PWY-6151: S-adenosyl-L-methionine cycle I	106.2520022797
PWY-6151: S-adenosyl-L-methionine cycle I|g__Streptococcus.s__Streptococcus_thermophilus	40.5597536838
PWY-6151: S-adenosyl-L-methionine cycle I|g__Bacteroides.s__Bacteroides_dorei	36.2711868156
PWY-6151: S-adenosyl-L-methionine cycle I|g__Bifidobacterium.s__Bifidobacterium_animalis	27.9923573968
PWY-6151: S-adenosyl-L-methionine cycle I|g__Streptococcus.s__Streptococcus_salivarius	3.7503883190
PWY-6151: S-adenosyl-L-methionine cycle I|g__Escherichia.s__Escherichia_coli	3.2879193331
PWY-6151: S-adenosyl-L-methionine cycle I|g__Blautia.s__Ruminococcus_torques	3.0805509062
PWY-6151: S-adenosyl-L-methionine cycle I|g__Blautia.s__Ruminococcus_gnavus	2.3790077005
PWY-6151: S-adenosyl-L-methionine cycle I|g__Lactococcus.s__Lactococcus_lactis	0.7130192110
PWY-1042: glycolysis IV (plant cytosol)	102.6059525693
PWY-1042: glycolysis IV (plant cytosol)|g__Bacteroides.s__Bacteroides_ovatus	11.4938900500
PWY-1042: glycolysis IV (plant cytosol)|g__Escherichia.s__Escherichia_coli	5.0475316302
PWY-1042: glycolysis IV (plant cytosol)|g__Blautia.s__Ruminococcus_torques	4.6346679894
PWY-1042: glycolysis IV (plant cytosol)|g__Peptostreptococcaceae_noname.s__Clostridium_bartlettii	1.4571196255
PWY-6125: superpathway of guanosine nucleotides de novo biosynthesis II	101.5304021999
PWY-6125: superpathway of guanosine nucleotides de novo biosynthesis II|g__Streptococcus.s__Streptococcus_thermophilus	38.5208009070
PWY-6125: superpathway of guanosine nucleotides de novo biosynthesis II|g__Bacteroides.s__Bacteroides_dorei	34.9205689294
1CMET2-PWY: N10-formyl-tetrahydrofolate biosynthesis	101.4742627376
1CMET2-PWY: N10-formyl-tetrahydrofolate biosynthesis|g__Bacteroides.s__Bacteroides_ovatus	6.2518459619
PWY-5695: urate biosynthesis/inosine 5'-phosphate degradation	99.4719101578
PWY-5695: urate biosynthesis/inosine 5'-phosphate degradation|g__Bacteroides.s__Bacteroides_dorei	39.3381281680
PWY-5695: urate biosynthesis/inosine 5'-phosphate degradation|g__Escherichia.s__Escherichia_coli	6.4726537155
PWY-5695: urate biosynthesis/inosine 5'-phosphate degradation|g__Blautia.s__Ruminococcus_torques	5.0458159966
PWY-5695: urate biosynthesis/inosine 5'-phosphate degradation|g__Bacteroides.s__Bacteroides_fragilis	1.1442903403
PWY-6609: adenine and adenosine salvage III	99.1689345042
PWY-6609: adenine and adenosine salvage III|g__Streptococcus.s__Streptococcus_thermophilus	47.0577065213
PWY-6609: adenine and adenosine salvage III|g__Escherichia.s__Escherichia_coli	6.1808449165
PWY-6609: adenine and adenosine salvage III|g__Blautia.s__Ruminococcus_torques	6.0074767098
PWY-6609: adenine and adenosine salvage III|g__Bacteroides.s__Bacteroides_ovatus	4.8172176764
PWY-6700: queuosine biosynthesis	98.5865960305
PWY-6700: queuosine biosynthesis|g__Bacteroides.s__Bacteroides_dorei	31.9261835991
PWY-6700: queuosine biosynthesis|g__Bacteroides.s__Bacteroides_ovatus	7.1523078698
PWY-6700: queuosine biosynthesis|g__Escherichia.s__Escherichia_coli	3.2186498222
BRANCHED-CHAIN-AA-SYN-PWY: superpathway of branched amino acid biosynthesis	97.8265154523
BRANCHED-CHAIN-AA-SYN-PWY: superpathway of branched amino acid biosynthesis|g__Escherichia.s__Escherichia_coli	4.3844098131
PWY0-166: superpathway of pyrimidine deoxyribonucleotides de novo biosynthesis (E. coli)	97.2528476422
PWY-7208: superpathway of pyrimidine nucleobases salvage	97.2432200721
PWY-7208: superpathway of pyrimidine nucleobases salvage|g__Streptococcus.s__Streptococcus_thermophilus	41.7281235994
PWY-7208: superpathway of pyrimidine nucleobases salvage|g__Blautia.s__Ruminococcus_torques	2.4903559354
PWY-7208: superpathway of pyrimidine nucleobases salvage|g__Streptococcus.s__Streptococcus_salivarius	1.8518557145
PWY-6123: inosine-5'-phosphate biosynthesis I	96.9426049695
PWY-6123: inosine-5'-phosphate biosynthesis I|g__Streptococcus.s__Streptococcus_thermophilus	43.3945131919
PWY-6123: inosine-5'-phosphate biosynthesis I|g__Bacteroides.s__Bacteroides_ovatus	9.4101704060
PWY-6123: inosine-5'-phosphate biosynthesis I|g__Escherichia.s__Escherichia_coli	4.4753305032
ANAGLYCOLYSIS-PWY: glycolysis III (from glucose)	95.3972119473
ANAGLYCOLYSIS-PWY: glycolysis III (from glucose)|g__Bacteroides.s__Bacteroides_ovatus	8.5946048918
ANAGLYCOLYSIS-PWY: glycolysis III (from glucose)|g__Escherichia.s__Escherichia_coli	2.6075563377
PWY-3001: superpathway of L-isoleucine biosynthesis I	93.0352731328
PWY-3001: superpathway of L-isoleucine biosynthesis I|g__Escherichia.s__Escherichia_coli	3.7230295555
PWY-6737: starch degradation V	91.3798848861
PWY-6737: starch degradation V|g__Blautia.s__Ruminococcus_torques	2.8745561370
PWY-6737: starch degradation V|g__Lactococcus.s__Lactococcus_lactis	2.1428043639
PWY-6737: starch degradation V|g__Blautia.s__Ruminococcus_gnavus	1.9223281370
PWY-6737: starch degradation V|g__Escherichia.s__Escherichia_coli	1.8900822547
PWY-6737: starch degradation V|g__Eubacterium.s__Eubacterium_rectale	1.3966553096
PWY-7184: pyrimidine deoxyribonucleotides de novo biosynthesis I	91.3462990255
PWY-6936: seleno-amino acid biosynthesis	91.3168556075
PWY-6936: seleno-amino acid biosynthesis|g__Escherichia.s__Escherichia_coli	8.4182601115
PWY-6936: seleno-amino acid biosynthesis|g__Dorea.s__Dorea_longicatena	1.3978090055
UDPNAGSYN-PWY: UDP-N-acetyl-D-glucosamine biosynthesis I	90.7695934195
UDPNAGSYN-PWY: UDP-N-acetyl-D-glucosamine biosynthesis I|g__Streptococcus.s__Streptococcus_thermophilus	54.8742549573
UDPNAGSYN-PWY: UDP-N-acetyl-D-glucosamine biosynthesis I|g__Bifidobacterium.s__Bifidobacterium_animalis	15.9055476355
UDPNAGSYN-PWY: UDP-N-acetyl-D-glucosamine biosynthesis I|g__Escherichia.s__Escherichia_coli	3.9317383166
UDPNAGSYN-PWY: UDP-N-acetyl-D-glucosamine biosynthesis I|g__Streptococcus.s__Streptococcus_mitis_oralis_pneumoniae	0.9641582839
PWY-5103: L-isoleucine biosynthesis III	90.1312408826
PWY-5103: L-isoleucine biosynthesis III|g__Escherichia.s__Escherichia_coli	3.2255706153
PWY-6124: inosine-5'-phosphate biosynthesis II	88.4398621658
PWY-6124: inosine-5'-phosphate biosynthesis II|g__Streptococcus.s__Streptococcus_thermophilus	39.8976109211
PWY-6124: inosine-5'-phosphate biosynthesis II|g__Bacteroides.s__Bacteroides_ovatus	9.0555018634
PWY-6124: inosine-5'-phosphate biosynthesis II|g__Escherichia.s__Escherichia_coli	5.5987652171
PWY-6124: inosine-5'-phosphate biosynthesis II|g__Streptococcus.s__Streptococcus_salivarius	4.0179410556
PWY-6124: inosine-5'-phosphate biosynthesis II|g__Bacteroides.s__Bacteroides_fragilis	0.8263807569
THRESYN-PWY: superpathway of L-threonine biosynthesis	87.5431292290
THRESYN-PWY: superpathway of L-threonine biosynthesis|g__Bifidobacterium.s__Bifidobacterium_animalis	32.8138809402
THRESYN-PWY: superpathway of L-threonine biosynthesis|g__Escherichia.s__Escherichia_coli	3.8286766401
SER-GLYSYN-PWY: superpathway of L-serine and glycine biosynthesis I	86.9439852593
SER-GLYSYN-PWY: superpathway of L-serine and glycine biosynthesis I|g__Escherichia.s__Escherichia_coli	5.1586807704
SER-GLYSYN-PWY: superpathway of L-serine and glycine biosynthesis I|g__Blautia.s__Ruminococcus_torques	2.0885902867
DAPLYSINESYN-PWY: L-lysine biosynthesis I	85.2080248631
DAPLYSINESYN-PWY: L-lysine biosynthesis I|g__Bifidobacterium.s__Bifidobacterium_animalis	30.2777252400
ARGSYNBSUB-PWY: L-arginine biosynthesis II (acetyl cycle)	84.9363089346
ARGSYNBSUB-PWY: L-arginine biosynthesis II (acetyl cycle)|g__Blautia.s__Ruminococcus_torques	5.1086674486
NONMEVIPP-PWY: methylerythritol phosphate pathway I	84.0832106386
NONMEVIPP-PWY: methylerythritol phosphate pathway I|g__Bacteroides.s__Bacteroides_ovatus	9.4301044598
PWY-724: superpathway of L-lysine, L-threonine and L-methionine biosynthesis II	83.8847478602
PWY-7220: adenosine deoxyribonucleotides de novo biosynthesis II	83.5980111540
PWY-7220: adenosine deoxyribonucleotides de novo biosynthesis II|g__Streptococcus.s__Streptococcus_thermophilus	35.3327480197
PWY-7220: adenosine deoxyribonucleotides de novo biosynthesis II|g__Bacteroides.s__Bacteroides_dorei	28.5147719813
PWY-7222: guanosine deoxyribonucleotides de novo biosynthesis II	83.5980111540
PWY-7222: guanosine deoxyribonucleotides de novo biosynthesis II|g__Streptococcus.s__Streptococcus_thermophilus	35.3327480197
PWY-7222: guanosine deoxyribonucleotides de novo biosynthesis II|g__Bacteroides.s__Bacteroides_dorei	28.5147719813
PWY66-400: glycolysis VI (metazoan)	81.6344473709
GLYCOLYSIS: glycolysis I (from glucose 6-phosphate)	81.2217299067
PWY0-1296: purine ribonucleosides degradation	79.8209394033
PWY0-1296: purine ribonucleosides degradation|g__Streptococcus.s__Streptococcus_thermophilus	44.4146929481
PWY0-1296: purine ribonucleosides degradation|g__Blautia.s__Ruminococcus_torques	5.7867418940
PWY0-1296: purine ribonucleosides degradation|g__Escherichia.s__Escherichia_coli	4.8758899374
PWY0-1296: purine ribonucleosides degradation|g__Streptococcus.s__Streptococcus_salivarius	1.6479635879
PWY0-1296: purine ribonucleosides degradation|g__Blautia.s__Ruminococcus_gnavus	1.4321411779
PANTO-PWY: phosphopantothenate biosynthesis I	79.4141641703
PANTO-PWY: phosphopantothenate biosynthesis I|g__Bacteroides.s__Bacteroides_dorei	40.5032450564
PANTO-PWY: phosphopantothenate biosynthesis I|g__Bacteroides.s__Bacteroides_ovatus	8.5293351149
PANTO-PWY: phosphopantothenate biosynthesis I|g__Blautia.s__Ruminococcus_torques	4.1200898432
PANTO-PWY: phosphopantothenate biosynthesis I|g__Escherichia.s__Escherichia_coli	4.1186845430
PANTO-PWY: phosphopantothenate biosynthesis I|g__Bacteroides.s__Bacteroides_uniformis	1.5571407912
PWY-7400: L-arginine biosynthesis IV (archaebacteria)	78.8473840137
PWY-7400: L-arginine biosynthesis IV (archaebacteria)|g__Blautia.s__Ruminococcus_torques	4.5504490764
ARGSYN-PWY: L-arginine biosynthesis I (via L-ornithine)	78.7396889936
ARGSYN-PWY: L-arginine biosynthesis I (via L-ornithine)|g__Blautia.s__Ruminococcus_torques	4.6978203104
ARGSYN-PWY: L-arginine biosynthesis I (via L-ornithine)|g__Escherichia.s__Escherichia_coli	2.7485656565
PWY-2941: L-lysine biosynthesis II	78.2749040809
PWY-6317: galactose degradation I (Leloir pathway)	76.7239542717
PWY-6317: galactose degradation I (Leloir pathway)|g__Streptococcus.s__Streptococcus_thermophilus	27.9782893029
PWY-6317: galactose degradation I (Leloir pathway)|g__Blautia.s__Ruminococcus_torques	2.5508645799
PWY-6317: galactose degradation I (Leloir pathway)|g__Escherichia.s__Escherichia_coli	1.5661482275
PWY66-422: D-galactose degradation V (Leloir pathway)	76.7239542717
PWY66-422: D-galactose degradation V (Leloir pathway)|g__Streptococcus.s__Streptococcus_thermophilus	27.9782893029
PWY66-422: D-galactose degradation V (Leloir pathway)|g__Blautia.s__Ruminococcus_torques	2.5508645799
PWY66-422: D-galactose degradation V (Leloir pathway)|g__Escherichia.s__Escherichia_coli	1.5661482275
PWY66-422: D-galactose degradation V (Leloir pathway)|g__Eubacterium.s__Eubacterium_rectale	1.4140711624
PWY-5347: superpathway of L-methionine biosynthesis (transsulfuration)	76.3932531161
PWY-5347: superpathway of L-methionine biosynthesis (transsulfuration)|g__Escherichia.s__Escherichia_coli	1.5465399952
PWY0-1319: CDP-diacylglycerol biosynthesis II	75.9249228935
PWY0-1319: CDP-diacylglycerol biosynthesis II|g__Bacteroides.s__Bacteroides_ovatus	8.1836376220
PWY0-1319: CDP-diacylglycerol biosynthesis II|g__Escherichia.s__Escherichia_coli	3.9408541458
PWY0-1319: CDP-diacylglycerol biosynthesis II|g__Blautia.s__Ruminococcus_torques	3.0824077326
PWY0-1319: CDP-diacylglycerol biosynthesis II|g__Blautia.s__Ruminococcus_gnavus	1.8512513426
PWY0-1319: CDP-diacylglycerol biosynthesis II|g__Eubacterium.s__Eubacterium_rectale	1.3794293497
PWY-5667: CDP-diacylglycerol biosynthesis I	75.9249228935
PWY-5667: CDP-diacylglycerol biosynthesis I|g__Bacteroides.s__Bacteroides_ovatus	8.1836376220
PWY-5667: CDP-diacylglycerol biosynthesis I|g__Escherichia.s__Escherichia_coli	3.9408541458
PWY-5667: CDP-diacylglycerol biosynthesis I|g__Blautia.s__Ruminococcus_torques	3.0824077326
PWY-5667: CDP-diacylglycerol biosynthesis I|g__Blautia.s__Ruminococcus_gnavus	1.8512513426
PWY-5667: CDP-diacylglycerol biosynthesis I|g__Eubacterium.s__Eubacterium_rectale	1.3794293497
PWY-7197: pyrimidine deoxyribonucleotide phosphorylation	75.5151491741
PWY-7197: pyrimidine deoxyribonucleotide phosphorylation|g__Streptococcus.s__Streptococcus_thermophilus	34.4987740304
DENOVOPURINE2-PWY: superpathway of purine nucleotides de novo biosynthesis II	75.3403985352
PWY-5484: glycolysis II (from fructose 6-phosphate)	75.1161267892
PWY-6270: isoprene biosynthesis I	74.3629960904
PWY-7560: methylerythritol phosphate pathway II	72.2380502271
PWY4FS-7: phosphatidylglycerol biosynthesis I (plastidic)	71.0958363848
PWY4FS-7: phosphatidylglycerol biosynthesis I (plastidic)|g__Escherichia.s__Escherichia_coli	3.7663560653
PWY4FS-8: phosphatidylglycerol biosynthesis II (non-plastidic)	71.0958363848
PWY4FS-8: phosphatidylglycerol biosynthesis II (non-plastidic)|g__Escherichia.s__Escherichia_coli	3.7663560653
PWY-7187: pyrimidine deoxyribonucleotides de novo biosynthesis II	70.8550314941
PWY-6527: stachyose degradation	70.4775987900
PWY-6527: stachyose degradation|g__Escherichia.s__Escherichia_coli	1.3496446905
MET-SAM-PWY: superpathway of S-adenosyl-L-methionine biosynthesis	70.3368220241
MET-SAM-PWY: superpathway of S-adenosyl-L-methionine biosynthesis|g__Escherichia.s__Escherichia_coli	1.2864169601
METSYN-PWY: L-homoserine and L-methionine biosynthesis	69.2583445846
METSYN-PWY: L-homoserine and L-methionine biosynthesis|g__Escherichia.s__Escherichia_coli	1.3849030455
OANTIGEN-PWY: O-antigen building blocks biosynthesis (E. coli)	67.0911779658
OANTIGEN-PWY: O-antigen building blocks biosynthesis (E. coli)|g__Bifidobacterium.s__Bifidobacterium_animalis	17.2070934573
FASYN-INITIAL-PWY: superpathway of fatty acid biosynthesis initiation (E. coli)	66.4502072581
FASYN-INITIAL-PWY: superpathway of fatty acid biosynthesis initiation (E. coli)|g__Escherichia.s__Escherichia_coli	2.3010537752
PWY-7234: inosine-5'-phosphate biosynthesis III	66.2520818608
GLUTORN-PWY: L-ornithine biosynthesis	66.0273743726
GLUTORN-PWY: L-ornithine biosynthesis|g__Blautia.s__Ruminococcus_torques	5.8862792869
GLUTORN-PWY: L-ornithine biosynthesis|g__Escherichia.s__Escherichia_coli	1.9273202222
PWY-6703: preQ0 biosynthesis	65.1299883061
PWY-6703: preQ0 biosynthesis|g__Bacteroides.s__Bacteroides_dorei	34.4945879481
PWY-6703: preQ0 biosynthesis|g__Escherichia.s__Escherichia_coli	3.9302262709
PWY-6703: preQ0 biosynthesis|g__Bacteroides.s__Bacteroides_ovatus	3.6559410886
PWY-6703: preQ0 biosynthesis|g__Parabacteroides.s__Parabacteroides_distasonis	3.0403389584
PWY-6703: preQ0 biosynthesis|g__Blautia.s__Ruminococcus_torques	2.6281936373
PWY-6471: peptidoglycan biosynthesis IV (Enterococcus faecium)	64.7291454347
DTDPRHAMSYN-PWY: dTDP-L-rhamnose biosynthesis I	61.7812294258
DTDPRHAMSYN-PWY: dTDP-L-rhamnose biosynthesis I|g__Bifidobacterium.s__Bifidobacterium_animalis	19.9743421903
DTDPRHAMSYN-PWY: dTDP-L-rhamnose biosynthesis I|g__Bacteroides.s__Bacteroides_ovatus	13.9206669382
DTDPRHAMSYN-PWY: dTDP-L-rhamnose biosynthesis I|g__Blautia.s__Ruminococcus_torques	1.8852549366
PWY-7663: gondoate biosynthesis (anaerobic)	60.4079369285
PWY-7663: gondoate biosynthesis (anaerobic)|g__Bacteroides.s__Bacteroides_ovatus	9.8247735345
PWY-7663: gondoate biosynthesis (anaerobic)|g__Escherichia.s__Escherichia_coli	5.8441030014
PWY-5973: cis-vaccenate biosynthesis	59.7057950790
PWY-5973: cis-vaccenate biosynthesis|g__Blautia.s__Ruminococcus_torques	2.4792999468
PWY-5100: pyruvate fermentation to acetate and lactate II	59.6247533813
PWY-5100: pyruvate fermentation to acetate and lactate II|g__Streptococcus.s__Streptococcus_thermophilus	24.9043476882
PWY-5100: pyruvate fermentation to acetate and lactate II|g__Bifidobacterium.s__Bifidobacterium_animalis	21.0916641453
PWY-5100: pyruvate fermentation to acetate and lactate II|g__Blautia.s__Ruminococcus_torques	3.5477521751
HOMOSER-METSYN-PWY: L-methionine biosynthesis I	56.8857731449
HOMOSER-METSYN-PWY: L-methionine biosynthesis I|g__Escherichia.s__Escherichia_coli	1.8878246094
HOMOSER-METSYN-PWY: L-methionine biosynthesis I|g__Blautia.s__Ruminococcus_torques	1.8342535096
HOMOSER-METSYN-PWY: L-methionine biosynthesis I|g__Streptococcus.s__Streptococcus_mitis_oralis_pneumoniae	1.4625764782
FASYN-ELONG-PWY: fatty acid elongation -- saturated	56.6740328298
FASYN-ELONG-PWY: fatty acid elongation -- saturated|g__Escherichia.s__Escherichia_coli	5.4401829116
PWY0-1297: superpathway of purine deoxyribonucleosides degradation	56.5566793151
PWY0-1297: superpathway of purine deoxyribonucleosides degradation|g__Escherichia.s__Escherichia_coli	5.0746822467
PWY0-1297: superpathway of purine deoxyribonucleosides degradation|g__Blautia.s__Ruminococcus_torques	3.2013192846
PYRIDNUCSAL-PWY: NAD salvage pathway I	55.3547935245
TRPSYN-PWY: L-tryptophan biosynthesis	55.1869567109
TRPSYN-PWY: L-tryptophan biosynthesis|g__Blautia.s__Ruminococcus_torques	3.8507134345
TRPSYN-PWY: L-tryptophan biosynthesis|g__Escherichia.s__Escherichia_coli	2.9351638250
PWY-5971: palmitate biosynthesis II (bacteria and plants)	54.6511110055
ASPASN-PWY: superpathway of L-aspartate and L-asparagine biosynthesis	53.3280995044
ASPASN-PWY: superpathway of L-aspartate and L-asparagine biosynthesis|g__Bacteroides.s__Bacteroides_ovatus	8.0560017714
ASPASN-PWY: superpathway of L-aspartate and L-asparagine biosynthesis|g__Escherichia.s__Escherichia_coli	6.9811108386
ASPASN-PWY: superpathway of L-aspartate and L-asparagine biosynthesis|g__Bacteroides.s__Bacteroides_thetaiotaomicron	1.3756814832
PWYG-321: mycolate biosynthesis	53.2231667484
PWY-6282: palmitoleate biosynthesis I (from (5Z)-dodec-5-enoate)	53.0633392261
PWY-6282: palmitoleate biosynthesis I (from (5Z)-dodec-5-enoate)|g__Escherichia.s__Escherichia_coli	5.2555064338
PYRIDNUCSYN-PWY: NAD biosynthesis I (from aspartate)	52.5156527816
PYRIDNUCSYN-PWY: NAD biosynthesis I (from aspartate)|g__Escherichia.s__Escherichia_coli	2.9676238760
PWY-6897: thiamin salvage II	52.3161335301
PWY-6897: thiamin salvage II|g__Bifidobacterium.s__Bifidobacterium_animalis	19.4060558248
PWY-6897: thiamin salvage II|g__Escherichia.s__Escherichia_coli	3.3122637022
PWY-5989: stearate biosynthesis II (bacteria and plants)	52.1567161119
PWY-5989: stearate biosynthesis II (bacteria and plants)|g__Escherichia.s__Escherichia_coli	4.9403885755
PWY-7388: octanoyl-[acyl-carrier protein] biosynthesis (mitochondria, yeast)	52.1210791451
PWY-7388: octanoyl-[acyl-carrier protein] biosynthesis (mitochondria, yeast)|g__Escherichia.s__Escherichia_coli	2.7778349807
PWY-7664: oleate biosynthesis IV (anaerobic)	52.1147050666
PWY-7664: oleate biosynthesis IV (anaerobic)|g__Escherichia.s__Escherichia_coli	5.3052589128
PWY-5121: superpathway of geranylgeranyl diphosphate biosynthesis II (via MEP)	51.9774871018
CALVIN-PWY: Calvin-Benson-Bassham cycle	51.6564118160
PWY-7199: pyrimidine deoxyribonucleosides salvage	51.6121995623
PWY-7199: pyrimidine deoxyribonucleosides salvage|g__Streptococcus.s__Streptococcus_thermophilus	37.3570829565
PWY-7199: pyrimidine deoxyribonucleosides salvage|g__Haemophilus.s__Haemophilus_pittmaniae	1.4167650531
FOLSYN-PWY: superpathway of tetrahydrofolate biosynthesis and salvage	51.1347167871
FOLSYN-PWY: superpathway of tetrahydrofolate biosynthesis and salvage|g__Escherichia.s__Escherichia_coli	2.4126679430
PWY-7282: 4-amino-2-methyl-5-phosphomethylpyrimidine biosynthesis (yeast)	50.3851812263
PWY-7282: 4-amino-2-methyl-5-phosphomethylpyrimidine biosynthesis (yeast)|g__Bacteroides.s__Bacteroides_ovatus	9.4110206492
PHOSLIPSYN-PWY: superpathway of phospholipid biosynthesis I (bacteria)	49.6666400131
PHOSLIPSYN-PWY: superpathway of phospholipid biosynthesis I (bacteria)|g__Escherichia.s__Escherichia_coli	3.9834394455
THISYNARA-PWY: superpathway of thiamin diphosphate biosynthesis III (eukaryotes)	49.0545486062
THISYNARA-PWY: superpathway of thiamin diphosphate biosynthesis III (eukaryotes)|g__Bacteroides.s__Bacteroides_ovatus	7.1100435333
THISYN-PWY: superpathway of thiamin diphosphate biosynthesis I	48.8381897115
PWY-7357: thiamin formation from pyrithiamine and oxythiamine (yeast)	47.1004881005
PWY-7357: thiamin formation from pyrithiamine and oxythiamine (yeast)|g__Bifidobacterium.s__Bifidobacterium_animalis	22.3254191788
PWY-7357: thiamin formation from pyrithiamine and oxythiamine (yeast)|g__Blautia.s__Ruminococcus_torques	4.2325872445
PWY-7357: thiamin formation from pyrithiamine and oxythiamine (yeast)|g__Escherichia.s__Escherichia_coli	3.4171130249
PWY0-862: (5Z)-dodec-5-enoate biosynthesis	47.0661813883
PWY0-862: (5Z)-dodec-5-enoate biosynthesis|g__Escherichia.s__Escherichia_coli	5.1354377130
PWY-7392: taxadiene biosynthesis (engineered)	46.4163656516
HISTSYN-PWY: L-histidine biosynthesis	46.4065450497
HISTSYN-PWY: L-histidine biosynthesis|g__Bifidobacterium.s__Bifidobacterium_animalis	19.1056136572
HISTSYN-PWY: L-histidine biosynthesis|g__Escherichia.s__Escherichia_coli	5.1323032062
ANAEROFRUCAT-PWY: homolactic fermentation	45.9962010977
PWY-6113: superpathway of mycolate biosynthesis	43.8252741314
P4-PWY: superpathway of L-lysine, L-threonine and L-methionine biosynthesis I	43.7287614977
PWY-6895: superpathway of thiamin diphosphate biosynthesis II	43.5058742180
PWY-5659: GDP-mannose biosynthesis	43.4955466947
PWY-5659: GDP-mannose biosynthesis|g__Bifidobacterium.s__Bifidobacterium_animalis	20.0469316250
PWY-5659: GDP-mannose biosynthesis|g__Bacteroides.s__Bacteroides_ovatus	11.1198032906
PWY-5659: GDP-mannose biosynthesis|g__Escherichia.s__Escherichia_coli	3.5784147337
PWY-5154: L-arginine biosynthesis III (via N-acetyl-L-citrulline)	41.6129383419
PWY-5154: L-arginine biosynthesis III (via N-acetyl-L-citrulline)|g__Blautia.s__Ruminococcus_torques	3.7869269329
PWY-6628: superpathway of L-phenylalanine biosynthesis	40.0311615027
PWY-6612: superpathway of tetrahydrofolate biosynthesis	39.5448668899
PWY-6612: superpathway of tetrahydrofolate biosynthesis|g__Escherichia.s__Escherichia_coli	4.0612100739
PWY-6630: superpathway of L-tyrosine biosynthesis	39.3856290097
PWY-841: superpathway of purine nucleotides de novo biosynthesis I	38.9751530821
PWY-6353: purine nucleotides degradation II (aerobic)	35.9287206743
PWY-6353: purine nucleotides degradation II (aerobic)|g__Escherichia.s__Escherichia_coli	4.0714363512
BIOTIN-BIOSYNTHESIS-PWY: biotin biosynthesis I	35.8821114991
BIOTIN-BIOSYNTHESIS-PWY: biotin biosynthesis I|g__Escherichia.s__Escherichia_coli	5.1809697921
PWY0-845: superpathway of pyridoxal 5'-phosphate biosynthesis and salvage	35.5295127695
PWY0-845: superpathway of pyridoxal 5'-phosphate biosynthesis and salvage|g__Bacteroides.s__Bacteroides_ovatus	9.7877999545
PWY-7456: mannan degradation	34.7903943989
PRPP-PWY: superpathway of histidine, purine, and pyrimidine biosynthesis	34.7557423568
PWY-6519: 8-amino-7-oxononanoate biosynthesis I	33.5771358663
PWY-6519: 8-amino-7-oxononanoate biosynthesis I|g__Escherichia.s__Escherichia_coli	5.4352381459
COLANSYN-PWY: colanic acid building blocks biosynthesis	33.3197439645
ENTBACSYN-PWY: enterobactin biosynthesis	33.2594136390
ENTBACSYN-PWY: enterobactin biosynthesis|g__Escherichia.s__Escherichia_coli	5.8229435611
PWY-5897: superpathway of menaquinol-11 biosynthesis	33.0723802130
PWY-5897: superpathway of menaquinol-11 biosynthesis|g__Escherichia.s__Escherichia_coli	3.6565813608
PWY-5898: superpathway of menaquinol-12 biosynthesis	33.0723802130
PWY-5898: superpathway of menaquinol-12 biosynthesis|g__Escherichia.s__Escherichia_coli	3.6565813608
PWY-5899: superpathway of menaquinol-13 biosynthesis	33.0723802130
PWY-5899: superpathway of menaquinol-13 biosynthesis|g__Escherichia.s__Escherichia_coli	3.6565813608
PWY-6147: 6-hydroxymethyl-dihydropterin diphosphate biosynthesis I	33.0513327109
PWY-6147: 6-hydroxymethyl-dihydropterin diphosphate biosynthesis I|g__Bacteroides.s__Bacteroides_ovatus	8.5599152531
PWY-6147: 6-hydroxymethyl-dihydropterin diphosphate biosynthesis I|g__Escherichia.s__Escherichia_coli	7.4665975226
PWY-6147: 6-hydroxymethyl-dihydropterin diphosphate biosynthesis I|g__Lactococcus.s__Lactococcus_lactis	1.4749262537
PWY-6859: all-trans-farnesol biosynthesis	32.3765305708
PWY-6859: all-trans-farnesol biosynthesis|g__Escherichia.s__Escherichia_coli	2.9544645188
PWY-7323: superpathway of GDP-mannose-derived O-antigen building blocks biosynthesis	32.2859639536
PWY-7323: superpathway of GDP-mannose-derived O-antigen building blocks biosynthesis|g__Bacteroides.s__Bacteroides_ovatus	9.2137174233
PWY-5384: sucrose degradation IV (sucrose phosphorylase)	31.6224944383
PWY-5384: sucrose degradation IV (sucrose phosphorylase)|g__Escherichia.s__Escherichia_coli	2.4500949709
PWY-7539: 6-hydroxymethyl-dihydropterin diphosphate biosynthesis III (Chlamydia)	31.4150145018
PWY-7539: 6-hydroxymethyl-dihydropterin diphosphate biosynthesis III (Chlamydia)|g__Bacteroides.s__Bacteroides_ovatus	8.8840635822
PWY-7539: 6-hydroxymethyl-dihydropterin diphosphate biosynthesis III (Chlamydia)|g__Escherichia.s__Escherichia_coli	2.5250714979
PWY-621: sucrose degradation III (sucrose invertase)	30.9011404991
PWY-621: sucrose degradation III (sucrose invertase)|g__Blautia.s__Ruminococcus_torques	14.0564664375
PWY0-1586: peptidoglycan maturation (meso-diaminopimelate containing)	30.8395580995
PWY0-1586: peptidoglycan maturation (meso-diaminopimelate containing)|g__Escherichia.s__Escherichia_coli	12.5515518847
RHAMCAT-PWY: L-rhamnose degradation I	30.3033491923
RHAMCAT-PWY: L-rhamnose degradation I|g__Bacteroides.s__Bacteroides_ovatus	8.9390827105
RHAMCAT-PWY: L-rhamnose degradation I|g__Escherichia.s__Escherichia_coli	4.3149903025
RHAMCAT-PWY: L-rhamnose degradation I|g__Blautia.s__Ruminococcus_torques	2.1301046866
PWY0-781: aspartate superpathway	30.1195994531
PWY-7196: superpathway of pyrimidine ribonucleosides salvage	29.6311214552
PANTOSYN-PWY: pantothenate and coenzyme A biosynthesis I	29.5020872095
PANTOSYN-PWY: pantothenate and coenzyme A biosynthesis I|g__Bacteroides.s__Bacteroides_ovatus	5.2613477548
PANTOSYN-PWY: pantothenate and coenzyme A biosynthesis I|g__Escherichia.s__Escherichia_coli	2.7956000546
PYRIDOXSYN-PWY: pyridoxal 5'-phosphate biosynthesis I	28.3516275702
PYRIDOXSYN-PWY: pyridoxal 5'-phosphate biosynthesis I|g__Bacteroides.s__Bacteroides_ovatus	8.4576952842
NONOXIPENT-PWY: pentose phosphate pathway (non-oxidative branch)	27.8812712253
NONOXIPENT-PWY: pentose phosphate pathway (non-oxidative branch)|g__Blautia.s__Ruminococcus_torques	5.1774012332
NONOXIPENT-PWY: pentose phosphate pathway (non-oxidative branch)|g__Peptostreptococcaceae_noname.s__Clostridium_bartlettii	0.7051564566
PWY-6168: flavin biosynthesis III (fungi)	27.2617934710
PWY-6168: flavin biosynthesis III (fungi)|g__Escherichia.s__Escherichia_coli	2.8227468047
SALVADEHYPOX-PWY: adenosine nucleotides degradation II	27.0861578703
SALVADEHYPOX-PWY: adenosine nucleotides degradation II|g__Escherichia.s__Escherichia_coli	6.9383303807
SALVADEHYPOX-PWY: adenosine nucleotides degradation II|g__Blautia.s__Ruminococcus_torques	6.0194747744
PWY-7204: pyridoxal 5'-phosphate salvage II (plants)	26.6769338263
PWY0-1261: anhydromuropeptides recycling	26.2029895015
PWY0-1261: anhydromuropeptides recycling|g__Escherichia.s__Escherichia_coli	8.3285676001
HEXITOLDEGSUPER-PWY: superpathway of hexitol degradation (bacteria)	25.6594879513
PWY-5838: superpathway of menaquinol-8 biosynthesis I	25.5529484088
PWY-5838: superpathway of menaquinol-8 biosynthesis I|g__Escherichia.s__Escherichia_coli	3.0480150901
PWY-5840: superpathway of menaquinol-7 biosynthesis	25.5529484088
PWY-5845: superpathway of menaquinol-9 biosynthesis	25.5529484088
PWY-5850: superpathway of menaquinol-6 biosynthesis I	25.5529484088
PWY-5896: superpathway of menaquinol-10 biosynthesis	25.5529484088
PWY0-162: superpathway of pyrimidine ribonucleotides de novo biosynthesis	24.9451664099
PWY-6608: guanosine nucleotides degradation III	23.8334625817
PWY-6608: guanosine nucleotides degradation III|g__Escherichia.s__Escherichia_coli	6.4726537155
PWY-6608: guanosine nucleotides degradation III|g__Blautia.s__Ruminococcus_torques	6.2220283185
PWY-6892: thiazole biosynthesis I (E. coli)	23.7235613877
PWY-6892: thiazole biosynthesis I (E. coli)|g__Escherichia.s__Escherichia_coli	6.8567374790
PWY-6901: superpathway of glucose and xylose degradation	23.5125183554
ARGININE-SYN4-PWY: L-ornithine de novo  biosynthesis	22.0922647363
ARGININE-SYN4-PWY: L-ornithine de novo  biosynthesis|g__Bacteroides.s__Bacteroides_ovatus	9.4356543355
PWY-6284: superpathway of unsaturated fatty acids biosynthesis (E. coli)	21.3107461359
SULFATE-CYS-PWY: superpathway of sulfate assimilation and cysteine biosynthesis	21.2302102738
SULFATE-CYS-PWY: superpathway of sulfate assimilation and cysteine biosynthesis|g__Escherichia.s__Escherichia_coli	5.2434799096
PWY-1269: CMP-3-deoxy-D-manno-octulosonate biosynthesis I	21.1204184356
PWY-1269: CMP-3-deoxy-D-manno-octulosonate biosynthesis I|g__Bacteroides.s__Bacteroides_ovatus	9.2324073771
PWY-1269: CMP-3-deoxy-D-manno-octulosonate biosynthesis I|g__Escherichia.s__Escherichia_coli	4.0055790483
RIBOSYN2-PWY: flavin biosynthesis I (bacteria and plants)	20.8343519265
RIBOSYN2-PWY: flavin biosynthesis I (bacteria and plants)|g__Escherichia.s__Escherichia_coli	3.0055986292
PWY-6595: superpathway of guanosine nucleotides degradation (plants)	20.1750985965
PWY-5860: superpathway of demethylmenaquinol-6 biosynthesis I	20.1212012580
PWY-5861: superpathway of demethylmenaquinol-8 biosynthesis	20.1212012580
PWY-5861: superpathway of demethylmenaquinol-8 biosynthesis|g__Escherichia.s__Escherichia_coli	3.0757538377
PWY-5862: superpathway of demethylmenaquinol-9 biosynthesis	20.1212012580
P441-PWY: superpathway of N-acetylneuraminate degradation	19.9909198447
PWY0-1061: superpathway of L-alanine biosynthesis	19.8320769297
PWY0-1061: superpathway of L-alanine biosynthesis|g__Escherichia.s__Escherichia_coli	6.9286424609
PWY-6606: guanosine nucleotides degradation II	19.6341940072
PWY-7315: dTDP-N-acetylthomosamine biosynthesis	18.7320997612
PWY-7315: dTDP-N-acetylthomosamine biosynthesis|g__Escherichia.s__Escherichia_coli	6.4812902901
PWY-6891: thiazole biosynthesis II (Bacillus)	18.2814356851
HSERMETANA-PWY: L-methionine biosynthesis III	17.5494932689
COA-PWY: coenzyme A biosynthesis I	17.1196224619
COA-PWY: coenzyme A biosynthesis I|g__Bacteroides.s__Bacteroides_ovatus	5.0078563273
COA-PWY: coenzyme A biosynthesis I|g__Escherichia.s__Escherichia_coli	2.3006489487
PWY-5723: Rubisco shunt	16.9745144946
PWY-5863: superpathway of phylloquinol biosynthesis	16.5909020745
PWY-5863: superpathway of phylloquinol biosynthesis|g__Escherichia.s__Escherichia_coli	6.3717801463
PWY-6545: pyrimidine deoxyribonucleotides de novo biosynthesis III	16.5303458718
GLUCUROCAT-PWY: superpathway of &beta;-D-glucuronide and D-glucuronate degradation	15.9642697186
GLUCUROCAT-PWY: superpathway of &beta;-D-glucuronide and D-glucuronate degradation|g__Escherichia.s__Escherichia_coli	5.9549302613
PWY-5791: 1,4-dihydroxy-2-naphthoate biosynthesis II (plants)	15.9329503827
PWY-5791: 1,4-dihydroxy-2-naphthoate biosynthesis II (plants)|g__Escherichia.s__Escherichia_coli	6.5773860736
PWY-5837: 1,4-dihydroxy-2-naphthoate biosynthesis I	15.9329503827
PWY-5837: 1,4-dihydroxy-2-naphthoate biosynthesis I|g__Escherichia.s__Escherichia_coli	6.5773860736
GLYCOLYSIS-E-D: superpathway of glycolysis and Entner-Doudoroff	15.4462343080
GLCMANNANAUT-PWY: superpathway of N-acetylglucosamine, N-acetylmannosamine and N-acetylneuraminate degradation	15.0534927600
GLCMANNANAUT-PWY: superpathway of N-acetylglucosamine, N-acetylmannosamine and N-acetylneuraminate degradation|g__Escherichia.s__Escherichia_coli	3.7776439265
GLCMANNANAUT-PWY: superpathway of N-acetylglucosamine, N-acetylmannosamine and N-acetylneuraminate degradation|g__Blautia.s__Ruminococcus_torques	2.6492655095
PWY-7211: superpathway of pyrimidine deoxyribonucleotides de novo biosynthesis	14.4514156946
SO4ASSIM-PWY: sulfate reduction I (assimilatory)	14.2573703610
SO4ASSIM-PWY: sulfate reduction I (assimilatory)|g__Escherichia.s__Escherichia_coli	5.1054220199
PWY-7242: D-fructuronate degradation	13.8919245163
PWY-7242: D-fructuronate degradation|g__Escherichia.s__Escherichia_coli	6.4863132531
PENTOSE-P-PWY: pentose phosphate pathway	13.8035198770
GLYCOGENSYNTH-PWY: glycogen biosynthesis I (from ADP-D-Glucose)	13.7411278298
GLYCOGENSYNTH-PWY: glycogen biosynthesis I (from ADP-D-Glucose)|g__Escherichia.s__Escherichia_coli	2.9401235324
GLYCOGENSYNTH-PWY: glycogen biosynthesis I (from ADP-D-Glucose)|g__Eubacterium.s__Eubacterium_rectale	0.7898950353
PWY-4242: pantothenate and coenzyme A biosynthesis III	13.7114924208
PWY-4242: pantothenate and coenzyme A biosynthesis III|g__Bacteroides.s__Bacteroides_ovatus	3.7519278309
PWY-4242: pantothenate and coenzyme A biosynthesis III|g__Escherichia.s__Escherichia_coli	2.2345378367
GLYCOLYSIS-TCA-GLYOX-BYPASS: superpathway of glycolysis, pyruvate dehydrogenase, TCA, and glyoxylate bypass	13.6295747019
GALACT-GLUCUROCAT-PWY: superpathway of hexuronide and hexuronate degradation	12.9924530816
GALACT-GLUCUROCAT-PWY: superpathway of hexuronide and hexuronate degradation|g__Escherichia.s__Escherichia_coli	3.3957660477
HEMESYN2-PWY: heme biosynthesis II (anaerobic)	12.8699724172
HEMESYN2-PWY: heme biosynthesis II (anaerobic)|g__Escherichia.s__Escherichia_coli	3.3993361601
POLYISOPRENSYN-PWY: polyisoprenoid biosynthesis (E. coli)	12.8436680143
POLYISOPRENSYN-PWY: polyisoprenoid biosynthesis (E. coli)|g__Escherichia.s__Escherichia_coli	3.4191490059
TCA: TCA cycle I (prokaryotic)	12.8237865039
TCA: TCA cycle I (prokaryotic)|g__Escherichia.s__Escherichia_coli	5.9442325460
KETOGLUCONMET-PWY: ketogluconate metabolism	12.6657527408
HEME-BIOSYNTHESIS-II: heme biosynthesis I (aerobic)	12.3501337680
PWY-6507: 4-deoxy-L-threo-hex-4-enopyranuronate degradation	12.3420382777
PWY-6507: 4-deoxy-L-threo-hex-4-enopyranuronate degradation|g__Escherichia.s__Escherichia_coli	6.0032145846
PWY0-1415: superpathway of heme biosynthesis from uroporphyrinogen-III	12.2740154317
PWY-6531: mannitol cycle	11.9037316984
FUCCAT-PWY: fucose degradation	11.6061125353
FUCCAT-PWY: fucose degradation|g__Escherichia.s__Escherichia_coli	2.6713197180
P461-PWY: hexitol fermentation to lactate, formate, ethanol and acetate	11.5603117144
P461-PWY: hexitol fermentation to lactate, formate, ethanol and acetate|g__Escherichia.s__Escherichia_coli	7.5427270531
NAGLIPASYN-PWY: lipid IVA biosynthesis	11.5114181768
NAGLIPASYN-PWY: lipid IVA biosynthesis|g__Escherichia.s__Escherichia_coli	3.1590396978
NAD-BIOSYNTHESIS-II: NAD salvage pathway II	11.4716198899
NAD-BIOSYNTHESIS-II: NAD salvage pathway II|g__Escherichia.s__Escherichia_coli	2.8539002589
PWY-6969: TCA cycle V (2-oxoglutarate:ferredoxin oxidoreductase)	10.8559246660
PWY-6969: TCA cycle V (2-oxoglutarate:ferredoxin oxidoreductase)|g__Escherichia.s__Escherichia_coli	6.0842643598
FUC-RHAMCAT-PWY: superpathway of fucose and rhamnose degradation	10.2453801616
GALACTUROCAT-PWY: D-galacturonate degradation I	9.2031067048
GALACTUROCAT-PWY: D-galacturonate degradation I|g__Escherichia.s__Escherichia_coli	4.4671715321
GLUDEG-I-PWY: GABA shunt	9.0241674824
PWY-6305: putrescine biosynthesis IV	9.0138798184
PWY-6305: putrescine biosynthesis IV|g__Escherichia.s__Escherichia_coli	5.9745193094
PWY-6305: putrescine biosynthesis IV|g__Blautia.s__Ruminococcus_torques	2.4356092559
PWY-7269: NAD/NADP-NADH/NADPH mitochondrial interconversion (yeast)	8.9920098831
PWY-7269: NAD/NADP-NADH/NADPH mitochondrial interconversion (yeast)|g__Escherichia.s__Escherichia_coli	5.4722119592
PWY-5367: petroselinate biosynthesis	8.9379255848
PWY-5367: petroselinate biosynthesis|g__Blautia.s__Ruminococcus_torques	2.4529368725
PPGPPMET-PWY: ppGpp biosynthesis	8.4888065814
ARG+POLYAMINE-SYN: superpathway of arginine and polyamine biosynthesis	8.3338610098
COBALSYN-PWY: adenosylcobalamin salvage from cobinamide I	8.3153274614
COBALSYN-PWY: adenosylcobalamin salvage from cobinamide I|g__Escherichia.s__Escherichia_coli	3.4082563125
PWY-5505: L-glutamate and L-glutamine biosynthesis	8.3142326294
TCA-GLYOX-BYPASS: superpathway of glyoxylate bypass and TCA	8.2731842702
TCA-GLYOX-BYPASS: superpathway of glyoxylate bypass and TCA|g__Escherichia.s__Escherichia_coli	5.5236640988
P42-PWY: incomplete reductive TCA cycle	8.2616228036
PWY-5690: TCA cycle II (plants and fungi)	8.0972299404
PWY-5690: TCA cycle II (plants and fungi)|g__Escherichia.s__Escherichia_coli	5.9442325460
PWY-5083: NAD/NADH phosphorylation and dephosphorylation	8.0736290619
PWY-5083: NAD/NADH phosphorylation and dephosphorylation|g__Escherichia.s__Escherichia_coli	5.0499900123
P105-PWY: TCA cycle IV (2-oxoglutarate decarboxylase)	7.9936318962
P105-PWY: TCA cycle IV (2-oxoglutarate decarboxylase)|g__Escherichia.s__Escherichia_coli	6.0842643598
PWY-4702: phytate degradation I	7.2824314664
PWY-4702: phytate degradation I|g__Escherichia.s__Escherichia_coli	2.2363440527
PWY-4041: &gamma;-glutamyl cycle	6.8932672900
PWY-4041: &gamma;-glutamyl cycle|g__Escherichia.s__Escherichia_coli	4.9572644243
CITRULBIO-PWY: L-citrulline biosynthesis	6.8275409008
PWY-5913: TCA cycle VI (obligate autotrophs)	6.8072066571
PWY-5913: TCA cycle VI (obligate autotrophs)|g__Escherichia.s__Escherichia_coli	3.6457250352
PWY-5918: superpathay of heme biosynthesis from glutamate	6.6468400264
GLYOXYLATE-BYPASS: glyoxylate cycle	6.4186664204
GLYOXYLATE-BYPASS: glyoxylate cycle|g__Escherichia.s__Escherichia_coli	5.3111612590
PWY-5920: superpathway of heme biosynthesis from glycine	6.3660078304
PWY-7254: TCA cycle VII (acetate-producers)	6.1490167321
PWY-7254: TCA cycle VII (acetate-producers)|g__Escherichia.s__Escherichia_coli	3.8572365149
PWY-4984: urea cycle	5.8370811724
PWY-5464: superpathway of cytosolic glycolysis (plants), pyruvate dehydrogenase and TCA cycle	5.5966390863
PWY-7328: superpathway of UDP-glucose-derived O-antigen building blocks biosynthesis	5.5426299962
REDCITCYC: TCA cycle VIII (helicobacter)	5.5036494358
PWY-5188: tetrapyrrole biosynthesis I (from glutamate)	5.0971317494
PWY-5188: tetrapyrrole biosynthesis I (from glutamate)|g__Escherichia.s__Escherichia_coli	1.6401337746
PWY0-1533: methylphosphonate degradation I	5.0770525941
PWY0-1533: methylphosphonate degradation I|g__Escherichia.s__Escherichia_coli	5.0770525941
PWY-6803: phosphatidylcholine acyl editing	4.9139040628
PWY-6803: phosphatidylcholine acyl editing|g__Escherichia.s__Escherichia_coli	3.1833995370
GLYCOCAT-PWY: glycogen degradation I (bacterial)	4.8416871969
PWY-5345: superpathway of L-methionine biosynthesis (by sulfhydrylation)	4.7782198871
PWY-561: superpathway of glyoxylate cycle and fatty acid degradation	4.7756463255
GLUCOSE1PMETAB-PWY: glucose and glucose-1-phosphate degradation	4.7045304827
GLUCOSE1PMETAB-PWY: glucose and glucose-1-phosphate degradation|g__Escherichia.s__Escherichia_coli	2.1782774612
PWY0-1241: ADP-L-glycero-&beta;-D-manno-heptose biosynthesis	4.6854806321
PWY0-1241: ADP-L-glycero-&beta;-D-manno-heptose biosynthesis|g__Escherichia.s__Escherichia_coli	4.6854806321
LACTOSECAT-PWY: lactose and galactose degradation I	4.6759514402
KDO-NAGLIPASYN-PWY: superpathway of (Kdo)2-lipid A biosynthesis	4.6491664661
KDO-NAGLIPASYN-PWY: superpathway of (Kdo)2-lipid A biosynthesis|g__Escherichia.s__Escherichia_coli	3.8559615342
POLYAMSYN-PWY: superpathway of polyamine biosynthesis I	4.5082994703
POLYAMSYN-PWY: superpathway of polyamine biosynthesis I|g__Escherichia.s__Escherichia_coli	2.9329086732
PWY-2723: trehalose degradation V	4.4731091364
PWY-2723: trehalose degradation V|g__Escherichia.s__Escherichia_coli	1.4640448809
PWY-5189: tetrapyrrole biosynthesis II (from glycine)	4.3041629020
PWY-5189: tetrapyrrole biosynthesis II (from glycine)|g__Escherichia.s__Escherichia_coli	2.6830356945
PWY-7409: phospholipid remodeling (phosphatidylethanolamine, yeast)	3.8848890473
PWY-7409: phospholipid remodeling (phosphatidylethanolamine, yeast)|g__Escherichia.s__Escherichia_coli	3.3949893809
PWY-821: superpathway of sulfur amino acid biosynthesis (Saccharomyces cerevisiae)	3.8649037150
GLYCOL-GLYOXDEG-PWY: superpathway of glycol metabolism and degradation	3.7940983774
GLYCOL-GLYOXDEG-PWY: superpathway of glycol metabolism and degradation|g__Escherichia.s__Escherichia_coli	3.3265881490
TRNA-CHARGING-PWY: tRNA charging	3.4383614899
PWY-5101: L-isoleucine biosynthesis II	3.4314534892
PWY-5173: superpathway of acetyl-CoA biosynthesis	3.4267105134
PWY-5173: superpathway of acetyl-CoA biosynthesis|g__Escherichia.s__Escherichia_coli	2.6044211760
FAO-PWY: fatty acid &beta;-oxidation I	3.3874714164
PWY-5855: ubiquinol-7 biosynthesis (prokaryotic)	3.3643493446
PWY-5855: ubiquinol-7 biosynthesis (prokaryotic)|g__Escherichia.s__Escherichia_coli	3.3643493446
PWY-5856: ubiquinol-9 biosynthesis (prokaryotic)	3.3643493446
PWY-5856: ubiquinol-9 biosynthesis (prokaryotic)|g__Escherichia.s__Escherichia_coli	3.3643493446
PWY-5857: ubiquinol-10 biosynthesis (prokaryotic)	3.3643493446
PWY-5857: ubiquinol-10 biosynthesis (prokaryotic)|g__Escherichia.s__Escherichia_coli	3.3643493446
PWY-6708: ubiquinol-8 biosynthesis (prokaryotic)	3.3643493446
PWY-6708: ubiquinol-8 biosynthesis (prokaryotic)|g__Escherichia.s__Escherichia_coli	3.3643493446
PWY-4981: L-proline biosynthesis II (from arginine)	3.3468808308
PWY-4981: L-proline biosynthesis II (from arginine)|g__Escherichia.s__Escherichia_coli	2.3804011586
ECASYN-PWY: enterobacterial common antigen biosynthesis	3.2680194085
ECASYN-PWY: enterobacterial common antigen biosynthesis|g__Escherichia.s__Escherichia_coli	2.9359499986
AST-PWY: L-arginine degradation II (AST pathway)	3.1515146777
AST-PWY: L-arginine degradation II (AST pathway)|g__Escherichia.s__Escherichia_coli	3.1515146777
PWY-5136: fatty acid &beta;-oxidation II (peroxisome)	2.9415633648
AEROBACTINSYN-PWY: aerobactin biosynthesis	2.8333125268
AEROBACTINSYN-PWY: aerobactin biosynthesis|g__Escherichia.s__Escherichia_coli	2.8333125268
PWY-6823: molybdenum cofactor biosynthesis	2.6100086568
PWY-6823: molybdenum cofactor biosynthesis|g__Escherichia.s__Escherichia_coli	2.3944252628
PWY-7446: sulfoglycolysis	2.4968201396
PWY-7446: sulfoglycolysis|g__Escherichia.s__Escherichia_coli	2.4968201396
GLUCARDEG-PWY: D-glucarate degradation I	2.4544346402
GLUCARDEG-PWY: D-glucarate degradation I|g__Escherichia.s__Escherichia_coli	2.3647750154
METHGLYUT-PWY: superpathway of methylglyoxal degradation	2.4448554287
METHGLYUT-PWY: superpathway of methylglyoxal degradation|g__Escherichia.s__Escherichia_coli	2.1246063505
PWY-5705: allantoin degradation to glyoxylate III	2.3691146296
PWY-5705: allantoin degradation to glyoxylate III|g__Escherichia.s__Escherichia_coli	2.0672682068
P125-PWY: superpathway of (R,R)-butanediol biosynthesis	2.1413004617
PWY0-1338: polymyxin resistance	1.9578854945
PWY0-1338: polymyxin resistance|g__Escherichia.s__Escherichia_coli	1.9578854945
PWY-5692: allantoin degradation to glyoxylate II	1.6617411328
URDEGR-PWY: superpathway of allantoin degradation in plants	1.6617411328
PWY0-1298: superpathway of pyrimidine deoxyribonucleosides degradation	1.5775148675
PWY0-41: allantoin degradation IV (anaerobic)	1.5740515889
PWY0-1479: tRNA processing	1.5691982678
GALACTARDEG-PWY: D-galactarate degradation I	1.0407797344
GALACTARDEG-PWY: D-galactarate degradation I|g__Escherichia.s__Escherichia_coli	1.0243115204
GLUCARGALACTSUPER-PWY: superpathway of D-glucarate and D-galactarate degradation	1.0407797344
GLUCARGALACTSUPER-PWY: superpathway of D-glucarate and D-galactarate degradation|g__Escherichia.s__Escherichia_coli	1.0243115204