# Pathway	ERR481057_Abundance
UNMAPPED	146618.3161503523
UNINTEGRATED	147481.7380451537
UNINTEGRATED|g__Faecalibacterium.s__Faecalibacterium_prausnitzii	42477.5693794020
UNINTEGRATED|g__Bacteroides.s__Bacteroides_dorei	29396.3038202942
UNINTEGRATED|g__Eubacterium.s__Eubacterium_rectale	10690.8471469399
UNINTEGRATED|g__Bacteroides.s__Bacteroides_uniformis	9131.9204661997
UNINTEGRATED|g__Bacteroides.s__Bacteroides_eggerthii	8202.6219098119
UNINTEGRATED|g__Alistipes.s__Alistipes_putredinis	5158.2058714480
UNINTEGRATED|g__Bacteroides.s__Bacteroides_fragilis	4755.2390620069
UNINTEGRATED|g__Bacteroides.s__Bacteroides_ovatus	4014.4632473078
UNINTEGRATED|g__Parabacteroides.s__Parabacteroides_merdae	3569.4865192984
UNINTEGRATED|g__Roseburia.s__Roseburia_inulinivorans	3233.5215125064
UNINTEGRATED|g__Sutterella.s__Sutterella_wadsworthensis	3021.9838440681
UNINTEGRATED|g__Dialister.s__Dialister_invisus	2899.5014381883
UNINTEGRATED|g__Bifidobacterium.s__Bifidobacterium_longum	2149.1443599726
UNINTEGRATED|g__Bacteroides.s__Bacteroides_caccae	2063.3535992484
UNINTEGRATED|g__Barnesiella.s__Barnesiella_intestinihominis	2037.3302999443
UNINTEGRATED|g__Parabacteroides.s__Parabacteroides_distasonis	1684.5075294523
UNINTEGRATED|g__Coprococcus.s__Coprococcus_comes	1103.3121532124
UNINTEGRATED|g__Blautia.s__Ruminococcus_torques	1090.5378960636
UNINTEGRATED|g__Bacteroides.s__Bacteroides_thetaiotaomicron	949.0458521534
UNINTEGRATED|g__Ruminococcus.s__Ruminococcus_bromii	658.9721550769
UNINTEGRATED|g__Alistipes.s__Alistipes_shahii	539.1225090528
UNINTEGRATED|g__Lachnospiraceae_noname.s__Lachnospiraceae_bacterium_8_1_57FAA	411.6947504808
UNINTEGRATED|g__Collinsella.s__Collinsella_aerofaciens	233.4452375456
PWY-7219: adenosine ribonucleotides de novo biosynthesis	179.9427517641
PWY-7219: adenosine ribonucleotides de novo biosynthesis|g__Faecalibacterium.s__Faecalibacterium_prausnitzii	67.1272367227
PWY-7219: adenosine ribonucleotides de novo biosynthesis|g__Bacteroides.s__Bacteroides_dorei	24.2920230507
PWY-7219: adenosine ribonucleotides de novo biosynthesis|g__Eubacterium.s__Eubacterium_rectale	21.6690454585
PWY-7219: adenosine ribonucleotides de novo biosynthesis|g__Dialister.s__Dialister_invisus	11.7396286241
PWY-7219: adenosine ribonucleotides de novo biosynthesis|g__Bacteroides.s__Bacteroides_uniformis	11.7341899145
PWY-7219: adenosine ribonucleotides de novo biosynthesis|g__Bacteroides.s__Bacteroides_eggerthii	9.9232525321
PWY-7219: adenosine ribonucleotides de novo biosynthesis|g__Alistipes.s__Alistipes_putredinis	6.4757891683
PWY-7219: adenosine ribonucleotides de novo biosynthesis|g__Barnesiella.s__Barnesiella_intestinihominis	4.4901885551
PWY-7219: adenosine ribonucleotides de novo biosynthesis|g__Bifidobacterium.s__Bifidobacterium_longum	4.1005871080
PWY-7219: adenosine ribonucleotides de novo biosynthesis|g__Sutterella.s__Sutterella_wadsworthensis	3.6577334672
PWY-7219: adenosine ribonucleotides de novo biosynthesis|g__Parabacteroides.s__Parabacteroides_distasonis	3.0532781727
PWY-7219: adenosine ribonucleotides de novo biosynthesis|g__Parabacteroides.s__Parabacteroides_merdae	2.2987715321
PWY-7219: adenosine ribonucleotides de novo biosynthesis|g__Bacteroides.s__Bacteroides_ovatus	1.9701039947
PWY-7219: adenosine ribonucleotides de novo biosynthesis|g__Ruminococcus.s__Ruminococcus_bromii	1.8005875197
PWY-7219: adenosine ribonucleotides de novo biosynthesis|g__Bacteroides.s__Bacteroides_thetaiotaomicron	1.2747298637
PWY-7219: adenosine ribonucleotides de novo biosynthesis|g__Blautia.s__Ruminococcus_torques	1.2299648885
PWY-7219: adenosine ribonucleotides de novo biosynthesis|g__Coprococcus.s__Coprococcus_comes	1.1303823561
PWY-7219: adenosine ribonucleotides de novo biosynthesis|g__Collinsella.s__Collinsella_aerofaciens	0.9719108181
PWY-6737: starch degradation V	161.4219173237
PWY-6737: starch degradation V|g__Faecalibacterium.s__Faecalibacterium_prausnitzii	64.2818909513
PWY-6737: starch degradation V|g__Eubacterium.s__Eubacterium_rectale	22.0209390308
PWY-6737: starch degradation V|g__Roseburia.s__Roseburia_inulinivorans	1.8602173136
PWY-6737: starch degradation V|g__Ruminococcus.s__Ruminococcus_bromii	1.1841414974
COA-PWY-1: coenzyme A biosynthesis II (mammalian)	148.6192505052
COA-PWY-1: coenzyme A biosynthesis II (mammalian)|g__Faecalibacterium.s__Faecalibacterium_prausnitzii	49.2309365926
COA-PWY-1: coenzyme A biosynthesis II (mammalian)|g__Eubacterium.s__Eubacterium_rectale	15.2288323692
COA-PWY-1: coenzyme A biosynthesis II (mammalian)|g__Bacteroides.s__Bacteroides_dorei	15.1908263550
COA-PWY-1: coenzyme A biosynthesis II (mammalian)|g__Bacteroides.s__Bacteroides_eggerthii	14.5728614205
COA-PWY-1: coenzyme A biosynthesis II (mammalian)|g__Alistipes.s__Alistipes_putredinis	11.1067926422
COA-PWY-1: coenzyme A biosynthesis II (mammalian)|g__Sutterella.s__Sutterella_wadsworthensis	2.9041027420
COA-PWY-1: coenzyme A biosynthesis II (mammalian)|g__Bacteroides.s__Bacteroides_uniformis	2.6396587626
COA-PWY-1: coenzyme A biosynthesis II (mammalian)|g__Roseburia.s__Roseburia_inulinivorans	2.5262846754
COA-PWY-1: coenzyme A biosynthesis II (mammalian)|g__Dialister.s__Dialister_invisus	2.1912847785
PWY-6386: UDP-N-acetylmuramoyl-pentapeptide biosynthesis II (lysine-containing)	143.0740317844
PWY-6386: UDP-N-acetylmuramoyl-pentapeptide biosynthesis II (lysine-containing)|g__Faecalibacterium.s__Faecalibacterium_prausnitzii	36.6606117607
PWY-6386: UDP-N-acetylmuramoyl-pentapeptide biosynthesis II (lysine-containing)|g__Alistipes.s__Alistipes_putredinis	13.3368468263
PWY-6386: UDP-N-acetylmuramoyl-pentapeptide biosynthesis II (lysine-containing)|g__Eubacterium.s__Eubacterium_rectale	12.1101698097
PWY-6386: UDP-N-acetylmuramoyl-pentapeptide biosynthesis II (lysine-containing)|g__Bacteroides.s__Bacteroides_uniformis	5.6051564732
PWY-6386: UDP-N-acetylmuramoyl-pentapeptide biosynthesis II (lysine-containing)|g__Barnesiella.s__Barnesiella_intestinihominis	3.6780307652
PWY-6386: UDP-N-acetylmuramoyl-pentapeptide biosynthesis II (lysine-containing)|g__Sutterella.s__Sutterella_wadsworthensis	3.2410947401
PWY-6386: UDP-N-acetylmuramoyl-pentapeptide biosynthesis II (lysine-containing)|g__Parabacteroides.s__Parabacteroides_merdae	3.0872572078
PWY-5686: UMP biosynthesis	142.7919100001
PWY-5686: UMP biosynthesis|g__Faecalibacterium.s__Faecalibacterium_prausnitzii	63.0570732104
PWY-5686: UMP biosynthesis|g__Eubacterium.s__Eubacterium_rectale	8.4882774083
PWY-5686: UMP biosynthesis|g__Alistipes.s__Alistipes_putredinis	7.8707217044
PWY-5686: UMP biosynthesis|g__Bacteroides.s__Bacteroides_uniformis	7.3474554219
PWY-5686: UMP biosynthesis|g__Bacteroides.s__Bacteroides_eggerthii	6.9645995363
PWY-5686: UMP biosynthesis|g__Dialister.s__Dialister_invisus	2.8480680905
PWY-5686: UMP biosynthesis|g__Barnesiella.s__Barnesiella_intestinihominis	2.2767861251
ILEUSYN-PWY: L-isoleucine biosynthesis I (from threonine)	142.5220163693
ILEUSYN-PWY: L-isoleucine biosynthesis I (from threonine)|g__Faecalibacterium.s__Faecalibacterium_prausnitzii	70.1307582266
ILEUSYN-PWY: L-isoleucine biosynthesis I (from threonine)|g__Bifidobacterium.s__Bifidobacterium_longum	2.6884556946
PWY-7111: pyruvate fermentation to isobutanol (engineered)	142.5220163693
PWY-7111: pyruvate fermentation to isobutanol (engineered)|g__Faecalibacterium.s__Faecalibacterium_prausnitzii	68.0077487209
PWY-7111: pyruvate fermentation to isobutanol (engineered)|g__Eubacterium.s__Eubacterium_rectale	17.2153214578
PWY-7111: pyruvate fermentation to isobutanol (engineered)|g__Parabacteroides.s__Parabacteroides_merdae	3.1415231307
PWY-7111: pyruvate fermentation to isobutanol (engineered)|g__Barnesiella.s__Barnesiella_intestinihominis	2.8268177755
PWY-7111: pyruvate fermentation to isobutanol (engineered)|g__Bifidobacterium.s__Bifidobacterium_longum	2.5594791815
PWY-7111: pyruvate fermentation to isobutanol (engineered)|g__Ruminococcus.s__Ruminococcus_bromii	2.0762291061
PWY-7111: pyruvate fermentation to isobutanol (engineered)|g__Bacteroides.s__Bacteroides_caccae	1.7618035275
PWY-7111: pyruvate fermentation to isobutanol (engineered)|g__Coprococcus.s__Coprococcus_comes	0.9462150031
VALSYN-PWY: L-valine biosynthesis	142.5220163693
VALSYN-PWY: L-valine biosynthesis|g__Faecalibacterium.s__Faecalibacterium_prausnitzii	70.1307582266
VALSYN-PWY: L-valine biosynthesis|g__Eubacterium.s__Eubacterium_rectale	17.2153214578
VALSYN-PWY: L-valine biosynthesis|g__Parabacteroides.s__Parabacteroides_merdae	3.1415231307
VALSYN-PWY: L-valine biosynthesis|g__Barnesiella.s__Barnesiella_intestinihominis	2.8268177755
VALSYN-PWY: L-valine biosynthesis|g__Bifidobacterium.s__Bifidobacterium_longum	2.6884556946
VALSYN-PWY: L-valine biosynthesis|g__Ruminococcus.s__Ruminococcus_bromii	2.0762291061
VALSYN-PWY: L-valine biosynthesis|g__Bacteroides.s__Bacteroides_caccae	1.7618035275
VALSYN-PWY: L-valine biosynthesis|g__Roseburia.s__Roseburia_inulinivorans	1.0531663379
VALSYN-PWY: L-valine biosynthesis|g__Coprococcus.s__Coprococcus_comes	0.9462150031
PWY-6387: UDP-N-acetylmuramoyl-pentapeptide biosynthesis I (meso-diaminopimelate containing)	141.0013873492
PWY-6387: UDP-N-acetylmuramoyl-pentapeptide biosynthesis I (meso-diaminopimelate containing)|g__Faecalibacterium.s__Faecalibacterium_prausnitzii	42.1685044061
PWY-6387: UDP-N-acetylmuramoyl-pentapeptide biosynthesis I (meso-diaminopimelate containing)|g__Bacteroides.s__Bacteroides_dorei	28.8420946270
PWY-6387: UDP-N-acetylmuramoyl-pentapeptide biosynthesis I (meso-diaminopimelate containing)|g__Alistipes.s__Alistipes_putredinis	13.3097961623
PWY-6387: UDP-N-acetylmuramoyl-pentapeptide biosynthesis I (meso-diaminopimelate containing)|g__Eubacterium.s__Eubacterium_rectale	11.0838898088
PWY-6387: UDP-N-acetylmuramoyl-pentapeptide biosynthesis I (meso-diaminopimelate containing)|g__Bacteroides.s__Bacteroides_uniformis	5.7519986394
PWY-6387: UDP-N-acetylmuramoyl-pentapeptide biosynthesis I (meso-diaminopimelate containing)|g__Barnesiella.s__Barnesiella_intestinihominis	3.4264197952
PWY-6387: UDP-N-acetylmuramoyl-pentapeptide biosynthesis I (meso-diaminopimelate containing)|g__Sutterella.s__Sutterella_wadsworthensis	3.1692797988
PWY-6387: UDP-N-acetylmuramoyl-pentapeptide biosynthesis I (meso-diaminopimelate containing)|g__Parabacteroides.s__Parabacteroides_merdae	2.4276327145
PWY-1042: glycolysis IV (plant cytosol)	140.9958162742
PWY-1042: glycolysis IV (plant cytosol)|g__Faecalibacterium.s__Faecalibacterium_prausnitzii	64.3267367086
PWY-1042: glycolysis IV (plant cytosol)|g__Barnesiella.s__Barnesiella_intestinihominis	3.0337890434
PEPTIDOGLYCANSYN-PWY: peptidoglycan biosynthesis I (meso-diaminopimelate containing)	134.8622746818
PEPTIDOGLYCANSYN-PWY: peptidoglycan biosynthesis I (meso-diaminopimelate containing)|g__Faecalibacterium.s__Faecalibacterium_prausnitzii	37.4602755560
PEPTIDOGLYCANSYN-PWY: peptidoglycan biosynthesis I (meso-diaminopimelate containing)|g__Bacteroides.s__Bacteroides_dorei	27.8011827588
PEPTIDOGLYCANSYN-PWY: peptidoglycan biosynthesis I (meso-diaminopimelate containing)|g__Alistipes.s__Alistipes_putredinis	13.3719320050
PEPTIDOGLYCANSYN-PWY: peptidoglycan biosynthesis I (meso-diaminopimelate containing)|g__Bacteroides.s__Bacteroides_uniformis	6.0084728991
PEPTIDOGLYCANSYN-PWY: peptidoglycan biosynthesis I (meso-diaminopimelate containing)|g__Barnesiella.s__Barnesiella_intestinihominis	3.4017733444
PEPTIDOGLYCANSYN-PWY: peptidoglycan biosynthesis I (meso-diaminopimelate containing)|g__Sutterella.s__Sutterella_wadsworthensis	3.3743383787
PEPTIDOGLYCANSYN-PWY: peptidoglycan biosynthesis I (meso-diaminopimelate containing)|g__Parabacteroides.s__Parabacteroides_merdae	2.7014137743
PWY-6121: 5-aminoimidazole ribonucleotide biosynthesis I	130.1898359423
PWY-6121: 5-aminoimidazole ribonucleotide biosynthesis I|g__Faecalibacterium.s__Faecalibacterium_prausnitzii	27.7115877287
PWY-6121: 5-aminoimidazole ribonucleotide biosynthesis I|g__Alistipes.s__Alistipes_putredinis	6.2154291776
PWY-6121: 5-aminoimidazole ribonucleotide biosynthesis I|g__Sutterella.s__Sutterella_wadsworthensis	5.1046730232
PWY-6121: 5-aminoimidazole ribonucleotide biosynthesis I|g__Dialister.s__Dialister_invisus	3.4956298096
PWY-6121: 5-aminoimidazole ribonucleotide biosynthesis I|g__Roseburia.s__Roseburia_inulinivorans	2.5203543073
PWY-6121: 5-aminoimidazole ribonucleotide biosynthesis I|g__Bifidobacterium.s__Bifidobacterium_longum	2.1566073048
PWY-6122: 5-aminoimidazole ribonucleotide biosynthesis II	129.7511817985
PWY-6122: 5-aminoimidazole ribonucleotide biosynthesis II|g__Faecalibacterium.s__Faecalibacterium_prausnitzii	31.5027137858
PWY-6122: 5-aminoimidazole ribonucleotide biosynthesis II|g__Alistipes.s__Alistipes_putredinis	5.4397654557
PWY-6122: 5-aminoimidazole ribonucleotide biosynthesis II|g__Sutterella.s__Sutterella_wadsworthensis	5.0975419081
PWY-6122: 5-aminoimidazole ribonucleotide biosynthesis II|g__Dialister.s__Dialister_invisus	3.4418232020
PWY-6122: 5-aminoimidazole ribonucleotide biosynthesis II|g__Roseburia.s__Roseburia_inulinivorans	3.2320671252
PWY-6122: 5-aminoimidazole ribonucleotide biosynthesis II|g__Bifidobacterium.s__Bifidobacterium_longum	2.2016086275
PWY-6122: 5-aminoimidazole ribonucleotide biosynthesis II|g__Coprococcus.s__Coprococcus_comes	1.2542619610
PWY-6122: 5-aminoimidazole ribonucleotide biosynthesis II|g__Ruminococcus.s__Ruminococcus_bromii	1.1627295729
PWY-6277: superpathway of 5-aminoimidazole ribonucleotide biosynthesis	129.7511817985
PWY-6277: superpathway of 5-aminoimidazole ribonucleotide biosynthesis|g__Faecalibacterium.s__Faecalibacterium_prausnitzii	31.5027137858
PWY-6277: superpathway of 5-aminoimidazole ribonucleotide biosynthesis|g__Alistipes.s__Alistipes_putredinis	5.4397654557
PWY-6277: superpathway of 5-aminoimidazole ribonucleotide biosynthesis|g__Sutterella.s__Sutterella_wadsworthensis	5.0975419081
PWY-6277: superpathway of 5-aminoimidazole ribonucleotide biosynthesis|g__Dialister.s__Dialister_invisus	3.4418232020
PWY-6277: superpathway of 5-aminoimidazole ribonucleotide biosynthesis|g__Roseburia.s__Roseburia_inulinivorans	3.2320671252
PWY-6277: superpathway of 5-aminoimidazole ribonucleotide biosynthesis|g__Bifidobacterium.s__Bifidobacterium_longum	2.2016086275
PWY-6277: superpathway of 5-aminoimidazole ribonucleotide biosynthesis|g__Coprococcus.s__Coprococcus_comes	1.2542619610
PWY-6277: superpathway of 5-aminoimidazole ribonucleotide biosynthesis|g__Ruminococcus.s__Ruminococcus_bromii	1.1627295729
PWY-5667: CDP-diacylglycerol biosynthesis I	124.8204411130
PWY-5667: CDP-diacylglycerol biosynthesis I|g__Faecalibacterium.s__Faecalibacterium_prausnitzii	38.6285249470
PWY-5667: CDP-diacylglycerol biosynthesis I|g__Eubacterium.s__Eubacterium_rectale	13.9328692109
PWY-5667: CDP-diacylglycerol biosynthesis I|g__Bacteroides.s__Bacteroides_eggerthii	8.5029501845
PWY-5667: CDP-diacylglycerol biosynthesis I|g__Bacteroides.s__Bacteroides_uniformis	8.2026399816
PWY-5667: CDP-diacylglycerol biosynthesis I|g__Dialister.s__Dialister_invisus	5.7312035855
PWY-5667: CDP-diacylglycerol biosynthesis I|g__Bacteroides.s__Bacteroides_ovatus	1.7189263713
PWY-5667: CDP-diacylglycerol biosynthesis I|g__Barnesiella.s__Barnesiella_intestinihominis	1.4367816092
PWY0-1319: CDP-diacylglycerol biosynthesis II	124.8204411130
PWY0-1319: CDP-diacylglycerol biosynthesis II|g__Faecalibacterium.s__Faecalibacterium_prausnitzii	38.6285249470
PWY0-1319: CDP-diacylglycerol biosynthesis II|g__Eubacterium.s__Eubacterium_rectale	13.9328692109
PWY0-1319: CDP-diacylglycerol biosynthesis II|g__Bacteroides.s__Bacteroides_eggerthii	8.5029501845
PWY0-1319: CDP-diacylglycerol biosynthesis II|g__Bacteroides.s__Bacteroides_uniformis	8.2026399816
PWY0-1319: CDP-diacylglycerol biosynthesis II|g__Dialister.s__Dialister_invisus	5.7312035855
PWY0-1319: CDP-diacylglycerol biosynthesis II|g__Bacteroides.s__Bacteroides_ovatus	1.7189263713
PWY0-1319: CDP-diacylglycerol biosynthesis II|g__Barnesiella.s__Barnesiella_intestinihominis	1.4367816092
PWY-6385: peptidoglycan biosynthesis III (mycobacteria)	124.3064879562
PWY-6385: peptidoglycan biosynthesis III (mycobacteria)|g__Faecalibacterium.s__Faecalibacterium_prausnitzii	37.8040504916
PWY-6151: S-adenosyl-L-methionine cycle I	123.6604462554
PWY-6151: S-adenosyl-L-methionine cycle I|g__Faecalibacterium.s__Faecalibacterium_prausnitzii	46.5294694675
PWY-6151: S-adenosyl-L-methionine cycle I|g__Bacteroides.s__Bacteroides_dorei	23.0229759317
PWY-6151: S-adenosyl-L-methionine cycle I|g__Eubacterium.s__Eubacterium_rectale	12.6207119958
PWY-6151: S-adenosyl-L-methionine cycle I|g__Bacteroides.s__Bacteroides_uniformis	6.7564117398
NONMEVIPP-PWY: methylerythritol phosphate pathway I	123.6176339068
NONMEVIPP-PWY: methylerythritol phosphate pathway I|g__Eubacterium.s__Eubacterium_rectale	12.6130682683
NONMEVIPP-PWY: methylerythritol phosphate pathway I|g__Alistipes.s__Alistipes_putredinis	11.2362020109
NONMEVIPP-PWY: methylerythritol phosphate pathway I|g__Bacteroides.s__Bacteroides_eggerthii	7.9711440248
PWY-7221: guanosine ribonucleotides de novo biosynthesis	122.4201507015
PWY-7221: guanosine ribonucleotides de novo biosynthesis|g__Faecalibacterium.s__Faecalibacterium_prausnitzii	28.5235090040
PWY-7221: guanosine ribonucleotides de novo biosynthesis|g__Bacteroides.s__Bacteroides_dorei	24.1640359247
PWY-7221: guanosine ribonucleotides de novo biosynthesis|g__Eubacterium.s__Eubacterium_rectale	14.1768034576
PWY-7221: guanosine ribonucleotides de novo biosynthesis|g__Alistipes.s__Alistipes_putredinis	8.7230177081
PWY-7221: guanosine ribonucleotides de novo biosynthesis|g__Dialister.s__Dialister_invisus	6.2623780246
PWY-7221: guanosine ribonucleotides de novo biosynthesis|g__Sutterella.s__Sutterella_wadsworthensis	2.7353321683
PWY-7221: guanosine ribonucleotides de novo biosynthesis|g__Bacteroides.s__Bacteroides_caccae	2.6118800132
PWY-7221: guanosine ribonucleotides de novo biosynthesis|g__Barnesiella.s__Barnesiella_intestinihominis	2.2409155702
PWY-7221: guanosine ribonucleotides de novo biosynthesis|g__Roseburia.s__Roseburia_inulinivorans	2.1728729896
PWY-7221: guanosine ribonucleotides de novo biosynthesis|g__Ruminococcus.s__Ruminococcus_bromii	1.8332613241
PWY-7221: guanosine ribonucleotides de novo biosynthesis|g__Parabacteroides.s__Parabacteroides_distasonis	1.0631170379
ANAGLYCOLYSIS-PWY: glycolysis III (from glucose)	121.7949967126
CALVIN-PWY: Calvin-Benson-Bassham cycle	120.2252641364
CALVIN-PWY: Calvin-Benson-Bassham cycle|g__Faecalibacterium.s__Faecalibacterium_prausnitzii	38.0939169527
CALVIN-PWY: Calvin-Benson-Bassham cycle|g__Ruminococcus.s__Ruminococcus_bromii	2.4656865329
PWY-5097: L-lysine biosynthesis VI	117.6048760404
PWY-5097: L-lysine biosynthesis VI|g__Faecalibacterium.s__Faecalibacterium_prausnitzii	31.1008862090
PWY-5097: L-lysine biosynthesis VI|g__Eubacterium.s__Eubacterium_rectale	13.5564767377
PWY-5097: L-lysine biosynthesis VI|g__Bacteroides.s__Bacteroides_eggerthii	10.8083761470
PWY-5097: L-lysine biosynthesis VI|g__Bacteroides.s__Bacteroides_uniformis	8.7057639830
PWY-5097: L-lysine biosynthesis VI|g__Parabacteroides.s__Parabacteroides_merdae	3.2881117194
PWY-5097: L-lysine biosynthesis VI|g__Barnesiella.s__Barnesiella_intestinihominis	1.9364990834
PWY-5097: L-lysine biosynthesis VI|g__Dialister.s__Dialister_invisus	1.7533511406
PWY-5097: L-lysine biosynthesis VI|g__Bacteroides.s__Bacteroides_caccae	1.7116502435
PWY-5097: L-lysine biosynthesis VI|g__Parabacteroides.s__Parabacteroides_distasonis	1.4689853600
PWY-2942: L-lysine biosynthesis III	115.6887750926
PWY-2942: L-lysine biosynthesis III|g__Faecalibacterium.s__Faecalibacterium_prausnitzii	26.3676352854
PWY-2942: L-lysine biosynthesis III|g__Bacteroides.s__Bacteroides_dorei	19.7822886010
PWY-2942: L-lysine biosynthesis III|g__Bacteroides.s__Bacteroides_eggerthii	10.5289800657
PWY-2942: L-lysine biosynthesis III|g__Bacteroides.s__Bacteroides_uniformis	8.8865879379
PWY-2942: L-lysine biosynthesis III|g__Dialister.s__Dialister_invisus	4.2885432793
PWY-2942: L-lysine biosynthesis III|g__Parabacteroides.s__Parabacteroides_merdae	3.2051391820
PWY-2942: L-lysine biosynthesis III|g__Bacteroides.s__Bacteroides_thetaiotaomicron	1.9124906451
PWY-2942: L-lysine biosynthesis III|g__Parabacteroides.s__Parabacteroides_distasonis	1.7451193944
PWY-2942: L-lysine biosynthesis III|g__Bacteroides.s__Bacteroides_caccae	1.6917307144
BRANCHED-CHAIN-AA-SYN-PWY: superpathway of branched amino acid biosynthesis	111.7505793491
BRANCHED-CHAIN-AA-SYN-PWY: superpathway of branched amino acid biosynthesis|g__Faecalibacterium.s__Faecalibacterium_prausnitzii	67.2884801594
BRANCHED-CHAIN-AA-SYN-PWY: superpathway of branched amino acid biosynthesis|g__Bifidobacterium.s__Bifidobacterium_longum	2.4086098263
PWY-5695: urate biosynthesis/inosine 5'-phosphate degradation	109.8502973792
PWY-5695: urate biosynthesis/inosine 5'-phosphate degradation|g__Faecalibacterium.s__Faecalibacterium_prausnitzii	31.1370253539
PWY-5695: urate biosynthesis/inosine 5'-phosphate degradation|g__Bacteroides.s__Bacteroides_dorei	15.8330543302
PWY-5695: urate biosynthesis/inosine 5'-phosphate degradation|g__Bacteroides.s__Bacteroides_eggerthii	2.6586696342
PWY-5695: urate biosynthesis/inosine 5'-phosphate degradation|g__Barnesiella.s__Barnesiella_intestinihominis	1.3790725737
PWY-5695: urate biosynthesis/inosine 5'-phosphate degradation|g__Parabacteroides.s__Parabacteroides_distasonis	1.0252467000
PWY0-1296: purine ribonucleosides degradation	103.8015237152
PWY0-1296: purine ribonucleosides degradation|g__Faecalibacterium.s__Faecalibacterium_prausnitzii	55.1794797180
PWY0-1296: purine ribonucleosides degradation|g__Eubacterium.s__Eubacterium_rectale	20.4890207808
PWY0-1296: purine ribonucleosides degradation|g__Roseburia.s__Roseburia_inulinivorans	5.1871338716
PWY0-1296: purine ribonucleosides degradation|g__Blautia.s__Ruminococcus_torques	1.1014948859
ARO-PWY: chorismate biosynthesis I	103.0349802354
ARO-PWY: chorismate biosynthesis I|g__Eubacterium.s__Eubacterium_rectale	11.0009522189
ARO-PWY: chorismate biosynthesis I|g__Roseburia.s__Roseburia_inulinivorans	1.5676504257
DTDPRHAMSYN-PWY: dTDP-L-rhamnose biosynthesis I	102.6269085748
DTDPRHAMSYN-PWY: dTDP-L-rhamnose biosynthesis I|g__Faecalibacterium.s__Faecalibacterium_prausnitzii	45.2246817651
DTDPRHAMSYN-PWY: dTDP-L-rhamnose biosynthesis I|g__Eubacterium.s__Eubacterium_rectale	12.6019237041
DTDPRHAMSYN-PWY: dTDP-L-rhamnose biosynthesis I|g__Bifidobacterium.s__Bifidobacterium_longum	2.1989501417
PWY-5103: L-isoleucine biosynthesis III	102.4781644888
PWY-5103: L-isoleucine biosynthesis III|g__Faecalibacterium.s__Faecalibacterium_prausnitzii	66.8877956029
PWY-5103: L-isoleucine biosynthesis III|g__Bifidobacterium.s__Bifidobacterium_longum	2.3870564513
COMPLETE-ARO-PWY: superpathway of aromatic amino acid biosynthesis	102.4779346718
COMPLETE-ARO-PWY: superpathway of aromatic amino acid biosynthesis|g__Eubacterium.s__Eubacterium_rectale	11.6429988765
PWY-6123: inosine-5'-phosphate biosynthesis I	100.5473058446
PWY-6123: inosine-5'-phosphate biosynthesis I|g__Faecalibacterium.s__Faecalibacterium_prausnitzii	52.5012148836
PWY-6123: inosine-5'-phosphate biosynthesis I|g__Bacteroides.s__Bacteroides_fragilis	0.8573878251
NONOXIPENT-PWY: pentose phosphate pathway (non-oxidative branch)	94.8235957406
NONOXIPENT-PWY: pentose phosphate pathway (non-oxidative branch)|g__Faecalibacterium.s__Faecalibacterium_prausnitzii	29.3626119594
NONOXIPENT-PWY: pentose phosphate pathway (non-oxidative branch)|g__Ruminococcus.s__Ruminococcus_bromii	1.2820512821
PWY-724: superpathway of L-lysine, L-threonine and L-methionine biosynthesis II	93.9213079944
PWY-724: superpathway of L-lysine, L-threonine and L-methionine biosynthesis II|g__Faecalibacterium.s__Faecalibacterium_prausnitzii	32.7625974585
PWY-6163: chorismate biosynthesis from 3-dehydroquinate	93.9023413424
PWY-6163: chorismate biosynthesis from 3-dehydroquinate|g__Eubacterium.s__Eubacterium_rectale	10.2185695834
PWY-6163: chorismate biosynthesis from 3-dehydroquinate|g__Roseburia.s__Roseburia_inulinivorans	1.5416844263
PANTO-PWY: phosphopantothenate biosynthesis I	93.2540542377
PANTO-PWY: phosphopantothenate biosynthesis I|g__Bacteroides.s__Bacteroides_dorei	19.1085428928
PANTO-PWY: phosphopantothenate biosynthesis I|g__Bacteroides.s__Bacteroides_eggerthii	14.7466449794
PANTO-PWY: phosphopantothenate biosynthesis I|g__Eubacterium.s__Eubacterium_rectale	13.4930474309
PANTO-PWY: phosphopantothenate biosynthesis I|g__Alistipes.s__Alistipes_putredinis	9.5255164481
PANTO-PWY: phosphopantothenate biosynthesis I|g__Bacteroides.s__Bacteroides_uniformis	5.9072964304
PANTO-PWY: phosphopantothenate biosynthesis I|g__Bacteroides.s__Bacteroides_caccae	1.9290611898
PANTO-PWY: phosphopantothenate biosynthesis I|g__Parabacteroides.s__Parabacteroides_merdae	1.7730319179
PANTO-PWY: phosphopantothenate biosynthesis I|g__Parabacteroides.s__Parabacteroides_distasonis	1.6910037665
PANTO-PWY: phosphopantothenate biosynthesis I|g__Bacteroides.s__Bacteroides_thetaiotaomicron	1.4845162527
PANTO-PWY: phosphopantothenate biosynthesis I|g__Bacteroides.s__Bacteroides_ovatus	1.4309444005
PANTO-PWY: phosphopantothenate biosynthesis I|g__Lachnospiraceae_noname.s__Lachnospiraceae_bacterium_8_1_57FAA	1.3183915623
PWY-6124: inosine-5'-phosphate biosynthesis II	92.6473664996
PWY-6124: inosine-5'-phosphate biosynthesis II|g__Faecalibacterium.s__Faecalibacterium_prausnitzii	55.4368242345
PWY-6124: inosine-5'-phosphate biosynthesis II|g__Bacteroides.s__Bacteroides_fragilis	0.7630093087
PWY-7229: superpathway of adenosine nucleotides de novo biosynthesis I	91.5627772079
PWY-7229: superpathway of adenosine nucleotides de novo biosynthesis I|g__Bacteroides.s__Bacteroides_dorei	16.3176438308
PWY-7229: superpathway of adenosine nucleotides de novo biosynthesis I|g__Sutterella.s__Sutterella_wadsworthensis	2.8893232639
PWY-3841: folate transformations II	90.2611189802
PWY-3841: folate transformations II|g__Bacteroides.s__Bacteroides_dorei	17.6242780043
PWY-3841: folate transformations II|g__Bacteroides.s__Bacteroides_uniformis	11.8760501003
PWY-3841: folate transformations II|g__Parabacteroides.s__Parabacteroides_merdae	1.8533978953
PWY-3841: folate transformations II|g__Parabacteroides.s__Parabacteroides_distasonis	1.7357344326
PWY-3841: folate transformations II|g__Bacteroides.s__Bacteroides_thetaiotaomicron	1.4573845622
PWY-3001: superpathway of L-isoleucine biosynthesis I	86.1257786610
PWY-3001: superpathway of L-isoleucine biosynthesis I|g__Faecalibacterium.s__Faecalibacterium_prausnitzii	50.5647030731
1CMET2-PWY: N10-formyl-tetrahydrofolate biosynthesis	83.2287053705
1CMET2-PWY: N10-formyl-tetrahydrofolate biosynthesis|g__Bacteroides.s__Bacteroides_uniformis	9.7208484968
GALACTUROCAT-PWY: D-galacturonate degradation I	82.7126123769
GALACTUROCAT-PWY: D-galacturonate degradation I|g__Faecalibacterium.s__Faecalibacterium_prausnitzii	59.4208742507
PWY-6703: preQ0 biosynthesis	80.9909005939
PWY-6703: preQ0 biosynthesis|g__Bacteroides.s__Bacteroides_dorei	26.1255550948
PWY-6703: preQ0 biosynthesis|g__Bacteroides.s__Bacteroides_eggerthii	10.2794887466
PWY-6703: preQ0 biosynthesis|g__Bacteroides.s__Bacteroides_uniformis	8.0085789511
PWY-6703: preQ0 biosynthesis|g__Dialister.s__Dialister_invisus	3.4250987843
PWY-6700: queuosine biosynthesis	80.5028971924
PWY-6700: queuosine biosynthesis|g__Bacteroides.s__Bacteroides_dorei	21.8635622214
PWY-6700: queuosine biosynthesis|g__Bacteroides.s__Bacteroides_eggerthii	11.0762428137
PWY-6700: queuosine biosynthesis|g__Bacteroides.s__Bacteroides_uniformis	5.3900297106
PWY-6700: queuosine biosynthesis|g__Barnesiella.s__Barnesiella_intestinihominis	5.2208083518
PWY-6700: queuosine biosynthesis|g__Dialister.s__Dialister_invisus	3.1597895547
PWY-6317: galactose degradation I (Leloir pathway)	77.6442301787
PWY-6317: galactose degradation I (Leloir pathway)|g__Faecalibacterium.s__Faecalibacterium_prausnitzii	49.2895303823
PWY-6317: galactose degradation I (Leloir pathway)|g__Ruminococcus.s__Ruminococcus_bromii	1.5330057732
PWY66-422: D-galactose degradation V (Leloir pathway)	77.6442301787
PWY66-422: D-galactose degradation V (Leloir pathway)|g__Faecalibacterium.s__Faecalibacterium_prausnitzii	49.2895303823
PWY66-422: D-galactose degradation V (Leloir pathway)|g__Eubacterium.s__Eubacterium_rectale	13.6690367613
PWY66-422: D-galactose degradation V (Leloir pathway)|g__Ruminococcus.s__Ruminococcus_bromii	1.5330057732
PWY-6126: superpathway of adenosine nucleotides de novo biosynthesis II	76.7852225144
PWY-6126: superpathway of adenosine nucleotides de novo biosynthesis II|g__Bacteroides.s__Bacteroides_dorei	13.2215405267
PWY-6126: superpathway of adenosine nucleotides de novo biosynthesis II|g__Sutterella.s__Sutterella_wadsworthensis	2.9014211053
COBALSYN-PWY: adenosylcobalamin salvage from cobinamide I	76.7734450900
COBALSYN-PWY: adenosylcobalamin salvage from cobinamide I|g__Faecalibacterium.s__Faecalibacterium_prausnitzii	33.8792812638
COBALSYN-PWY: adenosylcobalamin salvage from cobinamide I|g__Eubacterium.s__Eubacterium_rectale	5.7987460554
PANTOSYN-PWY: pantothenate and coenzyme A biosynthesis I	75.8074682221
PWY-6507: 4-deoxy-L-threo-hex-4-enopyranuronate degradation	74.9850456184
PWY-6507: 4-deoxy-L-threo-hex-4-enopyranuronate degradation|g__Faecalibacterium.s__Faecalibacterium_prausnitzii	64.6526033078
PWY-5659: GDP-mannose biosynthesis	73.7298183597
PWY-5659: GDP-mannose biosynthesis|g__Faecalibacterium.s__Faecalibacterium_prausnitzii	45.1399603456
PWY-5659: GDP-mannose biosynthesis|g__Bacteroides.s__Bacteroides_ovatus	1.3933610330
PWY-5659: GDP-mannose biosynthesis|g__Alistipes.s__Alistipes_shahii	1.1070425802
THRESYN-PWY: superpathway of L-threonine biosynthesis	73.2765985666
THRESYN-PWY: superpathway of L-threonine biosynthesis|g__Faecalibacterium.s__Faecalibacterium_prausnitzii	42.9062266535
PWY-7242: D-fructuronate degradation	72.1186638586
PWY-7242: D-fructuronate degradation|g__Faecalibacterium.s__Faecalibacterium_prausnitzii	48.8739486329
PWY-7242: D-fructuronate degradation|g__Eubacterium.s__Eubacterium_rectale	12.9691090440
GALACT-GLUCUROCAT-PWY: superpathway of hexuronide and hexuronate degradation	71.8162717902
GALACT-GLUCUROCAT-PWY: superpathway of hexuronide and hexuronate degradation|g__Faecalibacterium.s__Faecalibacterium_prausnitzii	46.7860169919
PWY-6897: thiamin salvage II	70.0402316726
PWY-7357: thiamin formation from pyrithiamine and oxythiamine (yeast)	70.0188233726
PWY-7357: thiamin formation from pyrithiamine and oxythiamine (yeast)|g__Faecalibacterium.s__Faecalibacterium_prausnitzii	32.5121097169
PWY-6609: adenine and adenosine salvage III	69.9506197107
PWY-6609: adenine and adenosine salvage III|g__Faecalibacterium.s__Faecalibacterium_prausnitzii	48.3641582772
SER-GLYSYN-PWY: superpathway of L-serine and glycine biosynthesis I	69.5200249926
SER-GLYSYN-PWY: superpathway of L-serine and glycine biosynthesis I|g__Faecalibacterium.s__Faecalibacterium_prausnitzii	18.1928467949
GLUCUROCAT-PWY: superpathway of &beta;-D-glucuronide and D-glucuronate degradation	68.2258147637
GLUCUROCAT-PWY: superpathway of &beta;-D-glucuronide and D-glucuronate degradation|g__Faecalibacterium.s__Faecalibacterium_prausnitzii	44.1316398367
PWY-5973: cis-vaccenate biosynthesis	67.2243806857
PWY-5973: cis-vaccenate biosynthesis|g__Eubacterium.s__Eubacterium_rectale	11.6306855521
PWY-6527: stachyose degradation	66.6511366731
PWY-6527: stachyose degradation|g__Faecalibacterium.s__Faecalibacterium_prausnitzii	21.3812208866
PWY-7228: superpathway of guanosine nucleotides de novo biosynthesis I	66.3567520447
PWY-7228: superpathway of guanosine nucleotides de novo biosynthesis I|g__Bacteroides.s__Bacteroides_dorei	23.0430721978
PWY-7228: superpathway of guanosine nucleotides de novo biosynthesis I|g__Dialister.s__Dialister_invisus	5.6757275021
PWY-7228: superpathway of guanosine nucleotides de novo biosynthesis I|g__Sutterella.s__Sutterella_wadsworthensis	3.0847202816
PWY-6168: flavin biosynthesis III (fungi)	65.3581531977
PWY-6168: flavin biosynthesis III (fungi)|g__Bacteroides.s__Bacteroides_thetaiotaomicron	1.5494146986
COA-PWY: coenzyme A biosynthesis I	63.5561339710
COA-PWY: coenzyme A biosynthesis I|g__Faecalibacterium.s__Faecalibacterium_prausnitzii	42.4526013477
PWY-7208: superpathway of pyrimidine nucleobases salvage	60.3441896066
PWY-7208: superpathway of pyrimidine nucleobases salvage|g__Dialister.s__Dialister_invisus	6.4445454304
PWY-7208: superpathway of pyrimidine nucleobases salvage|g__Sutterella.s__Sutterella_wadsworthensis	2.2149190996
PWY-6125: superpathway of guanosine nucleotides de novo biosynthesis II	60.3162805779
PWY-6125: superpathway of guanosine nucleotides de novo biosynthesis II|g__Bacteroides.s__Bacteroides_dorei	13.2345898636
PWY-6125: superpathway of guanosine nucleotides de novo biosynthesis II|g__Sutterella.s__Sutterella_wadsworthensis	2.3595432218
PWY-7663: gondoate biosynthesis (anaerobic)	59.4915078018
PWY-7663: gondoate biosynthesis (anaerobic)|g__Bacteroides.s__Bacteroides_eggerthii	12.0212659827
PWY-7663: gondoate biosynthesis (anaerobic)|g__Bacteroides.s__Bacteroides_caccae	1.9733486579
PWY-7663: gondoate biosynthesis (anaerobic)|g__Bacteroides.s__Bacteroides_ovatus	1.6491563054
PWY-621: sucrose degradation III (sucrose invertase)	58.3066417027
PWY-621: sucrose degradation III (sucrose invertase)|g__Faecalibacterium.s__Faecalibacterium_prausnitzii	40.4435433138
PWY-621: sucrose degradation III (sucrose invertase)|g__Blautia.s__Ruminococcus_torques	2.2012992563
ASPASN-PWY: superpathway of L-aspartate and L-asparagine biosynthesis	58.2494783612
ASPASN-PWY: superpathway of L-aspartate and L-asparagine biosynthesis|g__Faecalibacterium.s__Faecalibacterium_prausnitzii	47.0408289973
ASPASN-PWY: superpathway of L-aspartate and L-asparagine biosynthesis|g__Bacteroides.s__Bacteroides_thetaiotaomicron	1.3768101467
PYRIDOXSYN-PWY: pyridoxal 5'-phosphate biosynthesis I	55.0490489402
PYRIDOXSYN-PWY: pyridoxal 5'-phosphate biosynthesis I|g__Bacteroides.s__Bacteroides_eggerthii	13.9888067784
PYRIDOXSYN-PWY: pyridoxal 5'-phosphate biosynthesis I|g__Bacteroides.s__Bacteroides_uniformis	7.0826586188
PYRIDOXSYN-PWY: pyridoxal 5'-phosphate biosynthesis I|g__Bacteroides.s__Bacteroides_thetaiotaomicron	2.0829789576
PWY0-166: superpathway of pyrimidine deoxyribonucleotides de novo biosynthesis (E. coli)	54.6412509775
RIBOSYN2-PWY: flavin biosynthesis I (bacteria and plants)	53.7387669049
THISYNARA-PWY: superpathway of thiamin diphosphate biosynthesis III (eukaryotes)	53.4616862326
THISYNARA-PWY: superpathway of thiamin diphosphate biosynthesis III (eukaryotes)|g__Faecalibacterium.s__Faecalibacterium_prausnitzii	33.7404562396
PWY-5177: glutaryl-CoA degradation	52.4881542285
PWY-5177: glutaryl-CoA degradation|g__Faecalibacterium.s__Faecalibacterium_prausnitzii	48.0151281785
PWY-5101: L-isoleucine biosynthesis II	52.0412382831
PWY-7282: 4-amino-2-methyl-5-phosphomethylpyrimidine biosynthesis (yeast)	51.5282988601
GLCMANNANAUT-PWY: superpathway of N-acetylglucosamine, N-acetylmannosamine and N-acetylneuraminate degradation	50.5358230331
GLCMANNANAUT-PWY: superpathway of N-acetylglucosamine, N-acetylmannosamine and N-acetylneuraminate degradation|g__Faecalibacterium.s__Faecalibacterium_prausnitzii	37.5449067336
PWY-7184: pyrimidine deoxyribonucleotides de novo biosynthesis I	50.3068857946
PWY0-845: superpathway of pyridoxal 5'-phosphate biosynthesis and salvage	50.1731564878
PWY0-845: superpathway of pyridoxal 5'-phosphate biosynthesis and salvage|g__Bacteroides.s__Bacteroides_uniformis	6.4210304191
PWY-6545: pyrimidine deoxyribonucleotides de novo biosynthesis III	49.3862339531
ANAEROFRUCAT-PWY: homolactic fermentation	48.5571925205
PWY-7220: adenosine deoxyribonucleotides de novo biosynthesis II	44.9042308086
PWY-7220: adenosine deoxyribonucleotides de novo biosynthesis II|g__Bacteroides.s__Bacteroides_dorei	8.4190102625
PWY-7220: adenosine deoxyribonucleotides de novo biosynthesis II|g__Sutterella.s__Sutterella_wadsworthensis	3.6642306062
PWY-7222: guanosine deoxyribonucleotides de novo biosynthesis II	44.9042308086
PWY-7222: guanosine deoxyribonucleotides de novo biosynthesis II|g__Bacteroides.s__Bacteroides_dorei	8.4190102625
PWY-7222: guanosine deoxyribonucleotides de novo biosynthesis II|g__Sutterella.s__Sutterella_wadsworthensis	3.6642306062
PWY0-1586: peptidoglycan maturation (meso-diaminopimelate containing)	43.8366450849
PWY0-1586: peptidoglycan maturation (meso-diaminopimelate containing)|g__Faecalibacterium.s__Faecalibacterium_prausnitzii	40.8049026017
RHAMCAT-PWY: L-rhamnose degradation I	42.4549072376
RHAMCAT-PWY: L-rhamnose degradation I|g__Faecalibacterium.s__Faecalibacterium_prausnitzii	22.3627781195
RHAMCAT-PWY: L-rhamnose degradation I|g__Bacteroides.s__Bacteroides_ovatus	1.1544120780
PWY-841: superpathway of purine nucleotides de novo biosynthesis I	39.5175953575
PWY-7197: pyrimidine deoxyribonucleotide phosphorylation	39.3593210480
PWY-7197: pyrimidine deoxyribonucleotide phosphorylation|g__Dialister.s__Dialister_invisus	6.1075325506
PWY-7197: pyrimidine deoxyribonucleotide phosphorylation|g__Sutterella.s__Sutterella_wadsworthensis	3.1111167117
ARGININE-SYN4-PWY: L-ornithine de novo  biosynthesis	33.4019281160
ARGININE-SYN4-PWY: L-ornithine de novo  biosynthesis|g__Bacteroides.s__Bacteroides_uniformis	8.1304806532
ARGININE-SYN4-PWY: L-ornithine de novo  biosynthesis|g__Bacteroides.s__Bacteroides_caccae	1.8588125048
PWY-4242: pantothenate and coenzyme A biosynthesis III	32.6575836306
PWY-4242: pantothenate and coenzyme A biosynthesis III|g__Faecalibacterium.s__Faecalibacterium_prausnitzii	27.0644340602
PWY66-400: glycolysis VI (metazoan)	31.4893234948
GLYCOGENSYNTH-PWY: glycogen biosynthesis I (from ADP-D-Glucose)	30.6276853067
GLYCOGENSYNTH-PWY: glycogen biosynthesis I (from ADP-D-Glucose)|g__Eubacterium.s__Eubacterium_rectale	18.7076558533
GLYCOLYSIS: glycolysis I (from glucose 6-phosphate)	29.0842090387
PWY-5484: glycolysis II (from fructose 6-phosphate)	28.7005147737
PWY-7234: inosine-5'-phosphate biosynthesis III	28.6902932839
GLUCONEO-PWY: gluconeogenesis I	28.5566542080
HSERMETANA-PWY: L-methionine biosynthesis III	26.9618978041
PWY-7199: pyrimidine deoxyribonucleosides salvage	26.8473337575
PWY-6305: putrescine biosynthesis IV	22.0584971728
PWY-6305: putrescine biosynthesis IV|g__Faecalibacterium.s__Faecalibacterium_prausnitzii	21.9261935466
PWY-5989: stearate biosynthesis II (bacteria and plants)	21.4211223785
PWY-5100: pyruvate fermentation to acetate and lactate II	20.2983659514
PWY0-162: superpathway of pyrimidine ribonucleotides de novo biosynthesis	19.8058745799
CITRULBIO-PWY: L-citrulline biosynthesis	19.3064505495
PWY4FS-7: phosphatidylglycerol biosynthesis I (plastidic)	17.1866334991
PWY4FS-8: phosphatidylglycerol biosynthesis II (non-plastidic)	17.1866334991
PWY-5367: petroselinate biosynthesis	16.6386381750
PWY-5367: petroselinate biosynthesis|g__Eubacterium.s__Eubacterium_rectale	11.1684429781
PWY-4984: urea cycle	16.4786652904
PWY-5188: tetrapyrrole biosynthesis I (from glutamate)	16.2471994627
PWY-5188: tetrapyrrole biosynthesis I (from glutamate)|g__Dialister.s__Dialister_invisus	6.2127726009
PHOSLIPSYN-PWY: superpathway of phospholipid biosynthesis I (bacteria)	16.0580515413
PWY-5030: L-histidine degradation III	15.0610282208
PWY-1269: CMP-3-deoxy-D-manno-octulosonate biosynthesis I	13.7299990896
PWY-7400: L-arginine biosynthesis IV (archaebacteria)	11.2526766453
POLYAMSYN-PWY: superpathway of polyamine biosynthesis I	10.4760734005
PYRIDNUCSYN-PWY: NAD biosynthesis I (from aspartate)	10.0567975051
PYRIDNUCSYN-PWY: NAD biosynthesis I (from aspartate)|g__Alistipes.s__Alistipes_shahii	1.0039843829
ARGSYN-PWY: L-arginine biosynthesis I (via L-ornithine)	9.7822043990
DAPLYSINESYN-PWY: L-lysine biosynthesis I	9.6616471671
HEMESYN2-PWY: heme biosynthesis II (anaerobic)	9.5218956749
HEMESYN2-PWY: heme biosynthesis II (anaerobic)|g__Sutterella.s__Sutterella_wadsworthensis	2.2959699377
OANTIGEN-PWY: O-antigen building blocks biosynthesis (E. coli)	9.0523563918
OANTIGEN-PWY: O-antigen building blocks biosynthesis (E. coli)|g__Bifidobacterium.s__Bifidobacterium_longum	1.5894082466
PWY0-1261: anhydromuropeptides recycling	8.3328759434
DENOVOPURINE2-PWY: superpathway of purine nucleotides de novo biosynthesis II	8.2854470400
PWY-6969: TCA cycle V (2-oxoglutarate:ferredoxin oxidoreductase)	8.2760245855
PWY-4981: L-proline biosynthesis II (from arginine)	8.2359014523
TRNA-CHARGING-PWY: tRNA charging	8.0928039992
TCA: TCA cycle I (prokaryotic)	8.0257771394
NAGLIPASYN-PWY: lipid IVA biosynthesis	7.8043410492
NAGLIPASYN-PWY: lipid IVA biosynthesis|g__Sutterella.s__Sutterella_wadsworthensis	4.0038796941
PWY-7187: pyrimidine deoxyribonucleotides de novo biosynthesis II	7.3444425209
PWY-2941: L-lysine biosynthesis II	6.2011263224
PWY-5347: superpathway of L-methionine biosynthesis (transsulfuration)	5.9307655499
HISDEG-PWY: L-histidine degradation I	5.8334682534
HISDEG-PWY: L-histidine degradation I|g__Alistipes.s__Alistipes_shahii	1.3393312923
PWY-5690: TCA cycle II (plants and fungi)	5.6893700290
UDPNAGSYN-PWY: UDP-N-acetyl-D-glucosamine biosynthesis I	5.5203377945
UDPNAGSYN-PWY: UDP-N-acetyl-D-glucosamine biosynthesis I|g__Bifidobacterium.s__Bifidobacterium_longum	1.3169737575
METSYN-PWY: L-homoserine and L-methionine biosynthesis	5.1651226101
PWY-6147: 6-hydroxymethyl-dihydropterin diphosphate biosynthesis I	4.5027636049
PWY-7539: 6-hydroxymethyl-dihydropterin diphosphate biosynthesis III (Chlamydia)	4.4560522693
MET-SAM-PWY: superpathway of S-adenosyl-L-methionine biosynthesis	4.1020881057
ARGSYNBSUB-PWY: L-arginine biosynthesis II (acetyl cycle)	3.8325819815
ARGSYNBSUB-PWY: L-arginine biosynthesis II (acetyl cycle)|g__Bifidobacterium.s__Bifidobacterium_longum	1.7449861224
PWY-5154: L-arginine biosynthesis III (via N-acetyl-L-citrulline)	3.7449681019
PWY-6936: seleno-amino acid biosynthesis	3.3358279946
HOMOSER-METSYN-PWY: L-methionine biosynthesis I	2.6425473345
PWY-6608: guanosine nucleotides degradation III	2.4109411683
GLUTORN-PWY: L-ornithine biosynthesis	2.1912455890
SALVADEHYPOX-PWY: adenosine nucleotides degradation II	2.0160452087
TRPSYN-PWY: L-tryptophan biosynthesis	1.8002945744