# Pathway	ERR481014_Abundance
UNMAPPED	236564.0889783311
UNINTEGRATED	201642.6482255472
UNINTEGRATED|g__Bacteroides.s__Bacteroides_cellulosilyticus	25380.5713404493
UNINTEGRATED|g__Bacteroides.s__Bacteroides_uniformis	23245.8133369928
UNINTEGRATED|g__Bacteroides.s__Bacteroides_vulgatus	15433.0451427938
UNINTEGRATED|g__Bacteroides.s__Bacteroides_ovatus	13584.0476832018
UNINTEGRATED|g__Bacteroides.s__Bacteroides_dorei	12039.8901611936
UNINTEGRATED|g__Parabacteroides.s__Parabacteroides_distasonis	9110.4326268093
UNINTEGRATED|g__Bacteroides.s__Bacteroides_fragilis	8690.7223569805
UNINTEGRATED|g__Bacteroides.s__Bacteroides_thetaiotaomicron	8137.0229717090
UNINTEGRATED|g__Eubacterium.s__Eubacterium_siraeum	7949.5064720576
UNINTEGRATED|g__Faecalibacterium.s__Faecalibacterium_prausnitzii	7909.3966874104
UNINTEGRATED|g__Parabacteroides.s__Parabacteroides_merdae	6425.8580358792
UNINTEGRATED|g__Clostridium.s__Clostridium_clostridioforme	6412.3042009044
UNINTEGRATED|g__Bacteroides.s__Bacteroides_xylanisolvens	5949.9861120281
UNINTEGRATED|g__Sutterella.s__Sutterella_wadsworthensis	5419.6970119736
UNINTEGRATED|g__Bacteroides.s__Bacteroides_intestinalis	4833.2872299553
UNINTEGRATED|g__Alistipes.s__Alistipes_onderdonkii	4701.8067096644
UNINTEGRATED|g__Ruminococcus.s__Ruminococcus_callidus	4497.3511403811
UNINTEGRATED|g__Roseburia.s__Roseburia_inulinivorans	4348.2992545997
UNINTEGRATED|g__Lachnospiraceae_noname.s__Lachnospiraceae_bacterium_7_1_58FAA	3582.5847571443
UNINTEGRATED|g__Clostridium.s__Clostridium_bolteae	3103.6364987413
UNINTEGRATED|g__Alistipes.s__Alistipes_shahii	2876.2089170234
UNINTEGRATED|g__Collinsella.s__Collinsella_aerofaciens	2558.5552232936
UNINTEGRATED|g__Roseburia.s__Roseburia_intestinalis	2542.2951529068
UNINTEGRATED|g__Blautia.s__Ruminococcus_torques	2242.1145740349
UNINTEGRATED|g__Holdemania.s__Holdemania_filiformis	2064.8862740604
UNINTEGRATED|g__Ruminococcus.s__Ruminococcus_bromii	2058.6626671742
UNINTEGRATED|g__Dorea.s__Dorea_longicatena	1740.0345964449
UNINTEGRATED|g__Lachnospiraceae_noname.s__Lachnospiraceae_bacterium_1_1_57FAA	1704.6109876610
UNINTEGRATED|g__Clostridium.s__Clostridium_symbiosum	1526.5811227835
UNINTEGRATED|g__Flavonifractor.s__Flavonifractor_plautii	1416.1348582780
UNINTEGRATED|g__Coprobacter.s__Coprobacter_fastidiosus	1364.1763712399
UNINTEGRATED|g__Bilophila.s__Bilophila_wadsworthia	1096.4823678760
UNINTEGRATED|g__Eubacterium.s__Eubacterium_hallii	940.3082596968
UNINTEGRATED|g__Lachnospiraceae_noname.s__Lachnospiraceae_bacterium_2_1_58FAA	719.8606184363
UNINTEGRATED|g__Erysipelotrichaceae_noname.s__Eubacterium_cylindroides	555.8911720602
UNINTEGRATED|g__Porphyromonas.s__Porphyromonas_asaccharolytica	317.2219274785
PWY-7219: adenosine ribonucleotides de novo biosynthesis	192.1301954429
PWY-7219: adenosine ribonucleotides de novo biosynthesis|g__Bacteroides.s__Bacteroides_uniformis	22.8386553969
PWY-7219: adenosine ribonucleotides de novo biosynthesis|g__Bacteroides.s__Bacteroides_vulgatus	18.9379864761
PWY-7219: adenosine ribonucleotides de novo biosynthesis|g__Bacteroides.s__Bacteroides_cellulosilyticus	13.0749546111
PWY-7219: adenosine ribonucleotides de novo biosynthesis|g__Parabacteroides.s__Parabacteroides_distasonis	11.6995641245
PWY-7219: adenosine ribonucleotides de novo biosynthesis|g__Bacteroides.s__Bacteroides_ovatus	9.9057792278
PWY-7219: adenosine ribonucleotides de novo biosynthesis|g__Ruminococcus.s__Ruminococcus_callidus	9.8235872266
PWY-7219: adenosine ribonucleotides de novo biosynthesis|g__Bacteroides.s__Bacteroides_thetaiotaomicron	8.7883235901
PWY-7219: adenosine ribonucleotides de novo biosynthesis|g__Ruminococcus.s__Ruminococcus_bromii	8.6654322112
PWY-7219: adenosine ribonucleotides de novo biosynthesis|g__Eubacterium.s__Eubacterium_siraeum	8.3246086984
PWY-7219: adenosine ribonucleotides de novo biosynthesis|g__Alistipes.s__Alistipes_onderdonkii	7.9094041378
PWY-7219: adenosine ribonucleotides de novo biosynthesis|g__Collinsella.s__Collinsella_aerofaciens	7.8878732044
PWY-7219: adenosine ribonucleotides de novo biosynthesis|g__Parabacteroides.s__Parabacteroides_merdae	6.2706528576
PWY-7219: adenosine ribonucleotides de novo biosynthesis|g__Clostridium.s__Clostridium_clostridioforme	5.1965713519
PWY-7219: adenosine ribonucleotides de novo biosynthesis|g__Sutterella.s__Sutterella_wadsworthensis	5.0307524185
PWY-7219: adenosine ribonucleotides de novo biosynthesis|g__Faecalibacterium.s__Faecalibacterium_prausnitzii	5.0017567220
PWY-7219: adenosine ribonucleotides de novo biosynthesis|g__Alistipes.s__Alistipes_shahii	4.5102676361
PWY-7219: adenosine ribonucleotides de novo biosynthesis|g__Bacteroides.s__Bacteroides_intestinalis	4.3926496797
PWY-7219: adenosine ribonucleotides de novo biosynthesis|g__Bacteroides.s__Bacteroides_dorei	4.3894116482
PWY-7219: adenosine ribonucleotides de novo biosynthesis|g__Bacteroides.s__Bacteroides_fragilis	4.1933566860
PWY-7219: adenosine ribonucleotides de novo biosynthesis|g__Blautia.s__Ruminococcus_torques	3.2389636591
PWY-7219: adenosine ribonucleotides de novo biosynthesis|g__Coprobacter.s__Coprobacter_fastidiosus	2.4623095741
PWY-7219: adenosine ribonucleotides de novo biosynthesis|g__Roseburia.s__Roseburia_inulinivorans	2.4495747531
PWY-7219: adenosine ribonucleotides de novo biosynthesis|g__Flavonifractor.s__Flavonifractor_plautii	2.4207818174
PWY-7219: adenosine ribonucleotides de novo biosynthesis|g__Bacteroides.s__Bacteroides_xylanisolvens	2.3896648756
PWY-7219: adenosine ribonucleotides de novo biosynthesis|g__Lachnospiraceae_noname.s__Lachnospiraceae_bacterium_1_1_57FAA	2.2906303155
PWY-7219: adenosine ribonucleotides de novo biosynthesis|g__Eubacterium.s__Eubacterium_hallii	1.8831080218
PWY-7219: adenosine ribonucleotides de novo biosynthesis|g__Clostridium.s__Clostridium_bolteae	1.2462715568
PWY-7219: adenosine ribonucleotides de novo biosynthesis|g__Lachnospiraceae_noname.s__Lachnospiraceae_bacterium_7_1_58FAA	1.2455857854
PWY-7219: adenosine ribonucleotides de novo biosynthesis|g__Dorea.s__Dorea_longicatena	1.2218616544
PWY-7219: adenosine ribonucleotides de novo biosynthesis|g__Bilophila.s__Bilophila_wadsworthia	1.1903042530
PWY-7219: adenosine ribonucleotides de novo biosynthesis|g__Clostridium.s__Clostridium_symbiosum	1.1354475479
PWY-7219: adenosine ribonucleotides de novo biosynthesis|g__Erysipelotrichaceae_noname.s__Eubacterium_cylindroides	1.0365172085
PWY-7221: guanosine ribonucleotides de novo biosynthesis	144.7997468692
PWY-7221: guanosine ribonucleotides de novo biosynthesis|g__Bacteroides.s__Bacteroides_cellulosilyticus	14.9485983392
PWY-7221: guanosine ribonucleotides de novo biosynthesis|g__Bacteroides.s__Bacteroides_vulgatus	13.2649578475
PWY-7221: guanosine ribonucleotides de novo biosynthesis|g__Bacteroides.s__Bacteroides_ovatus	9.4641602680
PWY-7221: guanosine ribonucleotides de novo biosynthesis|g__Bacteroides.s__Bacteroides_thetaiotaomicron	7.2196241003
PWY-7221: guanosine ribonucleotides de novo biosynthesis|g__Parabacteroides.s__Parabacteroides_distasonis	6.9116371602
PWY-7221: guanosine ribonucleotides de novo biosynthesis|g__Sutterella.s__Sutterella_wadsworthensis	6.7751396344
PWY-7221: guanosine ribonucleotides de novo biosynthesis|g__Bacteroides.s__Bacteroides_dorei	6.0984685773
PWY-7221: guanosine ribonucleotides de novo biosynthesis|g__Eubacterium.s__Eubacterium_siraeum	5.6453834191
PWY-7221: guanosine ribonucleotides de novo biosynthesis|g__Ruminococcus.s__Ruminococcus_callidus	5.1610512816
PWY-7221: guanosine ribonucleotides de novo biosynthesis|g__Alistipes.s__Alistipes_shahii	4.7490532994
PWY-7221: guanosine ribonucleotides de novo biosynthesis|g__Ruminococcus.s__Ruminococcus_bromii	4.7286701810
PWY-7221: guanosine ribonucleotides de novo biosynthesis|g__Bacteroides.s__Bacteroides_intestinalis	1.1774497497
PWY-7221: guanosine ribonucleotides de novo biosynthesis|g__Roseburia.s__Roseburia_intestinalis	0.8711766392
PWY-6386: UDP-N-acetylmuramoyl-pentapeptide biosynthesis II (lysine-containing)	142.8417278451
PWY-6386: UDP-N-acetylmuramoyl-pentapeptide biosynthesis II (lysine-containing)|g__Bacteroides.s__Bacteroides_uniformis	18.0310597655
PWY-6386: UDP-N-acetylmuramoyl-pentapeptide biosynthesis II (lysine-containing)|g__Bacteroides.s__Bacteroides_ovatus	8.4636618483
PWY-6386: UDP-N-acetylmuramoyl-pentapeptide biosynthesis II (lysine-containing)|g__Alistipes.s__Alistipes_onderdonkii	6.1792092887
PWY-6386: UDP-N-acetylmuramoyl-pentapeptide biosynthesis II (lysine-containing)|g__Parabacteroides.s__Parabacteroides_merdae	5.3124625375
PWY-6386: UDP-N-acetylmuramoyl-pentapeptide biosynthesis II (lysine-containing)|g__Parabacteroides.s__Parabacteroides_distasonis	5.3073712717
PWY-6386: UDP-N-acetylmuramoyl-pentapeptide biosynthesis II (lysine-containing)|g__Sutterella.s__Sutterella_wadsworthensis	4.7858942119
PWY-6386: UDP-N-acetylmuramoyl-pentapeptide biosynthesis II (lysine-containing)|g__Blautia.s__Ruminococcus_torques	3.0745313973
PWY-6386: UDP-N-acetylmuramoyl-pentapeptide biosynthesis II (lysine-containing)|g__Flavonifractor.s__Flavonifractor_plautii	1.6014970056
PEPTIDOGLYCANSYN-PWY: peptidoglycan biosynthesis I (meso-diaminopimelate containing)	139.1359761110
PEPTIDOGLYCANSYN-PWY: peptidoglycan biosynthesis I (meso-diaminopimelate containing)|g__Bacteroides.s__Bacteroides_uniformis	17.6941894762
PEPTIDOGLYCANSYN-PWY: peptidoglycan biosynthesis I (meso-diaminopimelate containing)|g__Bacteroides.s__Bacteroides_vulgatus	11.6861807475
PEPTIDOGLYCANSYN-PWY: peptidoglycan biosynthesis I (meso-diaminopimelate containing)|g__Bacteroides.s__Bacteroides_ovatus	8.5180270768
PEPTIDOGLYCANSYN-PWY: peptidoglycan biosynthesis I (meso-diaminopimelate containing)|g__Alistipes.s__Alistipes_onderdonkii	5.9793057183
PEPTIDOGLYCANSYN-PWY: peptidoglycan biosynthesis I (meso-diaminopimelate containing)|g__Parabacteroides.s__Parabacteroides_merdae	5.3423308086
PEPTIDOGLYCANSYN-PWY: peptidoglycan biosynthesis I (meso-diaminopimelate containing)|g__Parabacteroides.s__Parabacteroides_distasonis	5.1552739901
PEPTIDOGLYCANSYN-PWY: peptidoglycan biosynthesis I (meso-diaminopimelate containing)|g__Sutterella.s__Sutterella_wadsworthensis	3.8843263813
PEPTIDOGLYCANSYN-PWY: peptidoglycan biosynthesis I (meso-diaminopimelate containing)|g__Faecalibacterium.s__Faecalibacterium_prausnitzii	1.6931815133
PWY-6387: UDP-N-acetylmuramoyl-pentapeptide biosynthesis I (meso-diaminopimelate containing)	136.0954192974
PWY-6387: UDP-N-acetylmuramoyl-pentapeptide biosynthesis I (meso-diaminopimelate containing)|g__Bacteroides.s__Bacteroides_uniformis	17.9665608900
PWY-6387: UDP-N-acetylmuramoyl-pentapeptide biosynthesis I (meso-diaminopimelate containing)|g__Bacteroides.s__Bacteroides_vulgatus	11.3423516210
PWY-6387: UDP-N-acetylmuramoyl-pentapeptide biosynthesis I (meso-diaminopimelate containing)|g__Bacteroides.s__Bacteroides_ovatus	8.3416602092
PWY-6387: UDP-N-acetylmuramoyl-pentapeptide biosynthesis I (meso-diaminopimelate containing)|g__Alistipes.s__Alistipes_onderdonkii	5.9345572199
PWY-6387: UDP-N-acetylmuramoyl-pentapeptide biosynthesis I (meso-diaminopimelate containing)|g__Parabacteroides.s__Parabacteroides_merdae	5.2196998426
PWY-6387: UDP-N-acetylmuramoyl-pentapeptide biosynthesis I (meso-diaminopimelate containing)|g__Parabacteroides.s__Parabacteroides_distasonis	4.7684180643
PWY-6387: UDP-N-acetylmuramoyl-pentapeptide biosynthesis I (meso-diaminopimelate containing)|g__Sutterella.s__Sutterella_wadsworthensis	3.8120206737
PWY-6387: UDP-N-acetylmuramoyl-pentapeptide biosynthesis I (meso-diaminopimelate containing)|g__Blautia.s__Ruminococcus_torques	2.3888485785
PWY-6387: UDP-N-acetylmuramoyl-pentapeptide biosynthesis I (meso-diaminopimelate containing)|g__Flavonifractor.s__Flavonifractor_plautii	1.5529358217
PWY-6387: UDP-N-acetylmuramoyl-pentapeptide biosynthesis I (meso-diaminopimelate containing)|g__Faecalibacterium.s__Faecalibacterium_prausnitzii	1.4519866669
PWY-5667: CDP-diacylglycerol biosynthesis I	135.1524369634
PWY-5667: CDP-diacylglycerol biosynthesis I|g__Bacteroides.s__Bacteroides_uniformis	14.8743992793
PWY-5667: CDP-diacylglycerol biosynthesis I|g__Bacteroides.s__Bacteroides_cellulosilyticus	10.6910542698
PWY-5667: CDP-diacylglycerol biosynthesis I|g__Bacteroides.s__Bacteroides_thetaiotaomicron	10.0438287025
PWY-5667: CDP-diacylglycerol biosynthesis I|g__Eubacterium.s__Eubacterium_siraeum	5.6349821071
PWY-5667: CDP-diacylglycerol biosynthesis I|g__Lachnospiraceae_noname.s__Lachnospiraceae_bacterium_1_1_57FAA	5.1473919748
PWY-5667: CDP-diacylglycerol biosynthesis I|g__Blautia.s__Ruminococcus_torques	5.0948666189
PWY-5667: CDP-diacylglycerol biosynthesis I|g__Bacteroides.s__Bacteroides_ovatus	5.0200710356
PWY-5667: CDP-diacylglycerol biosynthesis I|g__Parabacteroides.s__Parabacteroides_merdae	4.7526228670
PWY-5667: CDP-diacylglycerol biosynthesis I|g__Faecalibacterium.s__Faecalibacterium_prausnitzii	2.0566832173
PWY-5667: CDP-diacylglycerol biosynthesis I|g__Parabacteroides.s__Parabacteroides_distasonis	2.0436927991
PWY-5667: CDP-diacylglycerol biosynthesis I|g__Ruminococcus.s__Ruminococcus_bromii	1.7749387107
PWY-5667: CDP-diacylglycerol biosynthesis I|g__Bacteroides.s__Bacteroides_intestinalis	1.5743300491
PWY-5667: CDP-diacylglycerol biosynthesis I|g__Clostridium.s__Clostridium_clostridioforme	1.4435525968
PWY-5667: CDP-diacylglycerol biosynthesis I|g__Coprobacter.s__Coprobacter_fastidiosus	1.2441679627
PWY-5667: CDP-diacylglycerol biosynthesis I|g__Dorea.s__Dorea_longicatena	1.2414649286
PWY0-1319: CDP-diacylglycerol biosynthesis II	135.1524369634
PWY0-1319: CDP-diacylglycerol biosynthesis II|g__Bacteroides.s__Bacteroides_uniformis	14.8743992793
PWY0-1319: CDP-diacylglycerol biosynthesis II|g__Bacteroides.s__Bacteroides_cellulosilyticus	10.6910542698
PWY0-1319: CDP-diacylglycerol biosynthesis II|g__Bacteroides.s__Bacteroides_thetaiotaomicron	10.0438287025
PWY0-1319: CDP-diacylglycerol biosynthesis II|g__Eubacterium.s__Eubacterium_siraeum	5.6349821071
PWY0-1319: CDP-diacylglycerol biosynthesis II|g__Lachnospiraceae_noname.s__Lachnospiraceae_bacterium_1_1_57FAA	5.1473919748
PWY0-1319: CDP-diacylglycerol biosynthesis II|g__Blautia.s__Ruminococcus_torques	5.0948666189
PWY0-1319: CDP-diacylglycerol biosynthesis II|g__Bacteroides.s__Bacteroides_ovatus	5.0200710356
PWY0-1319: CDP-diacylglycerol biosynthesis II|g__Parabacteroides.s__Parabacteroides_merdae	4.7526228670
PWY0-1319: CDP-diacylglycerol biosynthesis II|g__Faecalibacterium.s__Faecalibacterium_prausnitzii	2.0566832173
PWY0-1319: CDP-diacylglycerol biosynthesis II|g__Parabacteroides.s__Parabacteroides_distasonis	2.0436927991
PWY0-1319: CDP-diacylglycerol biosynthesis II|g__Ruminococcus.s__Ruminococcus_bromii	1.7749387107
PWY0-1319: CDP-diacylglycerol biosynthesis II|g__Bacteroides.s__Bacteroides_intestinalis	1.5743300491
PWY0-1319: CDP-diacylglycerol biosynthesis II|g__Clostridium.s__Clostridium_clostridioforme	1.4435525968
PWY0-1319: CDP-diacylglycerol biosynthesis II|g__Coprobacter.s__Coprobacter_fastidiosus	1.2441679627
PWY0-1319: CDP-diacylglycerol biosynthesis II|g__Dorea.s__Dorea_longicatena	1.2414649286
PWY-5686: UMP biosynthesis	133.8900024466
PWY-5686: UMP biosynthesis|g__Bacteroides.s__Bacteroides_cellulosilyticus	10.3674141519
PWY-5686: UMP biosynthesis|g__Eubacterium.s__Eubacterium_siraeum	7.5092940183
PWY-5686: UMP biosynthesis|g__Alistipes.s__Alistipes_onderdonkii	7.3256385323
PWY-5686: UMP biosynthesis|g__Bacteroides.s__Bacteroides_thetaiotaomicron	5.3403222158
PWY-5686: UMP biosynthesis|g__Collinsella.s__Collinsella_aerofaciens	5.0444994523
PWY-5686: UMP biosynthesis|g__Parabacteroides.s__Parabacteroides_distasonis	4.2846071800
PWY-5686: UMP biosynthesis|g__Ruminococcus.s__Ruminococcus_bromii	3.9918065329
PWY-5686: UMP biosynthesis|g__Bacteroides.s__Bacteroides_ovatus	3.3825727156
PWY-5686: UMP biosynthesis|g__Parabacteroides.s__Parabacteroides_merdae	3.1266202134
PWY-5686: UMP biosynthesis|g__Faecalibacterium.s__Faecalibacterium_prausnitzii	2.3174345000
PWY-5686: UMP biosynthesis|g__Bacteroides.s__Bacteroides_fragilis	1.7092556625
PWY-5686: UMP biosynthesis|g__Bacteroides.s__Bacteroides_intestinalis	1.3208541793
PWY-6737: starch degradation V	125.0114797527
PWY-6737: starch degradation V|g__Eubacterium.s__Eubacterium_siraeum	9.8215264782
PWY-6737: starch degradation V|g__Faecalibacterium.s__Faecalibacterium_prausnitzii	5.1940585707
PWY-6737: starch degradation V|g__Ruminococcus.s__Ruminococcus_bromii	4.9619858245
PWY-6737: starch degradation V|g__Clostridium.s__Clostridium_clostridioforme	4.6306063704
PWY-6737: starch degradation V|g__Roseburia.s__Roseburia_inulinivorans	4.4315849200
PWY-6737: starch degradation V|g__Eubacterium.s__Eubacterium_hallii	1.6867556634
PWY-6737: starch degradation V|g__Blautia.s__Ruminococcus_torques	1.6454975374
PWY-6737: starch degradation V|g__Dorea.s__Dorea_longicatena	1.4187476163
NONMEVIPP-PWY: methylerythritol phosphate pathway I	122.6864672513
NONMEVIPP-PWY: methylerythritol phosphate pathway I|g__Bacteroides.s__Bacteroides_vulgatus	10.5450152466
NONMEVIPP-PWY: methylerythritol phosphate pathway I|g__Bacteroides.s__Bacteroides_ovatus	6.4039984489
ILEUSYN-PWY: L-isoleucine biosynthesis I (from threonine)	122.4736540965
ILEUSYN-PWY: L-isoleucine biosynthesis I (from threonine)|g__Eubacterium.s__Eubacterium_siraeum	7.8867350956
ILEUSYN-PWY: L-isoleucine biosynthesis I (from threonine)|g__Faecalibacterium.s__Faecalibacterium_prausnitzii	6.1707582437
ILEUSYN-PWY: L-isoleucine biosynthesis I (from threonine)|g__Erysipelotrichaceae_noname.s__Eubacterium_cylindroides	1.3340509673
PWY-7111: pyruvate fermentation to isobutanol (engineered)	122.4736540965
PWY-7111: pyruvate fermentation to isobutanol (engineered)|g__Bacteroides.s__Bacteroides_cellulosilyticus	13.1955947086
PWY-7111: pyruvate fermentation to isobutanol (engineered)|g__Bacteroides.s__Bacteroides_vulgatus	8.5426965586
PWY-7111: pyruvate fermentation to isobutanol (engineered)|g__Faecalibacterium.s__Faecalibacterium_prausnitzii	8.3532135034
PWY-7111: pyruvate fermentation to isobutanol (engineered)|g__Eubacterium.s__Eubacterium_siraeum	7.3422636026
PWY-7111: pyruvate fermentation to isobutanol (engineered)|g__Parabacteroides.s__Parabacteroides_distasonis	5.8103395398
PWY-7111: pyruvate fermentation to isobutanol (engineered)|g__Ruminococcus.s__Ruminococcus_bromii	5.3003168118
PWY-7111: pyruvate fermentation to isobutanol (engineered)|g__Bacteroides.s__Bacteroides_xylanisolvens	4.2856028861
PWY-7111: pyruvate fermentation to isobutanol (engineered)|g__Lachnospiraceae_noname.s__Lachnospiraceae_bacterium_7_1_58FAA	3.5557049543
PWY-7111: pyruvate fermentation to isobutanol (engineered)|g__Dorea.s__Dorea_longicatena	3.1706792050
PWY-7111: pyruvate fermentation to isobutanol (engineered)|g__Flavonifractor.s__Flavonifractor_plautii	1.7658037881
PWY-7111: pyruvate fermentation to isobutanol (engineered)|g__Parabacteroides.s__Parabacteroides_merdae	1.7223248344
PWY-7111: pyruvate fermentation to isobutanol (engineered)|g__Clostridium.s__Clostridium_clostridioforme	1.7175248056
PWY-7111: pyruvate fermentation to isobutanol (engineered)|g__Erysipelotrichaceae_noname.s__Eubacterium_cylindroides	1.6005250959
PWY-7111: pyruvate fermentation to isobutanol (engineered)|g__Coprobacter.s__Coprobacter_fastidiosus	1.0826198114
PWY-7111: pyruvate fermentation to isobutanol (engineered)|g__Clostridium.s__Clostridium_bolteae	1.0114811628
VALSYN-PWY: L-valine biosynthesis	122.4736540965
VALSYN-PWY: L-valine biosynthesis|g__Bacteroides.s__Bacteroides_cellulosilyticus	13.1955947086
VALSYN-PWY: L-valine biosynthesis|g__Bacteroides.s__Bacteroides_vulgatus	8.5426965586
VALSYN-PWY: L-valine biosynthesis|g__Eubacterium.s__Eubacterium_siraeum	7.8867350956
VALSYN-PWY: L-valine biosynthesis|g__Faecalibacterium.s__Faecalibacterium_prausnitzii	6.1707582437
VALSYN-PWY: L-valine biosynthesis|g__Parabacteroides.s__Parabacteroides_distasonis	5.8103395398
VALSYN-PWY: L-valine biosynthesis|g__Ruminococcus.s__Ruminococcus_bromii	5.3003168118
VALSYN-PWY: L-valine biosynthesis|g__Bacteroides.s__Bacteroides_xylanisolvens	4.2856028861
VALSYN-PWY: L-valine biosynthesis|g__Lachnospiraceae_noname.s__Lachnospiraceae_bacterium_7_1_58FAA	3.5557049543
VALSYN-PWY: L-valine biosynthesis|g__Dorea.s__Dorea_longicatena	3.1706792050
VALSYN-PWY: L-valine biosynthesis|g__Flavonifractor.s__Flavonifractor_plautii	1.7658037881
VALSYN-PWY: L-valine biosynthesis|g__Parabacteroides.s__Parabacteroides_merdae	1.7223248344
VALSYN-PWY: L-valine biosynthesis|g__Clostridium.s__Clostridium_clostridioforme	1.7175248056
VALSYN-PWY: L-valine biosynthesis|g__Erysipelotrichaceae_noname.s__Eubacterium_cylindroides	1.3340509673
VALSYN-PWY: L-valine biosynthesis|g__Coprobacter.s__Coprobacter_fastidiosus	1.0826198114
VALSYN-PWY: L-valine biosynthesis|g__Roseburia.s__Roseburia_intestinalis	1.0545211875
VALSYN-PWY: L-valine biosynthesis|g__Clostridium.s__Clostridium_bolteae	1.0114811628
PWY-5695: urate biosynthesis/inosine 5'-phosphate degradation	121.5891783337
PWY-5695: urate biosynthesis/inosine 5'-phosphate degradation|g__Bacteroides.s__Bacteroides_thetaiotaomicron	8.7787737971
PWY-5695: urate biosynthesis/inosine 5'-phosphate degradation|g__Bacteroides.s__Bacteroides_vulgatus	8.6954862016
PWY-5695: urate biosynthesis/inosine 5'-phosphate degradation|g__Alistipes.s__Alistipes_shahii	7.6540328093
PWY-5695: urate biosynthesis/inosine 5'-phosphate degradation|g__Bacteroides.s__Bacteroides_dorei	6.4999450138
PWY-5695: urate biosynthesis/inosine 5'-phosphate degradation|g__Faecalibacterium.s__Faecalibacterium_prausnitzii	4.5964375465
PWY-5695: urate biosynthesis/inosine 5'-phosphate degradation|g__Bacteroides.s__Bacteroides_ovatus	4.2503281295
PWY-5695: urate biosynthesis/inosine 5'-phosphate degradation|g__Parabacteroides.s__Parabacteroides_distasonis	3.6837681142
PWY-5695: urate biosynthesis/inosine 5'-phosphate degradation|g__Bacteroides.s__Bacteroides_fragilis	1.8770648237
PANTO-PWY: phosphopantothenate biosynthesis I	120.4097555082
PANTO-PWY: phosphopantothenate biosynthesis I|g__Bacteroides.s__Bacteroides_uniformis	23.7740991127
PANTO-PWY: phosphopantothenate biosynthesis I|g__Bacteroides.s__Bacteroides_cellulosilyticus	9.9405122130
PANTO-PWY: phosphopantothenate biosynthesis I|g__Bacteroides.s__Bacteroides_vulgatus	9.7374182386
PANTO-PWY: phosphopantothenate biosynthesis I|g__Parabacteroides.s__Parabacteroides_distasonis	7.3253980980
PANTO-PWY: phosphopantothenate biosynthesis I|g__Bacteroides.s__Bacteroides_thetaiotaomicron	6.9934255112
PANTO-PWY: phosphopantothenate biosynthesis I|g__Bacteroides.s__Bacteroides_ovatus	5.2026712244
PANTO-PWY: phosphopantothenate biosynthesis I|g__Parabacteroides.s__Parabacteroides_merdae	5.0947340087
PANTO-PWY: phosphopantothenate biosynthesis I|g__Dorea.s__Dorea_longicatena	3.5582373435
PANTO-PWY: phosphopantothenate biosynthesis I|g__Ruminococcus.s__Ruminococcus_callidus	3.2972111884
PANTO-PWY: phosphopantothenate biosynthesis I|g__Lachnospiraceae_noname.s__Lachnospiraceae_bacterium_1_1_57FAA	2.4529733485
PANTO-PWY: phosphopantothenate biosynthesis I|g__Blautia.s__Ruminococcus_torques	2.3467114287
PANTO-PWY: phosphopantothenate biosynthesis I|g__Bacteroides.s__Bacteroides_dorei	2.1462162733
PANTO-PWY: phosphopantothenate biosynthesis I|g__Lachnospiraceae_noname.s__Lachnospiraceae_bacterium_2_1_58FAA	2.0612314190
PANTO-PWY: phosphopantothenate biosynthesis I|g__Bacteroides.s__Bacteroides_intestinalis	2.0487325695
PANTO-PWY: phosphopantothenate biosynthesis I|g__Porphyromonas.s__Porphyromonas_asaccharolytica	1.8644419556
PANTO-PWY: phosphopantothenate biosynthesis I|g__Bacteroides.s__Bacteroides_fragilis	1.6696332171
PANTO-PWY: phosphopantothenate biosynthesis I|g__Eubacterium.s__Eubacterium_hallii	1.5050456344
PWY-2942: L-lysine biosynthesis III	119.1040780038
PWY-2942: L-lysine biosynthesis III|g__Bacteroides.s__Bacteroides_uniformis	19.8401777481
PWY-2942: L-lysine biosynthesis III|g__Bacteroides.s__Bacteroides_thetaiotaomicron	9.2414268264
PWY-2942: L-lysine biosynthesis III|g__Bacteroides.s__Bacteroides_ovatus	8.4456578703
PWY-2942: L-lysine biosynthesis III|g__Bacteroides.s__Bacteroides_cellulosilyticus	7.0408813859
PWY-2942: L-lysine biosynthesis III|g__Bacteroides.s__Bacteroides_vulgatus	6.8669829613
PWY-2942: L-lysine biosynthesis III|g__Parabacteroides.s__Parabacteroides_merdae	6.4890204954
PWY-2942: L-lysine biosynthesis III|g__Eubacterium.s__Eubacterium_siraeum	6.4652785364
PWY-2942: L-lysine biosynthesis III|g__Parabacteroides.s__Parabacteroides_distasonis	4.2652382821
PWY-2942: L-lysine biosynthesis III|g__Bacteroides.s__Bacteroides_intestinalis	3.1426127846
PWY-2942: L-lysine biosynthesis III|g__Bacteroides.s__Bacteroides_dorei	2.9635605653
PWY-2942: L-lysine biosynthesis III|g__Blautia.s__Ruminococcus_torques	1.7249577091
PWY-2942: L-lysine biosynthesis III|g__Lachnospiraceae_noname.s__Lachnospiraceae_bacterium_7_1_58FAA	1.2767837135
COA-PWY-1: coenzyme A biosynthesis II (mammalian)	116.4571964059
COA-PWY-1: coenzyme A biosynthesis II (mammalian)|g__Bacteroides.s__Bacteroides_uniformis	18.6078613773
COA-PWY-1: coenzyme A biosynthesis II (mammalian)|g__Bacteroides.s__Bacteroides_cellulosilyticus	9.1918875850
COA-PWY-1: coenzyme A biosynthesis II (mammalian)|g__Bacteroides.s__Bacteroides_vulgatus	8.1561181935
COA-PWY-1: coenzyme A biosynthesis II (mammalian)|g__Bacteroides.s__Bacteroides_thetaiotaomicron	5.4549346767
COA-PWY-1: coenzyme A biosynthesis II (mammalian)|g__Sutterella.s__Sutterella_wadsworthensis	3.9045342292
COA-PWY-1: coenzyme A biosynthesis II (mammalian)|g__Eubacterium.s__Eubacterium_siraeum	3.8699629235
COA-PWY-1: coenzyme A biosynthesis II (mammalian)|g__Bacteroides.s__Bacteroides_xylanisolvens	3.2019482926
COA-PWY-1: coenzyme A biosynthesis II (mammalian)|g__Parabacteroides.s__Parabacteroides_merdae	3.1511931804
COA-PWY-1: coenzyme A biosynthesis II (mammalian)|g__Bacteroides.s__Bacteroides_ovatus	2.8016795269
COA-PWY-1: coenzyme A biosynthesis II (mammalian)|g__Bacteroides.s__Bacteroides_intestinalis	2.2746963846
COA-PWY-1: coenzyme A biosynthesis II (mammalian)|g__Bacteroides.s__Bacteroides_fragilis	2.2360095414
PWY-6700: queuosine biosynthesis	115.6056125997
PWY-6700: queuosine biosynthesis|g__Bacteroides.s__Bacteroides_uniformis	19.6668481106
PWY-6700: queuosine biosynthesis|g__Bacteroides.s__Bacteroides_cellulosilyticus	10.0410364824
PWY-6700: queuosine biosynthesis|g__Bacteroides.s__Bacteroides_vulgatus	9.4166253817
PWY-6700: queuosine biosynthesis|g__Parabacteroides.s__Parabacteroides_distasonis	8.6192419224
PWY-6700: queuosine biosynthesis|g__Bacteroides.s__Bacteroides_ovatus	7.2458518214
PWY-6700: queuosine biosynthesis|g__Bacteroides.s__Bacteroides_dorei	7.1135194356
PWY-6700: queuosine biosynthesis|g__Sutterella.s__Sutterella_wadsworthensis	4.7907431907
PWY-6700: queuosine biosynthesis|g__Bacteroides.s__Bacteroides_thetaiotaomicron	3.9195969384
PWY-6700: queuosine biosynthesis|g__Ruminococcus.s__Ruminococcus_callidus	2.2491887571
PWY-6700: queuosine biosynthesis|g__Bilophila.s__Bilophila_wadsworthia	1.3230838266
PWY-5097: L-lysine biosynthesis VI	115.4056364991
PWY-5097: L-lysine biosynthesis VI|g__Bacteroides.s__Bacteroides_uniformis	18.3059399021
PWY-5097: L-lysine biosynthesis VI|g__Bacteroides.s__Bacteroides_vulgatus	8.0509265560
PWY-5097: L-lysine biosynthesis VI|g__Eubacterium.s__Eubacterium_siraeum	6.7942645294
PWY-5097: L-lysine biosynthesis VI|g__Bacteroides.s__Bacteroides_thetaiotaomicron	6.7517760331
PWY-5097: L-lysine biosynthesis VI|g__Bacteroides.s__Bacteroides_cellulosilyticus	6.4752989820
PWY-5097: L-lysine biosynthesis VI|g__Bacteroides.s__Bacteroides_ovatus	5.0985946670
PWY-5097: L-lysine biosynthesis VI|g__Parabacteroides.s__Parabacteroides_distasonis	4.6303354066
PWY-5097: L-lysine biosynthesis VI|g__Parabacteroides.s__Parabacteroides_merdae	3.7052145341
PWY-5097: L-lysine biosynthesis VI|g__Ruminococcus.s__Ruminococcus_callidus	3.6819336859
PWY-5097: L-lysine biosynthesis VI|g__Bacteroides.s__Bacteroides_intestinalis	3.1189320412
PWY-5097: L-lysine biosynthesis VI|g__Blautia.s__Ruminococcus_torques	1.5006782719
PWY-3841: folate transformations II	111.5484845199
PWY-3841: folate transformations II|g__Bacteroides.s__Bacteroides_uniformis	17.7456891372
PWY-3841: folate transformations II|g__Bacteroides.s__Bacteroides_vulgatus	10.0568204298
PWY-3841: folate transformations II|g__Bacteroides.s__Bacteroides_cellulosilyticus	10.0188540491
PWY-3841: folate transformations II|g__Bacteroides.s__Bacteroides_ovatus	8.0306601087
PWY-3841: folate transformations II|g__Bacteroides.s__Bacteroides_thetaiotaomicron	7.5749258648
PWY-3841: folate transformations II|g__Parabacteroides.s__Parabacteroides_merdae	7.1948502009
PWY-3841: folate transformations II|g__Parabacteroides.s__Parabacteroides_distasonis	5.4179012209
1CMET2-PWY: N10-formyl-tetrahydrofolate biosynthesis	110.5497700538
1CMET2-PWY: N10-formyl-tetrahydrofolate biosynthesis|g__Bacteroides.s__Bacteroides_uniformis	15.5586992446
1CMET2-PWY: N10-formyl-tetrahydrofolate biosynthesis|g__Bacteroides.s__Bacteroides_cellulosilyticus	8.6673349626
1CMET2-PWY: N10-formyl-tetrahydrofolate biosynthesis|g__Bacteroides.s__Bacteroides_thetaiotaomicron	6.8117515374
1CMET2-PWY: N10-formyl-tetrahydrofolate biosynthesis|g__Parabacteroides.s__Parabacteroides_distasonis	5.3324220722
1CMET2-PWY: N10-formyl-tetrahydrofolate biosynthesis|g__Parabacteroides.s__Parabacteroides_merdae	4.4058733983
PWY-7229: superpathway of adenosine nucleotides de novo biosynthesis I	106.8725315230
PWY-7229: superpathway of adenosine nucleotides de novo biosynthesis I|g__Bacteroides.s__Bacteroides_vulgatus	16.3080096847
PWY-7229: superpathway of adenosine nucleotides de novo biosynthesis I|g__Bacteroides.s__Bacteroides_cellulosilyticus	11.0414093240
PWY-7229: superpathway of adenosine nucleotides de novo biosynthesis I|g__Sutterella.s__Sutterella_wadsworthensis	4.2625744925
PWY-7229: superpathway of adenosine nucleotides de novo biosynthesis I|g__Bacteroides.s__Bacteroides_dorei	2.7508737929
PWY-6163: chorismate biosynthesis from 3-dehydroquinate	106.0113394022
PWY-6163: chorismate biosynthesis from 3-dehydroquinate|g__Eubacterium.s__Eubacterium_siraeum	10.1722758554
PWY-6163: chorismate biosynthesis from 3-dehydroquinate|g__Ruminococcus.s__Ruminococcus_callidus	3.6005137908
PWY-6163: chorismate biosynthesis from 3-dehydroquinate|g__Clostridium.s__Clostridium_clostridioforme	3.5394345635
PWY-6163: chorismate biosynthesis from 3-dehydroquinate|g__Blautia.s__Ruminococcus_torques	2.1435391271
PWY-6163: chorismate biosynthesis from 3-dehydroquinate|g__Lachnospiraceae_noname.s__Lachnospiraceae_bacterium_1_1_57FAA	1.8558299374
PWY-6703: preQ0 biosynthesis	103.9662341863
PWY-6703: preQ0 biosynthesis|g__Bacteroides.s__Bacteroides_uniformis	15.7534144633
PWY-6703: preQ0 biosynthesis|g__Bacteroides.s__Bacteroides_thetaiotaomicron	8.5709960134
PWY-6703: preQ0 biosynthesis|g__Ruminococcus.s__Ruminococcus_callidus	7.4907794321
PWY-6703: preQ0 biosynthesis|g__Bacteroides.s__Bacteroides_vulgatus	6.5056781404
PWY-6703: preQ0 biosynthesis|g__Parabacteroides.s__Parabacteroides_distasonis	5.7552379361
PWY-6703: preQ0 biosynthesis|g__Bacteroides.s__Bacteroides_cellulosilyticus	5.4932289457
PWY-6703: preQ0 biosynthesis|g__Bacteroides.s__Bacteroides_ovatus	4.7990812062
PWY-6703: preQ0 biosynthesis|g__Bacteroides.s__Bacteroides_dorei	3.1261747854
PWY-6703: preQ0 biosynthesis|g__Parabacteroides.s__Parabacteroides_merdae	2.8893931325
PWY-6121: 5-aminoimidazole ribonucleotide biosynthesis I	102.8286749154
PWY-6121: 5-aminoimidazole ribonucleotide biosynthesis I|g__Eubacterium.s__Eubacterium_siraeum	11.2259557314
PWY-6121: 5-aminoimidazole ribonucleotide biosynthesis I|g__Collinsella.s__Collinsella_aerofaciens	7.9016840941
PWY-6121: 5-aminoimidazole ribonucleotide biosynthesis I|g__Alistipes.s__Alistipes_onderdonkii	5.3238954890
PWY-6121: 5-aminoimidazole ribonucleotide biosynthesis I|g__Sutterella.s__Sutterella_wadsworthensis	5.1548665538
PWY-6121: 5-aminoimidazole ribonucleotide biosynthesis I|g__Ruminococcus.s__Ruminococcus_bromii	4.3713864653
PWY-6121: 5-aminoimidazole ribonucleotide biosynthesis I|g__Clostridium.s__Clostridium_clostridioforme	2.7485234108
PWY-6121: 5-aminoimidazole ribonucleotide biosynthesis I|g__Faecalibacterium.s__Faecalibacterium_prausnitzii	2.1555829700
PWY-6121: 5-aminoimidazole ribonucleotide biosynthesis I|g__Bilophila.s__Bilophila_wadsworthia	1.2804893172
PWY-6121: 5-aminoimidazole ribonucleotide biosynthesis I|g__Roseburia.s__Roseburia_inulinivorans	1.1511056009
PWY-6121: 5-aminoimidazole ribonucleotide biosynthesis I|g__Dorea.s__Dorea_longicatena	0.9085953116
COMPLETE-ARO-PWY: superpathway of aromatic amino acid biosynthesis	98.5181274181
COMPLETE-ARO-PWY: superpathway of aromatic amino acid biosynthesis|g__Eubacterium.s__Eubacterium_siraeum	9.6216398675
COMPLETE-ARO-PWY: superpathway of aromatic amino acid biosynthesis|g__Clostridium.s__Clostridium_clostridioforme	2.9225126964
COMPLETE-ARO-PWY: superpathway of aromatic amino acid biosynthesis|g__Lachnospiraceae_noname.s__Lachnospiraceae_bacterium_1_1_57FAA	1.8144119804
PWY-6151: S-adenosyl-L-methionine cycle I	97.3253424679
PWY-6151: S-adenosyl-L-methionine cycle I|g__Bacteroides.s__Bacteroides_uniformis	19.7969979743
PWY-6151: S-adenosyl-L-methionine cycle I|g__Bacteroides.s__Bacteroides_vulgatus	13.2049862381
PWY-6151: S-adenosyl-L-methionine cycle I|g__Ruminococcus.s__Ruminococcus_bromii	5.0628736901
PWY-6151: S-adenosyl-L-methionine cycle I|g__Ruminococcus.s__Ruminococcus_callidus	3.4888403878
PWY-6151: S-adenosyl-L-methionine cycle I|g__Bacteroides.s__Bacteroides_dorei	2.0666824742
PWY-6151: S-adenosyl-L-methionine cycle I|g__Dorea.s__Dorea_longicatena	1.6049798948
PWY-6151: S-adenosyl-L-methionine cycle I|g__Clostridium.s__Clostridium_clostridioforme	1.4847270959
ARO-PWY: chorismate biosynthesis I	96.4202880840
ARO-PWY: chorismate biosynthesis I|g__Eubacterium.s__Eubacterium_siraeum	10.7005177056
ARO-PWY: chorismate biosynthesis I|g__Clostridium.s__Clostridium_clostridioforme	2.6941829674
ARO-PWY: chorismate biosynthesis I|g__Lachnospiraceae_noname.s__Lachnospiraceae_bacterium_1_1_57FAA	1.6911532234
NONOXIPENT-PWY: pentose phosphate pathway (non-oxidative branch)	95.8894756247
NONOXIPENT-PWY: pentose phosphate pathway (non-oxidative branch)|g__Eubacterium.s__Eubacterium_siraeum	21.8431878190
NONOXIPENT-PWY: pentose phosphate pathway (non-oxidative branch)|g__Bacteroides.s__Bacteroides_thetaiotaomicron	9.2892329212
NONOXIPENT-PWY: pentose phosphate pathway (non-oxidative branch)|g__Ruminococcus.s__Ruminococcus_bromii	7.4252575017
NONOXIPENT-PWY: pentose phosphate pathway (non-oxidative branch)|g__Alistipes.s__Alistipes_shahii	5.1897618130
NONOXIPENT-PWY: pentose phosphate pathway (non-oxidative branch)|g__Erysipelotrichaceae_noname.s__Eubacterium_cylindroides	2.3302609414
PWY-6122: 5-aminoimidazole ribonucleotide biosynthesis II	95.8314971664
PWY-6122: 5-aminoimidazole ribonucleotide biosynthesis II|g__Eubacterium.s__Eubacterium_siraeum	12.6639223046
PWY-6122: 5-aminoimidazole ribonucleotide biosynthesis II|g__Collinsella.s__Collinsella_aerofaciens	8.4530995056
PWY-6122: 5-aminoimidazole ribonucleotide biosynthesis II|g__Alistipes.s__Alistipes_onderdonkii	6.5930625194
PWY-6122: 5-aminoimidazole ribonucleotide biosynthesis II|g__Sutterella.s__Sutterella_wadsworthensis	5.7760418181
PWY-6122: 5-aminoimidazole ribonucleotide biosynthesis II|g__Ruminococcus.s__Ruminococcus_bromii	4.1577410801
PWY-6122: 5-aminoimidazole ribonucleotide biosynthesis II|g__Clostridium.s__Clostridium_clostridioforme	3.0890916233
PWY-6122: 5-aminoimidazole ribonucleotide biosynthesis II|g__Faecalibacterium.s__Faecalibacterium_prausnitzii	2.2056089280
PWY-6122: 5-aminoimidazole ribonucleotide biosynthesis II|g__Lachnospiraceae_noname.s__Lachnospiraceae_bacterium_1_1_57FAA	2.1325128997
PWY-6122: 5-aminoimidazole ribonucleotide biosynthesis II|g__Bilophila.s__Bilophila_wadsworthia	1.1113008790
PWY-6122: 5-aminoimidazole ribonucleotide biosynthesis II|g__Roseburia.s__Roseburia_inulinivorans	1.0521746759
PWY-6122: 5-aminoimidazole ribonucleotide biosynthesis II|g__Dorea.s__Dorea_longicatena	0.8103727715
PWY-6277: superpathway of 5-aminoimidazole ribonucleotide biosynthesis	95.8314971664
PWY-6277: superpathway of 5-aminoimidazole ribonucleotide biosynthesis|g__Eubacterium.s__Eubacterium_siraeum	12.6639223046
PWY-6277: superpathway of 5-aminoimidazole ribonucleotide biosynthesis|g__Collinsella.s__Collinsella_aerofaciens	8.4530995056
PWY-6277: superpathway of 5-aminoimidazole ribonucleotide biosynthesis|g__Alistipes.s__Alistipes_onderdonkii	6.5930625194
PWY-6277: superpathway of 5-aminoimidazole ribonucleotide biosynthesis|g__Sutterella.s__Sutterella_wadsworthensis	5.7760418181
PWY-6277: superpathway of 5-aminoimidazole ribonucleotide biosynthesis|g__Ruminococcus.s__Ruminococcus_bromii	4.1577410801
PWY-6277: superpathway of 5-aminoimidazole ribonucleotide biosynthesis|g__Clostridium.s__Clostridium_clostridioforme	3.0890916233
PWY-6277: superpathway of 5-aminoimidazole ribonucleotide biosynthesis|g__Faecalibacterium.s__Faecalibacterium_prausnitzii	2.2056089280
PWY-6277: superpathway of 5-aminoimidazole ribonucleotide biosynthesis|g__Lachnospiraceae_noname.s__Lachnospiraceae_bacterium_1_1_57FAA	2.1325128997
PWY-6277: superpathway of 5-aminoimidazole ribonucleotide biosynthesis|g__Bilophila.s__Bilophila_wadsworthia	1.1113008790
PWY-6277: superpathway of 5-aminoimidazole ribonucleotide biosynthesis|g__Roseburia.s__Roseburia_inulinivorans	1.0521746759
PWY-6277: superpathway of 5-aminoimidazole ribonucleotide biosynthesis|g__Dorea.s__Dorea_longicatena	0.8103727715
ANAGLYCOLYSIS-PWY: glycolysis III (from glucose)	93.1940552234
ANAGLYCOLYSIS-PWY: glycolysis III (from glucose)|g__Alistipes.s__Alistipes_shahii	5.4709136556
ANAGLYCOLYSIS-PWY: glycolysis III (from glucose)|g__Bacteroides.s__Bacteroides_ovatus	4.3583200265
PWY-6126: superpathway of adenosine nucleotides de novo biosynthesis II	91.8859139928
PWY-6126: superpathway of adenosine nucleotides de novo biosynthesis II|g__Bacteroides.s__Bacteroides_vulgatus	15.0291023793
PWY-6126: superpathway of adenosine nucleotides de novo biosynthesis II|g__Bacteroides.s__Bacteroides_cellulosilyticus	10.8866719725
PWY-6126: superpathway of adenosine nucleotides de novo biosynthesis II|g__Sutterella.s__Sutterella_wadsworthensis	4.5589530041
PWY-6126: superpathway of adenosine nucleotides de novo biosynthesis II|g__Bacteroides.s__Bacteroides_dorei	2.2060270807
PWY-5973: cis-vaccenate biosynthesis	85.4926838317
PWY-7663: gondoate biosynthesis (anaerobic)	80.9461528455
PWY-7663: gondoate biosynthesis (anaerobic)|g__Bacteroides.s__Bacteroides_thetaiotaomicron	8.1048579919
PWY-7663: gondoate biosynthesis (anaerobic)|g__Bacteroides.s__Bacteroides_ovatus	3.6846916839
PWY-7663: gondoate biosynthesis (anaerobic)|g__Bacteroides.s__Bacteroides_xylanisolvens	3.5862600516
PWY-7663: gondoate biosynthesis (anaerobic)|g__Bacteroides.s__Bacteroides_fragilis	2.1073601496
PWY-6385: peptidoglycan biosynthesis III (mycobacteria)	80.6715492355
PWY-6385: peptidoglycan biosynthesis III (mycobacteria)|g__Bacteroides.s__Bacteroides_ovatus	8.7483264891
PWY-6385: peptidoglycan biosynthesis III (mycobacteria)|g__Parabacteroides.s__Parabacteroides_distasonis	4.5706553551
PWY-6385: peptidoglycan biosynthesis III (mycobacteria)|g__Faecalibacterium.s__Faecalibacterium_prausnitzii	1.5492903774
PWY-724: superpathway of L-lysine, L-threonine and L-methionine biosynthesis II	79.5958135112
PWY-7228: superpathway of guanosine nucleotides de novo biosynthesis I	79.5457641761
PWY-7228: superpathway of guanosine nucleotides de novo biosynthesis I|g__Bacteroides.s__Bacteroides_vulgatus	13.1620285769
PWY-7228: superpathway of guanosine nucleotides de novo biosynthesis I|g__Bacteroides.s__Bacteroides_cellulosilyticus	12.8550694285
PWY-7228: superpathway of guanosine nucleotides de novo biosynthesis I|g__Sutterella.s__Sutterella_wadsworthensis	7.1999308108
PWY-7228: superpathway of guanosine nucleotides de novo biosynthesis I|g__Parabacteroides.s__Parabacteroides_distasonis	3.9544315975
PWY-7228: superpathway of guanosine nucleotides de novo biosynthesis I|g__Bacteroides.s__Bacteroides_dorei	2.7967151571
PWY-1042: glycolysis IV (plant cytosol)	78.0708296341
PWY-1042: glycolysis IV (plant cytosol)|g__Bacteroides.s__Bacteroides_thetaiotaomicron	9.1480946558
PWY-1042: glycolysis IV (plant cytosol)|g__Bacteroides.s__Bacteroides_ovatus	6.0058714017
PWY-1042: glycolysis IV (plant cytosol)|g__Alistipes.s__Alistipes_shahii	4.4332984971
PWY-1042: glycolysis IV (plant cytosol)|g__Ruminococcus.s__Ruminococcus_bromii	4.2511563524
PWY-1042: glycolysis IV (plant cytosol)|g__Faecalibacterium.s__Faecalibacterium_prausnitzii	2.4723685991
PWY-1042: glycolysis IV (plant cytosol)|g__Blautia.s__Ruminococcus_torques	1.6732953422
PWY0-845: superpathway of pyridoxal 5'-phosphate biosynthesis and salvage	75.3669623926
PWY0-845: superpathway of pyridoxal 5'-phosphate biosynthesis and salvage|g__Bacteroides.s__Bacteroides_uniformis	14.5134156725
PWY0-845: superpathway of pyridoxal 5'-phosphate biosynthesis and salvage|g__Bacteroides.s__Bacteroides_thetaiotaomicron	5.2744525790
PWY0-845: superpathway of pyridoxal 5'-phosphate biosynthesis and salvage|g__Bacteroides.s__Bacteroides_ovatus	3.3257673404
PWY-6609: adenine and adenosine salvage III	74.6438870064
PWY-6609: adenine and adenosine salvage III|g__Bacteroides.s__Bacteroides_thetaiotaomicron	8.2728633053
PWY-6609: adenine and adenosine salvage III|g__Alistipes.s__Alistipes_shahii	6.5466785129
PWY-6609: adenine and adenosine salvage III|g__Faecalibacterium.s__Faecalibacterium_prausnitzii	6.0471632473
PWY-6609: adenine and adenosine salvage III|g__Bacteroides.s__Bacteroides_ovatus	3.7972711934
PWY-6609: adenine and adenosine salvage III|g__Bacteroides.s__Bacteroides_fragilis	3.0520096910
PWY-6609: adenine and adenosine salvage III|g__Blautia.s__Ruminococcus_torques	2.4526477999
PWY-6609: adenine and adenosine salvage III|g__Lachnospiraceae_noname.s__Lachnospiraceae_bacterium_2_1_58FAA	1.2269938650
PWY-841: superpathway of purine nucleotides de novo biosynthesis I	74.4817874370
ARGININE-SYN4-PWY: L-ornithine de novo  biosynthesis	74.1683857247
ARGININE-SYN4-PWY: L-ornithine de novo  biosynthesis|g__Bacteroides.s__Bacteroides_uniformis	21.6100379988
ARGININE-SYN4-PWY: L-ornithine de novo  biosynthesis|g__Bacteroides.s__Bacteroides_thetaiotaomicron	9.1566941137
ARGININE-SYN4-PWY: L-ornithine de novo  biosynthesis|g__Bacteroides.s__Bacteroides_cellulosilyticus	7.1748491077
ARGININE-SYN4-PWY: L-ornithine de novo  biosynthesis|g__Bacteroides.s__Bacteroides_ovatus	6.4218740122
ARGININE-SYN4-PWY: L-ornithine de novo  biosynthesis|g__Bacteroides.s__Bacteroides_fragilis	1.3247794061
ARGININE-SYN4-PWY: L-ornithine de novo  biosynthesis|g__Bacteroides.s__Bacteroides_intestinalis	1.2693072528
PWY-6125: superpathway of guanosine nucleotides de novo biosynthesis II	73.3229547223
PWY-6125: superpathway of guanosine nucleotides de novo biosynthesis II|g__Bacteroides.s__Bacteroides_vulgatus	11.9418502391
PWY-6125: superpathway of guanosine nucleotides de novo biosynthesis II|g__Sutterella.s__Sutterella_wadsworthensis	5.1998816106
PWY-6125: superpathway of guanosine nucleotides de novo biosynthesis II|g__Bacteroides.s__Bacteroides_dorei	2.0681678839
CALVIN-PWY: Calvin-Benson-Bassham cycle	69.6199197005
CALVIN-PWY: Calvin-Benson-Bassham cycle|g__Ruminococcus.s__Ruminococcus_bromii	4.8221197521
PWY-7282: 4-amino-2-methyl-5-phosphomethylpyrimidine biosynthesis (yeast)	69.1562017913
PWY-7282: 4-amino-2-methyl-5-phosphomethylpyrimidine biosynthesis (yeast)|g__Bacteroides.s__Bacteroides_ovatus	4.0741409872
PYRIDOXSYN-PWY: pyridoxal 5'-phosphate biosynthesis I	65.8453812698
PYRIDOXSYN-PWY: pyridoxal 5'-phosphate biosynthesis I|g__Bacteroides.s__Bacteroides_uniformis	13.8982403848
PYRIDOXSYN-PWY: pyridoxal 5'-phosphate biosynthesis I|g__Bacteroides.s__Bacteroides_thetaiotaomicron	4.7379026543
PYRIDOXSYN-PWY: pyridoxal 5'-phosphate biosynthesis I|g__Bacteroides.s__Bacteroides_ovatus	2.7013607681
PWY-6897: thiamin salvage II	65.6350867800
DTDPRHAMSYN-PWY: dTDP-L-rhamnose biosynthesis I	65.4997022231
DTDPRHAMSYN-PWY: dTDP-L-rhamnose biosynthesis I|g__Alistipes.s__Alistipes_shahii	8.2714869821
DTDPRHAMSYN-PWY: dTDP-L-rhamnose biosynthesis I|g__Bacteroides.s__Bacteroides_ovatus	7.6263042147
DTDPRHAMSYN-PWY: dTDP-L-rhamnose biosynthesis I|g__Faecalibacterium.s__Faecalibacterium_prausnitzii	5.1108809887
DTDPRHAMSYN-PWY: dTDP-L-rhamnose biosynthesis I|g__Clostridium.s__Clostridium_clostridioforme	2.9655018409
DTDPRHAMSYN-PWY: dTDP-L-rhamnose biosynthesis I|g__Bacteroides.s__Bacteroides_fragilis	2.0755621936
DTDPRHAMSYN-PWY: dTDP-L-rhamnose biosynthesis I|g__Porphyromonas.s__Porphyromonas_asaccharolytica	1.6751777521
PWY-7208: superpathway of pyrimidine nucleobases salvage	64.3273961566
PWY-7208: superpathway of pyrimidine nucleobases salvage|g__Eubacterium.s__Eubacterium_siraeum	7.3459356367
PWY-7208: superpathway of pyrimidine nucleobases salvage|g__Sutterella.s__Sutterella_wadsworthensis	6.3105106020
PWY-7208: superpathway of pyrimidine nucleobases salvage|g__Blautia.s__Ruminococcus_torques	2.1641638874
PWY-6123: inosine-5'-phosphate biosynthesis I	63.2487818288
PWY-6123: inosine-5'-phosphate biosynthesis I|g__Bacteroides.s__Bacteroides_thetaiotaomicron	8.0344522819
PWY-6123: inosine-5'-phosphate biosynthesis I|g__Eubacterium.s__Eubacterium_siraeum	7.6712262439
PWY-6123: inosine-5'-phosphate biosynthesis I|g__Bacteroides.s__Bacteroides_ovatus	3.7144635830
PWY0-166: superpathway of pyrimidine deoxyribonucleotides de novo biosynthesis (E. coli)	60.0645260671
PWY0-166: superpathway of pyrimidine deoxyribonucleotides de novo biosynthesis (E. coli)|g__Sutterella.s__Sutterella_wadsworthensis	7.8799414445
PWY-7357: thiamin formation from pyrithiamine and oxythiamine (yeast)	59.5180071361
PWY-7357: thiamin formation from pyrithiamine and oxythiamine (yeast)|g__Eubacterium.s__Eubacterium_siraeum	11.1176343275
PWY-7357: thiamin formation from pyrithiamine and oxythiamine (yeast)|g__Ruminococcus.s__Ruminococcus_bromii	3.9359887441
PWY-6168: flavin biosynthesis III (fungi)	58.3246893786
PWY-6168: flavin biosynthesis III (fungi)|g__Bacteroides.s__Bacteroides_thetaiotaomicron	3.3930995349
PWY-6124: inosine-5'-phosphate biosynthesis II	56.3036425971
PWY-6124: inosine-5'-phosphate biosynthesis II|g__Bacteroides.s__Bacteroides_thetaiotaomicron	7.8938989734
PWY-6124: inosine-5'-phosphate biosynthesis II|g__Eubacterium.s__Eubacterium_siraeum	7.3985381340
PWY-6124: inosine-5'-phosphate biosynthesis II|g__Bacteroides.s__Bacteroides_xylanisolvens	3.8515151691
PWY-6124: inosine-5'-phosphate biosynthesis II|g__Bacteroides.s__Bacteroides_ovatus	3.5910572371
PWY-7184: pyrimidine deoxyribonucleotides de novo biosynthesis I	55.2186182846
PWY-7184: pyrimidine deoxyribonucleotides de novo biosynthesis I|g__Sutterella.s__Sutterella_wadsworthensis	7.5272155662
PWY-7220: adenosine deoxyribonucleotides de novo biosynthesis II	54.2888744686
PWY-7220: adenosine deoxyribonucleotides de novo biosynthesis II|g__Bacteroides.s__Bacteroides_vulgatus	11.9087073471
PWY-7220: adenosine deoxyribonucleotides de novo biosynthesis II|g__Bacteroides.s__Bacteroides_cellulosilyticus	10.8593496942
PWY-7220: adenosine deoxyribonucleotides de novo biosynthesis II|g__Sutterella.s__Sutterella_wadsworthensis	8.0908803333
PWY-7220: adenosine deoxyribonucleotides de novo biosynthesis II|g__Bacteroides.s__Bacteroides_dorei	1.3774919705
PWY-7220: adenosine deoxyribonucleotides de novo biosynthesis II|g__Holdemania.s__Holdemania_filiformis	0.5253940455
PWY-7222: guanosine deoxyribonucleotides de novo biosynthesis II	54.2888744686
PWY-7222: guanosine deoxyribonucleotides de novo biosynthesis II|g__Bacteroides.s__Bacteroides_vulgatus	11.9087073471
PWY-7222: guanosine deoxyribonucleotides de novo biosynthesis II|g__Bacteroides.s__Bacteroides_cellulosilyticus	10.8593496942
PWY-7222: guanosine deoxyribonucleotides de novo biosynthesis II|g__Sutterella.s__Sutterella_wadsworthensis	8.0908803333
PWY-7222: guanosine deoxyribonucleotides de novo biosynthesis II|g__Bacteroides.s__Bacteroides_dorei	1.3774919705
PWY-7222: guanosine deoxyribonucleotides de novo biosynthesis II|g__Holdemania.s__Holdemania_filiformis	0.5253940455
PWY-3001: superpathway of L-isoleucine biosynthesis I	53.4574541712
PWY-3001: superpathway of L-isoleucine biosynthesis I|g__Faecalibacterium.s__Faecalibacterium_prausnitzii	2.5624478806
THRESYN-PWY: superpathway of L-threonine biosynthesis	52.8556121019
THRESYN-PWY: superpathway of L-threonine biosynthesis|g__Faecalibacterium.s__Faecalibacterium_prausnitzii	1.8768426039
HISTSYN-PWY: L-histidine biosynthesis	50.6150202745
HISTSYN-PWY: L-histidine biosynthesis|g__Eubacterium.s__Eubacterium_siraeum	7.8105712240
PWY0-162: superpathway of pyrimidine ribonucleotides de novo biosynthesis	50.2195735791
PHOSLIPSYN-PWY: superpathway of phospholipid biosynthesis I (bacteria)	49.5293450694
ANAEROFRUCAT-PWY: homolactic fermentation	49.4265663380
TRNA-CHARGING-PWY: tRNA charging	49.2617914840
PWY-1269: CMP-3-deoxy-D-manno-octulosonate biosynthesis I	48.8796937420
PWY-1269: CMP-3-deoxy-D-manno-octulosonate biosynthesis I|g__Bacteroides.s__Bacteroides_thetaiotaomicron	12.2866037999
PWY-1269: CMP-3-deoxy-D-manno-octulosonate biosynthesis I|g__Bacteroides.s__Bacteroides_ovatus	4.7776276071
PWY-1269: CMP-3-deoxy-D-manno-octulosonate biosynthesis I|g__Alistipes.s__Alistipes_shahii	2.6510368098
PYRIDNUCSYN-PWY: NAD biosynthesis I (from aspartate)	48.4682372686
PYRIDNUCSYN-PWY: NAD biosynthesis I (from aspartate)|g__Eubacterium.s__Eubacterium_siraeum	7.9007737665
PYRIDNUCSYN-PWY: NAD biosynthesis I (from aspartate)|g__Alistipes.s__Alistipes_shahii	4.3092113955
PYRIDNUCSYN-PWY: NAD biosynthesis I (from aspartate)|g__Ruminococcus.s__Ruminococcus_bromii	3.2265211448
PWY-5659: GDP-mannose biosynthesis	46.8946193913
PWY-5659: GDP-mannose biosynthesis|g__Eubacterium.s__Eubacterium_siraeum	10.5394217006
PWY-5659: GDP-mannose biosynthesis|g__Bacteroides.s__Bacteroides_ovatus	6.4259122223
PWY-5659: GDP-mannose biosynthesis|g__Alistipes.s__Alistipes_onderdonkii	5.4414030298
PWY-5659: GDP-mannose biosynthesis|g__Alistipes.s__Alistipes_shahii	3.7673502663
PWY-5659: GDP-mannose biosynthesis|g__Faecalibacterium.s__Faecalibacterium_prausnitzii	2.3444393001
PWY-5659: GDP-mannose biosynthesis|g__Bacteroides.s__Bacteroides_xylanisolvens	1.8866200286
SER-GLYSYN-PWY: superpathway of L-serine and glycine biosynthesis I	44.8927676903
SER-GLYSYN-PWY: superpathway of L-serine and glycine biosynthesis I|g__Eubacterium.s__Eubacterium_siraeum	13.3488065736
SER-GLYSYN-PWY: superpathway of L-serine and glycine biosynthesis I|g__Ruminococcus.s__Ruminococcus_bromii	4.3777083428
SER-GLYSYN-PWY: superpathway of L-serine and glycine biosynthesis I|g__Faecalibacterium.s__Faecalibacterium_prausnitzii	3.6449098942
SER-GLYSYN-PWY: superpathway of L-serine and glycine biosynthesis I|g__Blautia.s__Ruminococcus_torques	1.0470878122
ASPASN-PWY: superpathway of L-aspartate and L-asparagine biosynthesis	44.4166475684
ASPASN-PWY: superpathway of L-aspartate and L-asparagine biosynthesis|g__Bacteroides.s__Bacteroides_ovatus	7.6630891844
ASPASN-PWY: superpathway of L-aspartate and L-asparagine biosynthesis|g__Bacteroides.s__Bacteroides_thetaiotaomicron	4.8500922977
ASPASN-PWY: superpathway of L-aspartate and L-asparagine biosynthesis|g__Faecalibacterium.s__Faecalibacterium_prausnitzii	1.5342526902
ASPASN-PWY: superpathway of L-aspartate and L-asparagine biosynthesis|g__Bacteroides.s__Bacteroides_xylanisolvens	1.1297638344
PWY-7456: mannan degradation	42.8538763918
PWY-7456: mannan degradation|g__Eubacterium.s__Eubacterium_siraeum	7.9906745408
PWY-7456: mannan degradation|g__Bacteroides.s__Bacteroides_ovatus	6.4120652729
PWY-7197: pyrimidine deoxyribonucleotide phosphorylation	42.5946715465
PWY-7197: pyrimidine deoxyribonucleotide phosphorylation|g__Sutterella.s__Sutterella_wadsworthensis	7.9872576417
RHAMCAT-PWY: L-rhamnose degradation I	41.0633707557
RHAMCAT-PWY: L-rhamnose degradation I|g__Bacteroides.s__Bacteroides_ovatus	8.5438806254
RHAMCAT-PWY: L-rhamnose degradation I|g__Bacteroides.s__Bacteroides_thetaiotaomicron	7.3526444006
RHAMCAT-PWY: L-rhamnose degradation I|g__Faecalibacterium.s__Faecalibacterium_prausnitzii	2.9333723306
RHAMCAT-PWY: L-rhamnose degradation I|g__Bacteroides.s__Bacteroides_xylanisolvens	1.8513351308
DENOVOPURINE2-PWY: superpathway of purine nucleotides de novo biosynthesis II	39.6974111435
PWY0-1296: purine ribonucleosides degradation	38.9717913491
PWY0-1296: purine ribonucleosides degradation|g__Clostridium.s__Clostridium_clostridioforme	6.4783458450
PWY0-1296: purine ribonucleosides degradation|g__Blautia.s__Ruminococcus_torques	3.1573243923
PWY0-1296: purine ribonucleosides degradation|g__Faecalibacterium.s__Faecalibacterium_prausnitzii	1.9078746892
PWY0-1296: purine ribonucleosides degradation|g__Dorea.s__Dorea_longicatena	1.6031731976
PWY0-1296: purine ribonucleosides degradation|g__Lachnospiraceae_noname.s__Lachnospiraceae_bacterium_1_1_57FAA	1.4012753435
PWY0-1296: purine ribonucleosides degradation|g__Lachnospiraceae_noname.s__Lachnospiraceae_bacterium_2_1_58FAA	1.1532125206
DAPLYSINESYN-PWY: L-lysine biosynthesis I	38.8091942745
PANTOSYN-PWY: pantothenate and coenzyme A biosynthesis I	37.8378335281
PANTOSYN-PWY: pantothenate and coenzyme A biosynthesis I|g__Bacteroides.s__Bacteroides_ovatus	3.8719711483
PWY-6317: galactose degradation I (Leloir pathway)	37.3685699694
PWY-6317: galactose degradation I (Leloir pathway)|g__Eubacterium.s__Eubacterium_siraeum	5.8083311859
PWY-6317: galactose degradation I (Leloir pathway)|g__Ruminococcus.s__Ruminococcus_bromii	5.3861401156
PWY-6317: galactose degradation I (Leloir pathway)|g__Faecalibacterium.s__Faecalibacterium_prausnitzii	2.4700817078
PWY66-422: D-galactose degradation V (Leloir pathway)	37.3685699694
PWY66-422: D-galactose degradation V (Leloir pathway)|g__Eubacterium.s__Eubacterium_siraeum	8.8060703710
PWY66-422: D-galactose degradation V (Leloir pathway)|g__Ruminococcus.s__Ruminococcus_bromii	5.3861401156
PWY66-422: D-galactose degradation V (Leloir pathway)|g__Faecalibacterium.s__Faecalibacterium_prausnitzii	2.4700817078
PWY-6545: pyrimidine deoxyribonucleotides de novo biosynthesis III	36.3743178149
PWY-7211: superpathway of pyrimidine deoxyribonucleotides de novo biosynthesis	36.3155221934
GLYCOLYSIS: glycolysis I (from glucose 6-phosphate)	35.5408068359
PWY-5484: glycolysis II (from fructose 6-phosphate)	35.3476315173
THISYNARA-PWY: superpathway of thiamin diphosphate biosynthesis III (eukaryotes)	35.2223053055
THISYNARA-PWY: superpathway of thiamin diphosphate biosynthesis III (eukaryotes)|g__Bacteroides.s__Bacteroides_ovatus	8.5799438696
PWY-6527: stachyose degradation	34.9069826727
PWY-6527: stachyose degradation|g__Eubacterium.s__Eubacterium_siraeum	12.0777317796
PWY-6527: stachyose degradation|g__Faecalibacterium.s__Faecalibacterium_prausnitzii	2.6568113385
RIBOSYN2-PWY: flavin biosynthesis I (bacteria and plants)	34.8226090287
PWY4FS-7: phosphatidylglycerol biosynthesis I (plastidic)	34.7030701104
PWY4FS-8: phosphatidylglycerol biosynthesis II (non-plastidic)	34.7030701104
PRPP-PWY: superpathway of histidine, purine, and pyrimidine biosynthesis	33.7170640380
BRANCHED-CHAIN-AA-SYN-PWY: superpathway of branched amino acid biosynthesis	32.1332731330
BRANCHED-CHAIN-AA-SYN-PWY: superpathway of branched amino acid biosynthesis|g__Eubacterium.s__Eubacterium_siraeum	7.4583239208
BRANCHED-CHAIN-AA-SYN-PWY: superpathway of branched amino acid biosynthesis|g__Faecalibacterium.s__Faecalibacterium_prausnitzii	5.2829933632
PWY0-1586: peptidoglycan maturation (meso-diaminopimelate containing)	31.7466338040
PWY0-1586: peptidoglycan maturation (meso-diaminopimelate containing)|g__Faecalibacterium.s__Faecalibacterium_prausnitzii	2.1231277935
PWY-7234: inosine-5'-phosphate biosynthesis III	31.4478647947
PWY-7196: superpathway of pyrimidine ribonucleosides salvage	31.4311374360
CITRULBIO-PWY: L-citrulline biosynthesis	31.1469730996
GLCMANNANAUT-PWY: superpathway of N-acetylglucosamine, N-acetylmannosamine and N-acetylneuraminate degradation	30.9513081167
GLCMANNANAUT-PWY: superpathway of N-acetylglucosamine, N-acetylmannosamine and N-acetylneuraminate degradation|g__Faecalibacterium.s__Faecalibacterium_prausnitzii	2.6181429593
PWY-7383: anaerobic energy metabolism (invertebrates, cytosol)	29.2842516160
PWY66-409: superpathway of purine nucleotide salvage	28.6669148169
PWY-4984: urea cycle	27.5408757986
PWY-4981: L-proline biosynthesis II (from arginine)	26.3214033524
PWY-4981: L-proline biosynthesis II (from arginine)|g__Collinsella.s__Collinsella_aerofaciens	2.2999437602
PWY-5347: superpathway of L-methionine biosynthesis (transsulfuration)	26.1049239904
PWY-7187: pyrimidine deoxyribonucleotides de novo biosynthesis II	25.6973034289
PWY-5103: L-isoleucine biosynthesis III	25.6115328813
PWY-5103: L-isoleucine biosynthesis III|g__Eubacterium.s__Eubacterium_siraeum	6.9561186225
PWY-5103: L-isoleucine biosynthesis III|g__Faecalibacterium.s__Faecalibacterium_prausnitzii	5.2075504116
GLYCOGENSYNTH-PWY: glycogen biosynthesis I (from ADP-D-Glucose)	25.5939823549
GLYCOGENSYNTH-PWY: glycogen biosynthesis I (from ADP-D-Glucose)|g__Eubacterium.s__Eubacterium_siraeum	7.9154867002
TRPSYN-PWY: L-tryptophan biosynthesis	25.3755800879
TRPSYN-PWY: L-tryptophan biosynthesis|g__Blautia.s__Ruminococcus_torques	1.1994905466
PWY66-399: gluconeogenesis III	25.1705902644
PWY-7199: pyrimidine deoxyribonucleosides salvage	25.0416903746
METSYN-PWY: L-homoserine and L-methionine biosynthesis	25.0393913549
MET-SAM-PWY: superpathway of S-adenosyl-L-methionine biosynthesis	24.4385633991
PWY-5188: tetrapyrrole biosynthesis I (from glutamate)	24.2800424707
PWY-5188: tetrapyrrole biosynthesis I (from glutamate)|g__Ruminococcus.s__Ruminococcus_callidus	4.7137108171
PWY-5188: tetrapyrrole biosynthesis I (from glutamate)|g__Sutterella.s__Sutterella_wadsworthensis	4.2129672083
PWY-5188: tetrapyrrole biosynthesis I (from glutamate)|g__Ruminococcus.s__Ruminococcus_bromii	2.2995417651
PWY-5188: tetrapyrrole biosynthesis I (from glutamate)|g__Flavonifractor.s__Flavonifractor_plautii	1.3057543718
COLANSYN-PWY: colanic acid building blocks biosynthesis	22.3414202696
PWY-5022: 4-aminobutanoate degradation V	22.2953393554
GLUDEG-I-PWY: GABA shunt	22.0733486789
PWY-6147: 6-hydroxymethyl-dihydropterin diphosphate biosynthesis I	21.9808906459
PWY-6147: 6-hydroxymethyl-dihydropterin diphosphate biosynthesis I|g__Collinsella.s__Collinsella_aerofaciens	8.5495269715
PWY66-400: glycolysis VI (metazoan)	21.7486796750
PWY-2941: L-lysine biosynthesis II	21.3784838979
COA-PWY: coenzyme A biosynthesis I	20.5040633884
COA-PWY: coenzyme A biosynthesis I|g__Bacteroides.s__Bacteroides_ovatus	6.6730051148
COA-PWY: coenzyme A biosynthesis I|g__Bacteroides.s__Bacteroides_xylanisolvens	1.3736705429
PWY-7539: 6-hydroxymethyl-dihydropterin diphosphate biosynthesis III (Chlamydia)	20.0936639246
GALACT-GLUCUROCAT-PWY: superpathway of hexuronide and hexuronate degradation	19.9396725168
GALACT-GLUCUROCAT-PWY: superpathway of hexuronide and hexuronate degradation|g__Faecalibacterium.s__Faecalibacterium_prausnitzii	2.7588479869
PWY-7323: superpathway of GDP-mannose-derived O-antigen building blocks biosynthesis	19.1056623960
PWY-7323: superpathway of GDP-mannose-derived O-antigen building blocks biosynthesis|g__Bacteroides.s__Bacteroides_ovatus	4.6583701420
PWY-4242: pantothenate and coenzyme A biosynthesis III	18.5698278727
PWY-4242: pantothenate and coenzyme A biosynthesis III|g__Bacteroides.s__Bacteroides_ovatus	2.5047694133
PWY-4242: pantothenate and coenzyme A biosynthesis III|g__Bacteroides.s__Bacteroides_xylanisolvens	1.3939745044
GLUCUROCAT-PWY: superpathway of &beta;-D-glucuronide and D-glucuronate degradation	18.4649034263
GLUCUROCAT-PWY: superpathway of &beta;-D-glucuronide and D-glucuronate degradation|g__Faecalibacterium.s__Faecalibacterium_prausnitzii	2.5315615572
COBALSYN-PWY: adenosylcobalamin salvage from cobinamide I	18.3323321360
COBALSYN-PWY: adenosylcobalamin salvage from cobinamide I|g__Faecalibacterium.s__Faecalibacterium_prausnitzii	3.5737702101
GALACTUROCAT-PWY: D-galacturonate degradation I	18.1745306488
GALACTUROCAT-PWY: D-galacturonate degradation I|g__Alistipes.s__Alistipes_shahii	4.3500055128
GALACTUROCAT-PWY: D-galacturonate degradation I|g__Faecalibacterium.s__Faecalibacterium_prausnitzii	3.4447578582
PWY-5030: L-histidine degradation III	17.9583639966
PWY0-1297: superpathway of purine deoxyribonucleosides degradation	17.9195426230
PWY0-1297: superpathway of purine deoxyribonucleosides degradation|g__Blautia.s__Ruminococcus_torques	2.0277389268
HISDEG-PWY: L-histidine degradation I	17.6876432109
HISDEG-PWY: L-histidine degradation I|g__Alistipes.s__Alistipes_shahii	6.2123487441
HSERMETANA-PWY: L-methionine biosynthesis III	16.6497383876
PWY-5100: pyruvate fermentation to acetate and lactate II	16.4169760828
PWY-5100: pyruvate fermentation to acetate and lactate II|g__Blautia.s__Ruminococcus_torques	1.5205621262
PWY-5100: pyruvate fermentation to acetate and lactate II|g__Roseburia.s__Roseburia_intestinalis	1.2260995849
PWY-7242: D-fructuronate degradation	15.5624503992
PWY-7242: D-fructuronate degradation|g__Faecalibacterium.s__Faecalibacterium_prausnitzii	3.3058660533
PWY-6901: superpathway of glucose and xylose degradation	15.3246165643
TCA: TCA cycle I (prokaryotic)	14.9713271804
PENTOSE-P-PWY: pentose phosphate pathway	14.6578143251
HOMOSER-METSYN-PWY: L-methionine biosynthesis I	14.4674572977
HOMOSER-METSYN-PWY: L-methionine biosynthesis I|g__Ruminococcus.s__Ruminococcus_bromii	4.6991679000
PWY-6969: TCA cycle V (2-oxoglutarate:ferredoxin oxidoreductase)	12.8807481219
PWY-5101: L-isoleucine biosynthesis II	11.8413156770
P161-PWY: acetylene degradation	11.4858916207
PWY-621: sucrose degradation III (sucrose invertase)	10.9736205018
PWY-621: sucrose degradation III (sucrose invertase)|g__Faecalibacterium.s__Faecalibacterium_prausnitzii	3.4637956725
PWY-6305: putrescine biosynthesis IV	10.7687285104
PWY-7210: pyrimidine deoxyribonucleotides biosynthesis from CTP	10.7486570327
PWY-6531: mannitol cycle	10.5479332176
PWY-5690: TCA cycle II (plants and fungi)	10.4133191065
P4-PWY: superpathway of L-lysine, L-threonine and L-methionine biosynthesis I	10.3466374744
POLYAMSYN-PWY: superpathway of polyamine biosynthesis I	10.0380266275
PWY-7400: L-arginine biosynthesis IV (archaebacteria)	9.8301382090
GLYCOLYSIS-E-D: superpathway of glycolysis and Entner-Doudoroff	8.8024686415
ARGSYN-PWY: L-arginine biosynthesis I (via L-ornithine)	8.5542099726
PWY0-781: aspartate superpathway	8.2773009524
PWY-7198: pyrimidine deoxyribonucleotides de novo biosynthesis IV	8.1680600113
P441-PWY: superpathway of N-acetylneuraminate degradation	8.0763607678
HEMESYN2-PWY: heme biosynthesis II (anaerobic)	7.4537055281
HEMESYN2-PWY: heme biosynthesis II (anaerobic)|g__Sutterella.s__Sutterella_wadsworthensis	5.3032094728
PWY-5177: glutaryl-CoA degradation	7.3251528737
PWY-5177: glutaryl-CoA degradation|g__Faecalibacterium.s__Faecalibacterium_prausnitzii	4.4268912269
NAGLIPASYN-PWY: lipid IVA biosynthesis	6.4037807155
NAGLIPASYN-PWY: lipid IVA biosynthesis|g__Sutterella.s__Sutterella_wadsworthensis	2.3278821376
P42-PWY: incomplete reductive TCA cycle	6.2135257764
HEME-BIOSYNTHESIS-II: heme biosynthesis I (aerobic)	6.1927265569
PWY-5676: acetyl-CoA fermentation to butanoate II	5.4273916374
HEXITOLDEGSUPER-PWY: superpathway of hexitol degradation (bacteria)	5.2822993349
FUCCAT-PWY: fucose degradation	5.1791297692
P461-PWY: hexitol fermentation to lactate, formate, ethanol and acetate	4.7104988363
PWY-5104: L-isoleucine biosynthesis IV	4.3564114364
PWY-5104: L-isoleucine biosynthesis IV|g__Roseburia.s__Roseburia_intestinalis	1.1583275048
PWY-6507: 4-deoxy-L-threo-hex-4-enopyranuronate degradation	4.2279127101
PWY-6507: 4-deoxy-L-threo-hex-4-enopyranuronate degradation|g__Faecalibacterium.s__Faecalibacterium_prausnitzii	2.8844003875
OANTIGEN-PWY: O-antigen building blocks biosynthesis (E. coli)	4.0489907254
PWY-5154: L-arginine biosynthesis III (via N-acetyl-L-citrulline)	3.3711850963
ARGSYNBSUB-PWY: L-arginine biosynthesis II (acetyl cycle)	3.3652976571
PWY-5345: superpathway of L-methionine biosynthesis (by sulfhydrylation)	2.9769895162
PWY-6588: pyruvate fermentation to acetone	2.7901232587
PWY4LZ-257: superpathway of fermentation (Chlamydomonas reinhardtii)	2.6372260566
UDPNAGSYN-PWY: UDP-N-acetyl-D-glucosamine biosynthesis I	2.1643513147
P185-PWY: formaldehyde assimilation III (dihydroxyacetone cycle)	1.9534123011
GLUTORN-PWY: L-ornithine biosynthesis	1.9266453036
PWY-6936: seleno-amino acid biosynthesis	1.8673375361
PWY-6936: seleno-amino acid biosynthesis|g__Dorea.s__Dorea_longicatena	1.0982976387
PWY-6353: purine nucleotides degradation II (aerobic)	1.5836678925
PWY0-1479: tRNA processing	1.2452880767
PWY-7237: myo-, chiro- and scillo-inositol degradation	1.2360939431
PWY-7237: myo-, chiro- and scillo-inositol degradation|g__Dorea.s__Dorea_longicatena	1.2360939431
SO4ASSIM-PWY: sulfate reduction I (assimilatory)	1.1580647645
SALVADEHYPOX-PWY: adenosine nucleotides degradation II	1.0669223917
PWY-6595: superpathway of guanosine nucleotides degradation (plants)	1.0666591960
PWY-6608: guanosine nucleotides degradation III	0.8976327250
PWY-6606: guanosine nucleotides degradation II	0.8755540312