# Pathway	ERR480943_Abundance
UNMAPPED	312712.7002604730
UNINTEGRATED	91874.1030553350
UNINTEGRATED|g__Faecalibacterium.s__Faecalibacterium_prausnitzii	21629.7674240976
UNINTEGRATED|g__Prevotella.s__Prevotella_copri	10510.5934519710
UNINTEGRATED|g__Dialister.s__Dialister_invisus	7039.4861305620
UNINTEGRATED|g__Bacteroides.s__Bacteroides_fluxus	7021.4819209447
UNINTEGRATED|g__Blautia.s__Ruminococcus_obeum	3285.1264555822
UNINTEGRATED|g__Bacteroides.s__Bacteroides_vulgatus	3281.7441935921
UNINTEGRATED|g__Bacteroides.s__Bacteroides_stercoris	3241.5801559546
UNINTEGRATED|g__Ruminococcus.s__Ruminococcus_bromii	2464.4370078465
UNINTEGRATED|g__Bacteroides.s__Bacteroides_dorei	2318.5640341374
UNINTEGRATED|g__Bacteroides.s__Bacteroides_fragilis	2292.7219273180
UNINTEGRATED|g__Bifidobacterium.s__Bifidobacterium_dentium	2242.1377869517
UNINTEGRATED|g__Bacteroides.s__Bacteroides_eggerthii	1744.8697843851
UNINTEGRATED|g__Eubacterium.s__Eubacterium_eligens	1702.7618845614
UNINTEGRATED|g__Roseburia.s__Roseburia_inulinivorans	1617.3670045313
UNINTEGRATED|g__Eubacterium.s__Eubacterium_ramulus	1513.3897271339
UNINTEGRATED|g__Ruminococcaceae_noname.s__Ruminococcaceae_bacterium_D16	1444.5274017359
UNINTEGRATED|g__Bifidobacterium.s__Bifidobacterium_adolescentis	1315.5733954905
UNINTEGRATED|g__Bacteroides.s__Bacteroides_uniformis	1302.2761192417
UNINTEGRATED|g__Parabacteroides.s__Parabacteroides_johnsonii	1065.0659171194
UNINTEGRATED|g__Collinsella.s__Collinsella_aerofaciens	992.1850275223
UNINTEGRATED|g__Dorea.s__Dorea_longicatena	977.6037638963
UNINTEGRATED|g__Coriobacteriaceae_noname.s__Coriobacteriaceae_bacterium_phI	902.5681063751
UNINTEGRATED|g__Porphyromonas.s__Porphyromonas_asaccharolytica	822.4369594536
UNINTEGRATED|g__Streptococcus.s__Streptococcus_salivarius	651.1244225467
UNINTEGRATED|g__Catenibacterium.s__Catenibacterium_mitsuokai	614.4657603036
UNINTEGRATED|g__Propionibacterium.s__Propionibacterium_freudenreichii	578.2773520338
UNINTEGRATED|g__Erysipelotrichaceae_noname.s__Eubacterium_biforme	531.1753757888
UNINTEGRATED|g__Bifidobacterium.s__Bifidobacterium_longum	422.5662497394
UNINTEGRATED|g__Lactobacillus.s__Lactobacillus_casei_paracasei	418.1845978295
UNINTEGRATED|g__Porphyromonas.s__Porphyromonas_somerae	398.2614899073
UNINTEGRATED|g__Streptococcus.s__Streptococcus_australis	379.1157625197
UNINTEGRATED|g__Streptococcus.s__Streptococcus_anginosus	269.5898199199
UNINTEGRATED|g__Bifidobacterium.s__Bifidobacterium_animalis	260.1495346354
UNINTEGRATED|g__Bacteroides.s__Bacteroides_thetaiotaomicron	239.5274645443
UNINTEGRATED|g__Streptococcus.s__Streptococcus_gordonii	182.5979963597
PWY-7219: adenosine ribonucleotides de novo biosynthesis	143.0840829221
PWY-7219: adenosine ribonucleotides de novo biosynthesis|g__Faecalibacterium.s__Faecalibacterium_prausnitzii	29.2631667030
PWY-7219: adenosine ribonucleotides de novo biosynthesis|g__Prevotella.s__Prevotella_copri	22.0477093466
PWY-7219: adenosine ribonucleotides de novo biosynthesis|g__Dialister.s__Dialister_invisus	18.4808345873
PWY-7219: adenosine ribonucleotides de novo biosynthesis|g__Ruminococcus.s__Ruminococcus_bromii	8.6428356689
PWY-7219: adenosine ribonucleotides de novo biosynthesis|g__Bacteroides.s__Bacteroides_fluxus	8.3016410289
PWY-7219: adenosine ribonucleotides de novo biosynthesis|g__Bifidobacterium.s__Bifidobacterium_dentium	5.0907120968
PWY-7219: adenosine ribonucleotides de novo biosynthesis|g__Coriobacteriaceae_noname.s__Coriobacteriaceae_bacterium_phI	4.7998525439
PWY-7219: adenosine ribonucleotides de novo biosynthesis|g__Bacteroides.s__Bacteroides_stercoris	4.1470145285
PWY-7219: adenosine ribonucleotides de novo biosynthesis|g__Bacteroides.s__Bacteroides_vulgatus	3.6534174091
PWY-7219: adenosine ribonucleotides de novo biosynthesis|g__Ruminococcaceae_noname.s__Ruminococcaceae_bacterium_D16	3.4918709382
PWY-7219: adenosine ribonucleotides de novo biosynthesis|g__Blautia.s__Ruminococcus_obeum	3.3332627564
PWY-7219: adenosine ribonucleotides de novo biosynthesis|g__Eubacterium.s__Eubacterium_eligens	2.9040211774
PWY-7219: adenosine ribonucleotides de novo biosynthesis|g__Erysipelotrichaceae_noname.s__Eubacterium_biforme	2.8934625185
PWY-7219: adenosine ribonucleotides de novo biosynthesis|g__Bacteroides.s__Bacteroides_eggerthii	2.5611473939
PWY-7219: adenosine ribonucleotides de novo biosynthesis|g__Catenibacterium.s__Catenibacterium_mitsuokai	2.0691040780
PWY-7219: adenosine ribonucleotides de novo biosynthesis|g__Roseburia.s__Roseburia_inulinivorans	2.0270226231
PWY-7219: adenosine ribonucleotides de novo biosynthesis|g__Propionibacterium.s__Propionibacterium_freudenreichii	1.9098851214
PWY-7219: adenosine ribonucleotides de novo biosynthesis|g__Dorea.s__Dorea_longicatena	1.7638752004
PWY-7219: adenosine ribonucleotides de novo biosynthesis|g__Collinsella.s__Collinsella_aerofaciens	1.2600152038
PWY-7219: adenosine ribonucleotides de novo biosynthesis|g__Bifidobacterium.s__Bifidobacterium_animalis	1.2390799272
PWY-7219: adenosine ribonucleotides de novo biosynthesis|g__Lactobacillus.s__Lactobacillus_casei_paracasei	1.1616349247
PWY-7219: adenosine ribonucleotides de novo biosynthesis|g__Bacteroides.s__Bacteroides_dorei	1.0984740531
PWY-7219: adenosine ribonucleotides de novo biosynthesis|g__Bacteroides.s__Bacteroides_uniformis	0.9453828774
PWY-7219: adenosine ribonucleotides de novo biosynthesis|g__Streptococcus.s__Streptococcus_anginosus	0.9180401084
PWY-7219: adenosine ribonucleotides de novo biosynthesis|g__Bacteroides.s__Bacteroides_thetaiotaomicron	0.8454872120
PWY-7219: adenosine ribonucleotides de novo biosynthesis|g__Porphyromonas.s__Porphyromonas_somerae	0.7620873618
PWY-5686: UMP biosynthesis	104.9173374897
PWY-5686: UMP biosynthesis|g__Faecalibacterium.s__Faecalibacterium_prausnitzii	26.7371190355
PWY-5686: UMP biosynthesis|g__Prevotella.s__Prevotella_copri	12.7535920213
PWY-5686: UMP biosynthesis|g__Dialister.s__Dialister_invisus	8.0619092226
PWY-5686: UMP biosynthesis|g__Ruminococcus.s__Ruminococcus_bromii	4.1940926536
PWY-5686: UMP biosynthesis|g__Bacteroides.s__Bacteroides_stercoris	2.8070577794
PWY-5686: UMP biosynthesis|g__Bifidobacterium.s__Bifidobacterium_dentium	2.6311732399
PWY-7221: guanosine ribonucleotides de novo biosynthesis	103.2650702777
PWY-7221: guanosine ribonucleotides de novo biosynthesis|g__Prevotella.s__Prevotella_copri	17.1262925094
PWY-7221: guanosine ribonucleotides de novo biosynthesis|g__Faecalibacterium.s__Faecalibacterium_prausnitzii	14.4923230873
PWY-7221: guanosine ribonucleotides de novo biosynthesis|g__Dialister.s__Dialister_invisus	12.5987873765
PWY-7221: guanosine ribonucleotides de novo biosynthesis|g__Bacteroides.s__Bacteroides_fluxus	7.7161497661
PWY-7221: guanosine ribonucleotides de novo biosynthesis|g__Ruminococcus.s__Ruminococcus_bromii	4.9708317652
PWY-7221: guanosine ribonucleotides de novo biosynthesis|g__Bifidobacterium.s__Bifidobacterium_dentium	4.1664975447
PWY-7221: guanosine ribonucleotides de novo biosynthesis|g__Blautia.s__Ruminococcus_obeum	3.4750788098
PWY-7221: guanosine ribonucleotides de novo biosynthesis|g__Bacteroides.s__Bacteroides_vulgatus	3.2944236347
PWY-7221: guanosine ribonucleotides de novo biosynthesis|g__Propionibacterium.s__Propionibacterium_freudenreichii	2.9581332428
PWY-7221: guanosine ribonucleotides de novo biosynthesis|g__Ruminococcaceae_noname.s__Ruminococcaceae_bacterium_D16	2.1373303150
PWY-7221: guanosine ribonucleotides de novo biosynthesis|g__Streptococcus.s__Streptococcus_salivarius	1.0519007899
PWY-7221: guanosine ribonucleotides de novo biosynthesis|g__Streptococcus.s__Streptococcus_australis	1.0020346906
PWY-7221: guanosine ribonucleotides de novo biosynthesis|g__Bacteroides.s__Bacteroides_fragilis	0.8223684211
PWY-6386: UDP-N-acetylmuramoyl-pentapeptide biosynthesis II (lysine-containing)	96.7941284033
PWY-6386: UDP-N-acetylmuramoyl-pentapeptide biosynthesis II (lysine-containing)|g__Faecalibacterium.s__Faecalibacterium_prausnitzii	16.3466228300
PWY-6386: UDP-N-acetylmuramoyl-pentapeptide biosynthesis II (lysine-containing)|g__Bacteroides.s__Bacteroides_fluxus	8.3943059926
PWY-6386: UDP-N-acetylmuramoyl-pentapeptide biosynthesis II (lysine-containing)|g__Eubacterium.s__Eubacterium_eligens	3.8733541652
PWY-6386: UDP-N-acetylmuramoyl-pentapeptide biosynthesis II (lysine-containing)|g__Bifidobacterium.s__Bifidobacterium_dentium	3.7968953036
PWY-6386: UDP-N-acetylmuramoyl-pentapeptide biosynthesis II (lysine-containing)|g__Bifidobacterium.s__Bifidobacterium_adolescentis	2.1494942254
PWY-6387: UDP-N-acetylmuramoyl-pentapeptide biosynthesis I (meso-diaminopimelate containing)	95.1453073903
PWY-6387: UDP-N-acetylmuramoyl-pentapeptide biosynthesis I (meso-diaminopimelate containing)|g__Faecalibacterium.s__Faecalibacterium_prausnitzii	17.1942426202
PWY-6387: UDP-N-acetylmuramoyl-pentapeptide biosynthesis I (meso-diaminopimelate containing)|g__Bacteroides.s__Bacteroides_fluxus	7.8059575011
PWY-6387: UDP-N-acetylmuramoyl-pentapeptide biosynthesis I (meso-diaminopimelate containing)|g__Bifidobacterium.s__Bifidobacterium_dentium	4.4402258238
PWY-6387: UDP-N-acetylmuramoyl-pentapeptide biosynthesis I (meso-diaminopimelate containing)|g__Eubacterium.s__Eubacterium_eligens	3.6719160789
PWY-6387: UDP-N-acetylmuramoyl-pentapeptide biosynthesis I (meso-diaminopimelate containing)|g__Bifidobacterium.s__Bifidobacterium_adolescentis	2.0352294562
PWY-6387: UDP-N-acetylmuramoyl-pentapeptide biosynthesis I (meso-diaminopimelate containing)|g__Bacteroides.s__Bacteroides_vulgatus	1.3902120345
ILEUSYN-PWY: L-isoleucine biosynthesis I (from threonine)	94.9789328037
ILEUSYN-PWY: L-isoleucine biosynthesis I (from threonine)|g__Faecalibacterium.s__Faecalibacterium_prausnitzii	30.2071242831
ILEUSYN-PWY: L-isoleucine biosynthesis I (from threonine)|g__Blautia.s__Ruminococcus_obeum	5.2004940979
PWY-7111: pyruvate fermentation to isobutanol (engineered)	94.9789328037
PWY-7111: pyruvate fermentation to isobutanol (engineered)|g__Faecalibacterium.s__Faecalibacterium_prausnitzii	30.2071242831
PWY-7111: pyruvate fermentation to isobutanol (engineered)|g__Ruminococcus.s__Ruminococcus_bromii	5.4645640750
PWY-7111: pyruvate fermentation to isobutanol (engineered)|g__Bacteroides.s__Bacteroides_vulgatus	3.6515115535
PWY-7111: pyruvate fermentation to isobutanol (engineered)|g__Blautia.s__Ruminococcus_obeum	3.4584281139
PWY-7111: pyruvate fermentation to isobutanol (engineered)|g__Eubacterium.s__Eubacterium_eligens	3.3808497345
PWY-7111: pyruvate fermentation to isobutanol (engineered)|g__Bacteroides.s__Bacteroides_stercoris	2.5479361624
PWY-7111: pyruvate fermentation to isobutanol (engineered)|g__Streptococcus.s__Streptococcus_salivarius	2.5347461857
PWY-7111: pyruvate fermentation to isobutanol (engineered)|g__Coriobacteriaceae_noname.s__Coriobacteriaceae_bacterium_phI	1.7270304100
PWY-7111: pyruvate fermentation to isobutanol (engineered)|g__Propionibacterium.s__Propionibacterium_freudenreichii	1.7164696097
PWY-7111: pyruvate fermentation to isobutanol (engineered)|g__Bifidobacterium.s__Bifidobacterium_longum	1.6552952265
PWY-7111: pyruvate fermentation to isobutanol (engineered)|g__Parabacteroides.s__Parabacteroides_johnsonii	1.3537546082
PWY-7111: pyruvate fermentation to isobutanol (engineered)|g__Ruminococcaceae_noname.s__Ruminococcaceae_bacterium_D16	1.0675052828
PWY-7111: pyruvate fermentation to isobutanol (engineered)|g__Dorea.s__Dorea_longicatena	0.6968641115
PWY-7111: pyruvate fermentation to isobutanol (engineered)|g__Eubacterium.s__Eubacterium_ramulus	0.6765899865
VALSYN-PWY: L-valine biosynthesis	94.9789328037
VALSYN-PWY: L-valine biosynthesis|g__Faecalibacterium.s__Faecalibacterium_prausnitzii	30.2071242831
VALSYN-PWY: L-valine biosynthesis|g__Ruminococcus.s__Ruminococcus_bromii	5.4645640750
VALSYN-PWY: L-valine biosynthesis|g__Blautia.s__Ruminococcus_obeum	5.2004940979
VALSYN-PWY: L-valine biosynthesis|g__Bacteroides.s__Bacteroides_vulgatus	3.6515115535
VALSYN-PWY: L-valine biosynthesis|g__Eubacterium.s__Eubacterium_eligens	3.3808497345
VALSYN-PWY: L-valine biosynthesis|g__Bifidobacterium.s__Bifidobacterium_adolescentis	3.3448853607
VALSYN-PWY: L-valine biosynthesis|g__Bacteroides.s__Bacteroides_stercoris	2.5479361624
VALSYN-PWY: L-valine biosynthesis|g__Bifidobacterium.s__Bifidobacterium_longum	1.7337232112
VALSYN-PWY: L-valine biosynthesis|g__Coriobacteriaceae_noname.s__Coriobacteriaceae_bacterium_phI	1.7270304100
VALSYN-PWY: L-valine biosynthesis|g__Propionibacterium.s__Propionibacterium_freudenreichii	1.6465186728
VALSYN-PWY: L-valine biosynthesis|g__Ruminococcaceae_noname.s__Ruminococcaceae_bacterium_D16	1.0675052828
VALSYN-PWY: L-valine biosynthesis|g__Dorea.s__Dorea_longicatena	0.6968641115
VALSYN-PWY: L-valine biosynthesis|g__Eubacterium.s__Eubacterium_ramulus	0.6765899865
PWY0-1319: CDP-diacylglycerol biosynthesis II	92.8188685066
PWY0-1319: CDP-diacylglycerol biosynthesis II|g__Faecalibacterium.s__Faecalibacterium_prausnitzii	14.7614697870
PWY0-1319: CDP-diacylglycerol biosynthesis II|g__Dialister.s__Dialister_invisus	13.4782506488
PWY0-1319: CDP-diacylglycerol biosynthesis II|g__Ruminococcus.s__Ruminococcus_bromii	5.8256636741
PWY0-1319: CDP-diacylglycerol biosynthesis II|g__Eubacterium.s__Eubacterium_eligens	5.4784126098
PWY0-1319: CDP-diacylglycerol biosynthesis II|g__Bacteroides.s__Bacteroides_stercoris	3.3990675967
PWY0-1319: CDP-diacylglycerol biosynthesis II|g__Dorea.s__Dorea_longicatena	1.2251148545
PWY-5667: CDP-diacylglycerol biosynthesis I	92.8188685066
PWY-5667: CDP-diacylglycerol biosynthesis I|g__Faecalibacterium.s__Faecalibacterium_prausnitzii	14.7614697870
PWY-5667: CDP-diacylglycerol biosynthesis I|g__Dialister.s__Dialister_invisus	13.4782506488
PWY-5667: CDP-diacylglycerol biosynthesis I|g__Ruminococcus.s__Ruminococcus_bromii	5.8256636741
PWY-5667: CDP-diacylglycerol biosynthesis I|g__Eubacterium.s__Eubacterium_eligens	5.4784126098
PWY-5667: CDP-diacylglycerol biosynthesis I|g__Bacteroides.s__Bacteroides_stercoris	3.3990675967
PWY-5667: CDP-diacylglycerol biosynthesis I|g__Dorea.s__Dorea_longicatena	1.2251148545
PWY-6737: starch degradation V	90.7249297456
PWY-6737: starch degradation V|g__Faecalibacterium.s__Faecalibacterium_prausnitzii	21.9168597720
PWY-6737: starch degradation V|g__Blautia.s__Ruminococcus_obeum	5.8731851485
PWY-6737: starch degradation V|g__Bifidobacterium.s__Bifidobacterium_dentium	5.3411828662
PWY-6737: starch degradation V|g__Ruminococcus.s__Ruminococcus_bromii	5.1359803812
PWY-6737: starch degradation V|g__Dorea.s__Dorea_longicatena	2.4868483978
PWY-6737: starch degradation V|g__Catenibacterium.s__Catenibacterium_mitsuokai	2.0202093308
PWY-6737: starch degradation V|g__Roseburia.s__Roseburia_inulinivorans	1.4845237497
PWY-6737: starch degradation V|g__Streptococcus.s__Streptococcus_australis	1.1825644429
COA-PWY-1: coenzyme A biosynthesis II (mammalian)	90.1829764451
COA-PWY-1: coenzyme A biosynthesis II (mammalian)|g__Faecalibacterium.s__Faecalibacterium_prausnitzii	19.1654553681
COA-PWY-1: coenzyme A biosynthesis II (mammalian)|g__Dialister.s__Dialister_invisus	9.1787943552
COA-PWY-1: coenzyme A biosynthesis II (mammalian)|g__Bacteroides.s__Bacteroides_fluxus	6.8635329531
COA-PWY-1: coenzyme A biosynthesis II (mammalian)|g__Bifidobacterium.s__Bifidobacterium_dentium	4.3244515343
COA-PWY-1: coenzyme A biosynthesis II (mammalian)|g__Eubacterium.s__Eubacterium_eligens	3.0441303789
COA-PWY-1: coenzyme A biosynthesis II (mammalian)|g__Roseburia.s__Roseburia_inulinivorans	2.1873496526
PEPTIDOGLYCANSYN-PWY: peptidoglycan biosynthesis I (meso-diaminopimelate containing)	89.8910064745
PEPTIDOGLYCANSYN-PWY: peptidoglycan biosynthesis I (meso-diaminopimelate containing)|g__Faecalibacterium.s__Faecalibacterium_prausnitzii	14.3709043284
PEPTIDOGLYCANSYN-PWY: peptidoglycan biosynthesis I (meso-diaminopimelate containing)|g__Bacteroides.s__Bacteroides_fluxus	8.1144834387
PEPTIDOGLYCANSYN-PWY: peptidoglycan biosynthesis I (meso-diaminopimelate containing)|g__Bifidobacterium.s__Bifidobacterium_dentium	3.8327145532
PEPTIDOGLYCANSYN-PWY: peptidoglycan biosynthesis I (meso-diaminopimelate containing)|g__Bifidobacterium.s__Bifidobacterium_adolescentis	1.7537805853
PEPTIDOGLYCANSYN-PWY: peptidoglycan biosynthesis I (meso-diaminopimelate containing)|g__Bacteroides.s__Bacteroides_vulgatus	1.5698420091
PWY-6121: 5-aminoimidazole ribonucleotide biosynthesis I	89.1560024320
PWY-6121: 5-aminoimidazole ribonucleotide biosynthesis I|g__Dialister.s__Dialister_invisus	12.1760967540
PWY-6121: 5-aminoimidazole ribonucleotide biosynthesis I|g__Faecalibacterium.s__Faecalibacterium_prausnitzii	7.2655564634
PWY-6121: 5-aminoimidazole ribonucleotide biosynthesis I|g__Ruminococcus.s__Ruminococcus_bromii	6.0679159612
PWY-6121: 5-aminoimidazole ribonucleotide biosynthesis I|g__Eubacterium.s__Eubacterium_eligens	3.3473818715
PWY-6121: 5-aminoimidazole ribonucleotide biosynthesis I|g__Blautia.s__Ruminococcus_obeum	2.1767314110
PWY-6121: 5-aminoimidazole ribonucleotide biosynthesis I|g__Erysipelotrichaceae_noname.s__Eubacterium_biforme	1.3732177231
PWY-6121: 5-aminoimidazole ribonucleotide biosynthesis I|g__Collinsella.s__Collinsella_aerofaciens	1.2753417389
PWY-6121: 5-aminoimidazole ribonucleotide biosynthesis I|g__Streptococcus.s__Streptococcus_salivarius	1.1129066276
PWY-6122: 5-aminoimidazole ribonucleotide biosynthesis II	88.9529435712
PWY-6122: 5-aminoimidazole ribonucleotide biosynthesis II|g__Dialister.s__Dialister_invisus	10.7711653443
PWY-6122: 5-aminoimidazole ribonucleotide biosynthesis II|g__Faecalibacterium.s__Faecalibacterium_prausnitzii	6.4224327029
PWY-6122: 5-aminoimidazole ribonucleotide biosynthesis II|g__Ruminococcus.s__Ruminococcus_bromii	5.4800874965
PWY-6122: 5-aminoimidazole ribonucleotide biosynthesis II|g__Ruminococcaceae_noname.s__Ruminococcaceae_bacterium_D16	4.5149208204
PWY-6122: 5-aminoimidazole ribonucleotide biosynthesis II|g__Bifidobacterium.s__Bifidobacterium_dentium	4.1082986189
PWY-6122: 5-aminoimidazole ribonucleotide biosynthesis II|g__Eubacterium.s__Eubacterium_eligens	3.2753926592
PWY-6122: 5-aminoimidazole ribonucleotide biosynthesis II|g__Bifidobacterium.s__Bifidobacterium_adolescentis	3.1540336158
PWY-6122: 5-aminoimidazole ribonucleotide biosynthesis II|g__Blautia.s__Ruminococcus_obeum	2.2714082712
PWY-6122: 5-aminoimidazole ribonucleotide biosynthesis II|g__Propionibacterium.s__Propionibacterium_freudenreichii	1.9153532400
PWY-6122: 5-aminoimidazole ribonucleotide biosynthesis II|g__Coriobacteriaceae_noname.s__Coriobacteriaceae_bacterium_phI	1.4739758745
PWY-6122: 5-aminoimidazole ribonucleotide biosynthesis II|g__Erysipelotrichaceae_noname.s__Eubacterium_biforme	1.2902879454
PWY-6122: 5-aminoimidazole ribonucleotide biosynthesis II|g__Collinsella.s__Collinsella_aerofaciens	1.2097318783
PWY-6122: 5-aminoimidazole ribonucleotide biosynthesis II|g__Streptococcus.s__Streptococcus_salivarius	1.0010661629
PWY-6277: superpathway of 5-aminoimidazole ribonucleotide biosynthesis	88.9529435712
PWY-6277: superpathway of 5-aminoimidazole ribonucleotide biosynthesis|g__Dialister.s__Dialister_invisus	10.7711653443
PWY-6277: superpathway of 5-aminoimidazole ribonucleotide biosynthesis|g__Faecalibacterium.s__Faecalibacterium_prausnitzii	6.4224327029
PWY-6277: superpathway of 5-aminoimidazole ribonucleotide biosynthesis|g__Ruminococcus.s__Ruminococcus_bromii	5.4800874965
PWY-6277: superpathway of 5-aminoimidazole ribonucleotide biosynthesis|g__Ruminococcaceae_noname.s__Ruminococcaceae_bacterium_D16	4.5149208204
PWY-6277: superpathway of 5-aminoimidazole ribonucleotide biosynthesis|g__Bifidobacterium.s__Bifidobacterium_dentium	4.1082986189
PWY-6277: superpathway of 5-aminoimidazole ribonucleotide biosynthesis|g__Eubacterium.s__Eubacterium_eligens	3.2753926592
PWY-6277: superpathway of 5-aminoimidazole ribonucleotide biosynthesis|g__Bifidobacterium.s__Bifidobacterium_adolescentis	3.1540336158
PWY-6277: superpathway of 5-aminoimidazole ribonucleotide biosynthesis|g__Blautia.s__Ruminococcus_obeum	2.2714082712
PWY-6277: superpathway of 5-aminoimidazole ribonucleotide biosynthesis|g__Propionibacterium.s__Propionibacterium_freudenreichii	1.9153532400
PWY-6277: superpathway of 5-aminoimidazole ribonucleotide biosynthesis|g__Coriobacteriaceae_noname.s__Coriobacteriaceae_bacterium_phI	1.4739758745
PWY-6277: superpathway of 5-aminoimidazole ribonucleotide biosynthesis|g__Erysipelotrichaceae_noname.s__Eubacterium_biforme	1.2902879454
PWY-6277: superpathway of 5-aminoimidazole ribonucleotide biosynthesis|g__Collinsella.s__Collinsella_aerofaciens	1.2097318783
PWY-6277: superpathway of 5-aminoimidazole ribonucleotide biosynthesis|g__Streptococcus.s__Streptococcus_salivarius	1.0010661629
PWY-5097: L-lysine biosynthesis VI	86.7821960280
PWY-5097: L-lysine biosynthesis VI|g__Prevotella.s__Prevotella_copri	17.9330914540
PWY-5097: L-lysine biosynthesis VI|g__Faecalibacterium.s__Faecalibacterium_prausnitzii	17.3867861810
PWY-5097: L-lysine biosynthesis VI|g__Dialister.s__Dialister_invisus	8.9222348722
PWY-5097: L-lysine biosynthesis VI|g__Bacteroides.s__Bacteroides_stercoris	4.2097601700
PWY-5097: L-lysine biosynthesis VI|g__Bacteroides.s__Bacteroides_vulgatus	2.3505767482
PWY-5097: L-lysine biosynthesis VI|g__Blautia.s__Ruminococcus_obeum	1.8104171380
PWY-5097: L-lysine biosynthesis VI|g__Bacteroides.s__Bacteroides_eggerthii	1.6759692367
PWY-5097: L-lysine biosynthesis VI|g__Catenibacterium.s__Catenibacterium_mitsuokai	1.1631588233
PWY-2942: L-lysine biosynthesis III	86.6166465745
PWY-2942: L-lysine biosynthesis III|g__Prevotella.s__Prevotella_copri	17.1260874709
PWY-2942: L-lysine biosynthesis III|g__Dialister.s__Dialister_invisus	12.5497123221
PWY-2942: L-lysine biosynthesis III|g__Bacteroides.s__Bacteroides_fluxus	6.2639152661
PWY-2942: L-lysine biosynthesis III|g__Bacteroides.s__Bacteroides_stercoris	3.5214559985
PWY-2942: L-lysine biosynthesis III|g__Bacteroides.s__Bacteroides_vulgatus	2.0698685650
PWY-2942: L-lysine biosynthesis III|g__Bacteroides.s__Bacteroides_eggerthii	1.6605529275
PWY-2942: L-lysine biosynthesis III|g__Blautia.s__Ruminococcus_obeum	1.3761981928
PWY-2942: L-lysine biosynthesis III|g__Catenibacterium.s__Catenibacterium_mitsuokai	1.1445806102
NONMEVIPP-PWY: methylerythritol phosphate pathway I	85.9733233665
NONMEVIPP-PWY: methylerythritol phosphate pathway I|g__Bifidobacterium.s__Bifidobacterium_dentium	4.3734410955
NONMEVIPP-PWY: methylerythritol phosphate pathway I|g__Eubacterium.s__Eubacterium_eligens	3.4923523491
NONMEVIPP-PWY: methylerythritol phosphate pathway I|g__Bacteroides.s__Bacteroides_vulgatus	2.5582841064
BRANCHED-CHAIN-AA-SYN-PWY: superpathway of branched amino acid biosynthesis	80.9546302784
BRANCHED-CHAIN-AA-SYN-PWY: superpathway of branched amino acid biosynthesis|g__Faecalibacterium.s__Faecalibacterium_prausnitzii	28.7046044088
BRANCHED-CHAIN-AA-SYN-PWY: superpathway of branched amino acid biosynthesis|g__Blautia.s__Ruminococcus_obeum	3.9583837651
PWY-5103: L-isoleucine biosynthesis III	77.9702558315
PWY-5103: L-isoleucine biosynthesis III|g__Faecalibacterium.s__Faecalibacterium_prausnitzii	28.7046044088
PWY-5103: L-isoleucine biosynthesis III|g__Blautia.s__Ruminococcus_obeum	3.6759668775
PWY-6151: S-adenosyl-L-methionine cycle I	77.5802111946
PWY-6151: S-adenosyl-L-methionine cycle I|g__Bacteroides.s__Bacteroides_fluxus	11.9860543117
PWY-6151: S-adenosyl-L-methionine cycle I|g__Prevotella.s__Prevotella_copri	11.4267595637
PWY-6151: S-adenosyl-L-methionine cycle I|g__Bacteroides.s__Bacteroides_stercoris	6.2727210130
PWY-6151: S-adenosyl-L-methionine cycle I|g__Faecalibacterium.s__Faecalibacterium_prausnitzii	4.8744654940
PWY-6151: S-adenosyl-L-methionine cycle I|g__Bacteroides.s__Bacteroides_vulgatus	3.8482272577
PWY-6151: S-adenosyl-L-methionine cycle I|g__Eubacterium.s__Eubacterium_eligens	2.5378100887
PWY-6151: S-adenosyl-L-methionine cycle I|g__Blautia.s__Ruminococcus_obeum	2.2197765222
PWY-6151: S-adenosyl-L-methionine cycle I|g__Erysipelotrichaceae_noname.s__Eubacterium_biforme	1.4511775560
PWY-6151: S-adenosyl-L-methionine cycle I|g__Bacteroides.s__Bacteroides_eggerthii	1.3167520637
PWY-6700: queuosine biosynthesis	76.4531350015
PWY-6700: queuosine biosynthesis|g__Prevotella.s__Prevotella_copri	16.4653504112
PWY-6700: queuosine biosynthesis|g__Dialister.s__Dialister_invisus	7.7229778727
PWY-6700: queuosine biosynthesis|g__Bacteroides.s__Bacteroides_fluxus	7.3325892210
PWY-6700: queuosine biosynthesis|g__Bacteroides.s__Bacteroides_vulgatus	3.9468290352
PWY-6700: queuosine biosynthesis|g__Bacteroides.s__Bacteroides_stercoris	3.4650157929
PWY-6700: queuosine biosynthesis|g__Bacteroides.s__Bacteroides_eggerthii	2.2727313049
ARO-PWY: chorismate biosynthesis I	76.2300198147
ARO-PWY: chorismate biosynthesis I|g__Blautia.s__Ruminococcus_obeum	2.5651693367
COMPLETE-ARO-PWY: superpathway of aromatic amino acid biosynthesis	74.1809187005
COMPLETE-ARO-PWY: superpathway of aromatic amino acid biosynthesis|g__Blautia.s__Ruminococcus_obeum	2.8107692303
PWY-1042: glycolysis IV (plant cytosol)	73.9695611839
PWY-1042: glycolysis IV (plant cytosol)|g__Faecalibacterium.s__Faecalibacterium_prausnitzii	26.0242383666
PWY-1042: glycolysis IV (plant cytosol)|g__Streptococcus.s__Streptococcus_australis	1.3304819365
PWY-6385: peptidoglycan biosynthesis III (mycobacteria)	70.7946937880
PWY-6385: peptidoglycan biosynthesis III (mycobacteria)|g__Faecalibacterium.s__Faecalibacterium_prausnitzii	14.3709043284
PWY-6385: peptidoglycan biosynthesis III (mycobacteria)|g__Bifidobacterium.s__Bifidobacterium_dentium	4.4648411898
PWY-6163: chorismate biosynthesis from 3-dehydroquinate	69.7409341521
PWY-6163: chorismate biosynthesis from 3-dehydroquinate|g__Blautia.s__Ruminococcus_obeum	2.4337094485
PWY-724: superpathway of L-lysine, L-threonine and L-methionine biosynthesis II	67.9336517770
PWY-724: superpathway of L-lysine, L-threonine and L-methionine biosynthesis II|g__Faecalibacterium.s__Faecalibacterium_prausnitzii	16.1764061559
ANAGLYCOLYSIS-PWY: glycolysis III (from glucose)	67.9091174776
NONOXIPENT-PWY: pentose phosphate pathway (non-oxidative branch)	66.4778321750
NONOXIPENT-PWY: pentose phosphate pathway (non-oxidative branch)|g__Faecalibacterium.s__Faecalibacterium_prausnitzii	15.1710363137
NONOXIPENT-PWY: pentose phosphate pathway (non-oxidative branch)|g__Ruminococcus.s__Ruminococcus_bromii	8.4453561791
NONOXIPENT-PWY: pentose phosphate pathway (non-oxidative branch)|g__Eubacterium.s__Eubacterium_eligens	4.1089795333
NONOXIPENT-PWY: pentose phosphate pathway (non-oxidative branch)|g__Blautia.s__Ruminococcus_obeum	2.9044022245
PWY-3001: superpathway of L-isoleucine biosynthesis I	64.3704578387
PWY-3001: superpathway of L-isoleucine biosynthesis I|g__Faecalibacterium.s__Faecalibacterium_prausnitzii	21.3417731668
CALVIN-PWY: Calvin-Benson-Bassham cycle	62.2380353554
PWY-5695: urate biosynthesis/inosine 5'-phosphate degradation	58.0107417345
PWY-5695: urate biosynthesis/inosine 5'-phosphate degradation|g__Faecalibacterium.s__Faecalibacterium_prausnitzii	13.7911758891
PWY-5695: urate biosynthesis/inosine 5'-phosphate degradation|g__Bacteroides.s__Bacteroides_fluxus	5.7764145157
PWY-5695: urate biosynthesis/inosine 5'-phosphate degradation|g__Bacteroides.s__Bacteroides_eggerthii	2.0733373856
PWY-5695: urate biosynthesis/inosine 5'-phosphate degradation|g__Bacteroides.s__Bacteroides_stercoris	2.0682330259
PWY-3841: folate transformations II	56.9567490278
PWY-3841: folate transformations II|g__Bacteroides.s__Bacteroides_fluxus	6.4877878180
PWY-3841: folate transformations II|g__Bacteroides.s__Bacteroides_stercoris	5.3024128985
PWY-3841: folate transformations II|g__Bacteroides.s__Bacteroides_vulgatus	4.4442609561
PWY-6123: inosine-5'-phosphate biosynthesis I	56.3152377199
PWY-6123: inosine-5'-phosphate biosynthesis I|g__Faecalibacterium.s__Faecalibacterium_prausnitzii	19.3907076654
PWY-6123: inosine-5'-phosphate biosynthesis I|g__Bifidobacterium.s__Bifidobacterium_longum	1.2302546550
THRESYN-PWY: superpathway of L-threonine biosynthesis	55.1730578497
THRESYN-PWY: superpathway of L-threonine biosynthesis|g__Faecalibacterium.s__Faecalibacterium_prausnitzii	17.9449431946
THRESYN-PWY: superpathway of L-threonine biosynthesis|g__Bifidobacterium.s__Bifidobacterium_adolescentis	2.3706631761
THRESYN-PWY: superpathway of L-threonine biosynthesis|g__Bifidobacterium.s__Bifidobacterium_dentium	1.6750298771
PWY-6609: adenine and adenosine salvage III	51.9977003568
PWY-6609: adenine and adenosine salvage III|g__Faecalibacterium.s__Faecalibacterium_prausnitzii	22.7415982554
PWY-6609: adenine and adenosine salvage III|g__Porphyromonas.s__Porphyromonas_asaccharolytica	1.4986886474
PWY-6609: adenine and adenosine salvage III|g__Streptococcus.s__Streptococcus_australis	1.4964736638
MET-SAM-PWY: superpathway of S-adenosyl-L-methionine biosynthesis	50.1664214420
PWY-6124: inosine-5'-phosphate biosynthesis II	49.9074076302
PWY-6124: inosine-5'-phosphate biosynthesis II|g__Faecalibacterium.s__Faecalibacterium_prausnitzii	20.1387606100
PWY-6124: inosine-5'-phosphate biosynthesis II|g__Streptococcus.s__Streptococcus_salivarius	1.6104111029
1CMET2-PWY: N10-formyl-tetrahydrofolate biosynthesis	49.3548177655
PWY-5973: cis-vaccenate biosynthesis	48.2110254356
PWY0-1296: purine ribonucleosides degradation	46.9047999003
PWY0-1296: purine ribonucleosides degradation|g__Faecalibacterium.s__Faecalibacterium_prausnitzii	24.8760572684
PWY0-1296: purine ribonucleosides degradation|g__Eubacterium.s__Eubacterium_eligens	3.1811244546
PWY0-1296: purine ribonucleosides degradation|g__Dorea.s__Dorea_longicatena	2.6218710673
PWY0-1296: purine ribonucleosides degradation|g__Eubacterium.s__Eubacterium_ramulus	2.3889284211
PWY0-1296: purine ribonucleosides degradation|g__Coriobacteriaceae_noname.s__Coriobacteriaceae_bacterium_phI	1.6073561145
PANTO-PWY: phosphopantothenate biosynthesis I	46.4750685371
PANTO-PWY: phosphopantothenate biosynthesis I|g__Bacteroides.s__Bacteroides_fluxus	9.2662791786
PANTO-PWY: phosphopantothenate biosynthesis I|g__Bacteroides.s__Bacteroides_stercoris	5.9313403328
PANTO-PWY: phosphopantothenate biosynthesis I|g__Bacteroides.s__Bacteroides_vulgatus	1.8963585216
PWY-7357: thiamin formation from pyrithiamine and oxythiamine (yeast)	45.9550341213
PWY-7357: thiamin formation from pyrithiamine and oxythiamine (yeast)|g__Faecalibacterium.s__Faecalibacterium_prausnitzii	15.0948331818
PWY-7357: thiamin formation from pyrithiamine and oxythiamine (yeast)|g__Ruminococcus.s__Ruminococcus_bromii	7.0868091159
PWY-7357: thiamin formation from pyrithiamine and oxythiamine (yeast)|g__Bifidobacterium.s__Bifidobacterium_animalis	0.6835269993
METSYN-PWY: L-homoserine and L-methionine biosynthesis	45.8569450654
PWY-6317: galactose degradation I (Leloir pathway)	45.8003134988
PWY-6317: galactose degradation I (Leloir pathway)|g__Faecalibacterium.s__Faecalibacterium_prausnitzii	19.5058354476
PWY-6317: galactose degradation I (Leloir pathway)|g__Ruminococcus.s__Ruminococcus_bromii	5.8010343765
PWY66-422: D-galactose degradation V (Leloir pathway)	45.8003134988
PWY66-422: D-galactose degradation V (Leloir pathway)|g__Faecalibacterium.s__Faecalibacterium_prausnitzii	19.5058354476
PWY66-422: D-galactose degradation V (Leloir pathway)|g__Ruminococcus.s__Ruminococcus_bromii	5.8010343765
PWY0-1586: peptidoglycan maturation (meso-diaminopimelate containing)	45.4705114620
PWY0-1586: peptidoglycan maturation (meso-diaminopimelate containing)|g__Faecalibacterium.s__Faecalibacterium_prausnitzii	13.1899007106
PWY0-1586: peptidoglycan maturation (meso-diaminopimelate containing)|g__Propionibacterium.s__Propionibacterium_freudenreichii	1.7895534852
PWY-5347: superpathway of L-methionine biosynthesis (transsulfuration)	45.1819198743
SER-GLYSYN-PWY: superpathway of L-serine and glycine biosynthesis I	44.2571367920
SER-GLYSYN-PWY: superpathway of L-serine and glycine biosynthesis I|g__Faecalibacterium.s__Faecalibacterium_prausnitzii	15.2781525067
SER-GLYSYN-PWY: superpathway of L-serine and glycine biosynthesis I|g__Ruminococcus.s__Ruminococcus_bromii	4.0036878031
SER-GLYSYN-PWY: superpathway of L-serine and glycine biosynthesis I|g__Propionibacterium.s__Propionibacterium_freudenreichii	1.0544520820
PWY-7400: L-arginine biosynthesis IV (archaebacteria)	44.2561373137
PWY-7663: gondoate biosynthesis (anaerobic)	42.9228125460
PWY-7663: gondoate biosynthesis (anaerobic)|g__Bacteroides.s__Bacteroides_fluxus	6.0578554834
PWY-7663: gondoate biosynthesis (anaerobic)|g__Bacteroides.s__Bacteroides_stercoris	2.6588697007
PWY-7663: gondoate biosynthesis (anaerobic)|g__Bacteroides.s__Bacteroides_eggerthii	1.5651346984
PWY-7229: superpathway of adenosine nucleotides de novo biosynthesis I	42.7873676720
ARGSYN-PWY: L-arginine biosynthesis I (via L-ornithine)	41.6210271795
DTDPRHAMSYN-PWY: dTDP-L-rhamnose biosynthesis I	41.3642302368
DTDPRHAMSYN-PWY: dTDP-L-rhamnose biosynthesis I|g__Faecalibacterium.s__Faecalibacterium_prausnitzii	18.1512343083
DTDPRHAMSYN-PWY: dTDP-L-rhamnose biosynthesis I|g__Bacteroides.s__Bacteroides_fluxus	5.1771108109
DTDPRHAMSYN-PWY: dTDP-L-rhamnose biosynthesis I|g__Bifidobacterium.s__Bifidobacterium_dentium	1.5346279119
PWY-6630: superpathway of L-tyrosine biosynthesis	40.9612079340
PWY-6897: thiamin salvage II	39.2767580916
PWY-621: sucrose degradation III (sucrose invertase)	36.3586417093
PWY-621: sucrose degradation III (sucrose invertase)|g__Faecalibacterium.s__Faecalibacterium_prausnitzii	21.3198645909
PWY-621: sucrose degradation III (sucrose invertase)|g__Blautia.s__Ruminococcus_obeum	4.7114550920
TRPSYN-PWY: L-tryptophan biosynthesis	35.4707282722
TRPSYN-PWY: L-tryptophan biosynthesis|g__Bacteroides.s__Bacteroides_fluxus	7.3333333997
PWY-7234: inosine-5'-phosphate biosynthesis III	34.4590968208
PWY-6527: stachyose degradation	33.7200517298
PWY-6527: stachyose degradation|g__Faecalibacterium.s__Faecalibacterium_prausnitzii	11.0631004734
GLCMANNANAUT-PWY: superpathway of N-acetylglucosamine, N-acetylmannosamine and N-acetylneuraminate degradation	33.7032878840
GLCMANNANAUT-PWY: superpathway of N-acetylglucosamine, N-acetylmannosamine and N-acetylneuraminate degradation|g__Faecalibacterium.s__Faecalibacterium_prausnitzii	18.0415037760
PWY-2941: L-lysine biosynthesis II	32.5245734743
PWY-2941: L-lysine biosynthesis II|g__Catenibacterium.s__Catenibacterium_mitsuokai	1.2627578746
PWY-841: superpathway of purine nucleotides de novo biosynthesis I	31.9220939864
COBALSYN-PWY: adenosylcobalamin salvage from cobinamide I	31.1056614710
COBALSYN-PWY: adenosylcobalamin salvage from cobinamide I|g__Faecalibacterium.s__Faecalibacterium_prausnitzii	11.9569885783
PWY-6126: superpathway of adenosine nucleotides de novo biosynthesis II	30.8871979992
HOMOSER-METSYN-PWY: L-methionine biosynthesis I	30.8568231019
HOMOSER-METSYN-PWY: L-methionine biosynthesis I|g__Ruminococcus.s__Ruminococcus_bromii	7.0646969393
THISYNARA-PWY: superpathway of thiamin diphosphate biosynthesis III (eukaryotes)	30.7460439577
THISYNARA-PWY: superpathway of thiamin diphosphate biosynthesis III (eukaryotes)|g__Faecalibacterium.s__Faecalibacterium_prausnitzii	12.5452286335
ASPASN-PWY: superpathway of L-aspartate and L-asparagine biosynthesis	30.5434818848
ASPASN-PWY: superpathway of L-aspartate and L-asparagine biosynthesis|g__Faecalibacterium.s__Faecalibacterium_prausnitzii	14.4939780452
ASPASN-PWY: superpathway of L-aspartate and L-asparagine biosynthesis|g__Bacteroides.s__Bacteroides_fluxus	7.1507485194
ANAEROFRUCAT-PWY: homolactic fermentation	30.2771022114
PWY-5101: L-isoleucine biosynthesis II	30.2252620122
PWY-6270: isoprene biosynthesis I	29.5489574703
HISTSYN-PWY: L-histidine biosynthesis	28.6416657544
HISTSYN-PWY: L-histidine biosynthesis|g__Ruminococcus.s__Ruminococcus_bromii	3.5124638850
PWY-6507: 4-deoxy-L-threo-hex-4-enopyranuronate degradation	28.1233301480
PWY-6507: 4-deoxy-L-threo-hex-4-enopyranuronate degradation|g__Faecalibacterium.s__Faecalibacterium_prausnitzii	21.5390641361
GALACTUROCAT-PWY: D-galacturonate degradation I	28.0405964913
GALACTUROCAT-PWY: D-galacturonate degradation I|g__Faecalibacterium.s__Faecalibacterium_prausnitzii	21.5782073571
ARGININE-SYN4-PWY: L-ornithine de novo  biosynthesis	27.6255944415
ARGININE-SYN4-PWY: L-ornithine de novo  biosynthesis|g__Bacteroides.s__Bacteroides_fluxus	6.3373669468
ARGININE-SYN4-PWY: L-ornithine de novo  biosynthesis|g__Bacteroides.s__Bacteroides_stercoris	3.5632799949
ARGININE-SYN4-PWY: L-ornithine de novo  biosynthesis|g__Bacteroides.s__Bacteroides_fragilis	0.8521516830
PWY-5188: tetrapyrrole biosynthesis I (from glutamate)	27.2799913129
PWY-5188: tetrapyrrole biosynthesis I (from glutamate)|g__Dialister.s__Dialister_invisus	12.9942547655
PWY-5188: tetrapyrrole biosynthesis I (from glutamate)|g__Ruminococcus.s__Ruminococcus_bromii	4.9302601323
PWY-7242: D-fructuronate degradation	26.9904684945
PWY-7242: D-fructuronate degradation|g__Faecalibacterium.s__Faecalibacterium_prausnitzii	18.5156897112
RHAMCAT-PWY: L-rhamnose degradation I	26.8982277493
RHAMCAT-PWY: L-rhamnose degradation I|g__Faecalibacterium.s__Faecalibacterium_prausnitzii	18.6197898318
PWY-7560: methylerythritol phosphate pathway II	26.7838935749
PWY-7228: superpathway of guanosine nucleotides de novo biosynthesis I	26.4810134724
PWY-7228: superpathway of guanosine nucleotides de novo biosynthesis I|g__Dialister.s__Dialister_invisus	10.7705405335
PWY-7228: superpathway of guanosine nucleotides de novo biosynthesis I|g__Propionibacterium.s__Propionibacterium_freudenreichii	2.3472303796
GALACT-GLUCUROCAT-PWY: superpathway of hexuronide and hexuronate degradation	26.3011949530
GALACT-GLUCUROCAT-PWY: superpathway of hexuronide and hexuronate degradation|g__Faecalibacterium.s__Faecalibacterium_prausnitzii	17.2041926599
PWY-6703: preQ0 biosynthesis	26.0592073417
PWY-6703: preQ0 biosynthesis|g__Dialister.s__Dialister_invisus	11.1117744561
PANTOSYN-PWY: pantothenate and coenzyme A biosynthesis I	25.6644265701
P4-PWY: superpathway of L-lysine, L-threonine and L-methionine biosynthesis I	24.9086596268
PWY0-166: superpathway of pyrimidine deoxyribonucleotides de novo biosynthesis (E. coli)	24.6379690425
PWY-7199: pyrimidine deoxyribonucleosides salvage	24.6123315781
GLUCUROCAT-PWY: superpathway of &beta;-D-glucuronide and D-glucuronate degradation	24.5310973937
GLUCUROCAT-PWY: superpathway of &beta;-D-glucuronide and D-glucuronate degradation|g__Faecalibacterium.s__Faecalibacterium_prausnitzii	15.8181756938
ARGSYNBSUB-PWY: L-arginine biosynthesis II (acetyl cycle)	24.0887937155
PYRIDNUCSYN-PWY: NAD biosynthesis I (from aspartate)	23.9894551129
PYRIDNUCSYN-PWY: NAD biosynthesis I (from aspartate)|g__Ruminococcus.s__Ruminococcus_bromii	3.3164060337
PWY0-781: aspartate superpathway	23.5167369832
PWY-6125: superpathway of guanosine nucleotides de novo biosynthesis II	22.3656293612
RIBOSYN2-PWY: flavin biosynthesis I (bacteria and plants)	22.2592166559
DAPLYSINESYN-PWY: L-lysine biosynthesis I	21.5366929141
PWY0-1297: superpathway of purine deoxyribonucleosides degradation	21.2665278378
TRNA-CHARGING-PWY: tRNA charging	21.0145034254
PWY-7208: superpathway of pyrimidine nucleobases salvage	20.5754274288
PWY-7208: superpathway of pyrimidine nucleobases salvage|g__Dialister.s__Dialister_invisus	10.3077815139
PWY-5154: L-arginine biosynthesis III (via N-acetyl-L-citrulline)	20.2826936374
PWY-5030: L-histidine degradation III	19.5312936859
PWY-7184: pyrimidine deoxyribonucleotides de novo biosynthesis I	19.3233584199
PWY-6545: pyrimidine deoxyribonucleotides de novo biosynthesis III	18.7033451594
PWY-6168: flavin biosynthesis III (fungi)	18.6154464984
PWY-4981: L-proline biosynthesis II (from arginine)	18.4380356529
PWY-4981: L-proline biosynthesis II (from arginine)|g__Streptococcus.s__Streptococcus_gordonii	1.2659885208
PWY-7196: superpathway of pyrimidine ribonucleosides salvage	18.1369871698
PWY66-400: glycolysis VI (metazoan)	17.9069390045
PWY-7282: 4-amino-2-methyl-5-phosphomethylpyrimidine biosynthesis (yeast)	17.4916834388
PWY-5177: glutaryl-CoA degradation	17.3655850184
PWY-5177: glutaryl-CoA degradation|g__Faecalibacterium.s__Faecalibacterium_prausnitzii	13.2242053114
PYRIDNUCSAL-PWY: NAD salvage pathway I	17.2215572280
OANTIGEN-PWY: O-antigen building blocks biosynthesis (E. coli)	16.9331593698
COA-PWY: coenzyme A biosynthesis I	16.8678667954
COA-PWY: coenzyme A biosynthesis I|g__Faecalibacterium.s__Faecalibacterium_prausnitzii	7.1098157278
GLYCOLYSIS: glycolysis I (from glucose 6-phosphate)	16.7943652101
PWY-5100: pyruvate fermentation to acetate and lactate II	16.6430312859
PWY-5100: pyruvate fermentation to acetate and lactate II|g__Erysipelotrichaceae_noname.s__Eubacterium_biforme	1.4389692490
PWY-5484: glycolysis II (from fructose 6-phosphate)	16.3434507878
PENTOSE-P-PWY: pentose phosphate pathway	16.2519474081
GLYCOGENSYNTH-PWY: glycogen biosynthesis I (from ADP-D-Glucose)	15.7844177346
GLYCOGENSYNTH-PWY: glycogen biosynthesis I (from ADP-D-Glucose)|g__Blautia.s__Ruminococcus_obeum	1.0887347259
GLYCOGENSYNTH-PWY: glycogen biosynthesis I (from ADP-D-Glucose)|g__Erysipelotrichaceae_noname.s__Eubacterium_biforme	0.8914512520
PWY-5121: superpathway of geranylgeranyl diphosphate biosynthesis II (via MEP)	15.6883375254
DENOVOPURINE2-PWY: superpathway of purine nucleotides de novo biosynthesis II	15.4669035704
GLUTORN-PWY: L-ornithine biosynthesis	15.3236057271
PWY-7220: adenosine deoxyribonucleotides de novo biosynthesis II	15.1474765965
PWY-7222: guanosine deoxyribonucleotides de novo biosynthesis II	15.1474765965
P161-PWY: acetylene degradation	15.0807899312
PWY0-162: superpathway of pyrimidine ribonucleotides de novo biosynthesis	14.1974695079
PWY-4242: pantothenate and coenzyme A biosynthesis III	14.1606706523
PWY-4242: pantothenate and coenzyme A biosynthesis III|g__Faecalibacterium.s__Faecalibacterium_prausnitzii	7.3642301851
PWY66-409: superpathway of purine nucleotide salvage	13.7718000512
PWY-7197: pyrimidine deoxyribonucleotide phosphorylation	13.3968388159
PWY-7197: pyrimidine deoxyribonucleotide phosphorylation|g__Dialister.s__Dialister_invisus	9.8301151287
PWY-7197: pyrimidine deoxyribonucleotide phosphorylation|g__Propionibacterium.s__Propionibacterium_freudenreichii	2.3569325897
PWY-7187: pyrimidine deoxyribonucleotides de novo biosynthesis II	13.0037679602
UDPNAGSYN-PWY: UDP-N-acetyl-D-glucosamine biosynthesis I	12.2245046733
UDPNAGSYN-PWY: UDP-N-acetyl-D-glucosamine biosynthesis I|g__Bifidobacterium.s__Bifidobacterium_dentium	2.8025837265
UDPNAGSYN-PWY: UDP-N-acetyl-D-glucosamine biosynthesis I|g__Bifidobacterium.s__Bifidobacterium_adolescentis	1.1132859373
UDPNAGSYN-PWY: UDP-N-acetyl-D-glucosamine biosynthesis I|g__Bifidobacterium.s__Bifidobacterium_longum	1.0615184511
UDPNAGSYN-PWY: UDP-N-acetyl-D-glucosamine biosynthesis I|g__Streptococcus.s__Streptococcus_gordonii	0.7729169887
POLYAMSYN-PWY: superpathway of polyamine biosynthesis I	11.9380585228
PRPP-PWY: superpathway of histidine, purine, and pyrimidine biosynthesis	11.4338903306
PWY-5659: GDP-mannose biosynthesis	10.8804520711
PWY-5659: GDP-mannose biosynthesis|g__Faecalibacterium.s__Faecalibacterium_prausnitzii	3.7031105400
PWY-7456: mannan degradation	10.5397973106
PWY-7211: superpathway of pyrimidine deoxyribonucleotides de novo biosynthesis	10.2142985496
LACTOSECAT-PWY: lactose and galactose degradation I	9.8400983239
PWY-6305: putrescine biosynthesis IV	9.7668905562
PWY-6305: putrescine biosynthesis IV|g__Blautia.s__Ruminococcus_obeum	3.5174762466
PWY-6147: 6-hydroxymethyl-dihydropterin diphosphate biosynthesis I	9.3800533704
PWY-5941: glycogen degradation II (eukaryotic)	9.1955643647
PWY0-845: superpathway of pyridoxal 5'-phosphate biosynthesis and salvage	9.1461115186
PWY-6628: superpathway of L-phenylalanine biosynthesis	7.9314484776
PYRIDOXSYN-PWY: pyridoxal 5'-phosphate biosynthesis I	7.0585870906
PYRIDOXSYN-PWY: pyridoxal 5'-phosphate biosynthesis I|g__Bacteroides.s__Bacteroides_stercoris	2.7638561105
PWY-7539: 6-hydroxymethyl-dihydropterin diphosphate biosynthesis III (Chlamydia)	6.8447263230
FOLSYN-PWY: superpathway of tetrahydrofolate biosynthesis and salvage	6.6415646247
PWY-6901: superpathway of glucose and xylose degradation	6.5895967993
HSERMETANA-PWY: L-methionine biosynthesis III	6.1932257879
PWY-6353: purine nucleotides degradation II (aerobic)	6.1638182754
PWY-6608: guanosine nucleotides degradation III	5.2902335048
PWY-5676: acetyl-CoA fermentation to butanoate II	5.2438692774
PWY0-1061: superpathway of L-alanine biosynthesis	5.0824683772
FAO-PWY: fatty acid &beta;-oxidation I	4.6537616702
PWY-6612: superpathway of tetrahydrofolate biosynthesis	4.6405453258
PWY0-1298: superpathway of pyrimidine deoxyribonucleosides degradation	4.6346829977
PWY-6936: seleno-amino acid biosynthesis	4.5760525300
PWY-6936: seleno-amino acid biosynthesis|g__Propionibacterium.s__Propionibacterium_freudenreichii	1.1315417256
SALVADEHYPOX-PWY: adenosine nucleotides degradation II	4.4801083960
PWY-5136: fatty acid &beta;-oxidation II (peroxisome)	4.1101286098
COLANSYN-PWY: colanic acid building blocks biosynthesis	3.8216402615
NAD-BIOSYNTHESIS-II: NAD salvage pathway II	3.5494573804
P162-PWY: L-glutamate degradation V (via hydroxyglutarate)	3.4822886631
PWY-5005: biotin biosynthesis II	3.4210159678
PWY-7117: C4 photosynthetic carbon assimilation cycle, PEPCK type	3.1176747438
PWY-7323: superpathway of GDP-mannose-derived O-antigen building blocks biosynthesis	2.7007709974
PWY-5189: tetrapyrrole biosynthesis II (from glycine)	2.4533422181
HEMESYN2-PWY: heme biosynthesis II (anaerobic)	2.3057065256
PWY-5918: superpathay of heme biosynthesis from glutamate	2.2961567030
HISDEG-PWY: L-histidine degradation I	2.1572514294
PWY-5913: TCA cycle VI (obligate autotrophs)	2.1330116857
PWY-6590: superpathway of Clostridium acetobutylicum acidogenic fermentation	2.0434809010
P185-PWY: formaldehyde assimilation III (dihydroxyacetone cycle)	1.9621982705
PWY-6606: guanosine nucleotides degradation II	1.8467460961
P42-PWY: incomplete reductive TCA cycle	1.7516603336
PWY-6595: superpathway of guanosine nucleotides degradation (plants)	1.6356055263
CENTFERM-PWY: pyruvate fermentation to butanoate	1.6313379303
FERMENTATION-PWY: mixed acid fermentation	1.5364909884
PWY-5920: superpathway of heme biosynthesis from glycine	1.3932942309
PWY-5384: sucrose degradation IV (sucrose phosphorylase)	1.3459547861
PWY-5104: L-isoleucine biosynthesis IV	1.3357299180
PWY-5104: L-isoleucine biosynthesis IV|g__Propionibacterium.s__Propionibacterium_freudenreichii	0.9509563598
PWY0-1415: superpathway of heme biosynthesis from uroporphyrinogen-III	1.2229963309
HEME-BIOSYNTHESIS-II: heme biosynthesis I (aerobic)	1.1742304765
HEME-BIOSYNTHESIS-II: heme biosynthesis I (aerobic)|g__Propionibacterium.s__Propionibacterium_freudenreichii	1.0291129589
PWY-6588: pyruvate fermentation to acetone	1.0338049719