# Pathway	ERR481075_Abundance
UNMAPPED	166497.9776101441
UNINTEGRATED	79676.7387866623
UNINTEGRATED|g__Faecalibacterium.s__Faecalibacterium_prausnitzii	34572.4504102404
UNINTEGRATED|g__Bifidobacterium.s__Bifidobacterium_longum	8086.3900109195
UNINTEGRATED|g__Bacteroides.s__Bacteroides_uniformis	5220.6979861688
UNINTEGRATED|g__Akkermansia.s__Akkermansia_muciniphila	5111.4076017276
UNINTEGRATED|g__Alistipes.s__Alistipes_onderdonkii	4927.8117458201
UNINTEGRATED|g__Alistipes.s__Alistipes_putredinis	4472.5350807812
UNINTEGRATED|g__Sutterella.s__Sutterella_wadsworthensis	2335.6685058117
UNINTEGRATED|g__Roseburia.s__Roseburia_inulinivorans	1984.3745185985
UNINTEGRATED|g__Bacteroides.s__Bacteroides_dorei	1741.3395203016
UNINTEGRATED|g__Alistipes.s__Alistipes_shahii	1357.3401685869
UNINTEGRATED|g__Parabacteroides.s__Parabacteroides_merdae	1308.8316021505
UNINTEGRATED|g__Ruminococcus.s__Ruminococcus_callidus	1214.4688631039
UNINTEGRATED|g__Adlercreutzia.s__Adlercreutzia_equolifaciens	1014.2419949246
UNINTEGRATED|g__Coriobacteriaceae_noname.s__Coriobacteriaceae_bacterium_phI	817.2042749016
UNINTEGRATED|g__Parabacteroides.s__Parabacteroides_distasonis	682.8864397809
UNINTEGRATED|g__Ruminococcaceae_noname.s__Ruminococcaceae_bacterium_D16	671.1369749415
UNINTEGRATED|g__Alistipes.s__Alistipes_finegoldii	642.1707508407
UNINTEGRATED|g__Bacteroides.s__Bacteroides_stercoris	610.9139238068
UNINTEGRATED|g__Ruminococcus.s__Ruminococcus_bromii	599.9273653201
UNINTEGRATED|g__Pyramidobacter.s__Pyramidobacter_piscolens	425.0476538889
UNINTEGRATED|g__Bifidobacterium.s__Bifidobacterium_animalis	316.0366073634
PWY-6386: UDP-N-acetylmuramoyl-pentapeptide biosynthesis II (lysine-containing)	143.1012498200
PWY-6386: UDP-N-acetylmuramoyl-pentapeptide biosynthesis II (lysine-containing)|g__Faecalibacterium.s__Faecalibacterium_prausnitzii	40.4821986139
PWY-6386: UDP-N-acetylmuramoyl-pentapeptide biosynthesis II (lysine-containing)|g__Alistipes.s__Alistipes_putredinis	19.8823039375
PWY-6386: UDP-N-acetylmuramoyl-pentapeptide biosynthesis II (lysine-containing)|g__Alistipes.s__Alistipes_onderdonkii	11.1226644174
PWY-6386: UDP-N-acetylmuramoyl-pentapeptide biosynthesis II (lysine-containing)|g__Bacteroides.s__Bacteroides_uniformis	8.5732004275
PWY-6386: UDP-N-acetylmuramoyl-pentapeptide biosynthesis II (lysine-containing)|g__Sutterella.s__Sutterella_wadsworthensis	3.9908061255
PWY-6386: UDP-N-acetylmuramoyl-pentapeptide biosynthesis II (lysine-containing)|g__Alistipes.s__Alistipes_finegoldii	1.3538789423
PWY-5686: UMP biosynthesis	142.3462690445
PWY-5686: UMP biosynthesis|g__Faecalibacterium.s__Faecalibacterium_prausnitzii	53.6321796017
PWY-5686: UMP biosynthesis|g__Alistipes.s__Alistipes_putredinis	23.3822413706
PWY-5686: UMP biosynthesis|g__Alistipes.s__Alistipes_onderdonkii	11.2294285544
PWY-5686: UMP biosynthesis|g__Akkermansia.s__Akkermansia_muciniphila	9.8227697554
PWY-5686: UMP biosynthesis|g__Bifidobacterium.s__Bifidobacterium_longum	6.7729255578
PWY-5686: UMP biosynthesis|g__Ruminococcus.s__Ruminococcus_bromii	1.7785041595
PWY-6387: UDP-N-acetylmuramoyl-pentapeptide biosynthesis I (meso-diaminopimelate containing)	141.3270315158
PWY-6387: UDP-N-acetylmuramoyl-pentapeptide biosynthesis I (meso-diaminopimelate containing)|g__Faecalibacterium.s__Faecalibacterium_prausnitzii	49.1996025514
PWY-6387: UDP-N-acetylmuramoyl-pentapeptide biosynthesis I (meso-diaminopimelate containing)|g__Alistipes.s__Alistipes_putredinis	18.2066455251
PWY-6387: UDP-N-acetylmuramoyl-pentapeptide biosynthesis I (meso-diaminopimelate containing)|g__Alistipes.s__Alistipes_onderdonkii	11.0103707248
PWY-6387: UDP-N-acetylmuramoyl-pentapeptide biosynthesis I (meso-diaminopimelate containing)|g__Bacteroides.s__Bacteroides_uniformis	6.9660622589
PWY-6387: UDP-N-acetylmuramoyl-pentapeptide biosynthesis I (meso-diaminopimelate containing)|g__Sutterella.s__Sutterella_wadsworthensis	3.4327668444
PWY-6387: UDP-N-acetylmuramoyl-pentapeptide biosynthesis I (meso-diaminopimelate containing)|g__Alistipes.s__Alistipes_finegoldii	1.3386787300
PWY-6387: UDP-N-acetylmuramoyl-pentapeptide biosynthesis I (meso-diaminopimelate containing)|g__Bacteroides.s__Bacteroides_dorei	1.1681840463
PWY-7219: adenosine ribonucleotides de novo biosynthesis	135.0587697937
PWY-7219: adenosine ribonucleotides de novo biosynthesis|g__Faecalibacterium.s__Faecalibacterium_prausnitzii	68.1408323697
PWY-7219: adenosine ribonucleotides de novo biosynthesis|g__Akkermansia.s__Akkermansia_muciniphila	13.8482381725
PWY-7219: adenosine ribonucleotides de novo biosynthesis|g__Alistipes.s__Alistipes_putredinis	11.0725457234
PWY-7219: adenosine ribonucleotides de novo biosynthesis|g__Bifidobacterium.s__Bifidobacterium_longum	10.6093918818
PWY-7219: adenosine ribonucleotides de novo biosynthesis|g__Bacteroides.s__Bacteroides_uniformis	9.4418960904
PWY-7219: adenosine ribonucleotides de novo biosynthesis|g__Alistipes.s__Alistipes_onderdonkii	5.3490410515
PWY-7219: adenosine ribonucleotides de novo biosynthesis|g__Ruminococcus.s__Ruminococcus_callidus	3.6221412616
PWY-7219: adenosine ribonucleotides de novo biosynthesis|g__Coriobacteriaceae_noname.s__Coriobacteriaceae_bacterium_phI	3.4292483279
PWY-7219: adenosine ribonucleotides de novo biosynthesis|g__Sutterella.s__Sutterella_wadsworthensis	2.1215304376
PWY-7219: adenosine ribonucleotides de novo biosynthesis|g__Parabacteroides.s__Parabacteroides_merdae	1.2564140901
PWY-7219: adenosine ribonucleotides de novo biosynthesis|g__Ruminococcus.s__Ruminococcus_bromii	1.2548861227
PWY-7219: adenosine ribonucleotides de novo biosynthesis|g__Bacteroides.s__Bacteroides_stercoris	1.2004096878
PWY-7219: adenosine ribonucleotides de novo biosynthesis|g__Bifidobacterium.s__Bifidobacterium_animalis	1.0120479635
PWY-7219: adenosine ribonucleotides de novo biosynthesis|g__Ruminococcaceae_noname.s__Ruminococcaceae_bacterium_D16	0.9844795334
PWY-6737: starch degradation V	129.9346986985
PWY-6737: starch degradation V|g__Faecalibacterium.s__Faecalibacterium_prausnitzii	63.7037908911
PWY-6737: starch degradation V|g__Akkermansia.s__Akkermansia_muciniphila	10.3474716167
PWY-6737: starch degradation V|g__Roseburia.s__Roseburia_inulinivorans	3.7324856646
PWY-6737: starch degradation V|g__Alistipes.s__Alistipes_finegoldii	2.7155089783
PWY-6737: starch degradation V|g__Coriobacteriaceae_noname.s__Coriobacteriaceae_bacterium_phI	1.1548947330
COA-PWY-1: coenzyme A biosynthesis II (mammalian)	129.6678673016
COA-PWY-1: coenzyme A biosynthesis II (mammalian)|g__Faecalibacterium.s__Faecalibacterium_prausnitzii	34.8049544976
COA-PWY-1: coenzyme A biosynthesis II (mammalian)|g__Akkermansia.s__Akkermansia_muciniphila	18.7161163343
COA-PWY-1: coenzyme A biosynthesis II (mammalian)|g__Alistipes.s__Alistipes_putredinis	11.3974353965
COA-PWY-1: coenzyme A biosynthesis II (mammalian)|g__Bifidobacterium.s__Bifidobacterium_longum	6.9083713963
COA-PWY-1: coenzyme A biosynthesis II (mammalian)|g__Bacteroides.s__Bacteroides_uniformis	6.1374606409
PWY-7111: pyruvate fermentation to isobutanol (engineered)	126.6263814862
PWY-7111: pyruvate fermentation to isobutanol (engineered)|g__Faecalibacterium.s__Faecalibacterium_prausnitzii	77.8730565048
PWY-7111: pyruvate fermentation to isobutanol (engineered)|g__Bifidobacterium.s__Bifidobacterium_longum	8.8590633526
PWY-7111: pyruvate fermentation to isobutanol (engineered)|g__Akkermansia.s__Akkermansia_muciniphila	3.5487810501
PWY-7111: pyruvate fermentation to isobutanol (engineered)|g__Ruminococcus.s__Ruminococcus_bromii	3.3562741027
PWY-7111: pyruvate fermentation to isobutanol (engineered)|g__Coriobacteriaceae_noname.s__Coriobacteriaceae_bacterium_phI	2.8638144001
PWY-7111: pyruvate fermentation to isobutanol (engineered)|g__Parabacteroides.s__Parabacteroides_merdae	1.2042147516
PWY-7111: pyruvate fermentation to isobutanol (engineered)|g__Ruminococcaceae_noname.s__Ruminococcaceae_bacterium_D16	1.1077458764
PWY-7111: pyruvate fermentation to isobutanol (engineered)|g__Bacteroides.s__Bacteroides_stercoris	0.8844720378
PEPTIDOGLYCANSYN-PWY: peptidoglycan biosynthesis I (meso-diaminopimelate containing)	124.9588200638
PEPTIDOGLYCANSYN-PWY: peptidoglycan biosynthesis I (meso-diaminopimelate containing)|g__Faecalibacterium.s__Faecalibacterium_prausnitzii	41.1305064079
PEPTIDOGLYCANSYN-PWY: peptidoglycan biosynthesis I (meso-diaminopimelate containing)|g__Alistipes.s__Alistipes_putredinis	16.2275605437
PEPTIDOGLYCANSYN-PWY: peptidoglycan biosynthesis I (meso-diaminopimelate containing)|g__Alistipes.s__Alistipes_onderdonkii	8.2664820278
PEPTIDOGLYCANSYN-PWY: peptidoglycan biosynthesis I (meso-diaminopimelate containing)|g__Bacteroides.s__Bacteroides_uniformis	5.7981932254
PEPTIDOGLYCANSYN-PWY: peptidoglycan biosynthesis I (meso-diaminopimelate containing)|g__Sutterella.s__Sutterella_wadsworthensis	2.3560915731
PEPTIDOGLYCANSYN-PWY: peptidoglycan biosynthesis I (meso-diaminopimelate containing)|g__Bacteroides.s__Bacteroides_dorei	1.3325211142
ILEUSYN-PWY: L-isoleucine biosynthesis I (from threonine)	123.2291705247
ILEUSYN-PWY: L-isoleucine biosynthesis I (from threonine)|g__Faecalibacterium.s__Faecalibacterium_prausnitzii	77.9970621071
ILEUSYN-PWY: L-isoleucine biosynthesis I (from threonine)|g__Bifidobacterium.s__Bifidobacterium_longum	10.1565360566
ILEUSYN-PWY: L-isoleucine biosynthesis I (from threonine)|g__Akkermansia.s__Akkermansia_muciniphila	9.0511459909
VALSYN-PWY: L-valine biosynthesis	123.2291705247
VALSYN-PWY: L-valine biosynthesis|g__Faecalibacterium.s__Faecalibacterium_prausnitzii	77.9970621071
VALSYN-PWY: L-valine biosynthesis|g__Bifidobacterium.s__Bifidobacterium_longum	10.1565360566
VALSYN-PWY: L-valine biosynthesis|g__Akkermansia.s__Akkermansia_muciniphila	9.0511459909
VALSYN-PWY: L-valine biosynthesis|g__Ruminococcus.s__Ruminococcus_bromii	3.3562741027
VALSYN-PWY: L-valine biosynthesis|g__Coriobacteriaceae_noname.s__Coriobacteriaceae_bacterium_phI	2.8638144001
VALSYN-PWY: L-valine biosynthesis|g__Parabacteroides.s__Parabacteroides_merdae	1.2042147516
VALSYN-PWY: L-valine biosynthesis|g__Ruminococcaceae_noname.s__Ruminococcaceae_bacterium_D16	1.1077458764
VALSYN-PWY: L-valine biosynthesis|g__Bacteroides.s__Bacteroides_stercoris	0.8844720378
PWY-1042: glycolysis IV (plant cytosol)	117.5418921678
PWY-1042: glycolysis IV (plant cytosol)|g__Faecalibacterium.s__Faecalibacterium_prausnitzii	62.0346292995
PWY-1042: glycolysis IV (plant cytosol)|g__Akkermansia.s__Akkermansia_muciniphila	13.9555521853
ARO-PWY: chorismate biosynthesis I	117.2773864941
ARO-PWY: chorismate biosynthesis I|g__Akkermansia.s__Akkermansia_muciniphila	7.8370845309
BRANCHED-CHAIN-AA-SYN-PWY: superpathway of branched amino acid biosynthesis	115.6874692929
BRANCHED-CHAIN-AA-SYN-PWY: superpathway of branched amino acid biosynthesis|g__Faecalibacterium.s__Faecalibacterium_prausnitzii	62.7790417259
BRANCHED-CHAIN-AA-SYN-PWY: superpathway of branched amino acid biosynthesis|g__Bifidobacterium.s__Bifidobacterium_longum	9.8067191781
BRANCHED-CHAIN-AA-SYN-PWY: superpathway of branched amino acid biosynthesis|g__Akkermansia.s__Akkermansia_muciniphila	6.0099796178
COMPLETE-ARO-PWY: superpathway of aromatic amino acid biosynthesis	114.9086798136
COMPLETE-ARO-PWY: superpathway of aromatic amino acid biosynthesis|g__Akkermansia.s__Akkermansia_muciniphila	8.8076152135
PWY-6385: peptidoglycan biosynthesis III (mycobacteria)	113.4929062719
PWY-6385: peptidoglycan biosynthesis III (mycobacteria)|g__Faecalibacterium.s__Faecalibacterium_prausnitzii	41.1305064079
PWY-5103: L-isoleucine biosynthesis III	111.5124000307
PWY-5103: L-isoleucine biosynthesis III|g__Faecalibacterium.s__Faecalibacterium_prausnitzii	53.5966242711
PWY-5103: L-isoleucine biosynthesis III|g__Bifidobacterium.s__Bifidobacterium_longum	9.1003656695
PWY-5103: L-isoleucine biosynthesis III|g__Akkermansia.s__Akkermansia_muciniphila	4.1134451773
PWY-6123: inosine-5'-phosphate biosynthesis I	107.2464883258
PWY-6123: inosine-5'-phosphate biosynthesis I|g__Faecalibacterium.s__Faecalibacterium_prausnitzii	54.7238681131
PWY-6123: inosine-5'-phosphate biosynthesis I|g__Bifidobacterium.s__Bifidobacterium_longum	7.4702986070
PWY-7221: guanosine ribonucleotides de novo biosynthesis	105.4185013939
PWY-7221: guanosine ribonucleotides de novo biosynthesis|g__Faecalibacterium.s__Faecalibacterium_prausnitzii	28.9347256923
PWY-7221: guanosine ribonucleotides de novo biosynthesis|g__Alistipes.s__Alistipes_putredinis	19.0201307161
PWY-7221: guanosine ribonucleotides de novo biosynthesis|g__Akkermansia.s__Akkermansia_muciniphila	14.5743593615
PWY-7221: guanosine ribonucleotides de novo biosynthesis|g__Alistipes.s__Alistipes_onderdonkii	7.0021035794
PWY-7221: guanosine ribonucleotides de novo biosynthesis|g__Bifidobacterium.s__Bifidobacterium_longum	6.7169417445
PWY-7221: guanosine ribonucleotides de novo biosynthesis|g__Sutterella.s__Sutterella_wadsworthensis	4.1598246086
PWY-7221: guanosine ribonucleotides de novo biosynthesis|g__Alistipes.s__Alistipes_shahii	2.8376903536
PWY-7221: guanosine ribonucleotides de novo biosynthesis|g__Ruminococcus.s__Ruminococcus_callidus	1.8378576248
PWY-6163: chorismate biosynthesis from 3-dehydroquinate	103.0715596359
PWY-6163: chorismate biosynthesis from 3-dehydroquinate|g__Akkermansia.s__Akkermansia_muciniphila	6.6492852178
PWY-6163: chorismate biosynthesis from 3-dehydroquinate|g__Alistipes.s__Alistipes_shahii	4.7446611057
PWY-6151: S-adenosyl-L-methionine cycle I	102.5624603990
PWY-6151: S-adenosyl-L-methionine cycle I|g__Faecalibacterium.s__Faecalibacterium_prausnitzii	62.8546796351
PWY-6151: S-adenosyl-L-methionine cycle I|g__Bacteroides.s__Bacteroides_uniformis	11.0324131149
PWY-6151: S-adenosyl-L-methionine cycle I|g__Bifidobacterium.s__Bifidobacterium_longum	9.0852138071
PWY-6151: S-adenosyl-L-methionine cycle I|g__Ruminococcus.s__Ruminococcus_bromii	3.3000906340
PWY-6124: inosine-5'-phosphate biosynthesis II	100.7404553570
PWY-6124: inosine-5'-phosphate biosynthesis II|g__Faecalibacterium.s__Faecalibacterium_prausnitzii	54.3974749136
ANAGLYCOLYSIS-PWY: glycolysis III (from glucose)	96.5724843182
NONOXIPENT-PWY: pentose phosphate pathway (non-oxidative branch)	95.8672419779
NONOXIPENT-PWY: pentose phosphate pathway (non-oxidative branch)|g__Faecalibacterium.s__Faecalibacterium_prausnitzii	74.9311491729
NONOXIPENT-PWY: pentose phosphate pathway (non-oxidative branch)|g__Pyramidobacter.s__Pyramidobacter_piscolens	1.2694212885
PWY-6121: 5-aminoimidazole ribonucleotide biosynthesis I	92.9466551654
PWY-6121: 5-aminoimidazole ribonucleotide biosynthesis I|g__Faecalibacterium.s__Faecalibacterium_prausnitzii	22.4675599303
PWY-6121: 5-aminoimidazole ribonucleotide biosynthesis I|g__Alistipes.s__Alistipes_putredinis	11.7875794187
PWY-6121: 5-aminoimidazole ribonucleotide biosynthesis I|g__Bifidobacterium.s__Bifidobacterium_longum	7.7869218715
PWY-6121: 5-aminoimidazole ribonucleotide biosynthesis I|g__Akkermansia.s__Akkermansia_muciniphila	6.3338456325
PWY-6121: 5-aminoimidazole ribonucleotide biosynthesis I|g__Alistipes.s__Alistipes_onderdonkii	5.2581069214
PWY-6121: 5-aminoimidazole ribonucleotide biosynthesis I|g__Sutterella.s__Sutterella_wadsworthensis	3.1021495440
PWY-5097: L-lysine biosynthesis VI	92.4173538430
PWY-5097: L-lysine biosynthesis VI|g__Faecalibacterium.s__Faecalibacterium_prausnitzii	31.9758199969
PWY-5097: L-lysine biosynthesis VI|g__Bacteroides.s__Bacteroides_uniformis	10.3743347151
PWY-5097: L-lysine biosynthesis VI|g__Akkermansia.s__Akkermansia_muciniphila	5.6331629659
PWY-6122: 5-aminoimidazole ribonucleotide biosynthesis II	90.5148778139
PWY-6122: 5-aminoimidazole ribonucleotide biosynthesis II|g__Faecalibacterium.s__Faecalibacterium_prausnitzii	19.8996027596
PWY-6122: 5-aminoimidazole ribonucleotide biosynthesis II|g__Alistipes.s__Alistipes_putredinis	10.8155017128
PWY-6122: 5-aminoimidazole ribonucleotide biosynthesis II|g__Bifidobacterium.s__Bifidobacterium_longum	9.0093757631
PWY-6122: 5-aminoimidazole ribonucleotide biosynthesis II|g__Akkermansia.s__Akkermansia_muciniphila	5.6826088322
PWY-6122: 5-aminoimidazole ribonucleotide biosynthesis II|g__Alistipes.s__Alistipes_onderdonkii	5.6107117331
PWY-6122: 5-aminoimidazole ribonucleotide biosynthesis II|g__Sutterella.s__Sutterella_wadsworthensis	4.0126390229
PWY-6122: 5-aminoimidazole ribonucleotide biosynthesis II|g__Ruminococcus.s__Ruminococcus_callidus	2.4722873297
PWY-6122: 5-aminoimidazole ribonucleotide biosynthesis II|g__Ruminococcaceae_noname.s__Ruminococcaceae_bacterium_D16	1.3537624826
PWY-6122: 5-aminoimidazole ribonucleotide biosynthesis II|g__Adlercreutzia.s__Adlercreutzia_equolifaciens	0.7884880741
PWY-6277: superpathway of 5-aminoimidazole ribonucleotide biosynthesis	90.5148778139
PWY-6277: superpathway of 5-aminoimidazole ribonucleotide biosynthesis|g__Faecalibacterium.s__Faecalibacterium_prausnitzii	19.8996027596
PWY-6277: superpathway of 5-aminoimidazole ribonucleotide biosynthesis|g__Alistipes.s__Alistipes_putredinis	10.8155017128
PWY-6277: superpathway of 5-aminoimidazole ribonucleotide biosynthesis|g__Bifidobacterium.s__Bifidobacterium_longum	9.0093757631
PWY-6277: superpathway of 5-aminoimidazole ribonucleotide biosynthesis|g__Akkermansia.s__Akkermansia_muciniphila	5.6826088322
PWY-6277: superpathway of 5-aminoimidazole ribonucleotide biosynthesis|g__Alistipes.s__Alistipes_onderdonkii	5.6107117331
PWY-6277: superpathway of 5-aminoimidazole ribonucleotide biosynthesis|g__Sutterella.s__Sutterella_wadsworthensis	4.0126390229
PWY-6277: superpathway of 5-aminoimidazole ribonucleotide biosynthesis|g__Ruminococcus.s__Ruminococcus_callidus	2.4722873297
PWY-6277: superpathway of 5-aminoimidazole ribonucleotide biosynthesis|g__Ruminococcaceae_noname.s__Ruminococcaceae_bacterium_D16	1.3537624826
PWY-6277: superpathway of 5-aminoimidazole ribonucleotide biosynthesis|g__Adlercreutzia.s__Adlercreutzia_equolifaciens	0.7884880741
PWY-2942: L-lysine biosynthesis III	86.0025081042
PWY-2942: L-lysine biosynthesis III|g__Faecalibacterium.s__Faecalibacterium_prausnitzii	18.8149706342
PWY-2942: L-lysine biosynthesis III|g__Akkermansia.s__Akkermansia_muciniphila	10.7979782654
PWY-2942: L-lysine biosynthesis III|g__Bacteroides.s__Bacteroides_uniformis	9.6225315281
PWY-2942: L-lysine biosynthesis III|g__Bacteroides.s__Bacteroides_dorei	1.6411383580
PWY-2942: L-lysine biosynthesis III|g__Parabacteroides.s__Parabacteroides_distasonis	1.0055304173
NONMEVIPP-PWY: methylerythritol phosphate pathway I	85.8532750119
NONMEVIPP-PWY: methylerythritol phosphate pathway I|g__Akkermansia.s__Akkermansia_muciniphila	11.8034779727
NONMEVIPP-PWY: methylerythritol phosphate pathway I|g__Alistipes.s__Alistipes_putredinis	8.8381882033
NONMEVIPP-PWY: methylerythritol phosphate pathway I|g__Bifidobacterium.s__Bifidobacterium_longum	3.2140413084
PWY-3841: folate transformations II	85.4769298187
PWY-3841: folate transformations II|g__Akkermansia.s__Akkermansia_muciniphila	18.8847125494
PWY-3841: folate transformations II|g__Bacteroides.s__Bacteroides_uniformis	10.1142151248
PWY-3841: folate transformations II|g__Bacteroides.s__Bacteroides_dorei	1.3681060756
PWY-3001: superpathway of L-isoleucine biosynthesis I	80.1101237122
PWY-3001: superpathway of L-isoleucine biosynthesis I|g__Faecalibacterium.s__Faecalibacterium_prausnitzii	44.1787133245
SER-GLYSYN-PWY: superpathway of L-serine and glycine biosynthesis I	79.3126763189
SER-GLYSYN-PWY: superpathway of L-serine and glycine biosynthesis I|g__Faecalibacterium.s__Faecalibacterium_prausnitzii	26.8895236389
SER-GLYSYN-PWY: superpathway of L-serine and glycine biosynthesis I|g__Ruminococcus.s__Ruminococcus_bromii	2.8927257041
PWY-5695: urate biosynthesis/inosine 5'-phosphate degradation	77.4714273509
PWY-5695: urate biosynthesis/inosine 5'-phosphate degradation|g__Faecalibacterium.s__Faecalibacterium_prausnitzii	27.8313858364
PWY-5695: urate biosynthesis/inosine 5'-phosphate degradation|g__Alistipes.s__Alistipes_shahii	3.6782359811
PWY-5695: urate biosynthesis/inosine 5'-phosphate degradation|g__Roseburia.s__Roseburia_inulinivorans	1.8338755667
CALVIN-PWY: Calvin-Benson-Bassham cycle	76.3356899769
CALVIN-PWY: Calvin-Benson-Bassham cycle|g__Faecalibacterium.s__Faecalibacterium_prausnitzii	32.6914256195
CALVIN-PWY: Calvin-Benson-Bassham cycle|g__Ruminococcus.s__Ruminococcus_bromii	2.8026469443
PWY-724: superpathway of L-lysine, L-threonine and L-methionine biosynthesis II	74.6436838541
PWY-724: superpathway of L-lysine, L-threonine and L-methionine biosynthesis II|g__Faecalibacterium.s__Faecalibacterium_prausnitzii	32.4686451819
COA-PWY: coenzyme A biosynthesis I	70.0563874847
COA-PWY: coenzyme A biosynthesis I|g__Faecalibacterium.s__Faecalibacterium_prausnitzii	30.8398278172
COA-PWY: coenzyme A biosynthesis I|g__Akkermansia.s__Akkermansia_muciniphila	12.5032327595
COA-PWY: coenzyme A biosynthesis I|g__Pyramidobacter.s__Pyramidobacter_piscolens	1.8910741301
GLCMANNANAUT-PWY: superpathway of N-acetylglucosamine, N-acetylmannosamine and N-acetylneuraminate degradation	68.9501206367
GLCMANNANAUT-PWY: superpathway of N-acetylglucosamine, N-acetylmannosamine and N-acetylneuraminate degradation|g__Faecalibacterium.s__Faecalibacterium_prausnitzii	43.6217792257
PANTO-PWY: phosphopantothenate biosynthesis I	67.6817762364
PANTO-PWY: phosphopantothenate biosynthesis I|g__Bacteroides.s__Bacteroides_uniformis	12.4771147600
PANTO-PWY: phosphopantothenate biosynthesis I|g__Akkermansia.s__Akkermansia_muciniphila	11.2985740372
PANTO-PWY: phosphopantothenate biosynthesis I|g__Alistipes.s__Alistipes_putredinis	6.3714208147
PWY-7357: thiamin formation from pyrithiamine and oxythiamine (yeast)	66.9910492333
PWY-7357: thiamin formation from pyrithiamine and oxythiamine (yeast)|g__Faecalibacterium.s__Faecalibacterium_prausnitzii	43.8347169196
PWY-7357: thiamin formation from pyrithiamine and oxythiamine (yeast)|g__Roseburia.s__Roseburia_inulinivorans	2.3867062645
PWY-7357: thiamin formation from pyrithiamine and oxythiamine (yeast)|g__Ruminococcus.s__Ruminococcus_bromii	1.9644824305
THRESYN-PWY: superpathway of L-threonine biosynthesis	65.9645761670
THRESYN-PWY: superpathway of L-threonine biosynthesis|g__Faecalibacterium.s__Faecalibacterium_prausnitzii	37.3133966414
PWY-6507: 4-deoxy-L-threo-hex-4-enopyranuronate degradation	65.4476125699
PWY-6507: 4-deoxy-L-threo-hex-4-enopyranuronate degradation|g__Faecalibacterium.s__Faecalibacterium_prausnitzii	62.7281626016
PWY-7234: inosine-5'-phosphate biosynthesis III	64.2655884814
1CMET2-PWY: N10-formyl-tetrahydrofolate biosynthesis	63.8245827448
1CMET2-PWY: N10-formyl-tetrahydrofolate biosynthesis|g__Akkermansia.s__Akkermansia_muciniphila	12.6793437631
1CMET2-PWY: N10-formyl-tetrahydrofolate biosynthesis|g__Bacteroides.s__Bacteroides_uniformis	5.1281713373
PWY0-1296: purine ribonucleosides degradation	63.0924726729
PWY0-1296: purine ribonucleosides degradation|g__Faecalibacterium.s__Faecalibacterium_prausnitzii	27.0173397578
PWY0-1296: purine ribonucleosides degradation|g__Roseburia.s__Roseburia_inulinivorans	1.5123061928
PWY-7242: D-fructuronate degradation	62.6605091427
PWY-7242: D-fructuronate degradation|g__Faecalibacterium.s__Faecalibacterium_prausnitzii	52.8455040460
DAPLYSINESYN-PWY: L-lysine biosynthesis I	62.5794007649
PWY-6897: thiamin salvage II	62.5696056825
PWY0-1586: peptidoglycan maturation (meso-diaminopimelate containing)	61.6907000931
PWY0-1586: peptidoglycan maturation (meso-diaminopimelate containing)|g__Faecalibacterium.s__Faecalibacterium_prausnitzii	24.8301029343
PWY0-1586: peptidoglycan maturation (meso-diaminopimelate containing)|g__Akkermansia.s__Akkermansia_muciniphila	24.0907306413
GALACTUROCAT-PWY: D-galacturonate degradation I	60.0601502781
GALACTUROCAT-PWY: D-galacturonate degradation I|g__Faecalibacterium.s__Faecalibacterium_prausnitzii	52.2980115802
GALACTUROCAT-PWY: D-galacturonate degradation I|g__Alistipes.s__Alistipes_shahii	3.1000709425
PWY-6317: galactose degradation I (Leloir pathway)	58.4947598309
PWY-6317: galactose degradation I (Leloir pathway)|g__Faecalibacterium.s__Faecalibacterium_prausnitzii	38.3861432754
PWY66-422: D-galactose degradation V (Leloir pathway)	58.4947598309
PWY66-422: D-galactose degradation V (Leloir pathway)|g__Faecalibacterium.s__Faecalibacterium_prausnitzii	38.3861432754
PWY-4242: pantothenate and coenzyme A biosynthesis III	58.0483471659
PWY-4242: pantothenate and coenzyme A biosynthesis III|g__Faecalibacterium.s__Faecalibacterium_prausnitzii	30.3202586091
PWY-4242: pantothenate and coenzyme A biosynthesis III|g__Akkermansia.s__Akkermansia_muciniphila	12.7312953134
PWY-5667: CDP-diacylglycerol biosynthesis I	57.3162476804
PWY-5667: CDP-diacylglycerol biosynthesis I|g__Faecalibacterium.s__Faecalibacterium_prausnitzii	36.5366382059
PWY-5667: CDP-diacylglycerol biosynthesis I|g__Bacteroides.s__Bacteroides_uniformis	1.9820753353
PWY0-1319: CDP-diacylglycerol biosynthesis II	57.3162476804
PWY0-1319: CDP-diacylglycerol biosynthesis II|g__Faecalibacterium.s__Faecalibacterium_prausnitzii	36.5366382059
PWY0-1319: CDP-diacylglycerol biosynthesis II|g__Bacteroides.s__Bacteroides_uniformis	1.9820753353
PWY-621: sucrose degradation III (sucrose invertase)	57.0336664666
PWY-621: sucrose degradation III (sucrose invertase)|g__Faecalibacterium.s__Faecalibacterium_prausnitzii	55.3289021376
PANTOSYN-PWY: pantothenate and coenzyme A biosynthesis I	56.4447209966
PANTOSYN-PWY: pantothenate and coenzyme A biosynthesis I|g__Akkermansia.s__Akkermansia_muciniphila	7.8698729289
THISYNARA-PWY: superpathway of thiamin diphosphate biosynthesis III (eukaryotes)	56.1359271429
THISYNARA-PWY: superpathway of thiamin diphosphate biosynthesis III (eukaryotes)|g__Faecalibacterium.s__Faecalibacterium_prausnitzii	43.8519449439
DTDPRHAMSYN-PWY: dTDP-L-rhamnose biosynthesis I	55.9406348117
DTDPRHAMSYN-PWY: dTDP-L-rhamnose biosynthesis I|g__Faecalibacterium.s__Faecalibacterium_prausnitzii	26.5661351798
DTDPRHAMSYN-PWY: dTDP-L-rhamnose biosynthesis I|g__Alistipes.s__Alistipes_shahii	1.9656356067
PWY-7400: L-arginine biosynthesis IV (archaebacteria)	54.8584014156
PWY-7400: L-arginine biosynthesis IV (archaebacteria)|g__Bifidobacterium.s__Bifidobacterium_longum	9.0546977963
HISTSYN-PWY: L-histidine biosynthesis	53.2894294989
HSERMETANA-PWY: L-methionine biosynthesis III	52.8291375961
PWY-6609: adenine and adenosine salvage III	51.1344736733
PWY-6609: adenine and adenosine salvage III|g__Faecalibacterium.s__Faecalibacterium_prausnitzii	24.4902022088
PWY-6609: adenine and adenosine salvage III|g__Alistipes.s__Alistipes_shahii	2.3364485981
ARGSYN-PWY: L-arginine biosynthesis I (via L-ornithine)	50.5792116317
ARGSYN-PWY: L-arginine biosynthesis I (via L-ornithine)|g__Bifidobacterium.s__Bifidobacterium_longum	9.0171426935
GALACT-GLUCUROCAT-PWY: superpathway of hexuronide and hexuronate degradation	44.4618426801
GALACT-GLUCUROCAT-PWY: superpathway of hexuronide and hexuronate degradation|g__Faecalibacterium.s__Faecalibacterium_prausnitzii	39.9026916167
PWY-6703: preQ0 biosynthesis	42.6578958016
PWY-6703: preQ0 biosynthesis|g__Akkermansia.s__Akkermansia_muciniphila	13.3330775988
PWY-6703: preQ0 biosynthesis|g__Adlercreutzia.s__Adlercreutzia_equolifaciens	3.1416901054
PWY-6703: preQ0 biosynthesis|g__Bacteroides.s__Bacteroides_dorei	2.4016178880
ASPASN-PWY: superpathway of L-aspartate and L-asparagine biosynthesis	42.4377367835
ASPASN-PWY: superpathway of L-aspartate and L-asparagine biosynthesis|g__Faecalibacterium.s__Faecalibacterium_prausnitzii	34.1664763119
GLUCUROCAT-PWY: superpathway of &beta;-D-glucuronide and D-glucuronate degradation	41.2627880352
GLUCUROCAT-PWY: superpathway of &beta;-D-glucuronide and D-glucuronate degradation|g__Faecalibacterium.s__Faecalibacterium_prausnitzii	37.8135599569
PYRIDNUCSYN-PWY: NAD biosynthesis I (from aspartate)	39.1654471384
PYRIDNUCSYN-PWY: NAD biosynthesis I (from aspartate)|g__Alistipes.s__Alistipes_shahii	5.0006927198
TRNA-CHARGING-PWY: tRNA charging	38.4851216521
PWY-6527: stachyose degradation	38.4173055708
PWY-6527: stachyose degradation|g__Faecalibacterium.s__Faecalibacterium_prausnitzii	5.1935553155
PWY-1269: CMP-3-deoxy-D-manno-octulosonate biosynthesis I	37.2796594349
PWY-1269: CMP-3-deoxy-D-manno-octulosonate biosynthesis I|g__Akkermansia.s__Akkermansia_muciniphila	15.0072453734
PWY-1269: CMP-3-deoxy-D-manno-octulosonate biosynthesis I|g__Alistipes.s__Alistipes_shahii	5.4705434580
PWY-7282: 4-amino-2-methyl-5-phosphomethylpyrimidine biosynthesis (yeast)	36.9628924051
PWY-5177: glutaryl-CoA degradation	35.9955652903
PWY-5177: glutaryl-CoA degradation|g__Faecalibacterium.s__Faecalibacterium_prausnitzii	26.0375670499
PWY-5659: GDP-mannose biosynthesis	35.7862678732
PWY-5659: GDP-mannose biosynthesis|g__Alistipes.s__Alistipes_onderdonkii	4.5152266810
PWY-5659: GDP-mannose biosynthesis|g__Faecalibacterium.s__Faecalibacterium_prausnitzii	2.1506801602
PWY-5659: GDP-mannose biosynthesis|g__Bifidobacterium.s__Bifidobacterium_animalis	0.7564296520
COBALSYN-PWY: adenosylcobalamin salvage from cobinamide I	35.0768001844
COBALSYN-PWY: adenosylcobalamin salvage from cobinamide I|g__Faecalibacterium.s__Faecalibacterium_prausnitzii	27.1742155345
PWY-5100: pyruvate fermentation to acetate and lactate II	34.5914430314
PWY-7383: anaerobic energy metabolism (invertebrates, cytosol)	33.3842331043
PWY-7199: pyrimidine deoxyribonucleosides salvage	29.8618252870
PWY-5973: cis-vaccenate biosynthesis	28.1561470480
PWY-5101: L-isoleucine biosynthesis II	27.4706642374
PWY-6305: putrescine biosynthesis IV	27.2847055218
PWY-6305: putrescine biosynthesis IV|g__Faecalibacterium.s__Faecalibacterium_prausnitzii	12.8500882839
ARGSYNBSUB-PWY: L-arginine biosynthesis II (acetyl cycle)	26.3086108971
ARGSYNBSUB-PWY: L-arginine biosynthesis II (acetyl cycle)|g__Bifidobacterium.s__Bifidobacterium_longum	8.7949079747
PWY-7229: superpathway of adenosine nucleotides de novo biosynthesis I	25.7292787337
PWY0-845: superpathway of pyridoxal 5'-phosphate biosynthesis and salvage	25.2317144925
PWY0-845: superpathway of pyridoxal 5'-phosphate biosynthesis and salvage|g__Bacteroides.s__Bacteroides_uniformis	4.3246646374
PWY-5347: superpathway of L-methionine biosynthesis (transsulfuration)	24.3848624714
PWY-841: superpathway of purine nucleotides de novo biosynthesis I	23.9775089452
PWY-7663: gondoate biosynthesis (anaerobic)	23.5125432929
METSYN-PWY: L-homoserine and L-methionine biosynthesis	22.7423299847
PYRIDOXSYN-PWY: pyridoxal 5'-phosphate biosynthesis I	21.9390770980
PYRIDOXSYN-PWY: pyridoxal 5'-phosphate biosynthesis I|g__Bacteroides.s__Bacteroides_uniformis	4.0308173885
PWY0-162: superpathway of pyrimidine ribonucleotides de novo biosynthesis	20.7572203581
DENOVOPURINE2-PWY: superpathway of purine nucleotides de novo biosynthesis II	20.6114337668
PWY-5154: L-arginine biosynthesis III (via N-acetyl-L-citrulline)	20.4459750524
ANAEROFRUCAT-PWY: homolactic fermentation	20.2691600818
MET-SAM-PWY: superpathway of S-adenosyl-L-methionine biosynthesis	19.9523280317
PWY-6936: seleno-amino acid biosynthesis	17.7900975798
PWY-6126: superpathway of adenosine nucleotides de novo biosynthesis II	17.2107499111
GLUTORN-PWY: L-ornithine biosynthesis	16.5451803470
GLUTORN-PWY: L-ornithine biosynthesis|g__Bifidobacterium.s__Bifidobacterium_longum	7.6452027632
PWY-5188: tetrapyrrole biosynthesis I (from glutamate)	16.2580231038
PWY-5188: tetrapyrrole biosynthesis I (from glutamate)|g__Akkermansia.s__Akkermansia_muciniphila	7.6349678028
PWY-5188: tetrapyrrole biosynthesis I (from glutamate)|g__Ruminococcus.s__Ruminococcus_bromii	1.6303903349
PWY-5188: tetrapyrrole biosynthesis I (from glutamate)|g__Sutterella.s__Sutterella_wadsworthensis	1.1900722294
OANTIGEN-PWY: O-antigen building blocks biosynthesis (E. coli)	15.9880557641
PWY-7211: superpathway of pyrimidine deoxyribonucleotides de novo biosynthesis	15.8754544412
PWY0-166: superpathway of pyrimidine deoxyribonucleotides de novo biosynthesis (E. coli)	15.7162990072
RIBOSYN2-PWY: flavin biosynthesis I (bacteria and plants)	15.7057928100
RHAMCAT-PWY: L-rhamnose degradation I	14.9548014257
RHAMCAT-PWY: L-rhamnose degradation I|g__Faecalibacterium.s__Faecalibacterium_prausnitzii	11.1675108308
PWY-7228: superpathway of guanosine nucleotides de novo biosynthesis I	14.8552970823
PWY-7228: superpathway of guanosine nucleotides de novo biosynthesis I|g__Sutterella.s__Sutterella_wadsworthensis	3.5932393467
GLYCOGENSYNTH-PWY: glycogen biosynthesis I (from ADP-D-Glucose)	14.0661395190
PWY-7187: pyrimidine deoxyribonucleotides de novo biosynthesis II	13.5150177175
PWY-6168: flavin biosynthesis III (fungi)	13.4888246605
PWY-7210: pyrimidine deoxyribonucleotides biosynthesis from CTP	13.3106455768
GLUCONEO-PWY: gluconeogenesis I	13.1377790814
PWY-7184: pyrimidine deoxyribonucleotides de novo biosynthesis I	12.8527041821
PWY-6545: pyrimidine deoxyribonucleotides de novo biosynthesis III	12.7685532856
HOMOSER-METSYN-PWY: L-methionine biosynthesis I	12.7507751183
P108-PWY: pyruvate fermentation to propanoate I	12.7418264926
PWY0-1261: anhydromuropeptides recycling	12.6361657754
PWY-6125: superpathway of guanosine nucleotides de novo biosynthesis II	12.1228597449
PWY-6125: superpathway of guanosine nucleotides de novo biosynthesis II|g__Sutterella.s__Sutterella_wadsworthensis	1.6137618864
PWY66-399: gluconeogenesis III	11.6747590691
PWY-2941: L-lysine biosynthesis II	11.2940627533
PWY-5030: L-histidine degradation III	11.2515281587
PWY-7208: superpathway of pyrimidine nucleobases salvage	10.8814001579
PWY-7208: superpathway of pyrimidine nucleobases salvage|g__Adlercreutzia.s__Adlercreutzia_equolifaciens	2.1687001763
HISDEG-PWY: L-histidine degradation I	10.6992909958
HISDEG-PWY: L-histidine degradation I|g__Alistipes.s__Alistipes_shahii	3.0187162659
PWY-4702: phytate degradation I	10.6604076363
PWY-4702: phytate degradation I|g__Akkermansia.s__Akkermansia_muciniphila	10.6604076363
PWY-7198: pyrimidine deoxyribonucleotides de novo biosynthesis IV	10.6447369888
UDPNAGSYN-PWY: UDP-N-acetyl-D-glucosamine biosynthesis I	10.5939515418
UDPNAGSYN-PWY: UDP-N-acetyl-D-glucosamine biosynthesis I|g__Bifidobacterium.s__Bifidobacterium_longum	5.3428469545
TRPSYN-PWY: L-tryptophan biosynthesis	9.8517352106
PWY66-400: glycolysis VI (metazoan)	9.8343034770
ARGININE-SYN4-PWY: L-ornithine de novo  biosynthesis	9.1271069994
ARGININE-SYN4-PWY: L-ornithine de novo  biosynthesis|g__Bacteroides.s__Bacteroides_uniformis	3.4188647290
GLYCOLYSIS: glycolysis I (from glucose 6-phosphate)	8.9489768408
PWY-5484: glycolysis II (from fructose 6-phosphate)	8.8596723495
PWY-7220: adenosine deoxyribonucleotides de novo biosynthesis II	7.9623337961
PWY-7220: adenosine deoxyribonucleotides de novo biosynthesis II|g__Sutterella.s__Sutterella_wadsworthensis	2.8757021330
PWY-7222: guanosine deoxyribonucleotides de novo biosynthesis II	7.9623337961
PWY-7222: guanosine deoxyribonucleotides de novo biosynthesis II|g__Sutterella.s__Sutterella_wadsworthensis	2.8757021330
PWY-7197: pyrimidine deoxyribonucleotide phosphorylation	7.5018702912
PWY-7197: pyrimidine deoxyribonucleotide phosphorylation|g__Sutterella.s__Sutterella_wadsworthensis	3.3936651584
PWY-7197: pyrimidine deoxyribonucleotide phosphorylation|g__Adlercreutzia.s__Adlercreutzia_equolifaciens	1.9665683382
PWY-5345: superpathway of L-methionine biosynthesis (by sulfhydrylation)	7.3334122887
NAGLIPASYN-PWY: lipid IVA biosynthesis	6.4614723732
NAGLIPASYN-PWY: lipid IVA biosynthesis|g__Sutterella.s__Sutterella_wadsworthensis	4.2990650102
PWY-7371: 1,4-dihydroxy-6-naphthoate biosynthesis II	6.1161474227
PWY-7371: 1,4-dihydroxy-6-naphthoate biosynthesis II|g__Alistipes.s__Alistipes_finegoldii	1.4592720918
PWY-7456: mannan degradation	4.8272469248
PWY-5121: superpathway of geranylgeranyl diphosphate biosynthesis II (via MEP)	4.7372758414
SULFATE-CYS-PWY: superpathway of sulfate assimilation and cysteine biosynthesis	4.3455195351
PENTOSE-P-PWY: pentose phosphate pathway	3.5566134770
CITRULBIO-PWY: L-citrulline biosynthesis	3.4778829923
SO4ASSIM-PWY: sulfate reduction I (assimilatory)	2.9642508026
SO4ASSIM-PWY: sulfate reduction I (assimilatory)|g__Akkermansia.s__Akkermansia_muciniphila	2.8176206937
PWY-4984: urea cycle	2.9178549607
PWY-821: superpathway of sulfur amino acid biosynthesis (Saccharomyces cerevisiae)	2.6588905692
PWY-4981: L-proline biosynthesis II (from arginine)	1.6901444121
PWY-5384: sucrose degradation IV (sucrose phosphorylase)	1.3902999945