# Pathway	ERR480727_Abundance
UNMAPPED	127964.2440630921
UNINTEGRATED	95968.3392473665
UNINTEGRATED|g__Faecalibacterium.s__Faecalibacterium_prausnitzii	25227.0238452435
UNINTEGRATED|g__Prevotella.s__Prevotella_copri	11309.1066777664
UNINTEGRATED|g__Streptococcus.s__Streptococcus_salivarius	8034.1139452815
UNINTEGRATED|g__Eubacterium.s__Eubacterium_rectale	5209.9195863875
UNINTEGRATED|g__Collinsella.s__Collinsella_aerofaciens	4502.6239280841
UNINTEGRATED|g__Blautia.s__Ruminococcus_torques	3358.7121016858
UNINTEGRATED|g__Blautia.s__Ruminococcus_obeum	3002.8790458187
UNINTEGRATED|g__Streptococcus.s__Streptococcus_parasanguinis	2886.5851019343
UNINTEGRATED|g__Bacteroides.s__Bacteroides_caccae	2313.0519646117
UNINTEGRATED|g__Bacteroides.s__Bacteroides_uniformis	2115.8618832385
UNINTEGRATED|g__Bacteroides.s__Bacteroides_plebeius	2004.7867346625
UNINTEGRATED|g__Roseburia.s__Roseburia_inulinivorans	1966.8656508955
UNINTEGRATED|g__Dorea.s__Dorea_formicigenerans	1945.7923274415
UNINTEGRATED|g__Alistipes.s__Alistipes_putredinis	1918.1832030482
UNINTEGRATED|g__Coprococcus.s__Coprococcus_comes	1893.1101184708
UNINTEGRATED|g__Dorea.s__Dorea_longicatena	1710.2098530965
UNINTEGRATED|g__Eubacterium.s__Eubacterium_ventriosum	1665.8971213307
UNINTEGRATED|g__Erysipelotrichaceae_noname.s__Eubacterium_biforme	1628.0002323298
UNINTEGRATED|g__Ruminococcus.s__Ruminococcus_lactaris	1569.2301201923
UNINTEGRATED|g__Streptococcus.s__Streptococcus_vestibularis	1423.0900657343
UNINTEGRATED|g__Bacteroides.s__Bacteroides_massiliensis	1263.6323736156
UNINTEGRATED|g__Ruminococcus.s__Ruminococcus_bromii	1134.5627581813
UNINTEGRATED|g__Escherichia.s__Escherichia_coli	1130.1524961758
UNINTEGRATED|g__Catenibacterium.s__Catenibacterium_mitsuokai	889.3408429865
UNINTEGRATED|g__Alistipes.s__Alistipes_onderdonkii	730.1057317997
UNINTEGRATED|g__Phascolarctobacterium.s__Phascolarctobacterium_succinatutens	664.8600461477
UNINTEGRATED|g__Rothia.s__Rothia_mucilaginosa	230.1316126364
UNINTEGRATED|g__Streptococcus.s__Streptococcus_anginosus	121.3334669815
PWY-7219: adenosine ribonucleotides de novo biosynthesis	161.5354258779
PWY-7219: adenosine ribonucleotides de novo biosynthesis|g__Faecalibacterium.s__Faecalibacterium_prausnitzii	34.0578024058
PWY-7219: adenosine ribonucleotides de novo biosynthesis|g__Prevotella.s__Prevotella_copri	29.3994451893
PWY-7219: adenosine ribonucleotides de novo biosynthesis|g__Collinsella.s__Collinsella_aerofaciens	13.6232512431
PWY-7219: adenosine ribonucleotides de novo biosynthesis|g__Streptococcus.s__Streptococcus_parasanguinis	12.6531625603
PWY-7219: adenosine ribonucleotides de novo biosynthesis|g__Streptococcus.s__Streptococcus_salivarius	12.3048148542
PWY-7219: adenosine ribonucleotides de novo biosynthesis|g__Eubacterium.s__Eubacterium_rectale	11.9377941709
PWY-7219: adenosine ribonucleotides de novo biosynthesis|g__Blautia.s__Ruminococcus_torques	7.9808360530
PWY-7219: adenosine ribonucleotides de novo biosynthesis|g__Erysipelotrichaceae_noname.s__Eubacterium_biforme	6.5782787690
PWY-7219: adenosine ribonucleotides de novo biosynthesis|g__Blautia.s__Ruminococcus_obeum	4.3567815429
PWY-7219: adenosine ribonucleotides de novo biosynthesis|g__Alistipes.s__Alistipes_putredinis	4.3089725378
PWY-7219: adenosine ribonucleotides de novo biosynthesis|g__Bacteroides.s__Bacteroides_plebeius	4.2675174261
PWY-7219: adenosine ribonucleotides de novo biosynthesis|g__Ruminococcus.s__Ruminococcus_lactaris	3.4451273145
PWY-7219: adenosine ribonucleotides de novo biosynthesis|g__Streptococcus.s__Streptococcus_vestibularis	2.6238695967
PWY-7219: adenosine ribonucleotides de novo biosynthesis|g__Dorea.s__Dorea_longicatena	2.1377471865
PWY-7219: adenosine ribonucleotides de novo biosynthesis|g__Bacteroides.s__Bacteroides_uniformis	1.8915547431
PWY-7219: adenosine ribonucleotides de novo biosynthesis|g__Bacteroides.s__Bacteroides_massiliensis	1.3666152186
PWY-7219: adenosine ribonucleotides de novo biosynthesis|g__Phascolarctobacterium.s__Phascolarctobacterium_succinatutens	1.3445210810
PWY-7219: adenosine ribonucleotides de novo biosynthesis|g__Streptococcus.s__Streptococcus_anginosus	0.9661835749
PWY-7219: adenosine ribonucleotides de novo biosynthesis|g__Alistipes.s__Alistipes_onderdonkii	0.9237875289
PWY-5686: UMP biosynthesis	140.0792905751
PWY-5686: UMP biosynthesis|g__Faecalibacterium.s__Faecalibacterium_prausnitzii	32.9577382620
PWY-5686: UMP biosynthesis|g__Prevotella.s__Prevotella_copri	18.8103779682
PWY-5686: UMP biosynthesis|g__Collinsella.s__Collinsella_aerofaciens	9.7275781525
PWY-5686: UMP biosynthesis|g__Eubacterium.s__Eubacterium_rectale	8.2183097455
PWY-5686: UMP biosynthesis|g__Erysipelotrichaceae_noname.s__Eubacterium_biforme	4.7269324523
PWY-5686: UMP biosynthesis|g__Streptococcus.s__Streptococcus_parasanguinis	3.4349280508
PWY-5686: UMP biosynthesis|g__Alistipes.s__Alistipes_putredinis	2.8650700602
PWY-5686: UMP biosynthesis|g__Blautia.s__Ruminococcus_torques	2.7960420185
PWY-5686: UMP biosynthesis|g__Bacteroides.s__Bacteroides_plebeius	2.7453079425
PWY-5686: UMP biosynthesis|g__Alistipes.s__Alistipes_onderdonkii	1.7740553687
PWY-5686: UMP biosynthesis|g__Dorea.s__Dorea_longicatena	1.4743258054
PWY-6737: starch degradation V	135.5277963864
PWY-6737: starch degradation V|g__Faecalibacterium.s__Faecalibacterium_prausnitzii	39.3942596190
PWY-6737: starch degradation V|g__Collinsella.s__Collinsella_aerofaciens	12.4659415222
PWY-6737: starch degradation V|g__Eubacterium.s__Eubacterium_rectale	7.8317709342
PWY-6737: starch degradation V|g__Streptococcus.s__Streptococcus_parasanguinis	5.5924689737
PWY-6737: starch degradation V|g__Blautia.s__Ruminococcus_torques	5.3259250786
PWY-6737: starch degradation V|g__Dorea.s__Dorea_longicatena	4.8308248699
PWY-6737: starch degradation V|g__Blautia.s__Ruminococcus_obeum	3.8122849189
PWY-6737: starch degradation V|g__Ruminococcus.s__Ruminococcus_bromii	3.7336409234
PWY-6737: starch degradation V|g__Roseburia.s__Roseburia_inulinivorans	2.3686794441
PWY-6737: starch degradation V|g__Ruminococcus.s__Ruminococcus_lactaris	2.0590973577
PWY-6737: starch degradation V|g__Erysipelotrichaceae_noname.s__Eubacterium_biforme	1.9899941547
PWY-6737: starch degradation V|g__Catenibacterium.s__Catenibacterium_mitsuokai	1.2370497053
PWY-6737: starch degradation V|g__Coprococcus.s__Coprococcus_comes	0.7964954202
PWY-6151: S-adenosyl-L-methionine cycle I	131.0537475857
PWY-6151: S-adenosyl-L-methionine cycle I|g__Prevotella.s__Prevotella_copri	33.3528756179
PWY-6151: S-adenosyl-L-methionine cycle I|g__Faecalibacterium.s__Faecalibacterium_prausnitzii	19.6971894243
PWY-6151: S-adenosyl-L-methionine cycle I|g__Streptococcus.s__Streptococcus_salivarius	11.9533924926
PWY-6151: S-adenosyl-L-methionine cycle I|g__Collinsella.s__Collinsella_aerofaciens	9.2270401277
PWY-6151: S-adenosyl-L-methionine cycle I|g__Eubacterium.s__Eubacterium_rectale	8.4318161936
PWY-6151: S-adenosyl-L-methionine cycle I|g__Erysipelotrichaceae_noname.s__Eubacterium_biforme	7.7671204982
PWY-6151: S-adenosyl-L-methionine cycle I|g__Coprococcus.s__Coprococcus_comes	2.1838155996
PWY-6151: S-adenosyl-L-methionine cycle I|g__Streptococcus.s__Streptococcus_vestibularis	1.6653783530
PWY-6151: S-adenosyl-L-methionine cycle I|g__Bacteroides.s__Bacteroides_massiliensis	1.3694083975
PWY-6151: S-adenosyl-L-methionine cycle I|g__Rothia.s__Rothia_mucilaginosa	1.3680194931
PWY-7111: pyruvate fermentation to isobutanol (engineered)	122.4920561671
PWY-7111: pyruvate fermentation to isobutanol (engineered)|g__Faecalibacterium.s__Faecalibacterium_prausnitzii	40.6879868510
PWY-7111: pyruvate fermentation to isobutanol (engineered)|g__Streptococcus.s__Streptococcus_salivarius	15.0180695209
PWY-7111: pyruvate fermentation to isobutanol (engineered)|g__Blautia.s__Ruminococcus_torques	8.6111860503
PWY-7111: pyruvate fermentation to isobutanol (engineered)|g__Eubacterium.s__Eubacterium_rectale	6.8763946585
PWY-7111: pyruvate fermentation to isobutanol (engineered)|g__Streptococcus.s__Streptococcus_parasanguinis	5.3245258432
PWY-7111: pyruvate fermentation to isobutanol (engineered)|g__Bacteroides.s__Bacteroides_plebeius	3.3729019944
PWY-7111: pyruvate fermentation to isobutanol (engineered)|g__Streptococcus.s__Streptococcus_vestibularis	3.0163644889
PWY-7111: pyruvate fermentation to isobutanol (engineered)|g__Ruminococcus.s__Ruminococcus_lactaris	2.1032122108
PWY-7111: pyruvate fermentation to isobutanol (engineered)|g__Dorea.s__Dorea_longicatena	1.6831309268
PWY-7111: pyruvate fermentation to isobutanol (engineered)|g__Phascolarctobacterium.s__Phascolarctobacterium_succinatutens	1.4974795789
PWY-7111: pyruvate fermentation to isobutanol (engineered)|g__Bacteroides.s__Bacteroides_massiliensis	1.3993961762
PWY-7111: pyruvate fermentation to isobutanol (engineered)|g__Blautia.s__Ruminococcus_obeum	1.3411404400
PWY-7111: pyruvate fermentation to isobutanol (engineered)|g__Bacteroides.s__Bacteroides_caccae	1.1163585184
PWY-7111: pyruvate fermentation to isobutanol (engineered)|g__Coprococcus.s__Coprococcus_comes	1.0115487191
PWY-7111: pyruvate fermentation to isobutanol (engineered)|g__Ruminococcus.s__Ruminococcus_bromii	0.9685691140
ILEUSYN-PWY: L-isoleucine biosynthesis I (from threonine)	121.1338152604
ILEUSYN-PWY: L-isoleucine biosynthesis I (from threonine)|g__Faecalibacterium.s__Faecalibacterium_prausnitzii	47.6902800944
ILEUSYN-PWY: L-isoleucine biosynthesis I (from threonine)|g__Streptococcus.s__Streptococcus_parasanguinis	4.0634100529
ILEUSYN-PWY: L-isoleucine biosynthesis I (from threonine)|g__Blautia.s__Ruminococcus_obeum	1.6396627058
ILEUSYN-PWY: L-isoleucine biosynthesis I (from threonine)|g__Ruminococcus.s__Ruminococcus_lactaris	1.3316493726
VALSYN-PWY: L-valine biosynthesis	121.1338152604
VALSYN-PWY: L-valine biosynthesis|g__Faecalibacterium.s__Faecalibacterium_prausnitzii	47.6902800944
VALSYN-PWY: L-valine biosynthesis|g__Streptococcus.s__Streptococcus_salivarius	15.9634723048
VALSYN-PWY: L-valine biosynthesis|g__Blautia.s__Ruminococcus_torques	8.6111860503
VALSYN-PWY: L-valine biosynthesis|g__Eubacterium.s__Eubacterium_rectale	6.8763946585
VALSYN-PWY: L-valine biosynthesis|g__Streptococcus.s__Streptococcus_parasanguinis	4.0634100529
VALSYN-PWY: L-valine biosynthesis|g__Bacteroides.s__Bacteroides_plebeius	3.3729019944
VALSYN-PWY: L-valine biosynthesis|g__Streptococcus.s__Streptococcus_vestibularis	1.7292430089
VALSYN-PWY: L-valine biosynthesis|g__Roseburia.s__Roseburia_inulinivorans	1.7201809257
VALSYN-PWY: L-valine biosynthesis|g__Dorea.s__Dorea_longicatena	1.6831309268
VALSYN-PWY: L-valine biosynthesis|g__Blautia.s__Ruminococcus_obeum	1.6396627058
VALSYN-PWY: L-valine biosynthesis|g__Bacteroides.s__Bacteroides_massiliensis	1.3993961762
VALSYN-PWY: L-valine biosynthesis|g__Ruminococcus.s__Ruminococcus_lactaris	1.3316493726
VALSYN-PWY: L-valine biosynthesis|g__Bacteroides.s__Bacteroides_caccae	1.1163585184
VALSYN-PWY: L-valine biosynthesis|g__Coprococcus.s__Coprococcus_comes	1.0115487191
VALSYN-PWY: L-valine biosynthesis|g__Ruminococcus.s__Ruminococcus_bromii	0.9685691140
PWY-6386: UDP-N-acetylmuramoyl-pentapeptide biosynthesis II (lysine-containing)	119.5047222585
PWY-6386: UDP-N-acetylmuramoyl-pentapeptide biosynthesis II (lysine-containing)|g__Faecalibacterium.s__Faecalibacterium_prausnitzii	23.4547581089
PWY-6386: UDP-N-acetylmuramoyl-pentapeptide biosynthesis II (lysine-containing)|g__Eubacterium.s__Eubacterium_rectale	8.2821329139
PWY-6386: UDP-N-acetylmuramoyl-pentapeptide biosynthesis II (lysine-containing)|g__Collinsella.s__Collinsella_aerofaciens	7.1328571954
PWY-6386: UDP-N-acetylmuramoyl-pentapeptide biosynthesis II (lysine-containing)|g__Blautia.s__Ruminococcus_torques	3.8840460658
PWY-6386: UDP-N-acetylmuramoyl-pentapeptide biosynthesis II (lysine-containing)|g__Streptococcus.s__Streptococcus_parasanguinis	3.8354399690
PWY-6386: UDP-N-acetylmuramoyl-pentapeptide biosynthesis II (lysine-containing)|g__Streptococcus.s__Streptococcus_salivarius	2.8634970855
PWY-6386: UDP-N-acetylmuramoyl-pentapeptide biosynthesis II (lysine-containing)|g__Alistipes.s__Alistipes_putredinis	2.7069355098
PWY-6386: UDP-N-acetylmuramoyl-pentapeptide biosynthesis II (lysine-containing)|g__Ruminococcus.s__Ruminococcus_lactaris	2.2383593560
PWY-6387: UDP-N-acetylmuramoyl-pentapeptide biosynthesis I (meso-diaminopimelate containing)	117.3137048194
PWY-6387: UDP-N-acetylmuramoyl-pentapeptide biosynthesis I (meso-diaminopimelate containing)|g__Faecalibacterium.s__Faecalibacterium_prausnitzii	24.3231831364
PWY-6387: UDP-N-acetylmuramoyl-pentapeptide biosynthesis I (meso-diaminopimelate containing)|g__Eubacterium.s__Eubacterium_rectale	8.1972674092
PWY-6387: UDP-N-acetylmuramoyl-pentapeptide biosynthesis I (meso-diaminopimelate containing)|g__Collinsella.s__Collinsella_aerofaciens	6.5422323408
PWY-6387: UDP-N-acetylmuramoyl-pentapeptide biosynthesis I (meso-diaminopimelate containing)|g__Streptococcus.s__Streptococcus_parasanguinis	3.8798527864
PWY-6387: UDP-N-acetylmuramoyl-pentapeptide biosynthesis I (meso-diaminopimelate containing)|g__Blautia.s__Ruminococcus_torques	3.7309435591
PWY-6387: UDP-N-acetylmuramoyl-pentapeptide biosynthesis I (meso-diaminopimelate containing)|g__Alistipes.s__Alistipes_putredinis	2.4742090554
PWY-6387: UDP-N-acetylmuramoyl-pentapeptide biosynthesis I (meso-diaminopimelate containing)|g__Ruminococcus.s__Ruminococcus_lactaris	2.2959814481
PEPTIDOGLYCANSYN-PWY: peptidoglycan biosynthesis I (meso-diaminopimelate containing)	116.8240108709
PEPTIDOGLYCANSYN-PWY: peptidoglycan biosynthesis I (meso-diaminopimelate containing)|g__Faecalibacterium.s__Faecalibacterium_prausnitzii	20.9413680673
PEPTIDOGLYCANSYN-PWY: peptidoglycan biosynthesis I (meso-diaminopimelate containing)|g__Collinsella.s__Collinsella_aerofaciens	6.8794219169
PEPTIDOGLYCANSYN-PWY: peptidoglycan biosynthesis I (meso-diaminopimelate containing)|g__Blautia.s__Ruminococcus_torques	4.1074114256
PEPTIDOGLYCANSYN-PWY: peptidoglycan biosynthesis I (meso-diaminopimelate containing)|g__Alistipes.s__Alistipes_putredinis	2.5016201910
PEPTIDOGLYCANSYN-PWY: peptidoglycan biosynthesis I (meso-diaminopimelate containing)|g__Ruminococcus.s__Ruminococcus_lactaris	2.0057776205
PWY-6122: 5-aminoimidazole ribonucleotide biosynthesis II	113.5944851151
PWY-6122: 5-aminoimidazole ribonucleotide biosynthesis II|g__Streptococcus.s__Streptococcus_salivarius	13.4298140566
PWY-6122: 5-aminoimidazole ribonucleotide biosynthesis II|g__Collinsella.s__Collinsella_aerofaciens	13.2498894787
PWY-6122: 5-aminoimidazole ribonucleotide biosynthesis II|g__Faecalibacterium.s__Faecalibacterium_prausnitzii	6.7139083252
PWY-6122: 5-aminoimidazole ribonucleotide biosynthesis II|g__Streptococcus.s__Streptococcus_parasanguinis	6.6640985093
PWY-6122: 5-aminoimidazole ribonucleotide biosynthesis II|g__Erysipelotrichaceae_noname.s__Eubacterium_biforme	5.1734357182
PWY-6122: 5-aminoimidazole ribonucleotide biosynthesis II|g__Alistipes.s__Alistipes_putredinis	3.4146480928
PWY-6122: 5-aminoimidazole ribonucleotide biosynthesis II|g__Dorea.s__Dorea_longicatena	2.7550086280
PWY-6122: 5-aminoimidazole ribonucleotide biosynthesis II|g__Blautia.s__Ruminococcus_torques	2.6305130014
PWY-6122: 5-aminoimidazole ribonucleotide biosynthesis II|g__Coprococcus.s__Coprococcus_comes	1.8573031000
PWY-6122: 5-aminoimidazole ribonucleotide biosynthesis II|g__Streptococcus.s__Streptococcus_vestibularis	1.6636234991
PWY-6122: 5-aminoimidazole ribonucleotide biosynthesis II|g__Blautia.s__Ruminococcus_obeum	1.6183340063
PWY-6122: 5-aminoimidazole ribonucleotide biosynthesis II|g__Dorea.s__Dorea_formicigenerans	1.1373465479
PWY-6122: 5-aminoimidazole ribonucleotide biosynthesis II|g__Alistipes.s__Alistipes_onderdonkii	1.1313897008
PWY-6122: 5-aminoimidazole ribonucleotide biosynthesis II|g__Ruminococcus.s__Ruminococcus_bromii	0.9910253969
PWY-6277: superpathway of 5-aminoimidazole ribonucleotide biosynthesis	113.5944851151
PWY-6277: superpathway of 5-aminoimidazole ribonucleotide biosynthesis|g__Streptococcus.s__Streptococcus_salivarius	13.4298140566
PWY-6277: superpathway of 5-aminoimidazole ribonucleotide biosynthesis|g__Collinsella.s__Collinsella_aerofaciens	13.2498894787
PWY-6277: superpathway of 5-aminoimidazole ribonucleotide biosynthesis|g__Faecalibacterium.s__Faecalibacterium_prausnitzii	6.7139083252
PWY-6277: superpathway of 5-aminoimidazole ribonucleotide biosynthesis|g__Streptococcus.s__Streptococcus_parasanguinis	6.6640985093
PWY-6277: superpathway of 5-aminoimidazole ribonucleotide biosynthesis|g__Erysipelotrichaceae_noname.s__Eubacterium_biforme	5.1734357182
PWY-6277: superpathway of 5-aminoimidazole ribonucleotide biosynthesis|g__Alistipes.s__Alistipes_putredinis	3.4146480928
PWY-6277: superpathway of 5-aminoimidazole ribonucleotide biosynthesis|g__Dorea.s__Dorea_longicatena	2.7550086280
PWY-6277: superpathway of 5-aminoimidazole ribonucleotide biosynthesis|g__Blautia.s__Ruminococcus_torques	2.6305130014
PWY-6277: superpathway of 5-aminoimidazole ribonucleotide biosynthesis|g__Coprococcus.s__Coprococcus_comes	1.8573031000
PWY-6277: superpathway of 5-aminoimidazole ribonucleotide biosynthesis|g__Streptococcus.s__Streptococcus_vestibularis	1.6636234991
PWY-6277: superpathway of 5-aminoimidazole ribonucleotide biosynthesis|g__Blautia.s__Ruminococcus_obeum	1.6183340063
PWY-6277: superpathway of 5-aminoimidazole ribonucleotide biosynthesis|g__Dorea.s__Dorea_formicigenerans	1.1373465479
PWY-6277: superpathway of 5-aminoimidazole ribonucleotide biosynthesis|g__Alistipes.s__Alistipes_onderdonkii	1.1313897008
PWY-6277: superpathway of 5-aminoimidazole ribonucleotide biosynthesis|g__Ruminococcus.s__Ruminococcus_bromii	0.9910253969
PWY-6121: 5-aminoimidazole ribonucleotide biosynthesis I	113.4569425385
PWY-6121: 5-aminoimidazole ribonucleotide biosynthesis I|g__Streptococcus.s__Streptococcus_salivarius	12.2542863649
PWY-6121: 5-aminoimidazole ribonucleotide biosynthesis I|g__Collinsella.s__Collinsella_aerofaciens	11.9393097994
PWY-6121: 5-aminoimidazole ribonucleotide biosynthesis I|g__Faecalibacterium.s__Faecalibacterium_prausnitzii	7.8129285555
PWY-6121: 5-aminoimidazole ribonucleotide biosynthesis I|g__Streptococcus.s__Streptococcus_parasanguinis	7.4750982790
PWY-6121: 5-aminoimidazole ribonucleotide biosynthesis I|g__Erysipelotrichaceae_noname.s__Eubacterium_biforme	4.8006088503
PWY-6121: 5-aminoimidazole ribonucleotide biosynthesis I|g__Alistipes.s__Alistipes_putredinis	3.5225786723
PWY-6121: 5-aminoimidazole ribonucleotide biosynthesis I|g__Dorea.s__Dorea_longicatena	3.1529075794
PWY-6121: 5-aminoimidazole ribonucleotide biosynthesis I|g__Blautia.s__Ruminococcus_torques	2.9342527450
PWY-6121: 5-aminoimidazole ribonucleotide biosynthesis I|g__Dorea.s__Dorea_formicigenerans	1.2330584050
PWY-7221: guanosine ribonucleotides de novo biosynthesis	112.5831453925
PWY-7221: guanosine ribonucleotides de novo biosynthesis|g__Prevotella.s__Prevotella_copri	27.8546561342
PWY-7221: guanosine ribonucleotides de novo biosynthesis|g__Faecalibacterium.s__Faecalibacterium_prausnitzii	13.7262065084
PWY-7221: guanosine ribonucleotides de novo biosynthesis|g__Streptococcus.s__Streptococcus_salivarius	10.0598861665
PWY-7221: guanosine ribonucleotides de novo biosynthesis|g__Eubacterium.s__Eubacterium_rectale	8.9846984867
PWY-7221: guanosine ribonucleotides de novo biosynthesis|g__Streptococcus.s__Streptococcus_vestibularis	7.8236406194
PWY-7221: guanosine ribonucleotides de novo biosynthesis|g__Bacteroides.s__Bacteroides_plebeius	2.5910023547
PWY-7221: guanosine ribonucleotides de novo biosynthesis|g__Ruminococcus.s__Ruminococcus_lactaris	2.2611741200
PWY-7221: guanosine ribonucleotides de novo biosynthesis|g__Alistipes.s__Alistipes_putredinis	1.9919856146
ARO-PWY: chorismate biosynthesis I	108.4794343253
ARO-PWY: chorismate biosynthesis I|g__Eubacterium.s__Eubacterium_rectale	7.4142793452
ARO-PWY: chorismate biosynthesis I|g__Blautia.s__Ruminococcus_torques	4.5384935080
ARO-PWY: chorismate biosynthesis I|g__Blautia.s__Ruminococcus_obeum	2.8162727504
COA-PWY-1: coenzyme A biosynthesis II (mammalian)	107.2935899596
COA-PWY-1: coenzyme A biosynthesis II (mammalian)|g__Faecalibacterium.s__Faecalibacterium_prausnitzii	20.1501008199
COA-PWY-1: coenzyme A biosynthesis II (mammalian)|g__Collinsella.s__Collinsella_aerofaciens	7.6174288412
COA-PWY-1: coenzyme A biosynthesis II (mammalian)|g__Eubacterium.s__Eubacterium_rectale	7.3974436224
COA-PWY-1: coenzyme A biosynthesis II (mammalian)|g__Alistipes.s__Alistipes_putredinis	2.4082801704
COA-PWY-1: coenzyme A biosynthesis II (mammalian)|g__Streptococcus.s__Streptococcus_parasanguinis	1.9077911836
COA-PWY-1: coenzyme A biosynthesis II (mammalian)|g__Phascolarctobacterium.s__Phascolarctobacterium_succinatutens	1.2429191411
PWY-5097: L-lysine biosynthesis VI	102.5548428528
PWY-5097: L-lysine biosynthesis VI|g__Prevotella.s__Prevotella_copri	25.7867732955
PWY-5097: L-lysine biosynthesis VI|g__Faecalibacterium.s__Faecalibacterium_prausnitzii	12.4138201766
PWY-5097: L-lysine biosynthesis VI|g__Eubacterium.s__Eubacterium_rectale	3.8139365898
PWY-5097: L-lysine biosynthesis VI|g__Blautia.s__Ruminococcus_torques	2.1790101574
PWY-5097: L-lysine biosynthesis VI|g__Bacteroides.s__Bacteroides_massiliensis	1.4989001641
COMPLETE-ARO-PWY: superpathway of aromatic amino acid biosynthesis	100.5379378399
COMPLETE-ARO-PWY: superpathway of aromatic amino acid biosynthesis|g__Eubacterium.s__Eubacterium_rectale	7.8245181853
COMPLETE-ARO-PWY: superpathway of aromatic amino acid biosynthesis|g__Blautia.s__Ruminococcus_torques	4.2993168467
COMPLETE-ARO-PWY: superpathway of aromatic amino acid biosynthesis|g__Blautia.s__Ruminococcus_obeum	2.9592037180
PWY-6163: chorismate biosynthesis from 3-dehydroquinate	99.7639801725
PWY-6163: chorismate biosynthesis from 3-dehydroquinate|g__Eubacterium.s__Eubacterium_rectale	8.3247234393
PWY-6163: chorismate biosynthesis from 3-dehydroquinate|g__Blautia.s__Ruminococcus_torques	4.0301552592
PWY-6163: chorismate biosynthesis from 3-dehydroquinate|g__Blautia.s__Ruminococcus_obeum	2.5064748745
BRANCHED-CHAIN-AA-SYN-PWY: superpathway of branched amino acid biosynthesis	97.0644681594
BRANCHED-CHAIN-AA-SYN-PWY: superpathway of branched amino acid biosynthesis|g__Faecalibacterium.s__Faecalibacterium_prausnitzii	43.3155728318
BRANCHED-CHAIN-AA-SYN-PWY: superpathway of branched amino acid biosynthesis|g__Streptococcus.s__Streptococcus_parasanguinis	3.8130170414
BRANCHED-CHAIN-AA-SYN-PWY: superpathway of branched amino acid biosynthesis|g__Blautia.s__Ruminococcus_obeum	1.5235433079
PWY-5103: L-isoleucine biosynthesis III	97.0644681594
PWY-5103: L-isoleucine biosynthesis III|g__Faecalibacterium.s__Faecalibacterium_prausnitzii	41.9046257802
PWY-5103: L-isoleucine biosynthesis III|g__Streptococcus.s__Streptococcus_parasanguinis	3.7722777203
PWY-5103: L-isoleucine biosynthesis III|g__Blautia.s__Ruminococcus_obeum	1.4320926084
NONMEVIPP-PWY: methylerythritol phosphate pathway I	94.3246984191
NONMEVIPP-PWY: methylerythritol phosphate pathway I|g__Eubacterium.s__Eubacterium_rectale	6.2839169662
NONMEVIPP-PWY: methylerythritol phosphate pathway I|g__Blautia.s__Ruminococcus_torques	3.4109814938
NONMEVIPP-PWY: methylerythritol phosphate pathway I|g__Alistipes.s__Alistipes_putredinis	3.3823759959
NONMEVIPP-PWY: methylerythritol phosphate pathway I|g__Dorea.s__Dorea_longicatena	3.1194912657
PWY0-1319: CDP-diacylglycerol biosynthesis II	93.6526357955
PWY0-1319: CDP-diacylglycerol biosynthesis II|g__Faecalibacterium.s__Faecalibacterium_prausnitzii	24.0935919555
PWY0-1319: CDP-diacylglycerol biosynthesis II|g__Eubacterium.s__Eubacterium_rectale	5.4305177260
PWY0-1319: CDP-diacylglycerol biosynthesis II|g__Blautia.s__Ruminococcus_torques	3.2312023455
PWY0-1319: CDP-diacylglycerol biosynthesis II|g__Ruminococcus.s__Ruminococcus_lactaris	2.1570464566
PWY0-1319: CDP-diacylglycerol biosynthesis II|g__Dorea.s__Dorea_longicatena	1.9479553756
PWY0-1319: CDP-diacylglycerol biosynthesis II|g__Bacteroides.s__Bacteroides_plebeius	1.5787349202
PWY0-1319: CDP-diacylglycerol biosynthesis II|g__Eubacterium.s__Eubacterium_ventriosum	1.2158054711
PWY-5667: CDP-diacylglycerol biosynthesis I	93.6526357955
PWY-5667: CDP-diacylglycerol biosynthesis I|g__Faecalibacterium.s__Faecalibacterium_prausnitzii	24.0935919555
PWY-5667: CDP-diacylglycerol biosynthesis I|g__Eubacterium.s__Eubacterium_rectale	5.4305177260
PWY-5667: CDP-diacylglycerol biosynthesis I|g__Blautia.s__Ruminococcus_torques	3.2312023455
PWY-5667: CDP-diacylglycerol biosynthesis I|g__Ruminococcus.s__Ruminococcus_lactaris	2.1570464566
PWY-5667: CDP-diacylglycerol biosynthesis I|g__Dorea.s__Dorea_longicatena	1.9479553756
PWY-5667: CDP-diacylglycerol biosynthesis I|g__Bacteroides.s__Bacteroides_plebeius	1.5787349202
PWY-5667: CDP-diacylglycerol biosynthesis I|g__Eubacterium.s__Eubacterium_ventriosum	1.2158054711
PWY-2942: L-lysine biosynthesis III	87.8589765731
PWY-2942: L-lysine biosynthesis III|g__Prevotella.s__Prevotella_copri	27.7673452393
PWY-2942: L-lysine biosynthesis III|g__Blautia.s__Ruminococcus_torques	3.3944551466
PWY-2942: L-lysine biosynthesis III|g__Bacteroides.s__Bacteroides_uniformis	1.5709844792
PWY-7400: L-arginine biosynthesis IV (archaebacteria)	87.5501452833
PWY-7400: L-arginine biosynthesis IV (archaebacteria)|g__Blautia.s__Ruminococcus_torques	4.7227798179
PWY-3001: superpathway of L-isoleucine biosynthesis I	86.4204055483
PWY-3001: superpathway of L-isoleucine biosynthesis I|g__Faecalibacterium.s__Faecalibacterium_prausnitzii	28.1067138632
ARGSYN-PWY: L-arginine biosynthesis I (via L-ornithine)	85.2037877886
ARGSYN-PWY: L-arginine biosynthesis I (via L-ornithine)|g__Blautia.s__Ruminococcus_torques	4.6808951329
PWY0-1296: purine ribonucleosides degradation	84.9461885894
PWY0-1296: purine ribonucleosides degradation|g__Faecalibacterium.s__Faecalibacterium_prausnitzii	33.3789382061
PWY0-1296: purine ribonucleosides degradation|g__Streptococcus.s__Streptococcus_salivarius	8.4141815928
PWY0-1296: purine ribonucleosides degradation|g__Eubacterium.s__Eubacterium_rectale	6.9074799212
PWY0-1296: purine ribonucleosides degradation|g__Streptococcus.s__Streptococcus_parasanguinis	4.5735816766
PWY0-1296: purine ribonucleosides degradation|g__Blautia.s__Ruminococcus_torques	4.4292619698
PWY0-1296: purine ribonucleosides degradation|g__Dorea.s__Dorea_longicatena	2.7249815133
PWY0-1296: purine ribonucleosides degradation|g__Erysipelotrichaceae_noname.s__Eubacterium_biforme	2.4864696822
PWY0-1296: purine ribonucleosides degradation|g__Blautia.s__Ruminococcus_obeum	2.0436135057
PWY0-1296: purine ribonucleosides degradation|g__Roseburia.s__Roseburia_inulinivorans	1.5944098610
PWY-724: superpathway of L-lysine, L-threonine and L-methionine biosynthesis II	83.9605153871
PWY-724: superpathway of L-lysine, L-threonine and L-methionine biosynthesis II|g__Faecalibacterium.s__Faecalibacterium_prausnitzii	14.0211335125
PWY-724: superpathway of L-lysine, L-threonine and L-methionine biosynthesis II|g__Blautia.s__Ruminococcus_torques	1.9446552250
PWY-6385: peptidoglycan biosynthesis III (mycobacteria)	83.2099146714
PWY-6385: peptidoglycan biosynthesis III (mycobacteria)|g__Faecalibacterium.s__Faecalibacterium_prausnitzii	20.9413680673
PWY-6385: peptidoglycan biosynthesis III (mycobacteria)|g__Blautia.s__Ruminococcus_torques	3.5587746924
PWY-7357: thiamin formation from pyrithiamine and oxythiamine (yeast)	81.3353136828
PWY-7357: thiamin formation from pyrithiamine and oxythiamine (yeast)|g__Faecalibacterium.s__Faecalibacterium_prausnitzii	22.1305135543
PWY-7357: thiamin formation from pyrithiamine and oxythiamine (yeast)|g__Blautia.s__Ruminococcus_torques	8.3277412129
PWY-7357: thiamin formation from pyrithiamine and oxythiamine (yeast)|g__Erysipelotrichaceae_noname.s__Eubacterium_biforme	3.9871376394
PWY-7357: thiamin formation from pyrithiamine and oxythiamine (yeast)|g__Phascolarctobacterium.s__Phascolarctobacterium_succinatutens	1.9519885305
THRESYN-PWY: superpathway of L-threonine biosynthesis	76.7116108368
THRESYN-PWY: superpathway of L-threonine biosynthesis|g__Faecalibacterium.s__Faecalibacterium_prausnitzii	22.6200801051
THRESYN-PWY: superpathway of L-threonine biosynthesis|g__Blautia.s__Ruminococcus_torques	3.1889396500
THRESYN-PWY: superpathway of L-threonine biosynthesis|g__Erysipelotrichaceae_noname.s__Eubacterium_biforme	1.8343802728
THRESYN-PWY: superpathway of L-threonine biosynthesis|g__Phascolarctobacterium.s__Phascolarctobacterium_succinatutens	1.7103464878
PWY-1042: glycolysis IV (plant cytosol)	74.9737717865
PWY-1042: glycolysis IV (plant cytosol)|g__Faecalibacterium.s__Faecalibacterium_prausnitzii	32.7207005916
PWY-1042: glycolysis IV (plant cytosol)|g__Blautia.s__Ruminococcus_torques	5.0883273820
PWY-6317: galactose degradation I (Leloir pathway)	73.7041446659
PWY-6317: galactose degradation I (Leloir pathway)|g__Faecalibacterium.s__Faecalibacterium_prausnitzii	21.9065761515
PWY-6317: galactose degradation I (Leloir pathway)|g__Ruminococcus.s__Ruminococcus_bromii	11.9658054980
PWY-6317: galactose degradation I (Leloir pathway)|g__Blautia.s__Ruminococcus_torques	2.5669100612
PWY-6317: galactose degradation I (Leloir pathway)|g__Streptococcus.s__Streptococcus_parasanguinis	2.4653294712
PWY-6317: galactose degradation I (Leloir pathway)|g__Streptococcus.s__Streptococcus_vestibularis	2.3151727277
PWY-6317: galactose degradation I (Leloir pathway)|g__Blautia.s__Ruminococcus_obeum	2.1114855071
PWY66-422: D-galactose degradation V (Leloir pathway)	73.7041446659
PWY66-422: D-galactose degradation V (Leloir pathway)|g__Faecalibacterium.s__Faecalibacterium_prausnitzii	21.9065761515
PWY66-422: D-galactose degradation V (Leloir pathway)|g__Ruminococcus.s__Ruminococcus_bromii	11.9658054980
PWY66-422: D-galactose degradation V (Leloir pathway)|g__Eubacterium.s__Eubacterium_rectale	5.4744337496
PWY66-422: D-galactose degradation V (Leloir pathway)|g__Blautia.s__Ruminococcus_torques	2.5669100612
PWY66-422: D-galactose degradation V (Leloir pathway)|g__Streptococcus.s__Streptococcus_parasanguinis	2.4653294712
PWY66-422: D-galactose degradation V (Leloir pathway)|g__Blautia.s__Ruminococcus_obeum	2.3173617206
PWY66-422: D-galactose degradation V (Leloir pathway)|g__Streptococcus.s__Streptococcus_vestibularis	2.3151727277
PWY66-422: D-galactose degradation V (Leloir pathway)|g__Erysipelotrichaceae_noname.s__Eubacterium_biforme	2.0006443247
PWY-3841: folate transformations II	72.9094757945
PWY-3841: folate transformations II|g__Streptococcus.s__Streptococcus_salivarius	10.9364579747
PWY-3841: folate transformations II|g__Streptococcus.s__Streptococcus_parasanguinis	2.8889843839
PWY-3841: folate transformations II|g__Bacteroides.s__Bacteroides_massiliensis	2.1564169218
PWY-6123: inosine-5'-phosphate biosynthesis I	71.5728881092
PWY-6123: inosine-5'-phosphate biosynthesis I|g__Faecalibacterium.s__Faecalibacterium_prausnitzii	19.3092373123
PWY-6123: inosine-5'-phosphate biosynthesis I|g__Streptococcus.s__Streptococcus_salivarius	14.0612971780
PWY-6123: inosine-5'-phosphate biosynthesis I|g__Streptococcus.s__Streptococcus_parasanguinis	1.5242330146
PWY-5973: cis-vaccenate biosynthesis	70.8600368314
PWY-5973: cis-vaccenate biosynthesis|g__Eubacterium.s__Eubacterium_rectale	5.3586407190
PWY-5973: cis-vaccenate biosynthesis|g__Blautia.s__Ruminococcus_torques	2.5244213623
NONOXIPENT-PWY: pentose phosphate pathway (non-oxidative branch)	69.9645900935
NONOXIPENT-PWY: pentose phosphate pathway (non-oxidative branch)|g__Faecalibacterium.s__Faecalibacterium_prausnitzii	27.7625158690
NONOXIPENT-PWY: pentose phosphate pathway (non-oxidative branch)|g__Blautia.s__Ruminococcus_torques	5.9786517366
NONOXIPENT-PWY: pentose phosphate pathway (non-oxidative branch)|g__Ruminococcus.s__Ruminococcus_lactaris	4.0293021598
NONOXIPENT-PWY: pentose phosphate pathway (non-oxidative branch)|g__Blautia.s__Ruminococcus_obeum	2.9604071183
ANAGLYCOLYSIS-PWY: glycolysis III (from glucose)	69.3984378396
PWY-2941: L-lysine biosynthesis II	68.0964743342
PWY-6270: isoprene biosynthesis I	66.0891281621
ARGSYNBSUB-PWY: L-arginine biosynthesis II (acetyl cycle)	64.1687664153
ARGSYNBSUB-PWY: L-arginine biosynthesis II (acetyl cycle)|g__Blautia.s__Ruminococcus_torques	4.2733490763
CALVIN-PWY: Calvin-Benson-Bassham cycle	64.0391442275
CALVIN-PWY: Calvin-Benson-Bassham cycle|g__Ruminococcus.s__Ruminococcus_bromii	3.5327462885
CALVIN-PWY: Calvin-Benson-Bassham cycle|g__Faecalibacterium.s__Faecalibacterium_prausnitzii	2.8624494204
PWY-6124: inosine-5'-phosphate biosynthesis II	63.8657257930
PWY-6124: inosine-5'-phosphate biosynthesis II|g__Faecalibacterium.s__Faecalibacterium_prausnitzii	19.7442670923
PWY-6124: inosine-5'-phosphate biosynthesis II|g__Streptococcus.s__Streptococcus_salivarius	14.0670362060
PWY-6124: inosine-5'-phosphate biosynthesis II|g__Streptococcus.s__Streptococcus_vestibularis	1.5897750222
PWY-6124: inosine-5'-phosphate biosynthesis II|g__Streptococcus.s__Streptococcus_parasanguinis	0.9682408827
MET-SAM-PWY: superpathway of S-adenosyl-L-methionine biosynthesis	63.2728371709
MET-SAM-PWY: superpathway of S-adenosyl-L-methionine biosynthesis|g__Blautia.s__Ruminococcus_torques	3.1993334923
PANTO-PWY: phosphopantothenate biosynthesis I	62.8056422810
PANTO-PWY: phosphopantothenate biosynthesis I|g__Eubacterium.s__Eubacterium_rectale	8.2805416423
PANTO-PWY: phosphopantothenate biosynthesis I|g__Bacteroides.s__Bacteroides_plebeius	6.4441818247
PANTO-PWY: phosphopantothenate biosynthesis I|g__Alistipes.s__Alistipes_putredinis	4.5503743905
PANTO-PWY: phosphopantothenate biosynthesis I|g__Dorea.s__Dorea_longicatena	3.3757521936
PANTO-PWY: phosphopantothenate biosynthesis I|g__Blautia.s__Ruminococcus_torques	2.0897464650
PANTO-PWY: phosphopantothenate biosynthesis I|g__Bacteroides.s__Bacteroides_massiliensis	1.9361198968
PANTO-PWY: phosphopantothenate biosynthesis I|g__Bacteroides.s__Bacteroides_uniformis	1.9182915652
PANTO-PWY: phosphopantothenate biosynthesis I|g__Phascolarctobacterium.s__Phascolarctobacterium_succinatutens	1.3773012577
PWY-7663: gondoate biosynthesis (anaerobic)	62.1345908025
PWY-7560: methylerythritol phosphate pathway II	61.6464976987
METSYN-PWY: L-homoserine and L-methionine biosynthesis	60.4211433343
METSYN-PWY: L-homoserine and L-methionine biosynthesis|g__Blautia.s__Ruminococcus_torques	3.1358920599
1CMET2-PWY: N10-formyl-tetrahydrofolate biosynthesis	60.3465376159
PWY-5347: superpathway of L-methionine biosynthesis (transsulfuration)	59.5891551292
PWY-5347: superpathway of L-methionine biosynthesis (transsulfuration)|g__Blautia.s__Ruminococcus_torques	3.4105748374
SER-GLYSYN-PWY: superpathway of L-serine and glycine biosynthesis I	58.2703406842
SER-GLYSYN-PWY: superpathway of L-serine and glycine biosynthesis I|g__Faecalibacterium.s__Faecalibacterium_prausnitzii	16.8949458479
SER-GLYSYN-PWY: superpathway of L-serine and glycine biosynthesis I|g__Blautia.s__Ruminococcus_torques	3.2461692742
PWY-6609: adenine and adenosine salvage III	57.9271472904
PWY-6609: adenine and adenosine salvage III|g__Faecalibacterium.s__Faecalibacterium_prausnitzii	17.0628031098
PWY-6609: adenine and adenosine salvage III|g__Streptococcus.s__Streptococcus_salivarius	7.0265624321
PWY-6609: adenine and adenosine salvage III|g__Erysipelotrichaceae_noname.s__Eubacterium_biforme	6.3285277230
PWY-6609: adenine and adenosine salvage III|g__Streptococcus.s__Streptococcus_parasanguinis	5.4325910615
PWY-6609: adenine and adenosine salvage III|g__Blautia.s__Ruminococcus_torques	4.2124428938
PWY-6609: adenine and adenosine salvage III|g__Ruminococcus.s__Ruminococcus_lactaris	3.1691043701
PWY-6609: adenine and adenosine salvage III|g__Streptococcus.s__Streptococcus_vestibularis	2.2799077188
PWY-6936: seleno-amino acid biosynthesis	56.8763529948
PWY-6936: seleno-amino acid biosynthesis|g__Erysipelotrichaceae_noname.s__Eubacterium_biforme	6.8749825425
PWY-6936: seleno-amino acid biosynthesis|g__Rothia.s__Rothia_mucilaginosa	1.3214687709
PWY-621: sucrose degradation III (sucrose invertase)	53.3019976813
PWY-621: sucrose degradation III (sucrose invertase)|g__Faecalibacterium.s__Faecalibacterium_prausnitzii	27.2786582035
PWY-621: sucrose degradation III (sucrose invertase)|g__Streptococcus.s__Streptococcus_parasanguinis	6.8769052832
PWY-621: sucrose degradation III (sucrose invertase)|g__Blautia.s__Ruminococcus_torques	4.8815223198
PWY-621: sucrose degradation III (sucrose invertase)|g__Blautia.s__Ruminococcus_obeum	1.5564244508
PWY-6700: queuosine biosynthesis	50.9858056879
PWY-6700: queuosine biosynthesis|g__Prevotella.s__Prevotella_copri	20.8240017278
PWY-6700: queuosine biosynthesis|g__Bacteroides.s__Bacteroides_plebeius	3.6112383887
PWY-6897: thiamin salvage II	50.5405300439
DTDPRHAMSYN-PWY: dTDP-L-rhamnose biosynthesis I	49.6652746718
DTDPRHAMSYN-PWY: dTDP-L-rhamnose biosynthesis I|g__Faecalibacterium.s__Faecalibacterium_prausnitzii	24.9538506101
DTDPRHAMSYN-PWY: dTDP-L-rhamnose biosynthesis I|g__Eubacterium.s__Eubacterium_rectale	8.6821039819
DTDPRHAMSYN-PWY: dTDP-L-rhamnose biosynthesis I|g__Blautia.s__Ruminococcus_obeum	3.9790365732
DTDPRHAMSYN-PWY: dTDP-L-rhamnose biosynthesis I|g__Erysipelotrichaceae_noname.s__Eubacterium_biforme	1.3081961457
ANAEROFRUCAT-PWY: homolactic fermentation	48.2917507428
GLUTORN-PWY: L-ornithine biosynthesis	47.0772805976
GLUTORN-PWY: L-ornithine biosynthesis|g__Blautia.s__Ruminococcus_torques	3.9190593648
THISYNARA-PWY: superpathway of thiamin diphosphate biosynthesis III (eukaryotes)	46.0458545668
THISYNARA-PWY: superpathway of thiamin diphosphate biosynthesis III (eukaryotes)|g__Faecalibacterium.s__Faecalibacterium_prausnitzii	18.9719767174
THISYNARA-PWY: superpathway of thiamin diphosphate biosynthesis III (eukaryotes)|g__Blautia.s__Ruminococcus_torques	2.6389915657
PWY-5100: pyruvate fermentation to acetate and lactate II	45.8187282344
PWY-5100: pyruvate fermentation to acetate and lactate II|g__Blautia.s__Ruminococcus_torques	3.9650615218
PWY-5100: pyruvate fermentation to acetate and lactate II|g__Erysipelotrichaceae_noname.s__Eubacterium_biforme	2.7782121674
PWY-5100: pyruvate fermentation to acetate and lactate II|g__Ruminococcus.s__Ruminococcus_lactaris	2.1592256766
PWY0-1297: superpathway of purine deoxyribonucleosides degradation	45.7677719708
PWY0-1297: superpathway of purine deoxyribonucleosides degradation|g__Streptococcus.s__Streptococcus_salivarius	8.3347101467
PWY0-1297: superpathway of purine deoxyribonucleosides degradation|g__Streptococcus.s__Streptococcus_parasanguinis	2.8855875107
PWY0-1297: superpathway of purine deoxyribonucleosides degradation|g__Blautia.s__Ruminococcus_torques	2.8394160037
GLCMANNANAUT-PWY: superpathway of N-acetylglucosamine, N-acetylmannosamine and N-acetylneuraminate degradation	44.8531386258
GLCMANNANAUT-PWY: superpathway of N-acetylglucosamine, N-acetylmannosamine and N-acetylneuraminate degradation|g__Faecalibacterium.s__Faecalibacterium_prausnitzii	21.5701300472
PANTOSYN-PWY: pantothenate and coenzyme A biosynthesis I	43.6577246719
PWY66-400: glycolysis VI (metazoan)	42.5028262926
GLYCOLYSIS: glycolysis I (from glucose 6-phosphate)	41.7275812917
HOMOSER-METSYN-PWY: L-methionine biosynthesis I	41.6872524426
HOMOSER-METSYN-PWY: L-methionine biosynthesis I|g__Blautia.s__Ruminococcus_torques	2.9218655399
HSERMETANA-PWY: L-methionine biosynthesis III	40.9351502974
HISTSYN-PWY: L-histidine biosynthesis	40.6822098786
PWY-5659: GDP-mannose biosynthesis	40.3743500848
PWY-5659: GDP-mannose biosynthesis|g__Faecalibacterium.s__Faecalibacterium_prausnitzii	16.4776943624
PWY-5659: GDP-mannose biosynthesis|g__Alistipes.s__Alistipes_onderdonkii	1.0448573200
COBALSYN-PWY: adenosylcobalamin salvage from cobinamide I	38.8675366330
COBALSYN-PWY: adenosylcobalamin salvage from cobinamide I|g__Faecalibacterium.s__Faecalibacterium_prausnitzii	18.9817129834
COBALSYN-PWY: adenosylcobalamin salvage from cobinamide I|g__Eubacterium.s__Eubacterium_rectale	4.9172147787
PWY-7229: superpathway of adenosine nucleotides de novo biosynthesis I	37.8678445744
PWY-7229: superpathway of adenosine nucleotides de novo biosynthesis I|g__Streptococcus.s__Streptococcus_salivarius	8.4030440834
PWY-5484: glycolysis II (from fructose 6-phosphate)	37.8167486875
PWY-5695: urate biosynthesis/inosine 5'-phosphate degradation	36.6425364549
PWY-5695: urate biosynthesis/inosine 5'-phosphate degradation|g__Faecalibacterium.s__Faecalibacterium_prausnitzii	18.3750240498
PWY-5695: urate biosynthesis/inosine 5'-phosphate degradation|g__Blautia.s__Ruminococcus_torques	4.4442734082
PWY-5695: urate biosynthesis/inosine 5'-phosphate degradation|g__Bacteroides.s__Bacteroides_plebeius	1.8118367421
PWY-7242: D-fructuronate degradation	36.5537408567
PWY-7242: D-fructuronate degradation|g__Faecalibacterium.s__Faecalibacterium_prausnitzii	26.3931037576
PWY-6507: 4-deoxy-L-threo-hex-4-enopyranuronate degradation	36.4381519930
PWY-6507: 4-deoxy-L-threo-hex-4-enopyranuronate degradation|g__Faecalibacterium.s__Faecalibacterium_prausnitzii	33.4063955238
PWY-4981: L-proline biosynthesis II (from arginine)	35.5437754337
PWY-4981: L-proline biosynthesis II (from arginine)|g__Collinsella.s__Collinsella_aerofaciens	6.3903437528
PWY-6628: superpathway of L-phenylalanine biosynthesis	35.1649507280
PWY-7234: inosine-5'-phosphate biosynthesis III	34.8486012932
PWY-7234: inosine-5'-phosphate biosynthesis III|g__Streptococcus.s__Streptococcus_parasanguinis	1.5242330146
GALACTUROCAT-PWY: D-galacturonate degradation I	34.6123740280
GALACTUROCAT-PWY: D-galacturonate degradation I|g__Faecalibacterium.s__Faecalibacterium_prausnitzii	29.1660716583
PWY-6147: 6-hydroxymethyl-dihydropterin diphosphate biosynthesis I	33.4364139901
PWY-6147: 6-hydroxymethyl-dihydropterin diphosphate biosynthesis I|g__Collinsella.s__Collinsella_aerofaciens	5.9935254037
PWY-6527: stachyose degradation	33.0491310081
PWY-6527: stachyose degradation|g__Faecalibacterium.s__Faecalibacterium_prausnitzii	13.3560862602
PWY-7199: pyrimidine deoxyribonucleosides salvage	32.7391025430
PWY-7199: pyrimidine deoxyribonucleosides salvage|g__Streptococcus.s__Streptococcus_parasanguinis	3.8749159394
COA-PWY: coenzyme A biosynthesis I	32.4275690639
COA-PWY: coenzyme A biosynthesis I|g__Faecalibacterium.s__Faecalibacterium_prausnitzii	15.1563837285
COA-PWY: coenzyme A biosynthesis I|g__Streptococcus.s__Streptococcus_parasanguinis	3.9755984297
COA-PWY: coenzyme A biosynthesis I|g__Phascolarctobacterium.s__Phascolarctobacterium_succinatutens	1.0045203415
PWY-6703: preQ0 biosynthesis	31.8298995410
PWY-6703: preQ0 biosynthesis|g__Ruminococcus.s__Ruminococcus_lactaris	2.0560343269
PWY-5121: superpathway of geranylgeranyl diphosphate biosynthesis II (via MEP)	31.5996427100
ASPASN-PWY: superpathway of L-aspartate and L-asparagine biosynthesis	31.5506053100
ASPASN-PWY: superpathway of L-aspartate and L-asparagine biosynthesis|g__Faecalibacterium.s__Faecalibacterium_prausnitzii	16.5376054323
ASPASN-PWY: superpathway of L-aspartate and L-asparagine biosynthesis|g__Escherichia.s__Escherichia_coli	0.8789277082
OANTIGEN-PWY: O-antigen building blocks biosynthesis (E. coli)	29.8676140777
GALACT-GLUCUROCAT-PWY: superpathway of hexuronide and hexuronate degradation	29.7355949927
GALACT-GLUCUROCAT-PWY: superpathway of hexuronide and hexuronate degradation|g__Faecalibacterium.s__Faecalibacterium_prausnitzii	23.7357246344
PWY66-409: superpathway of purine nucleotide salvage	29.5211323378
PWY-5177: glutaryl-CoA degradation	29.4365100288
PWY-5177: glutaryl-CoA degradation|g__Faecalibacterium.s__Faecalibacterium_prausnitzii	20.3569034148
GLUCUROCAT-PWY: superpathway of &beta;-D-glucuronide and D-glucuronate degradation	28.7297664366
GLUCUROCAT-PWY: superpathway of &beta;-D-glucuronide and D-glucuronate degradation|g__Faecalibacterium.s__Faecalibacterium_prausnitzii	22.8261418701
UDPNAGSYN-PWY: UDP-N-acetyl-D-glucosamine biosynthesis I	28.5666580441
UDPNAGSYN-PWY: UDP-N-acetyl-D-glucosamine biosynthesis I|g__Streptococcus.s__Streptococcus_salivarius	9.7407607027
UDPNAGSYN-PWY: UDP-N-acetyl-D-glucosamine biosynthesis I|g__Streptococcus.s__Streptococcus_vestibularis	1.0367049704
PWY-6126: superpathway of adenosine nucleotides de novo biosynthesis II	28.3537365006
PWY-4242: pantothenate and coenzyme A biosynthesis III	27.2198282891
PWY-4242: pantothenate and coenzyme A biosynthesis III|g__Faecalibacterium.s__Faecalibacterium_prausnitzii	15.5145754611
GLYCOGENSYNTH-PWY: glycogen biosynthesis I (from ADP-D-Glucose)	25.7235930540
GLYCOGENSYNTH-PWY: glycogen biosynthesis I (from ADP-D-Glucose)|g__Eubacterium.s__Eubacterium_rectale	7.5504629725
GLYCOGENSYNTH-PWY: glycogen biosynthesis I (from ADP-D-Glucose)|g__Blautia.s__Ruminococcus_obeum	2.0627716770
GLYCOGENSYNTH-PWY: glycogen biosynthesis I (from ADP-D-Glucose)|g__Erysipelotrichaceae_noname.s__Eubacterium_biforme	1.8501796099
TRPSYN-PWY: L-tryptophan biosynthesis	25.5390408409
TRPSYN-PWY: L-tryptophan biosynthesis|g__Streptococcus.s__Streptococcus_parasanguinis	2.0449417006
PWY-5989: stearate biosynthesis II (bacteria and plants)	24.9262783967
RHAMCAT-PWY: L-rhamnose degradation I	24.9132944137
RHAMCAT-PWY: L-rhamnose degradation I|g__Faecalibacterium.s__Faecalibacterium_prausnitzii	15.5125004837
RHAMCAT-PWY: L-rhamnose degradation I|g__Blautia.s__Ruminococcus_torques	2.0762723655
PWY-5367: petroselinate biosynthesis	23.8364195048
PWY-5367: petroselinate biosynthesis|g__Eubacterium.s__Eubacterium_rectale	4.6636304281
PWY-5367: petroselinate biosynthesis|g__Blautia.s__Ruminococcus_torques	2.4788493529
DENOVOPURINE2-PWY: superpathway of purine nucleotides de novo biosynthesis II	23.6867495150
GLUCONEO-PWY: gluconeogenesis I	23.3365618601
PWY0-1586: peptidoglycan maturation (meso-diaminopimelate containing)	22.8006310064
PWY0-1586: peptidoglycan maturation (meso-diaminopimelate containing)|g__Faecalibacterium.s__Faecalibacterium_prausnitzii	20.6777631463
PYRIDNUCSYN-PWY: NAD biosynthesis I (from aspartate)	22.2011943336
NAD-BIOSYNTHESIS-II: NAD salvage pathway II	22.1721302812
LACTOSECAT-PWY: lactose and galactose degradation I	22.1544132013
LACTOSECAT-PWY: lactose and galactose degradation I|g__Streptococcus.s__Streptococcus_parasanguinis	5.5697738174
PWY0-162: superpathway of pyrimidine ribonucleotides de novo biosynthesis	21.0827602124
PWY0-166: superpathway of pyrimidine deoxyribonucleotides de novo biosynthesis (E. coli)	19.9741486436
PWY-7228: superpathway of guanosine nucleotides de novo biosynthesis I	18.4228284676
PWY-7228: superpathway of guanosine nucleotides de novo biosynthesis I|g__Streptococcus.s__Streptococcus_salivarius	8.9327582247
PWY-7187: pyrimidine deoxyribonucleotides de novo biosynthesis II	18.3625821690
PWY-6125: superpathway of guanosine nucleotides de novo biosynthesis II	16.9033883519
THISYN-PWY: superpathway of thiamin diphosphate biosynthesis I	15.7828560651
PWY-7196: superpathway of pyrimidine ribonucleosides salvage	15.6801932145
PWY-7211: superpathway of pyrimidine deoxyribonucleotides de novo biosynthesis	15.2461318228
PWY-7208: superpathway of pyrimidine nucleobases salvage	14.6616492349
PWY-7208: superpathway of pyrimidine nucleobases salvage|g__Streptococcus.s__Streptococcus_salivarius	10.7813914278
PWY-7208: superpathway of pyrimidine nucleobases salvage|g__Blautia.s__Ruminococcus_torques	4.6357412304
PWY-7208: superpathway of pyrimidine nucleobases salvage|g__Blautia.s__Ruminococcus_obeum	2.5225878393
PWY-6305: putrescine biosynthesis IV	14.2850482930
PWY-6305: putrescine biosynthesis IV|g__Faecalibacterium.s__Faecalibacterium_prausnitzii	2.8245748428
PWY-6305: putrescine biosynthesis IV|g__Blautia.s__Ruminococcus_torques	1.9875229066
PWY0-1061: superpathway of L-alanine biosynthesis	14.1142172523
PWY0-1061: superpathway of L-alanine biosynthesis|g__Streptococcus.s__Streptococcus_parasanguinis	3.9164424010
PWY-6545: pyrimidine deoxyribonucleotides de novo biosynthesis III	13.9491738032
PWY-7184: pyrimidine deoxyribonucleotides de novo biosynthesis I	13.7157132226
PWY-7220: adenosine deoxyribonucleotides de novo biosynthesis II	13.5521432062
PWY-7222: guanosine deoxyribonucleotides de novo biosynthesis II	13.5521432062
PRPP-PWY: superpathway of histidine, purine, and pyrimidine biosynthesis	13.4549868114
PWY-6895: superpathway of thiamin diphosphate biosynthesis II	13.3676360180
PWY-6629: superpathway of L-tryptophan biosynthesis	12.3194779729
PWY-841: superpathway of purine nucleotides de novo biosynthesis I	12.1795568161
PWY-7282: 4-amino-2-methyl-5-phosphomethylpyrimidine biosynthesis (yeast)	12.0619565585
TRNA-CHARGING-PWY: tRNA charging	11.4716221980
PWY-6630: superpathway of L-tyrosine biosynthesis	10.8471876954
PWY-6353: purine nucleotides degradation II (aerobic)	10.7212034978
PWY-5030: L-histidine degradation III	10.7095209863
PWY-5030: L-histidine degradation III|g__Streptococcus.s__Streptococcus_parasanguinis	2.2591477911
PWY-6168: flavin biosynthesis III (fungi)	10.1958518026
PWY-7197: pyrimidine deoxyribonucleotide phosphorylation	10.0078833751
PWY-7197: pyrimidine deoxyribonucleotide phosphorylation|g__Streptococcus.s__Streptococcus_salivarius	9.3760852630
FOLSYN-PWY: superpathway of tetrahydrofolate biosynthesis and salvage	9.2783273794
PYRIDNUCSAL-PWY: NAD salvage pathway I	9.2093519518
ARG+POLYAMINE-SYN: superpathway of arginine and polyamine biosynthesis	8.6862534220
PWY-5676: acetyl-CoA fermentation to butanoate II	8.6564732943
ENTBACSYN-PWY: enterobactin biosynthesis	8.1176935532
SALVADEHYPOX-PWY: adenosine nucleotides degradation II	7.8499653401
SALVADEHYPOX-PWY: adenosine nucleotides degradation II|g__Blautia.s__Ruminococcus_torques	4.0011576228
PWY0-781: aspartate superpathway	7.5053912439
RIBOSYN2-PWY: flavin biosynthesis I (bacteria and plants)	7.3889991723
PWY-922: mevalonate pathway I	7.2066218649
FUCCAT-PWY: fucose degradation	7.1010504648
P4-PWY: superpathway of L-lysine, L-threonine and L-methionine biosynthesis I	7.0994066242
HISDEG-PWY: L-histidine degradation I	6.7671145294
HISDEG-PWY: L-histidine degradation I|g__Streptococcus.s__Streptococcus_parasanguinis	5.1665999354
PWY-6608: guanosine nucleotides degradation III	6.7273863980
PWY-6608: guanosine nucleotides degradation III|g__Blautia.s__Ruminococcus_torques	1.3772556254
CITRULBIO-PWY: L-citrulline biosynthesis	6.4798559984
PWY-6612: superpathway of tetrahydrofolate biosynthesis	6.4588031877
POLYAMSYN-PWY: superpathway of polyamine biosynthesis I	6.3261168441
PWY-6471: peptidoglycan biosynthesis IV (Enterococcus faecium)	6.0635593918
PWY-4984: urea cycle	5.7679720325
PWY-5154: L-arginine biosynthesis III (via N-acetyl-L-citrulline)	5.4984968012
PWY-5154: L-arginine biosynthesis III (via N-acetyl-L-citrulline)|g__Blautia.s__Ruminococcus_torques	2.9217370743
PWY-5101: L-isoleucine biosynthesis II	5.0841213734
PWY0-845: superpathway of pyridoxal 5'-phosphate biosynthesis and salvage	5.0782601672
ARGININE-SYN4-PWY: L-ornithine de novo  biosynthesis	4.6895766615
ARGININE-SYN4-PWY: L-ornithine de novo  biosynthesis|g__Bacteroides.s__Bacteroides_uniformis	1.3100055987
DAPLYSINESYN-PWY: L-lysine biosynthesis I	4.4539471763
PWY-6113: superpathway of mycolate biosynthesis	4.1647639227
PWY-7539: 6-hydroxymethyl-dihydropterin diphosphate biosynthesis III (Chlamydia)	4.1469182605
PWY-6892: thiazole biosynthesis I (E. coli)	4.1461600417
PWY-6284: superpathway of unsaturated fatty acids biosynthesis (E. coli)	4.1143300444
PWY-5971: palmitate biosynthesis II (bacteria and plants)	4.0065228089
PWY-1269: CMP-3-deoxy-D-manno-octulosonate biosynthesis I	3.9633503384
PYRIDOXSYN-PWY: pyridoxal 5'-phosphate biosynthesis I	3.9025423903
HEMESYN2-PWY: heme biosynthesis II (anaerobic)	3.8118907891
PWY-6282: palmitoleate biosynthesis I (from (5Z)-dodec-5-enoate)	3.7158046230
BIOTIN-BIOSYNTHESIS-PWY: biotin biosynthesis I	3.5720648982
FASYN-ELONG-PWY: fatty acid elongation -- saturated	3.4050222076
PWY-6891: thiazole biosynthesis II (Bacillus)	3.3509223923
COLANSYN-PWY: colanic acid building blocks biosynthesis	3.3174609185
PWY-5188: tetrapyrrole biosynthesis I (from glutamate)	3.1770415123
PWYG-321: mycolate biosynthesis	3.1097175459
PWY-7664: oleate biosynthesis IV (anaerobic)	3.0017753238
PWY-6519: 8-amino-7-oxononanoate biosynthesis I	2.9709990662
PWY0-862: (5Z)-dodec-5-enoate biosynthesis	2.5924242915
TCA: TCA cycle I (prokaryotic)	2.5870961618
PWY-6803: phosphatidylcholine acyl editing	2.3101543308
PWY-6803: phosphatidylcholine acyl editing|g__Escherichia.s__Escherichia_coli	1.2254901961
ARGORNPROST-PWY: arginine, ornithine and proline interconversion	2.2869689256
FASYN-INITIAL-PWY: superpathway of fatty acid biosynthesis initiation (E. coli)	2.1924803005
PWY-7323: superpathway of GDP-mannose-derived O-antigen building blocks biosynthesis	2.1042312734
PWY-7388: octanoyl-[acyl-carrier protein] biosynthesis (mitochondria, yeast)	2.0416337695
PWY-5505: L-glutamate and L-glutamine biosynthesis	2.0166803280
PWY-5173: superpathway of acetyl-CoA biosynthesis	1.9042922844
PWY-5690: TCA cycle II (plants and fungi)	1.7096694840
NAGLIPASYN-PWY: lipid IVA biosynthesis	1.6039532193
PWY-5083: NAD/NADH phosphorylation and dephosphorylation	1.4948158035
PWY-6606: guanosine nucleotides degradation II	1.4844015924
PWY0-1533: methylphosphonate degradation I	1.4356193393
PWY0-1533: methylphosphonate degradation I|g__Escherichia.s__Escherichia_coli	1.4356193393
PWY0-1241: ADP-L-glycero-&beta;-D-manno-heptose biosynthesis	1.2663261735
PWY0-1241: ADP-L-glycero-&beta;-D-manno-heptose biosynthesis|g__Escherichia.s__Escherichia_coli	1.0175949528
PWY-5189: tetrapyrrole biosynthesis II (from glycine)	1.2651597136
PWY-5189: tetrapyrrole biosynthesis II (from glycine)|g__Blautia.s__Ruminococcus_obeum	0.9882165709
PPGPPMET-PWY: ppGpp biosynthesis	0.8199021643
PWY-4702: phytate degradation I	0.7936507937