# Pathway	ERR480888_Abundance
UNMAPPED	67410.3118521639
UNINTEGRATED	57998.6001240033
UNINTEGRATED|g__Faecalibacterium.s__Faecalibacterium_prausnitzii	4486.5440866952
UNINTEGRATED|g__Bifidobacterium.s__Bifidobacterium_longum	3993.0891410162
UNINTEGRATED|g__Bacteroides.s__Bacteroides_xylanisolvens	3064.6817001065
UNINTEGRATED|g__Parabacteroides.s__Parabacteroides_distasonis	3023.0525732721
UNINTEGRATED|g__Ruminococcus.s__Ruminococcus_bromii	2961.8676421433
UNINTEGRATED|g__Bacteroides.s__Bacteroides_clarus	2900.8067131096
UNINTEGRATED|g__Coprococcus.s__Coprococcus_comes	2653.2003818349
UNINTEGRATED|g__Bacteroides.s__Bacteroides_ovatus	2622.3396293547
UNINTEGRATED|g__Streptococcus.s__Streptococcus_pasteurianus	2462.6360045504
UNINTEGRATED|g__Blautia.s__Ruminococcus_gnavus	2428.0477317452
UNINTEGRATED|g__Streptococcus.s__Streptococcus_thermophilus	2221.7073327818
UNINTEGRATED|g__Bacteroides.s__Bacteroides_uniformis	2212.0987847750
UNINTEGRATED|g__Bacteroides.s__Bacteroides_thetaiotaomicron	1854.2720032362
UNINTEGRATED|g__Bacteroides.s__Bacteroides_caccae	1733.6388842455
UNINTEGRATED|g__Paraprevotella.s__Paraprevotella_clara	1440.3794600305
UNINTEGRATED|g__Blautia.s__Ruminococcus_torques	1391.5888589805
UNINTEGRATED|g__Lachnospiraceae_noname.s__Lachnospiraceae_bacterium_1_1_57FAA	1385.8931886705
UNINTEGRATED|g__Erysipelotrichaceae_noname.s__Clostridium_ramosum	1068.6573228396
UNINTEGRATED|g__Clostridium.s__Clostridium_nexile	777.7887040786
UNINTEGRATED|g__Streptococcus.s__Streptococcus_lutetiensis	306.9093982743
PWY-7219: adenosine ribonucleotides de novo biosynthesis	60.5743315173
PWY-7219: adenosine ribonucleotides de novo biosynthesis|g__Bacteroides.s__Bacteroides_clarus	9.1743900873
PWY-7219: adenosine ribonucleotides de novo biosynthesis|g__Ruminococcus.s__Ruminococcus_bromii	7.3327238454
PWY-7219: adenosine ribonucleotides de novo biosynthesis|g__Bifidobacterium.s__Bifidobacterium_longum	6.0942790097
PWY-7219: adenosine ribonucleotides de novo biosynthesis|g__Streptococcus.s__Streptococcus_thermophilus	4.9036376606
PWY-7219: adenosine ribonucleotides de novo biosynthesis|g__Streptococcus.s__Streptococcus_pasteurianus	4.6838310086
PWY-7219: adenosine ribonucleotides de novo biosynthesis|g__Paraprevotella.s__Paraprevotella_clara	3.9277989587
PWY-7219: adenosine ribonucleotides de novo biosynthesis|g__Parabacteroides.s__Parabacteroides_distasonis	3.7733090481
PWY-7219: adenosine ribonucleotides de novo biosynthesis|g__Bacteroides.s__Bacteroides_thetaiotaomicron	3.6253965500
PWY-7219: adenosine ribonucleotides de novo biosynthesis|g__Bacteroides.s__Bacteroides_uniformis	2.7170915947
PWY-7219: adenosine ribonucleotides de novo biosynthesis|g__Faecalibacterium.s__Faecalibacterium_prausnitzii	2.6542666665
PWY-7219: adenosine ribonucleotides de novo biosynthesis|g__Bacteroides.s__Bacteroides_xylanisolvens	2.5388449349
PWY-7219: adenosine ribonucleotides de novo biosynthesis|g__Coprococcus.s__Coprococcus_comes	2.4134524397
PWY-7219: adenosine ribonucleotides de novo biosynthesis|g__Blautia.s__Ruminococcus_gnavus	2.3581436144
PWY-7219: adenosine ribonucleotides de novo biosynthesis|g__Blautia.s__Ruminococcus_torques	1.7089456401
PWY-7219: adenosine ribonucleotides de novo biosynthesis|g__Clostridium.s__Clostridium_nexile	0.9927633756
PWY-7219: adenosine ribonucleotides de novo biosynthesis|g__Bacteroides.s__Bacteroides_ovatus	0.9287206873
ILEUSYN-PWY: L-isoleucine biosynthesis I (from threonine)	56.0019926007
ILEUSYN-PWY: L-isoleucine biosynthesis I (from threonine)|g__Faecalibacterium.s__Faecalibacterium_prausnitzii	6.1346687123
ILEUSYN-PWY: L-isoleucine biosynthesis I (from threonine)|g__Bifidobacterium.s__Bifidobacterium_longum	3.9740686501
PWY-7111: pyruvate fermentation to isobutanol (engineered)	56.0019926007
PWY-7111: pyruvate fermentation to isobutanol (engineered)|g__Faecalibacterium.s__Faecalibacterium_prausnitzii	5.5610256264
PWY-7111: pyruvate fermentation to isobutanol (engineered)|g__Ruminococcus.s__Ruminococcus_bromii	5.0269852668
PWY-7111: pyruvate fermentation to isobutanol (engineered)|g__Coprococcus.s__Coprococcus_comes	4.4315410152
PWY-7111: pyruvate fermentation to isobutanol (engineered)|g__Bifidobacterium.s__Bifidobacterium_longum	3.9740686501
PWY-7111: pyruvate fermentation to isobutanol (engineered)|g__Bacteroides.s__Bacteroides_clarus	1.6493629426
PWY-7111: pyruvate fermentation to isobutanol (engineered)|g__Erysipelotrichaceae_noname.s__Clostridium_ramosum	1.3479339218
PWY-7111: pyruvate fermentation to isobutanol (engineered)|g__Parabacteroides.s__Parabacteroides_distasonis	1.0158340233
PWY-7111: pyruvate fermentation to isobutanol (engineered)|g__Bacteroides.s__Bacteroides_xylanisolvens	0.8975804047
PWY-7111: pyruvate fermentation to isobutanol (engineered)|g__Bacteroides.s__Bacteroides_caccae	0.6772773451
VALSYN-PWY: L-valine biosynthesis	56.0019926007
VALSYN-PWY: L-valine biosynthesis|g__Faecalibacterium.s__Faecalibacterium_prausnitzii	6.1346687123
VALSYN-PWY: L-valine biosynthesis|g__Ruminococcus.s__Ruminococcus_bromii	5.0269852668
VALSYN-PWY: L-valine biosynthesis|g__Bifidobacterium.s__Bifidobacterium_longum	3.9740686501
VALSYN-PWY: L-valine biosynthesis|g__Coprococcus.s__Coprococcus_comes	2.0807792879
VALSYN-PWY: L-valine biosynthesis|g__Streptococcus.s__Streptococcus_thermophilus	1.7843631260
VALSYN-PWY: L-valine biosynthesis|g__Bacteroides.s__Bacteroides_clarus	1.6493629426
VALSYN-PWY: L-valine biosynthesis|g__Erysipelotrichaceae_noname.s__Clostridium_ramosum	1.3479339218
VALSYN-PWY: L-valine biosynthesis|g__Parabacteroides.s__Parabacteroides_distasonis	1.0158340233
VALSYN-PWY: L-valine biosynthesis|g__Bacteroides.s__Bacteroides_xylanisolvens	0.8975804047
VALSYN-PWY: L-valine biosynthesis|g__Bacteroides.s__Bacteroides_caccae	0.6772773451
PWY-1042: glycolysis IV (plant cytosol)	52.6757813095
PWY-1042: glycolysis IV (plant cytosol)|g__Ruminococcus.s__Ruminococcus_bromii	12.3910742885
PWY-1042: glycolysis IV (plant cytosol)|g__Faecalibacterium.s__Faecalibacterium_prausnitzii	6.9253065022
PWY-1042: glycolysis IV (plant cytosol)|g__Bacteroides.s__Bacteroides_thetaiotaomicron	1.8075889672
PWY-5097: L-lysine biosynthesis VI	47.6064721571
PWY-5097: L-lysine biosynthesis VI|g__Bacteroides.s__Bacteroides_clarus	3.7214663735
PWY-5097: L-lysine biosynthesis VI|g__Faecalibacterium.s__Faecalibacterium_prausnitzii	3.4859236694
PWY-5097: L-lysine biosynthesis VI|g__Bacteroides.s__Bacteroides_xylanisolvens	2.5723926510
PWY-5097: L-lysine biosynthesis VI|g__Parabacteroides.s__Parabacteroides_distasonis	2.5435860917
PWY-5097: L-lysine biosynthesis VI|g__Paraprevotella.s__Paraprevotella_clara	1.8290981860
PWY-6151: S-adenosyl-L-methionine cycle I	47.2335880972
PWY-6151: S-adenosyl-L-methionine cycle I|g__Ruminococcus.s__Ruminococcus_bromii	6.8686465060
PWY-6151: S-adenosyl-L-methionine cycle I|g__Streptococcus.s__Streptococcus_thermophilus	4.3947816196
PWY-6151: S-adenosyl-L-methionine cycle I|g__Coprococcus.s__Coprococcus_comes	4.1678151300
PWY-6151: S-adenosyl-L-methionine cycle I|g__Bifidobacterium.s__Bifidobacterium_longum	4.1450564861
PWY-6151: S-adenosyl-L-methionine cycle I|g__Bacteroides.s__Bacteroides_clarus	3.2541464665
PWY-6151: S-adenosyl-L-methionine cycle I|g__Faecalibacterium.s__Faecalibacterium_prausnitzii	2.7245337477
PWY-6151: S-adenosyl-L-methionine cycle I|g__Bacteroides.s__Bacteroides_uniformis	1.9220283873
PWY-2942: L-lysine biosynthesis III	46.7204441807
PWY-2942: L-lysine biosynthesis III|g__Bacteroides.s__Bacteroides_clarus	4.3026118010
PWY-2942: L-lysine biosynthesis III|g__Faecalibacterium.s__Faecalibacterium_prausnitzii	2.9464053808
PWY-2942: L-lysine biosynthesis III|g__Parabacteroides.s__Parabacteroides_distasonis	2.6938194136
PWY-2942: L-lysine biosynthesis III|g__Bacteroides.s__Bacteroides_xylanisolvens	2.3762949715
PWY-2942: L-lysine biosynthesis III|g__Paraprevotella.s__Paraprevotella_clara	1.7525701775
PWY-2942: L-lysine biosynthesis III|g__Bacteroides.s__Bacteroides_uniformis	1.3954931702
COA-PWY-1: coenzyme A biosynthesis II (mammalian)	46.5895419374
COA-PWY-1: coenzyme A biosynthesis II (mammalian)|g__Faecalibacterium.s__Faecalibacterium_prausnitzii	2.9866872323
COA-PWY-1: coenzyme A biosynthesis II (mammalian)|g__Bacteroides.s__Bacteroides_xylanisolvens	2.8663246672
COA-PWY-1: coenzyme A biosynthesis II (mammalian)|g__Blautia.s__Ruminococcus_torques	2.7952205014
COA-PWY-1: coenzyme A biosynthesis II (mammalian)|g__Coprococcus.s__Coprococcus_comes	1.6927634363
PWY-5686: UMP biosynthesis	46.0488659837
PWY-5686: UMP biosynthesis|g__Ruminococcus.s__Ruminococcus_bromii	5.4839935018
PWY-5686: UMP biosynthesis|g__Faecalibacterium.s__Faecalibacterium_prausnitzii	4.1913542319
PWY-5686: UMP biosynthesis|g__Bifidobacterium.s__Bifidobacterium_longum	2.9926723734
PWY-5686: UMP biosynthesis|g__Bacteroides.s__Bacteroides_clarus	2.2594392618
PWY-5686: UMP biosynthesis|g__Parabacteroides.s__Parabacteroides_distasonis	2.2296896062
PWY-5686: UMP biosynthesis|g__Coprococcus.s__Coprococcus_comes	1.5326486299
PWY-5686: UMP biosynthesis|g__Bacteroides.s__Bacteroides_uniformis	1.4364336520
ANAGLYCOLYSIS-PWY: glycolysis III (from glucose)	45.4350907486
PWY-7221: guanosine ribonucleotides de novo biosynthesis	43.9527005833
PWY-7221: guanosine ribonucleotides de novo biosynthesis|g__Bacteroides.s__Bacteroides_clarus	5.1870005454
PWY-7221: guanosine ribonucleotides de novo biosynthesis|g__Ruminococcus.s__Ruminococcus_bromii	4.5888565172
PWY-7221: guanosine ribonucleotides de novo biosynthesis|g__Streptococcus.s__Streptococcus_pasteurianus	4.5565972255
PWY-7221: guanosine ribonucleotides de novo biosynthesis|g__Parabacteroides.s__Parabacteroides_distasonis	4.4584385752
PWY-7221: guanosine ribonucleotides de novo biosynthesis|g__Faecalibacterium.s__Faecalibacterium_prausnitzii	2.8494712560
PWY-7221: guanosine ribonucleotides de novo biosynthesis|g__Streptococcus.s__Streptococcus_thermophilus	2.4969086969
PWY-7221: guanosine ribonucleotides de novo biosynthesis|g__Coprococcus.s__Coprococcus_comes	2.0851344126
PWY-7221: guanosine ribonucleotides de novo biosynthesis|g__Blautia.s__Ruminococcus_gnavus	1.6711965264
PWY-7221: guanosine ribonucleotides de novo biosynthesis|g__Paraprevotella.s__Paraprevotella_clara	0.9873999440
PWY-7221: guanosine ribonucleotides de novo biosynthesis|g__Clostridium.s__Clostridium_nexile	0.8169934641
PEPTIDOGLYCANSYN-PWY: peptidoglycan biosynthesis I (meso-diaminopimelate containing)	42.0152563394
PEPTIDOGLYCANSYN-PWY: peptidoglycan biosynthesis I (meso-diaminopimelate containing)|g__Faecalibacterium.s__Faecalibacterium_prausnitzii	2.9778012483
PEPTIDOGLYCANSYN-PWY: peptidoglycan biosynthesis I (meso-diaminopimelate containing)|g__Bacteroides.s__Bacteroides_xylanisolvens	2.2987689473
PEPTIDOGLYCANSYN-PWY: peptidoglycan biosynthesis I (meso-diaminopimelate containing)|g__Parabacteroides.s__Parabacteroides_distasonis	1.6217674255
PWY-6387: UDP-N-acetylmuramoyl-pentapeptide biosynthesis I (meso-diaminopimelate containing)	41.3855110720
PWY-6387: UDP-N-acetylmuramoyl-pentapeptide biosynthesis I (meso-diaminopimelate containing)|g__Faecalibacterium.s__Faecalibacterium_prausnitzii	2.9610364161
PWY-6387: UDP-N-acetylmuramoyl-pentapeptide biosynthesis I (meso-diaminopimelate containing)|g__Bacteroides.s__Bacteroides_xylanisolvens	2.2232333533
PWY-6387: UDP-N-acetylmuramoyl-pentapeptide biosynthesis I (meso-diaminopimelate containing)|g__Parabacteroides.s__Parabacteroides_distasonis	1.5081373266
PWY-6386: UDP-N-acetylmuramoyl-pentapeptide biosynthesis II (lysine-containing)	41.1314163229
PWY-6386: UDP-N-acetylmuramoyl-pentapeptide biosynthesis II (lysine-containing)|g__Bacteroides.s__Bacteroides_xylanisolvens	2.3302026489
PWY-6386: UDP-N-acetylmuramoyl-pentapeptide biosynthesis II (lysine-containing)|g__Faecalibacterium.s__Faecalibacterium_prausnitzii	2.3129354178
PWY-6163: chorismate biosynthesis from 3-dehydroquinate	40.1071279502
PWY-6163: chorismate biosynthesis from 3-dehydroquinate|g__Streptococcus.s__Streptococcus_thermophilus	3.1390275822
PWY-5667: CDP-diacylglycerol biosynthesis I	38.4195262111
PWY-5667: CDP-diacylglycerol biosynthesis I|g__Bacteroides.s__Bacteroides_clarus	3.8476737270
PWY-5667: CDP-diacylglycerol biosynthesis I|g__Faecalibacterium.s__Faecalibacterium_prausnitzii	2.3841265981
PWY-5667: CDP-diacylglycerol biosynthesis I|g__Parabacteroides.s__Parabacteroides_distasonis	1.8916307847
PWY-5667: CDP-diacylglycerol biosynthesis I|g__Blautia.s__Ruminococcus_torques	1.7167998732
PWY-5667: CDP-diacylglycerol biosynthesis I|g__Bacteroides.s__Bacteroides_thetaiotaomicron	1.6159198673
PWY-5667: CDP-diacylglycerol biosynthesis I|g__Bacteroides.s__Bacteroides_xylanisolvens	1.4613546796
PWY-5667: CDP-diacylglycerol biosynthesis I|g__Paraprevotella.s__Paraprevotella_clara	1.4549110426
PWY0-1319: CDP-diacylglycerol biosynthesis II	38.4195262111
PWY0-1319: CDP-diacylglycerol biosynthesis II|g__Bacteroides.s__Bacteroides_clarus	3.8476737270
PWY0-1319: CDP-diacylglycerol biosynthesis II|g__Faecalibacterium.s__Faecalibacterium_prausnitzii	2.3841265981
PWY0-1319: CDP-diacylglycerol biosynthesis II|g__Parabacteroides.s__Parabacteroides_distasonis	1.8916307847
PWY0-1319: CDP-diacylglycerol biosynthesis II|g__Blautia.s__Ruminococcus_torques	1.7167998732
PWY0-1319: CDP-diacylglycerol biosynthesis II|g__Bacteroides.s__Bacteroides_thetaiotaomicron	1.6159198673
PWY0-1319: CDP-diacylglycerol biosynthesis II|g__Bacteroides.s__Bacteroides_xylanisolvens	1.4613546796
PWY0-1319: CDP-diacylglycerol biosynthesis II|g__Paraprevotella.s__Paraprevotella_clara	1.4549110426
NONMEVIPP-PWY: methylerythritol phosphate pathway I	37.7676896604
PWY-5695: urate biosynthesis/inosine 5'-phosphate degradation	37.6223126487
PWY-5695: urate biosynthesis/inosine 5'-phosphate degradation|g__Faecalibacterium.s__Faecalibacterium_prausnitzii	2.8744884937
PWY-5695: urate biosynthesis/inosine 5'-phosphate degradation|g__Bacteroides.s__Bacteroides_caccae	1.7869167642
PWY-5695: urate biosynthesis/inosine 5'-phosphate degradation|g__Bacteroides.s__Bacteroides_thetaiotaomicron	1.1902709323
DTDPRHAMSYN-PWY: dTDP-L-rhamnose biosynthesis I	36.6445865822
DTDPRHAMSYN-PWY: dTDP-L-rhamnose biosynthesis I|g__Bacteroides.s__Bacteroides_xylanisolvens	6.6056317916
DTDPRHAMSYN-PWY: dTDP-L-rhamnose biosynthesis I|g__Faecalibacterium.s__Faecalibacterium_prausnitzii	6.3670882630
DTDPRHAMSYN-PWY: dTDP-L-rhamnose biosynthesis I|g__Bifidobacterium.s__Bifidobacterium_longum	2.1966196077
PWY-6737: starch degradation V	35.0705856484
PWY-6737: starch degradation V|g__Faecalibacterium.s__Faecalibacterium_prausnitzii	6.5901101497
PWY-6737: starch degradation V|g__Ruminococcus.s__Ruminococcus_bromii	6.5489147394
PWY-6737: starch degradation V|g__Coprococcus.s__Coprococcus_comes	2.8060232684
PWY-6737: starch degradation V|g__Blautia.s__Ruminococcus_gnavus	2.0637903337
PWY-6737: starch degradation V|g__Erysipelotrichaceae_noname.s__Clostridium_ramosum	0.8795074758
PWY-6737: starch degradation V|g__Streptococcus.s__Streptococcus_lutetiensis	0.8499787505
PWY-6737: starch degradation V|g__Blautia.s__Ruminococcus_torques	0.8305647841
COMPLETE-ARO-PWY: superpathway of aromatic amino acid biosynthesis	34.9913070160
COMPLETE-ARO-PWY: superpathway of aromatic amino acid biosynthesis|g__Streptococcus.s__Streptococcus_thermophilus	2.5793566063
CALVIN-PWY: Calvin-Benson-Bassham cycle	34.9533207943
CALVIN-PWY: Calvin-Benson-Bassham cycle|g__Ruminococcus.s__Ruminococcus_bromii	11.7907579963
PWY-6122: 5-aminoimidazole ribonucleotide biosynthesis II	34.8386732124
PWY-6122: 5-aminoimidazole ribonucleotide biosynthesis II|g__Ruminococcus.s__Ruminococcus_bromii	7.4179901621
PWY-6122: 5-aminoimidazole ribonucleotide biosynthesis II|g__Streptococcus.s__Streptococcus_thermophilus	3.2116458552
PWY-6122: 5-aminoimidazole ribonucleotide biosynthesis II|g__Bifidobacterium.s__Bifidobacterium_longum	2.5681730201
PWY-6122: 5-aminoimidazole ribonucleotide biosynthesis II|g__Coprococcus.s__Coprococcus_comes	2.4371856951
PWY-6122: 5-aminoimidazole ribonucleotide biosynthesis II|g__Faecalibacterium.s__Faecalibacterium_prausnitzii	2.0338822815
PWY-6122: 5-aminoimidazole ribonucleotide biosynthesis II|g__Blautia.s__Ruminococcus_gnavus	0.9876543210
PWY-6122: 5-aminoimidazole ribonucleotide biosynthesis II|g__Erysipelotrichaceae_noname.s__Clostridium_ramosum	0.8213552361
PWY-6277: superpathway of 5-aminoimidazole ribonucleotide biosynthesis	34.8386732124
PWY-6277: superpathway of 5-aminoimidazole ribonucleotide biosynthesis|g__Ruminococcus.s__Ruminococcus_bromii	7.4179901621
PWY-6277: superpathway of 5-aminoimidazole ribonucleotide biosynthesis|g__Streptococcus.s__Streptococcus_thermophilus	3.2116458552
PWY-6277: superpathway of 5-aminoimidazole ribonucleotide biosynthesis|g__Bifidobacterium.s__Bifidobacterium_longum	2.5681730201
PWY-6277: superpathway of 5-aminoimidazole ribonucleotide biosynthesis|g__Coprococcus.s__Coprococcus_comes	2.4371856951
PWY-6277: superpathway of 5-aminoimidazole ribonucleotide biosynthesis|g__Faecalibacterium.s__Faecalibacterium_prausnitzii	2.0338822815
PWY-6277: superpathway of 5-aminoimidazole ribonucleotide biosynthesis|g__Blautia.s__Ruminococcus_gnavus	0.9876543210
PWY-6277: superpathway of 5-aminoimidazole ribonucleotide biosynthesis|g__Erysipelotrichaceae_noname.s__Clostridium_ramosum	0.8213552361
ARO-PWY: chorismate biosynthesis I	34.4256315303
ARO-PWY: chorismate biosynthesis I|g__Streptococcus.s__Streptococcus_thermophilus	2.3218402449
PWY-6317: galactose degradation I (Leloir pathway)	33.2872905112
PWY-6317: galactose degradation I (Leloir pathway)|g__Ruminococcus.s__Ruminococcus_bromii	9.1616200642
PWY-6317: galactose degradation I (Leloir pathway)|g__Faecalibacterium.s__Faecalibacterium_prausnitzii	4.5342666916
PWY-6317: galactose degradation I (Leloir pathway)|g__Streptococcus.s__Streptococcus_thermophilus	3.3241808136
PWY66-422: D-galactose degradation V (Leloir pathway)	33.2872905112
PWY66-422: D-galactose degradation V (Leloir pathway)|g__Ruminococcus.s__Ruminococcus_bromii	9.1616200642
PWY66-422: D-galactose degradation V (Leloir pathway)|g__Faecalibacterium.s__Faecalibacterium_prausnitzii	4.5342666916
PWY66-422: D-galactose degradation V (Leloir pathway)|g__Streptococcus.s__Streptococcus_thermophilus	3.3241808136
PWY-6121: 5-aminoimidazole ribonucleotide biosynthesis I	32.6536908168
PWY-6121: 5-aminoimidazole ribonucleotide biosynthesis I|g__Ruminococcus.s__Ruminococcus_bromii	6.9518298152
PWY-6121: 5-aminoimidazole ribonucleotide biosynthesis I|g__Streptococcus.s__Streptococcus_thermophilus	2.8980657610
PWY-6121: 5-aminoimidazole ribonucleotide biosynthesis I|g__Coprococcus.s__Coprococcus_comes	2.6226247052
PWY-6121: 5-aminoimidazole ribonucleotide biosynthesis I|g__Bifidobacterium.s__Bifidobacterium_longum	2.4362497284
PWY-6121: 5-aminoimidazole ribonucleotide biosynthesis I|g__Faecalibacterium.s__Faecalibacterium_prausnitzii	2.0147624378
PWY-6121: 5-aminoimidazole ribonucleotide biosynthesis I|g__Blautia.s__Ruminococcus_gnavus	1.0909884355
PWY-6700: queuosine biosynthesis	31.9751929571
PWY-6700: queuosine biosynthesis|g__Parabacteroides.s__Parabacteroides_distasonis	4.0751337086
PWY-6700: queuosine biosynthesis|g__Paraprevotella.s__Paraprevotella_clara	3.3684166916
PWY-6700: queuosine biosynthesis|g__Bacteroides.s__Bacteroides_clarus	1.7644631526
PWY-5973: cis-vaccenate biosynthesis	31.5798672580
PWY-3841: folate transformations II	30.6693242399
PWY-3841: folate transformations II|g__Bacteroides.s__Bacteroides_clarus	4.1810960138
PWY-3841: folate transformations II|g__Streptococcus.s__Streptococcus_thermophilus	3.6122943912
PWY-3841: folate transformations II|g__Bacteroides.s__Bacteroides_xylanisolvens	2.9524119572
PWY-3841: folate transformations II|g__Bacteroides.s__Bacteroides_thetaiotaomicron	1.4060734939
PWY-724: superpathway of L-lysine, L-threonine and L-methionine biosynthesis II	30.5232967423
PWY-724: superpathway of L-lysine, L-threonine and L-methionine biosynthesis II|g__Faecalibacterium.s__Faecalibacterium_prausnitzii	3.5751743908
PWY-6609: adenine and adenosine salvage III	29.7274218622
PWY-6609: adenine and adenosine salvage III|g__Faecalibacterium.s__Faecalibacterium_prausnitzii	3.4002590159
PWY-6609: adenine and adenosine salvage III|g__Bacteroides.s__Bacteroides_thetaiotaomicron	3.0085168131
PWY-6609: adenine and adenosine salvage III|g__Streptococcus.s__Streptococcus_thermophilus	2.5009554266
PWY-6609: adenine and adenosine salvage III|g__Blautia.s__Ruminococcus_gnavus	1.5406786644
ANAEROFRUCAT-PWY: homolactic fermentation	29.6891768931
PWY-7663: gondoate biosynthesis (anaerobic)	29.2123096344
PWY-7663: gondoate biosynthesis (anaerobic)|g__Bacteroides.s__Bacteroides_xylanisolvens	3.4750413112
PWY-7663: gondoate biosynthesis (anaerobic)|g__Bacteroides.s__Bacteroides_thetaiotaomicron	1.5145804665
PWY-7663: gondoate biosynthesis (anaerobic)|g__Bacteroides.s__Bacteroides_ovatus	1.2782255391
PWY-6527: stachyose degradation	28.9773858468
PWY-7400: L-arginine biosynthesis IV (archaebacteria)	28.5762845060
1CMET2-PWY: N10-formyl-tetrahydrofolate biosynthesis	28.0920972511
1CMET2-PWY: N10-formyl-tetrahydrofolate biosynthesis|g__Bacteroides.s__Bacteroides_xylanisolvens	2.8108780056
PANTO-PWY: phosphopantothenate biosynthesis I	28.0123456978
PANTO-PWY: phosphopantothenate biosynthesis I|g__Bacteroides.s__Bacteroides_clarus	3.2380270261
PANTO-PWY: phosphopantothenate biosynthesis I|g__Bacteroides.s__Bacteroides_xylanisolvens	2.8582068863
PANTO-PWY: phosphopantothenate biosynthesis I|g__Parabacteroides.s__Parabacteroides_distasonis	2.5746043410
PANTO-PWY: phosphopantothenate biosynthesis I|g__Blautia.s__Ruminococcus_torques	2.1555311230
PANTO-PWY: phosphopantothenate biosynthesis I|g__Bacteroides.s__Bacteroides_uniformis	2.1467070381
PANTO-PWY: phosphopantothenate biosynthesis I|g__Bacteroides.s__Bacteroides_thetaiotaomicron	1.8653470281
PANTO-PWY: phosphopantothenate biosynthesis I|g__Paraprevotella.s__Paraprevotella_clara	1.5059565283
PANTO-PWY: phosphopantothenate biosynthesis I|g__Bacteroides.s__Bacteroides_caccae	1.4280614066
ARGSYN-PWY: L-arginine biosynthesis I (via L-ornithine)	27.8170704245
SER-GLYSYN-PWY: superpathway of L-serine and glycine biosynthesis I	27.7371710624
SER-GLYSYN-PWY: superpathway of L-serine and glycine biosynthesis I|g__Ruminococcus.s__Ruminococcus_bromii	4.4206892330
SER-GLYSYN-PWY: superpathway of L-serine and glycine biosynthesis I|g__Faecalibacterium.s__Faecalibacterium_prausnitzii	1.5118446001
PWY-6385: peptidoglycan biosynthesis III (mycobacteria)	27.4446793620
PWY-6385: peptidoglycan biosynthesis III (mycobacteria)|g__Faecalibacterium.s__Faecalibacterium_prausnitzii	2.9218784108
PWY-2941: L-lysine biosynthesis II	26.9229520615
ARGININE-SYN4-PWY: L-ornithine de novo  biosynthesis	26.5267027104
ARGININE-SYN4-PWY: L-ornithine de novo  biosynthesis|g__Bacteroides.s__Bacteroides_clarus	3.7952627634
ARGININE-SYN4-PWY: L-ornithine de novo  biosynthesis|g__Bacteroides.s__Bacteroides_xylanisolvens	3.0136258180
ARGININE-SYN4-PWY: L-ornithine de novo  biosynthesis|g__Bacteroides.s__Bacteroides_uniformis	2.1663986278
ARGININE-SYN4-PWY: L-ornithine de novo  biosynthesis|g__Bacteroides.s__Bacteroides_caccae	1.3328621471
ARGININE-SYN4-PWY: L-ornithine de novo  biosynthesis|g__Bacteroides.s__Bacteroides_thetaiotaomicron	0.9653709348
PWY-7282: 4-amino-2-methyl-5-phosphomethylpyrimidine biosynthesis (yeast)	26.1015915732
TRPSYN-PWY: L-tryptophan biosynthesis	25.9376697834
PWY-6124: inosine-5'-phosphate biosynthesis II	25.6858714417
PWY-6124: inosine-5'-phosphate biosynthesis II|g__Streptococcus.s__Streptococcus_pasteurianus	3.9705397240
PWY-6124: inosine-5'-phosphate biosynthesis II|g__Faecalibacterium.s__Faecalibacterium_prausnitzii	3.2267028112
PWY-6124: inosine-5'-phosphate biosynthesis II|g__Streptococcus.s__Streptococcus_thermophilus	2.8805124546
PWY-6124: inosine-5'-phosphate biosynthesis II|g__Bacteroides.s__Bacteroides_xylanisolvens	1.9292329358
PWY-6123: inosine-5'-phosphate biosynthesis I	25.2968532745
PWY-6123: inosine-5'-phosphate biosynthesis I|g__Streptococcus.s__Streptococcus_pasteurianus	4.1945223207
PWY-6123: inosine-5'-phosphate biosynthesis I|g__Faecalibacterium.s__Faecalibacterium_prausnitzii	2.9669245096
PWY-6123: inosine-5'-phosphate biosynthesis I|g__Bifidobacterium.s__Bifidobacterium_longum	2.3798254328
PWY-6123: inosine-5'-phosphate biosynthesis I|g__Bacteroides.s__Bacteroides_xylanisolvens	1.9962047965
PWY66-400: glycolysis VI (metazoan)	25.0017905565
PWY66-400: glycolysis VI (metazoan)|g__Bacteroides.s__Bacteroides_xylanisolvens	2.0870760630
PWY-3001: superpathway of L-isoleucine biosynthesis I	23.9762691221
PWY-3001: superpathway of L-isoleucine biosynthesis I|g__Faecalibacterium.s__Faecalibacterium_prausnitzii	3.9784534863
NONOXIPENT-PWY: pentose phosphate pathway (non-oxidative branch)	22.8544777891
NONOXIPENT-PWY: pentose phosphate pathway (non-oxidative branch)|g__Ruminococcus.s__Ruminococcus_bromii	7.8300632113
NONOXIPENT-PWY: pentose phosphate pathway (non-oxidative branch)|g__Bacteroides.s__Bacteroides_thetaiotaomicron	2.0082952183
NONOXIPENT-PWY: pentose phosphate pathway (non-oxidative branch)|g__Bacteroides.s__Bacteroides_xylanisolvens	1.2882332739
GLYCOLYSIS: glycolysis I (from glucose 6-phosphate)	22.3481007404
PWY-7357: thiamin formation from pyrithiamine and oxythiamine (yeast)	22.2336072883
PWY-7357: thiamin formation from pyrithiamine and oxythiamine (yeast)|g__Ruminococcus.s__Ruminococcus_bromii	7.9680751301
PWY-7357: thiamin formation from pyrithiamine and oxythiamine (yeast)|g__Faecalibacterium.s__Faecalibacterium_prausnitzii	3.9250542745
PWY-5484: glycolysis II (from fructose 6-phosphate)	21.7146273085
BRANCHED-CHAIN-AA-SYN-PWY: superpathway of branched amino acid biosynthesis	21.4648432382
BRANCHED-CHAIN-AA-SYN-PWY: superpathway of branched amino acid biosynthesis|g__Faecalibacterium.s__Faecalibacterium_prausnitzii	5.8174681760
BRANCHED-CHAIN-AA-SYN-PWY: superpathway of branched amino acid biosynthesis|g__Bifidobacterium.s__Bifidobacterium_longum	3.5949865790
THRESYN-PWY: superpathway of L-threonine biosynthesis	20.7582515669
THRESYN-PWY: superpathway of L-threonine biosynthesis|g__Faecalibacterium.s__Faecalibacterium_prausnitzii	3.2824954291
PWY-6897: thiamin salvage II	20.4861835132
ARGSYNBSUB-PWY: L-arginine biosynthesis II (acetyl cycle)	20.4610150561
ARGSYNBSUB-PWY: L-arginine biosynthesis II (acetyl cycle)|g__Bifidobacterium.s__Bifidobacterium_longum	1.9319972518
HISTSYN-PWY: L-histidine biosynthesis	20.0147929349
HISTSYN-PWY: L-histidine biosynthesis|g__Ruminococcus.s__Ruminococcus_bromii	5.2852660932
HISTSYN-PWY: L-histidine biosynthesis|g__Bacteroides.s__Bacteroides_thetaiotaomicron	1.6857667490
PWY0-845: superpathway of pyridoxal 5'-phosphate biosynthesis and salvage	19.0726937775
PWY-5154: L-arginine biosynthesis III (via N-acetyl-L-citrulline)	18.4108529036
PWY0-1296: purine ribonucleosides degradation	18.4018064533
PWY0-1296: purine ribonucleosides degradation|g__Faecalibacterium.s__Faecalibacterium_prausnitzii	5.4683748401
PWY0-1296: purine ribonucleosides degradation|g__Streptococcus.s__Streptococcus_thermophilus	2.8787763975
PWY0-1296: purine ribonucleosides degradation|g__Blautia.s__Ruminococcus_gnavus	2.6642351728
PWY0-1296: purine ribonucleosides degradation|g__Erysipelotrichaceae_noname.s__Clostridium_ramosum	1.6067561129
PWY0-1296: purine ribonucleosides degradation|g__Clostridium.s__Clostridium_nexile	1.1100539169
PWY0-1296: purine ribonucleosides degradation|g__Lachnospiraceae_noname.s__Lachnospiraceae_bacterium_1_1_57FAA	1.0825858336
PHOSLIPSYN-PWY: superpathway of phospholipid biosynthesis I (bacteria)	18.3319435704
PANTOSYN-PWY: pantothenate and coenzyme A biosynthesis I	18.1473171388
GLUCUROCAT-PWY: superpathway of &beta;-D-glucuronide and D-glucuronate degradation	18.0134649538
GLUCUROCAT-PWY: superpathway of &beta;-D-glucuronide and D-glucuronate degradation|g__Faecalibacterium.s__Faecalibacterium_prausnitzii	4.5799549938
GLUCUROCAT-PWY: superpathway of &beta;-D-glucuronide and D-glucuronate degradation|g__Streptococcus.s__Streptococcus_pasteurianus	3.3921473563
PWY-5103: L-isoleucine biosynthesis III	17.9728737904
PWY-5103: L-isoleucine biosynthesis III|g__Faecalibacterium.s__Faecalibacterium_prausnitzii	5.4187609517
PWY-5103: L-isoleucine biosynthesis III|g__Bifidobacterium.s__Bifidobacterium_longum	3.5949865790
PWY4FS-7: phosphatidylglycerol biosynthesis I (plastidic)	17.6247030034
PWY4FS-8: phosphatidylglycerol biosynthesis II (non-plastidic)	17.6247030034
PWY-6703: preQ0 biosynthesis	17.5773611987
PWY-6703: preQ0 biosynthesis|g__Bacteroides.s__Bacteroides_ovatus	2.3021319532
PYRIDOXSYN-PWY: pyridoxal 5'-phosphate biosynthesis I	16.8749194623
PYRIDOXSYN-PWY: pyridoxal 5'-phosphate biosynthesis I|g__Bacteroides.s__Bacteroides_clarus	2.1720631696
PWY-7234: inosine-5'-phosphate biosynthesis III	16.1138091887
PWY-1269: CMP-3-deoxy-D-manno-octulosonate biosynthesis I	16.0035368919
PWY-1269: CMP-3-deoxy-D-manno-octulosonate biosynthesis I|g__Bacteroides.s__Bacteroides_xylanisolvens	4.1484433080
PWY-7242: D-fructuronate degradation	15.6458036878
PWY-7242: D-fructuronate degradation|g__Faecalibacterium.s__Faecalibacterium_prausnitzii	6.8270692014
PWY-7242: D-fructuronate degradation|g__Streptococcus.s__Streptococcus_pasteurianus	2.8390105382
MET-SAM-PWY: superpathway of S-adenosyl-L-methionine biosynthesis	15.1816241918
PWY-621: sucrose degradation III (sucrose invertase)	14.7445179332
PWY-621: sucrose degradation III (sucrose invertase)|g__Faecalibacterium.s__Faecalibacterium_prausnitzii	4.9368370174
COA-PWY: coenzyme A biosynthesis I	14.3344833196
COA-PWY: coenzyme A biosynthesis I|g__Bacteroides.s__Bacteroides_xylanisolvens	2.8474265732
COA-PWY: coenzyme A biosynthesis I|g__Faecalibacterium.s__Faecalibacterium_prausnitzii	2.7169744004
METSYN-PWY: L-homoserine and L-methionine biosynthesis	14.1868337722
PWY-5347: superpathway of L-methionine biosynthesis (transsulfuration)	14.0917925567
ASPASN-PWY: superpathway of L-aspartate and L-asparagine biosynthesis	14.0124647282
ASPASN-PWY: superpathway of L-aspartate and L-asparagine biosynthesis|g__Faecalibacterium.s__Faecalibacterium_prausnitzii	2.5460475863
GLUTORN-PWY: L-ornithine biosynthesis	14.0050447271
GLUTORN-PWY: L-ornithine biosynthesis|g__Bifidobacterium.s__Bifidobacterium_longum	2.6784144804
PWY-5188: tetrapyrrole biosynthesis I (from glutamate)	13.7456409198
PWY-5188: tetrapyrrole biosynthesis I (from glutamate)|g__Ruminococcus.s__Ruminococcus_bromii	9.4575121498
PWY-7229: superpathway of adenosine nucleotides de novo biosynthesis I	13.6597319551
PYRIDNUCSYN-PWY: NAD biosynthesis I (from aspartate)	13.4995048004
PYRIDNUCSYN-PWY: NAD biosynthesis I (from aspartate)|g__Ruminococcus.s__Ruminococcus_bromii	3.4825783049
PWY-6936: seleno-amino acid biosynthesis	13.2747763071
PWY-5989: stearate biosynthesis II (bacteria and plants)	12.9093693106
LACTOSECAT-PWY: lactose and galactose degradation I	12.6966079427
PWY-6270: isoprene biosynthesis I	12.4738125654
GALACT-GLUCUROCAT-PWY: superpathway of hexuronide and hexuronate degradation	12.4094397077
GALACT-GLUCUROCAT-PWY: superpathway of hexuronide and hexuronate degradation|g__Faecalibacterium.s__Faecalibacterium_prausnitzii	4.8119568862
PWY-6168: flavin biosynthesis III (fungi)	11.9729415353
THISYNARA-PWY: superpathway of thiamin diphosphate biosynthesis III (eukaryotes)	11.6952093134
THISYNARA-PWY: superpathway of thiamin diphosphate biosynthesis III (eukaryotes)|g__Faecalibacterium.s__Faecalibacterium_prausnitzii	3.8577330561
GLCMANNANAUT-PWY: superpathway of N-acetylglucosamine, N-acetylmannosamine and N-acetylneuraminate degradation	11.6046864025
GLCMANNANAUT-PWY: superpathway of N-acetylglucosamine, N-acetylmannosamine and N-acetylneuraminate degradation|g__Faecalibacterium.s__Faecalibacterium_prausnitzii	2.4026082402
PWY-7560: methylerythritol phosphate pathway II	11.4719564197
PWY-5659: GDP-mannose biosynthesis	11.2297447009
PWY-5659: GDP-mannose biosynthesis|g__Bacteroides.s__Bacteroides_xylanisolvens	2.2899374323
PWY-5659: GDP-mannose biosynthesis|g__Bacteroides.s__Bacteroides_ovatus	1.6052167002
PWY-5100: pyruvate fermentation to acetate and lactate II	10.9532904832
PWY0-1297: superpathway of purine deoxyribonucleosides degradation	10.9205565431
PWY0-1297: superpathway of purine deoxyribonucleosides degradation|g__Blautia.s__Ruminococcus_gnavus	1.6791985108
PWY-5367: petroselinate biosynthesis	10.6210107676
PWY-6471: peptidoglycan biosynthesis IV (Enterococcus faecium)	10.4206566707
OANTIGEN-PWY: O-antigen building blocks biosynthesis (E. coli)	10.0492448956
HEMESYN2-PWY: heme biosynthesis II (anaerobic)	9.9524424119
PWY-6126: superpathway of adenosine nucleotides de novo biosynthesis II	9.5888586545
PWY0-1586: peptidoglycan maturation (meso-diaminopimelate containing)	9.5686555882
PWY0-1586: peptidoglycan maturation (meso-diaminopimelate containing)|g__Faecalibacterium.s__Faecalibacterium_prausnitzii	3.4070334639
PWY-5121: superpathway of geranylgeranyl diphosphate biosynthesis II (via MEP)	9.0666893206
GALACTUROCAT-PWY: D-galacturonate degradation I	9.0068121300
GALACTUROCAT-PWY: D-galacturonate degradation I|g__Faecalibacterium.s__Faecalibacterium_prausnitzii	6.1200704293
PWY-5101: L-isoleucine biosynthesis II	8.9712156478
COBALSYN-PWY: adenosylcobalamin salvage from cobinamide I	8.8307225043
COBALSYN-PWY: adenosylcobalamin salvage from cobinamide I|g__Faecalibacterium.s__Faecalibacterium_prausnitzii	3.1926509022
HOMOSER-METSYN-PWY: L-methionine biosynthesis I	8.8082880756
HOMOSER-METSYN-PWY: L-methionine biosynthesis I|g__Ruminococcus.s__Ruminococcus_bromii	5.4753038852
HSERMETANA-PWY: L-methionine biosynthesis III	8.6229921899
PWY-7323: superpathway of GDP-mannose-derived O-antigen building blocks biosynthesis	8.5876590356
PWY-7323: superpathway of GDP-mannose-derived O-antigen building blocks biosynthesis|g__Bacteroides.s__Bacteroides_xylanisolvens	2.2906057673
PWY-7323: superpathway of GDP-mannose-derived O-antigen building blocks biosynthesis|g__Bacteroides.s__Bacteroides_ovatus	1.1084681544
PWY-6507: 4-deoxy-L-threo-hex-4-enopyranuronate degradation	8.4770313940
PWY-6507: 4-deoxy-L-threo-hex-4-enopyranuronate degradation|g__Faecalibacterium.s__Faecalibacterium_prausnitzii	6.7857963698
PWY-7187: pyrimidine deoxyribonucleotides de novo biosynthesis II	8.0492400514
RHAMCAT-PWY: L-rhamnose degradation I	7.9027623787
RHAMCAT-PWY: L-rhamnose degradation I|g__Bacteroides.s__Bacteroides_ovatus	2.1896745536
RHAMCAT-PWY: L-rhamnose degradation I|g__Bacteroides.s__Bacteroides_thetaiotaomicron	1.9945513396
RHAMCAT-PWY: L-rhamnose degradation I|g__Bacteroides.s__Bacteroides_xylanisolvens	0.9433962264
PYRIDNUCSAL-PWY: NAD salvage pathway I	7.4017104902
PWY-7392: taxadiene biosynthesis (engineered)	6.9453576172
UDPNAGSYN-PWY: UDP-N-acetyl-D-glucosamine biosynthesis I	6.6776729461
UDPNAGSYN-PWY: UDP-N-acetyl-D-glucosamine biosynthesis I|g__Bifidobacterium.s__Bifidobacterium_longum	2.5013873727
UDPNAGSYN-PWY: UDP-N-acetyl-D-glucosamine biosynthesis I|g__Streptococcus.s__Streptococcus_thermophilus	1.1474348612
PWY-4242: pantothenate and coenzyme A biosynthesis III	6.3831461732
PWY0-781: aspartate superpathway	6.1549917979
P4-PWY: superpathway of L-lysine, L-threonine and L-methionine biosynthesis I	5.8765925420
PWY-6305: putrescine biosynthesis IV	4.7019358652
PWY-6305: putrescine biosynthesis IV|g__Faecalibacterium.s__Faecalibacterium_prausnitzii	2.7994587831
PWY-5384: sucrose degradation IV (sucrose phosphorylase)	4.6368497491
PWY-7220: adenosine deoxyribonucleotides de novo biosynthesis II	4.5246118890
PWY-7222: guanosine deoxyribonucleotides de novo biosynthesis II	4.5246118890
PWY-6147: 6-hydroxymethyl-dihydropterin diphosphate biosynthesis I	4.4313788637
DAPLYSINESYN-PWY: L-lysine biosynthesis I	4.2268783195
POLYAMSYN-PWY: superpathway of polyamine biosynthesis I	4.1682915025
TRNA-CHARGING-PWY: tRNA charging	4.1390372811
PWY-7539: 6-hydroxymethyl-dihydropterin diphosphate biosynthesis III (Chlamydia)	3.6541215100
PWY-6859: all-trans-farnesol biosynthesis	2.7205711062
HEME-BIOSYNTHESIS-II: heme biosynthesis I (aerobic)	2.6174964305
PWY-5177: glutaryl-CoA degradation	2.1131583954
PWY-5177: glutaryl-CoA degradation|g__Faecalibacterium.s__Faecalibacterium_prausnitzii	1.9863390759
PWY-5173: superpathway of acetyl-CoA biosynthesis	1.3214804362
PWY-5173: superpathway of acetyl-CoA biosynthesis|g__Streptococcus.s__Streptococcus_lutetiensis	1.0463633227