# Pathway	ERR480521_Abundance
UNMAPPED	36368.3378256902
UNINTEGRATED	2810.6136665783
UNINTEGRATED|g__Fusobacterium.s__Fusobacterium_gonidiaformans	760.8952346210
UNINTEGRATED|g__Bacteroides.s__Bacteroides_ovatus	464.9268092157
UNINTEGRATED|g__Ruminococcus.s__Ruminococcus_bromii	288.2476436624
PWY-6700: queuosine biosynthesis	6.1545338584
PWY-6700: queuosine biosynthesis|g__Fusobacterium.s__Fusobacterium_gonidiaformans	2.3491715457
PWY-6700: queuosine biosynthesis|g__Bacteroides.s__Bacteroides_ovatus	1.2766666075
PWY-5686: UMP biosynthesis	4.9632040466
PWY-7219: adenosine ribonucleotides de novo biosynthesis	4.9319557595
PWY-7219: adenosine ribonucleotides de novo biosynthesis|g__Fusobacterium.s__Fusobacterium_gonidiaformans	2.1479920409
PWY-7219: adenosine ribonucleotides de novo biosynthesis|g__Ruminococcus.s__Ruminococcus_bromii	2.1161108442
NONOXIPENT-PWY: pentose phosphate pathway (non-oxidative branch)	4.7417898227
HISDEG-PWY: L-histidine degradation I	4.1623931894
HISDEG-PWY: L-histidine degradation I|g__Fusobacterium.s__Fusobacterium_gonidiaformans	2.6179058299
PWY-1042: glycolysis IV (plant cytosol)	3.7827691481
PWY-7221: guanosine ribonucleotides de novo biosynthesis	3.5858724017
PWY-7111: pyruvate fermentation to isobutanol (engineered)	3.5323001971
PWY-7111: pyruvate fermentation to isobutanol (engineered)|g__Ruminococcus.s__Ruminococcus_bromii	1.1302065856
VALSYN-PWY: L-valine biosynthesis	3.5323001971
VALSYN-PWY: L-valine biosynthesis|g__Ruminococcus.s__Ruminococcus_bromii	1.1302065856
PWY-6121: 5-aminoimidazole ribonucleotide biosynthesis I	3.4204437746
PWY-6151: S-adenosyl-L-methionine cycle I	3.3686122059
PWY-6122: 5-aminoimidazole ribonucleotide biosynthesis II	3.3322596946
PWY-6277: superpathway of 5-aminoimidazole ribonucleotide biosynthesis	3.3322596946
PWY-7199: pyrimidine deoxyribonucleosides salvage	3.3203788477
ANAGLYCOLYSIS-PWY: glycolysis III (from glucose)	2.8612187222
PWY-6527: stachyose degradation	2.7788355835
PEPTIDOGLYCANSYN-PWY: peptidoglycan biosynthesis I (meso-diaminopimelate containing)	2.6865376229
PWY-6317: galactose degradation I (Leloir pathway)	2.5642750632
PWY-6317: galactose degradation I (Leloir pathway)|g__Fusobacterium.s__Fusobacterium_gonidiaformans	1.4164227214
PWY66-422: D-galactose degradation V (Leloir pathway)	2.5642750632
PWY66-422: D-galactose degradation V (Leloir pathway)|g__Fusobacterium.s__Fusobacterium_gonidiaformans	1.4164227214
NONMEVIPP-PWY: methylerythritol phosphate pathway I	2.5463949924
PWY-6703: preQ0 biosynthesis	2.5037238778
PWY0-845: superpathway of pyridoxal 5'-phosphate biosynthesis and salvage	2.4263359377
PWY-6387: UDP-N-acetylmuramoyl-pentapeptide biosynthesis I (meso-diaminopimelate containing)	2.3877768865
PHOSLIPSYN-PWY: superpathway of phospholipid biosynthesis I (bacteria)	2.3164553844
PWY4FS-8: phosphatidylglycerol biosynthesis II (non-plastidic)	2.3073174065
PWY4FS-7: phosphatidylglycerol biosynthesis I (plastidic)	2.3073174065
PWY-6385: peptidoglycan biosynthesis III (mycobacteria)	2.2075741839
PWY-6386: UDP-N-acetylmuramoyl-pentapeptide biosynthesis II (lysine-containing)	2.1461197548
PWY-5667: CDP-diacylglycerol biosynthesis I	2.0734453844
PWY0-1319: CDP-diacylglycerol biosynthesis II	2.0734453844
CALVIN-PWY: Calvin-Benson-Bassham cycle	1.9596321250
PYRIDOXSYN-PWY: pyridoxal 5'-phosphate biosynthesis I	1.9304214377
PWY-1269: CMP-3-deoxy-D-manno-octulosonate biosynthesis I	1.7353759385
PWY-5100: pyruvate fermentation to acetate and lactate II	1.6626025537
COBALSYN-PWY: adenosylcobalamin salvage from cobinamide I	1.6260847259
COA-PWY: coenzyme A biosynthesis I	1.2857602057
COA-PWY: coenzyme A biosynthesis I|g__Fusobacterium.s__Fusobacterium_gonidiaformans	1.2857602057
COA-PWY-1: coenzyme A biosynthesis II (mammalian)	1.2857602057
COA-PWY-1: coenzyme A biosynthesis II (mammalian)|g__Fusobacterium.s__Fusobacterium_gonidiaformans	1.2857602057
PWY-6737: starch degradation V	1.2150048314
SER-GLYSYN-PWY: superpathway of L-serine and glycine biosynthesis I	1.0296055276
ASPASN-PWY: superpathway of L-aspartate and L-asparagine biosynthesis	0.9729992703