# Pathway	ERR481013_Abundance
UNMAPPED	220143.4608906576
UNINTEGRATED	189078.7806344118
UNINTEGRATED|g__Bacteroides.s__Bacteroides_cellulosilyticus	25462.9630579463
UNINTEGRATED|g__Bacteroides.s__Bacteroides_uniformis	21159.6310376628
UNINTEGRATED|g__Bacteroides.s__Bacteroides_vulgatus	14071.0277831439
UNINTEGRATED|g__Bacteroides.s__Bacteroides_ovatus	12913.2313800718
UNINTEGRATED|g__Bacteroides.s__Bacteroides_dorei	11078.0525344343
UNINTEGRATED|g__Parabacteroides.s__Parabacteroides_distasonis	9354.8273222051
UNINTEGRATED|g__Faecalibacterium.s__Faecalibacterium_prausnitzii	8728.9285978359
UNINTEGRATED|g__Parabacteroides.s__Parabacteroides_merdae	7911.7227470249
UNINTEGRATED|g__Bacteroides.s__Bacteroides_thetaiotaomicron	7819.3154674904
UNINTEGRATED|g__Clostridium.s__Clostridium_clostridioforme	7797.5781537630
UNINTEGRATED|g__Eubacterium.s__Eubacterium_siraeum	7751.1380208846
UNINTEGRATED|g__Bacteroides.s__Bacteroides_fragilis	6082.6968822351
UNINTEGRATED|g__Clostridium.s__Clostridium_bolteae	5868.8070787206
UNINTEGRATED|g__Bacteroides.s__Bacteroides_xylanisolvens	5028.7613592424
UNINTEGRATED|g__Bacteroides.s__Bacteroides_intestinalis	4751.7194419502
UNINTEGRATED|g__Sutterella.s__Sutterella_wadsworthensis	4654.5797311385
UNINTEGRATED|g__Ruminococcus.s__Ruminococcus_callidus	4555.8246225422
UNINTEGRATED|g__Alistipes.s__Alistipes_onderdonkii	4292.8692283123
UNINTEGRATED|g__Lachnospiraceae_noname.s__Lachnospiraceae_bacterium_7_1_58FAA	3721.3159537624
UNINTEGRATED|g__Blautia.s__Ruminococcus_torques	3707.2838682463
UNINTEGRATED|g__Roseburia.s__Roseburia_inulinivorans	2799.0112672539
UNINTEGRATED|g__Alistipes.s__Alistipes_shahii	2653.0826015911
UNINTEGRATED|g__Ruminococcus.s__Ruminococcus_bromii	2211.9545692085
UNINTEGRATED|g__Collinsella.s__Collinsella_aerofaciens	2200.0510887126
UNINTEGRATED|g__Dorea.s__Dorea_longicatena	2150.5792236655
UNINTEGRATED|g__Dorea.s__Dorea_formicigenerans	2039.4084816326
UNINTEGRATED|g__Blautia.s__Ruminococcus_gnavus	1952.4574613502
UNINTEGRATED|g__Clostridium.s__Clostridium_symbiosum	1947.8642274285
UNINTEGRATED|g__Flavonifractor.s__Flavonifractor_plautii	1708.8853144966
UNINTEGRATED|g__Roseburia.s__Roseburia_intestinalis	1538.9462013534
UNINTEGRATED|g__Escherichia.s__Escherichia_coli	994.0106626382
UNINTEGRATED|g__Bilophila.s__Bilophila_wadsworthia	885.3374249958
UNINTEGRATED|g__Coprobacter.s__Coprobacter_fastidiosus	699.0838356169
UNINTEGRATED|g__Morganella.s__Morganella_morganii	431.8429289915
UNINTEGRATED|g__Porphyromonas.s__Porphyromonas_asaccharolytica	322.7869270352
PWY-7219: adenosine ribonucleotides de novo biosynthesis	179.8087273004
PWY-7219: adenosine ribonucleotides de novo biosynthesis|g__Bacteroides.s__Bacteroides_cellulosilyticus	23.2310334073
PWY-7219: adenosine ribonucleotides de novo biosynthesis|g__Bacteroides.s__Bacteroides_uniformis	21.9557133671
PWY-7219: adenosine ribonucleotides de novo biosynthesis|g__Bacteroides.s__Bacteroides_vulgatus	15.5304019570
PWY-7219: adenosine ribonucleotides de novo biosynthesis|g__Eubacterium.s__Eubacterium_siraeum	11.7697493722
PWY-7219: adenosine ribonucleotides de novo biosynthesis|g__Bacteroides.s__Bacteroides_thetaiotaomicron	11.4545527022
PWY-7219: adenosine ribonucleotides de novo biosynthesis|g__Parabacteroides.s__Parabacteroides_distasonis	8.9479869971
PWY-7219: adenosine ribonucleotides de novo biosynthesis|g__Alistipes.s__Alistipes_onderdonkii	8.6694567460
PWY-7219: adenosine ribonucleotides de novo biosynthesis|g__Collinsella.s__Collinsella_aerofaciens	8.2501826887
PWY-7219: adenosine ribonucleotides de novo biosynthesis|g__Bacteroides.s__Bacteroides_ovatus	8.2403675024
PWY-7219: adenosine ribonucleotides de novo biosynthesis|g__Parabacteroides.s__Parabacteroides_merdae	7.4807536127
PWY-7219: adenosine ribonucleotides de novo biosynthesis|g__Ruminococcus.s__Ruminococcus_bromii	6.5497035936
PWY-7219: adenosine ribonucleotides de novo biosynthesis|g__Ruminococcus.s__Ruminococcus_callidus	6.2150481019
PWY-7219: adenosine ribonucleotides de novo biosynthesis|g__Bacteroides.s__Bacteroides_dorei	5.6800350506
PWY-7219: adenosine ribonucleotides de novo biosynthesis|g__Sutterella.s__Sutterella_wadsworthensis	5.2945606496
PWY-7219: adenosine ribonucleotides de novo biosynthesis|g__Bacteroides.s__Bacteroides_intestinalis	5.1611260634
PWY-7219: adenosine ribonucleotides de novo biosynthesis|g__Faecalibacterium.s__Faecalibacterium_prausnitzii	4.5242876784
PWY-7219: adenosine ribonucleotides de novo biosynthesis|g__Clostridium.s__Clostridium_clostridioforme	3.4459816298
PWY-7219: adenosine ribonucleotides de novo biosynthesis|g__Alistipes.s__Alistipes_shahii	3.3228201962
PWY-7219: adenosine ribonucleotides de novo biosynthesis|g__Blautia.s__Ruminococcus_torques	3.1376909483
PWY-7219: adenosine ribonucleotides de novo biosynthesis|g__Coprobacter.s__Coprobacter_fastidiosus	2.0792531942
PWY-7219: adenosine ribonucleotides de novo biosynthesis|g__Bacteroides.s__Bacteroides_xylanisolvens	1.8757778867
PWY-7219: adenosine ribonucleotides de novo biosynthesis|g__Bacteroides.s__Bacteroides_fragilis	1.4421323495
PWY-7219: adenosine ribonucleotides de novo biosynthesis|g__Flavonifractor.s__Flavonifractor_plautii	1.2095820448
PWY-7219: adenosine ribonucleotides de novo biosynthesis|g__Roseburia.s__Roseburia_intestinalis	1.1940810283
PWY-7219: adenosine ribonucleotides de novo biosynthesis|g__Clostridium.s__Clostridium_symbiosum	1.0903469114
PWY-7219: adenosine ribonucleotides de novo biosynthesis|g__Bilophila.s__Bilophila_wadsworthia	0.9545934964
PWY-7219: adenosine ribonucleotides de novo biosynthesis|g__Roseburia.s__Roseburia_inulinivorans	0.9462822511
PEPTIDOGLYCANSYN-PWY: peptidoglycan biosynthesis I (meso-diaminopimelate containing)	145.6754218430
PEPTIDOGLYCANSYN-PWY: peptidoglycan biosynthesis I (meso-diaminopimelate containing)|g__Bacteroides.s__Bacteroides_uniformis	15.6010517739
PEPTIDOGLYCANSYN-PWY: peptidoglycan biosynthesis I (meso-diaminopimelate containing)|g__Bacteroides.s__Bacteroides_vulgatus	12.0449962073
PEPTIDOGLYCANSYN-PWY: peptidoglycan biosynthesis I (meso-diaminopimelate containing)|g__Bacteroides.s__Bacteroides_ovatus	7.4175930289
PEPTIDOGLYCANSYN-PWY: peptidoglycan biosynthesis I (meso-diaminopimelate containing)|g__Parabacteroides.s__Parabacteroides_distasonis	6.6966878098
PEPTIDOGLYCANSYN-PWY: peptidoglycan biosynthesis I (meso-diaminopimelate containing)|g__Parabacteroides.s__Parabacteroides_merdae	5.2820721045
PEPTIDOGLYCANSYN-PWY: peptidoglycan biosynthesis I (meso-diaminopimelate containing)|g__Sutterella.s__Sutterella_wadsworthensis	4.5665813058
PEPTIDOGLYCANSYN-PWY: peptidoglycan biosynthesis I (meso-diaminopimelate containing)|g__Bacteroides.s__Bacteroides_dorei	3.7713777751
PEPTIDOGLYCANSYN-PWY: peptidoglycan biosynthesis I (meso-diaminopimelate containing)|g__Faecalibacterium.s__Faecalibacterium_prausnitzii	3.0964656002
PEPTIDOGLYCANSYN-PWY: peptidoglycan biosynthesis I (meso-diaminopimelate containing)|g__Alistipes.s__Alistipes_onderdonkii	3.0391206087
PEPTIDOGLYCANSYN-PWY: peptidoglycan biosynthesis I (meso-diaminopimelate containing)|g__Blautia.s__Ruminococcus_torques	2.6286003465
PEPTIDOGLYCANSYN-PWY: peptidoglycan biosynthesis I (meso-diaminopimelate containing)|g__Collinsella.s__Collinsella_aerofaciens	1.5490355446
PEPTIDOGLYCANSYN-PWY: peptidoglycan biosynthesis I (meso-diaminopimelate containing)|g__Bacteroides.s__Bacteroides_fragilis	1.5149783028
PEPTIDOGLYCANSYN-PWY: peptidoglycan biosynthesis I (meso-diaminopimelate containing)|g__Coprobacter.s__Coprobacter_fastidiosus	1.1837386466
PWY-6386: UDP-N-acetylmuramoyl-pentapeptide biosynthesis II (lysine-containing)	143.5050572834
PWY-6386: UDP-N-acetylmuramoyl-pentapeptide biosynthesis II (lysine-containing)|g__Bacteroides.s__Bacteroides_uniformis	14.6000566569
PWY-6386: UDP-N-acetylmuramoyl-pentapeptide biosynthesis II (lysine-containing)|g__Bacteroides.s__Bacteroides_ovatus	8.3073552762
PWY-6386: UDP-N-acetylmuramoyl-pentapeptide biosynthesis II (lysine-containing)|g__Parabacteroides.s__Parabacteroides_distasonis	6.7155332136
PWY-6386: UDP-N-acetylmuramoyl-pentapeptide biosynthesis II (lysine-containing)|g__Alistipes.s__Alistipes_onderdonkii	6.3611939183
PWY-6386: UDP-N-acetylmuramoyl-pentapeptide biosynthesis II (lysine-containing)|g__Sutterella.s__Sutterella_wadsworthensis	5.7964764044
PWY-6386: UDP-N-acetylmuramoyl-pentapeptide biosynthesis II (lysine-containing)|g__Parabacteroides.s__Parabacteroides_merdae	5.0235748562
PWY-6386: UDP-N-acetylmuramoyl-pentapeptide biosynthesis II (lysine-containing)|g__Blautia.s__Ruminococcus_torques	3.2161370678
PWY-6386: UDP-N-acetylmuramoyl-pentapeptide biosynthesis II (lysine-containing)|g__Faecalibacterium.s__Faecalibacterium_prausnitzii	2.5752633710
PWY-6386: UDP-N-acetylmuramoyl-pentapeptide biosynthesis II (lysine-containing)|g__Flavonifractor.s__Flavonifractor_plautii	1.8418331850
PWY-6386: UDP-N-acetylmuramoyl-pentapeptide biosynthesis II (lysine-containing)|g__Collinsella.s__Collinsella_aerofaciens	1.6668914010
PWY-6386: UDP-N-acetylmuramoyl-pentapeptide biosynthesis II (lysine-containing)|g__Bacteroides.s__Bacteroides_fragilis	1.3830648572
PWY-6386: UDP-N-acetylmuramoyl-pentapeptide biosynthesis II (lysine-containing)|g__Coprobacter.s__Coprobacter_fastidiosus	1.1139848551
PWY-6387: UDP-N-acetylmuramoyl-pentapeptide biosynthesis I (meso-diaminopimelate containing)	142.6426334474
PWY-6387: UDP-N-acetylmuramoyl-pentapeptide biosynthesis I (meso-diaminopimelate containing)|g__Bacteroides.s__Bacteroides_uniformis	14.4726279441
PWY-6387: UDP-N-acetylmuramoyl-pentapeptide biosynthesis I (meso-diaminopimelate containing)|g__Bacteroides.s__Bacteroides_vulgatus	11.8882917103
PWY-6387: UDP-N-acetylmuramoyl-pentapeptide biosynthesis I (meso-diaminopimelate containing)|g__Bacteroides.s__Bacteroides_ovatus	8.2216617313
PWY-6387: UDP-N-acetylmuramoyl-pentapeptide biosynthesis I (meso-diaminopimelate containing)|g__Parabacteroides.s__Parabacteroides_distasonis	6.9923545604
PWY-6387: UDP-N-acetylmuramoyl-pentapeptide biosynthesis I (meso-diaminopimelate containing)|g__Alistipes.s__Alistipes_onderdonkii	6.1324285767
PWY-6387: UDP-N-acetylmuramoyl-pentapeptide biosynthesis I (meso-diaminopimelate containing)|g__Sutterella.s__Sutterella_wadsworthensis	5.2964838053
PWY-6387: UDP-N-acetylmuramoyl-pentapeptide biosynthesis I (meso-diaminopimelate containing)|g__Parabacteroides.s__Parabacteroides_merdae	5.1584645399
PWY-6387: UDP-N-acetylmuramoyl-pentapeptide biosynthesis I (meso-diaminopimelate containing)|g__Bacteroides.s__Bacteroides_dorei	4.7354528017
PWY-6387: UDP-N-acetylmuramoyl-pentapeptide biosynthesis I (meso-diaminopimelate containing)|g__Faecalibacterium.s__Faecalibacterium_prausnitzii	2.9987632463
PWY-6387: UDP-N-acetylmuramoyl-pentapeptide biosynthesis I (meso-diaminopimelate containing)|g__Blautia.s__Ruminococcus_torques	2.7526279582
PWY-6387: UDP-N-acetylmuramoyl-pentapeptide biosynthesis I (meso-diaminopimelate containing)|g__Flavonifractor.s__Flavonifractor_plautii	1.8200502908
PWY-6387: UDP-N-acetylmuramoyl-pentapeptide biosynthesis I (meso-diaminopimelate containing)|g__Bacteroides.s__Bacteroides_fragilis	1.6087278933
PWY-6387: UDP-N-acetylmuramoyl-pentapeptide biosynthesis I (meso-diaminopimelate containing)|g__Collinsella.s__Collinsella_aerofaciens	1.5628817105
PWY-6387: UDP-N-acetylmuramoyl-pentapeptide biosynthesis I (meso-diaminopimelate containing)|g__Coprobacter.s__Coprobacter_fastidiosus	1.0655623399
PWY-5686: UMP biosynthesis	136.6205343440
PWY-5686: UMP biosynthesis|g__Bacteroides.s__Bacteroides_cellulosilyticus	12.3986084027
PWY-5686: UMP biosynthesis|g__Collinsella.s__Collinsella_aerofaciens	6.1264585238
PWY-5686: UMP biosynthesis|g__Alistipes.s__Alistipes_onderdonkii	5.5632981511
PWY-5686: UMP biosynthesis|g__Bacteroides.s__Bacteroides_thetaiotaomicron	4.4926483515
PWY-5686: UMP biosynthesis|g__Eubacterium.s__Eubacterium_siraeum	4.1351482758
PWY-5686: UMP biosynthesis|g__Faecalibacterium.s__Faecalibacterium_prausnitzii	3.1349210806
PWY-5686: UMP biosynthesis|g__Ruminococcus.s__Ruminococcus_bromii	2.4722552416
PWY-5686: UMP biosynthesis|g__Bacteroides.s__Bacteroides_fragilis	1.2525966541
PWY-5686: UMP biosynthesis|g__Bilophila.s__Bilophila_wadsworthia	1.2267052987
PWY-7221: guanosine ribonucleotides de novo biosynthesis	130.2038215516
PWY-7221: guanosine ribonucleotides de novo biosynthesis|g__Bacteroides.s__Bacteroides_cellulosilyticus	13.2777277170
PWY-7221: guanosine ribonucleotides de novo biosynthesis|g__Bacteroides.s__Bacteroides_vulgatus	10.3795580412
PWY-7221: guanosine ribonucleotides de novo biosynthesis|g__Parabacteroides.s__Parabacteroides_distasonis	9.7229595421
PWY-7221: guanosine ribonucleotides de novo biosynthesis|g__Eubacterium.s__Eubacterium_siraeum	8.0740121537
PWY-7221: guanosine ribonucleotides de novo biosynthesis|g__Bacteroides.s__Bacteroides_thetaiotaomicron	7.3627463493
PWY-7221: guanosine ribonucleotides de novo biosynthesis|g__Clostridium.s__Clostridium_clostridioforme	5.8273169259
PWY-7221: guanosine ribonucleotides de novo biosynthesis|g__Alistipes.s__Alistipes_shahii	5.0727284500
PWY-7221: guanosine ribonucleotides de novo biosynthesis|g__Sutterella.s__Sutterella_wadsworthensis	4.5785193096
PWY-7221: guanosine ribonucleotides de novo biosynthesis|g__Ruminococcus.s__Ruminococcus_callidus	4.3456068889
PWY-7221: guanosine ribonucleotides de novo biosynthesis|g__Ruminococcus.s__Ruminococcus_bromii	3.7369159372
PWY-7221: guanosine ribonucleotides de novo biosynthesis|g__Bacteroides.s__Bacteroides_dorei	3.6440434717
PWY-7221: guanosine ribonucleotides de novo biosynthesis|g__Bacteroides.s__Bacteroides_ovatus	3.3892225829
PWY-7221: guanosine ribonucleotides de novo biosynthesis|g__Bacteroides.s__Bacteroides_intestinalis	2.1950354662
PWY-7221: guanosine ribonucleotides de novo biosynthesis|g__Bacteroides.s__Bacteroides_fragilis	1.1945820442
PWY-7221: guanosine ribonucleotides de novo biosynthesis|g__Roseburia.s__Roseburia_inulinivorans	0.7945967422
ILEUSYN-PWY: L-isoleucine biosynthesis I (from threonine)	128.3198041463
ILEUSYN-PWY: L-isoleucine biosynthesis I (from threonine)|g__Eubacterium.s__Eubacterium_siraeum	13.6191918368
ILEUSYN-PWY: L-isoleucine biosynthesis I (from threonine)|g__Faecalibacterium.s__Faecalibacterium_prausnitzii	8.3830937367
PWY-7111: pyruvate fermentation to isobutanol (engineered)	128.3198041463
PWY-7111: pyruvate fermentation to isobutanol (engineered)|g__Eubacterium.s__Eubacterium_siraeum	12.1951849958
PWY-7111: pyruvate fermentation to isobutanol (engineered)|g__Bacteroides.s__Bacteroides_vulgatus	11.2018578869
PWY-7111: pyruvate fermentation to isobutanol (engineered)|g__Bacteroides.s__Bacteroides_cellulosilyticus	9.6244899698
PWY-7111: pyruvate fermentation to isobutanol (engineered)|g__Faecalibacterium.s__Faecalibacterium_prausnitzii	8.5029640895
PWY-7111: pyruvate fermentation to isobutanol (engineered)|g__Ruminococcus.s__Ruminococcus_bromii	5.5495510908
PWY-7111: pyruvate fermentation to isobutanol (engineered)|g__Parabacteroides.s__Parabacteroides_distasonis	5.3801574716
PWY-7111: pyruvate fermentation to isobutanol (engineered)|g__Parabacteroides.s__Parabacteroides_merdae	4.7628991981
PWY-7111: pyruvate fermentation to isobutanol (engineered)|g__Blautia.s__Ruminococcus_torques	4.0645060245
PWY-7111: pyruvate fermentation to isobutanol (engineered)|g__Bacteroides.s__Bacteroides_xylanisolvens	2.7817945832
PWY-7111: pyruvate fermentation to isobutanol (engineered)|g__Dorea.s__Dorea_longicatena	2.5419803855
PWY-7111: pyruvate fermentation to isobutanol (engineered)|g__Flavonifractor.s__Flavonifractor_plautii	1.9960605101
PWY-7111: pyruvate fermentation to isobutanol (engineered)|g__Bacteroides.s__Bacteroides_intestinalis	1.7198420240
PWY-7111: pyruvate fermentation to isobutanol (engineered)|g__Lachnospiraceae_noname.s__Lachnospiraceae_bacterium_7_1_58FAA	1.3407820272
PWY-7111: pyruvate fermentation to isobutanol (engineered)|g__Coprobacter.s__Coprobacter_fastidiosus	1.2433043193
PWY-7111: pyruvate fermentation to isobutanol (engineered)|g__Bilophila.s__Bilophila_wadsworthia	0.9632462075
PWY-7111: pyruvate fermentation to isobutanol (engineered)|g__Clostridium.s__Clostridium_bolteae	0.7510626738
VALSYN-PWY: L-valine biosynthesis	128.3198041463
VALSYN-PWY: L-valine biosynthesis|g__Eubacterium.s__Eubacterium_siraeum	13.6191918368
VALSYN-PWY: L-valine biosynthesis|g__Bacteroides.s__Bacteroides_vulgatus	11.2018578869
VALSYN-PWY: L-valine biosynthesis|g__Bacteroides.s__Bacteroides_cellulosilyticus	9.6244899698
VALSYN-PWY: L-valine biosynthesis|g__Faecalibacterium.s__Faecalibacterium_prausnitzii	8.3830937367
VALSYN-PWY: L-valine biosynthesis|g__Ruminococcus.s__Ruminococcus_bromii	5.5495510908
VALSYN-PWY: L-valine biosynthesis|g__Parabacteroides.s__Parabacteroides_distasonis	5.3801574716
VALSYN-PWY: L-valine biosynthesis|g__Parabacteroides.s__Parabacteroides_merdae	4.7628991981
VALSYN-PWY: L-valine biosynthesis|g__Blautia.s__Ruminococcus_torques	4.0645060245
VALSYN-PWY: L-valine biosynthesis|g__Bacteroides.s__Bacteroides_xylanisolvens	2.7817945832
VALSYN-PWY: L-valine biosynthesis|g__Dorea.s__Dorea_longicatena	2.5419803855
VALSYN-PWY: L-valine biosynthesis|g__Flavonifractor.s__Flavonifractor_plautii	1.9960605101
VALSYN-PWY: L-valine biosynthesis|g__Bacteroides.s__Bacteroides_intestinalis	1.7198420240
VALSYN-PWY: L-valine biosynthesis|g__Lachnospiraceae_noname.s__Lachnospiraceae_bacterium_7_1_58FAA	1.3407820272
VALSYN-PWY: L-valine biosynthesis|g__Coprobacter.s__Coprobacter_fastidiosus	1.2433043193
VALSYN-PWY: L-valine biosynthesis|g__Bilophila.s__Bilophila_wadsworthia	0.9632462075
VALSYN-PWY: L-valine biosynthesis|g__Clostridium.s__Clostridium_bolteae	0.7510626738
PWY-5667: CDP-diacylglycerol biosynthesis I	125.2380156396
PWY-5667: CDP-diacylglycerol biosynthesis I|g__Bacteroides.s__Bacteroides_uniformis	18.4534598969
PWY-5667: CDP-diacylglycerol biosynthesis I|g__Bacteroides.s__Bacteroides_thetaiotaomicron	8.2333695303
PWY-5667: CDP-diacylglycerol biosynthesis I|g__Eubacterium.s__Eubacterium_siraeum	7.0028662910
PWY-5667: CDP-diacylglycerol biosynthesis I|g__Blautia.s__Ruminococcus_torques	6.3764695914
PWY-5667: CDP-diacylglycerol biosynthesis I|g__Bacteroides.s__Bacteroides_cellulosilyticus	6.1063975021
PWY-5667: CDP-diacylglycerol biosynthesis I|g__Bacteroides.s__Bacteroides_ovatus	5.1720475276
PWY-5667: CDP-diacylglycerol biosynthesis I|g__Parabacteroides.s__Parabacteroides_merdae	4.2419017885
PWY-5667: CDP-diacylglycerol biosynthesis I|g__Ruminococcus.s__Ruminococcus_bromii	3.5306514371
PWY-5667: CDP-diacylglycerol biosynthesis I|g__Clostridium.s__Clostridium_clostridioforme	3.3837566502
PWY-5667: CDP-diacylglycerol biosynthesis I|g__Lachnospiraceae_noname.s__Lachnospiraceae_bacterium_7_1_58FAA	2.0945850958
PWY-5667: CDP-diacylglycerol biosynthesis I|g__Coprobacter.s__Coprobacter_fastidiosus	1.6178406772
PWY-5667: CDP-diacylglycerol biosynthesis I|g__Bacteroides.s__Bacteroides_intestinalis	1.5291234676
PWY-5667: CDP-diacylglycerol biosynthesis I|g__Faecalibacterium.s__Faecalibacterium_prausnitzii	1.3144830531
PWY0-1319: CDP-diacylglycerol biosynthesis II	125.2380156396
PWY0-1319: CDP-diacylglycerol biosynthesis II|g__Bacteroides.s__Bacteroides_uniformis	18.4534598969
PWY0-1319: CDP-diacylglycerol biosynthesis II|g__Bacteroides.s__Bacteroides_thetaiotaomicron	8.2333695303
PWY0-1319: CDP-diacylglycerol biosynthesis II|g__Eubacterium.s__Eubacterium_siraeum	7.0028662910
PWY0-1319: CDP-diacylglycerol biosynthesis II|g__Blautia.s__Ruminococcus_torques	6.3764695914
PWY0-1319: CDP-diacylglycerol biosynthesis II|g__Bacteroides.s__Bacteroides_cellulosilyticus	6.1063975021
PWY0-1319: CDP-diacylglycerol biosynthesis II|g__Bacteroides.s__Bacteroides_ovatus	5.1720475276
PWY0-1319: CDP-diacylglycerol biosynthesis II|g__Parabacteroides.s__Parabacteroides_merdae	4.2419017885
PWY0-1319: CDP-diacylglycerol biosynthesis II|g__Ruminococcus.s__Ruminococcus_bromii	3.5306514371
PWY0-1319: CDP-diacylglycerol biosynthesis II|g__Clostridium.s__Clostridium_clostridioforme	3.3837566502
PWY0-1319: CDP-diacylglycerol biosynthesis II|g__Lachnospiraceae_noname.s__Lachnospiraceae_bacterium_7_1_58FAA	2.0945850958
PWY0-1319: CDP-diacylglycerol biosynthesis II|g__Coprobacter.s__Coprobacter_fastidiosus	1.6178406772
PWY0-1319: CDP-diacylglycerol biosynthesis II|g__Bacteroides.s__Bacteroides_intestinalis	1.5291234676
PWY0-1319: CDP-diacylglycerol biosynthesis II|g__Faecalibacterium.s__Faecalibacterium_prausnitzii	1.3144830531
PWY-5097: L-lysine biosynthesis VI	125.1546233009
PWY-5097: L-lysine biosynthesis VI|g__Bacteroides.s__Bacteroides_uniformis	17.7937025669
PWY-5097: L-lysine biosynthesis VI|g__Bacteroides.s__Bacteroides_vulgatus	10.6846599791
PWY-5097: L-lysine biosynthesis VI|g__Eubacterium.s__Eubacterium_siraeum	7.5658074489
PWY-5097: L-lysine biosynthesis VI|g__Bacteroides.s__Bacteroides_thetaiotaomicron	7.2914514529
PWY-5097: L-lysine biosynthesis VI|g__Parabacteroides.s__Parabacteroides_merdae	6.1949085200
PWY-5097: L-lysine biosynthesis VI|g__Parabacteroides.s__Parabacteroides_distasonis	5.5829528784
PWY-5097: L-lysine biosynthesis VI|g__Bacteroides.s__Bacteroides_cellulosilyticus	5.5320220540
PWY-5097: L-lysine biosynthesis VI|g__Bacteroides.s__Bacteroides_ovatus	4.6365630213
PWY-5097: L-lysine biosynthesis VI|g__Bacteroides.s__Bacteroides_intestinalis	4.2140289253
PWY-5097: L-lysine biosynthesis VI|g__Ruminococcus.s__Ruminococcus_callidus	2.6471799565
PWY-5097: L-lysine biosynthesis VI|g__Faecalibacterium.s__Faecalibacterium_prausnitzii	2.0572744041
PWY-5097: L-lysine biosynthesis VI|g__Bilophila.s__Bilophila_wadsworthia	1.7672274010
PWY-2942: L-lysine biosynthesis III	124.3266632291
PWY-2942: L-lysine biosynthesis III|g__Bacteroides.s__Bacteroides_uniformis	19.6833809509
PWY-2942: L-lysine biosynthesis III|g__Bacteroides.s__Bacteroides_vulgatus	10.1116863237
PWY-2942: L-lysine biosynthesis III|g__Bacteroides.s__Bacteroides_thetaiotaomicron	9.1284317606
PWY-2942: L-lysine biosynthesis III|g__Eubacterium.s__Eubacterium_siraeum	6.9088770633
PWY-2942: L-lysine biosynthesis III|g__Parabacteroides.s__Parabacteroides_distasonis	6.0315620255
PWY-2942: L-lysine biosynthesis III|g__Bacteroides.s__Bacteroides_cellulosilyticus	5.9739426653
PWY-2942: L-lysine biosynthesis III|g__Parabacteroides.s__Parabacteroides_merdae	5.6935058923
PWY-2942: L-lysine biosynthesis III|g__Bacteroides.s__Bacteroides_ovatus	5.3514161573
PWY-2942: L-lysine biosynthesis III|g__Bacteroides.s__Bacteroides_intestinalis	3.8501525949
PWY-2942: L-lysine biosynthesis III|g__Bacteroides.s__Bacteroides_dorei	3.5108208337
PWY-2942: L-lysine biosynthesis III|g__Blautia.s__Ruminococcus_torques	2.6330621148
PWY-2942: L-lysine biosynthesis III|g__Bilophila.s__Bilophila_wadsworthia	2.0082931544
PWY-2942: L-lysine biosynthesis III|g__Coprobacter.s__Coprobacter_fastidiosus	1.4425776001
PWY-6163: chorismate biosynthesis from 3-dehydroquinate	117.6830042995
PWY-6163: chorismate biosynthesis from 3-dehydroquinate|g__Eubacterium.s__Eubacterium_siraeum	8.2399375639
PWY-6163: chorismate biosynthesis from 3-dehydroquinate|g__Ruminococcus.s__Ruminococcus_callidus	6.6932392341
PWY-6163: chorismate biosynthesis from 3-dehydroquinate|g__Alistipes.s__Alistipes_shahii	3.8960764923
PWY-6163: chorismate biosynthesis from 3-dehydroquinate|g__Clostridium.s__Clostridium_clostridioforme	3.2601852301
PWY-6163: chorismate biosynthesis from 3-dehydroquinate|g__Blautia.s__Ruminococcus_torques	2.5408410519
PWY-6163: chorismate biosynthesis from 3-dehydroquinate|g__Roseburia.s__Roseburia_inulinivorans	1.2282890091
PANTO-PWY: phosphopantothenate biosynthesis I	116.6318554817
PANTO-PWY: phosphopantothenate biosynthesis I|g__Bacteroides.s__Bacteroides_uniformis	23.7592177359
PANTO-PWY: phosphopantothenate biosynthesis I|g__Bacteroides.s__Bacteroides_cellulosilyticus	11.1337757751
PANTO-PWY: phosphopantothenate biosynthesis I|g__Bacteroides.s__Bacteroides_ovatus	8.1537436730
PANTO-PWY: phosphopantothenate biosynthesis I|g__Bacteroides.s__Bacteroides_vulgatus	8.0281263304
PANTO-PWY: phosphopantothenate biosynthesis I|g__Blautia.s__Ruminococcus_torques	6.5142676779
PANTO-PWY: phosphopantothenate biosynthesis I|g__Bacteroides.s__Bacteroides_dorei	5.6147707075
PANTO-PWY: phosphopantothenate biosynthesis I|g__Bacteroides.s__Bacteroides_thetaiotaomicron	5.6056536357
PANTO-PWY: phosphopantothenate biosynthesis I|g__Parabacteroides.s__Parabacteroides_merdae	4.7941934861
PANTO-PWY: phosphopantothenate biosynthesis I|g__Parabacteroides.s__Parabacteroides_distasonis	4.3721311900
PANTO-PWY: phosphopantothenate biosynthesis I|g__Ruminococcus.s__Ruminococcus_callidus	4.3332428522
PANTO-PWY: phosphopantothenate biosynthesis I|g__Blautia.s__Ruminococcus_gnavus	1.8590702018
PANTO-PWY: phosphopantothenate biosynthesis I|g__Bacteroides.s__Bacteroides_intestinalis	1.7281158800
PANTO-PWY: phosphopantothenate biosynthesis I|g__Porphyromonas.s__Porphyromonas_asaccharolytica	1.2418503570
NONMEVIPP-PWY: methylerythritol phosphate pathway I	113.8522304820
NONMEVIPP-PWY: methylerythritol phosphate pathway I|g__Bacteroides.s__Bacteroides_vulgatus	7.9790956193
NONMEVIPP-PWY: methylerythritol phosphate pathway I|g__Bacteroides.s__Bacteroides_ovatus	4.2340982692
NONMEVIPP-PWY: methylerythritol phosphate pathway I|g__Coprobacter.s__Coprobacter_fastidiosus	1.8398321857
PWY-5695: urate biosynthesis/inosine 5'-phosphate degradation	112.4746811465
PWY-5695: urate biosynthesis/inosine 5'-phosphate degradation|g__Bacteroides.s__Bacteroides_vulgatus	11.8647710549
PWY-5695: urate biosynthesis/inosine 5'-phosphate degradation|g__Alistipes.s__Alistipes_shahii	6.8976667158
PWY-5695: urate biosynthesis/inosine 5'-phosphate degradation|g__Bacteroides.s__Bacteroides_thetaiotaomicron	6.2983466194
PWY-5695: urate biosynthesis/inosine 5'-phosphate degradation|g__Parabacteroides.s__Parabacteroides_distasonis	4.0011850466
PWY-5695: urate biosynthesis/inosine 5'-phosphate degradation|g__Bacteroides.s__Bacteroides_dorei	3.5099586655
PWY-5695: urate biosynthesis/inosine 5'-phosphate degradation|g__Faecalibacterium.s__Faecalibacterium_prausnitzii	2.7051946732
PWY-5695: urate biosynthesis/inosine 5'-phosphate degradation|g__Bacteroides.s__Bacteroides_ovatus	2.5182183376
PWY-5695: urate biosynthesis/inosine 5'-phosphate degradation|g__Bacteroides.s__Bacteroides_fragilis	2.0106166594
PWY-5695: urate biosynthesis/inosine 5'-phosphate degradation|g__Bacteroides.s__Bacteroides_intestinalis	1.8719968824
PWY-5695: urate biosynthesis/inosine 5'-phosphate degradation|g__Blautia.s__Ruminococcus_torques	1.7219627545
COA-PWY-1: coenzyme A biosynthesis II (mammalian)	112.0348727477
COA-PWY-1: coenzyme A biosynthesis II (mammalian)|g__Bacteroides.s__Bacteroides_uniformis	10.2512722151
COA-PWY-1: coenzyme A biosynthesis II (mammalian)|g__Bacteroides.s__Bacteroides_vulgatus	8.9484261560
COA-PWY-1: coenzyme A biosynthesis II (mammalian)|g__Bacteroides.s__Bacteroides_ovatus	7.9849634459
COA-PWY-1: coenzyme A biosynthesis II (mammalian)|g__Ruminococcus.s__Ruminococcus_callidus	7.7117614210
COA-PWY-1: coenzyme A biosynthesis II (mammalian)|g__Sutterella.s__Sutterella_wadsworthensis	6.5820935123
COA-PWY-1: coenzyme A biosynthesis II (mammalian)|g__Bacteroides.s__Bacteroides_thetaiotaomicron	5.5791275582
COA-PWY-1: coenzyme A biosynthesis II (mammalian)|g__Parabacteroides.s__Parabacteroides_merdae	5.2635099684
COA-PWY-1: coenzyme A biosynthesis II (mammalian)|g__Bacteroides.s__Bacteroides_cellulosilyticus	4.7461585301
COA-PWY-1: coenzyme A biosynthesis II (mammalian)|g__Eubacterium.s__Eubacterium_siraeum	4.3982401154
COA-PWY-1: coenzyme A biosynthesis II (mammalian)|g__Bacteroides.s__Bacteroides_dorei	3.1815893273
COA-PWY-1: coenzyme A biosynthesis II (mammalian)|g__Parabacteroides.s__Parabacteroides_distasonis	2.8105694710
COA-PWY-1: coenzyme A biosynthesis II (mammalian)|g__Bacteroides.s__Bacteroides_xylanisolvens	2.1436750746
PWY-6737: starch degradation V	110.1360964920
PWY-6737: starch degradation V|g__Eubacterium.s__Eubacterium_siraeum	9.8198981528
PWY-6737: starch degradation V|g__Ruminococcus.s__Ruminococcus_bromii	6.1048023613
PWY-6737: starch degradation V|g__Clostridium.s__Clostridium_clostridioforme	5.2900655099
PWY-6737: starch degradation V|g__Dorea.s__Dorea_longicatena	3.2170880431
PWY-6737: starch degradation V|g__Faecalibacterium.s__Faecalibacterium_prausnitzii	2.5401481752
PWY-6737: starch degradation V|g__Blautia.s__Ruminococcus_torques	2.3478233338
PWY-6737: starch degradation V|g__Roseburia.s__Roseburia_inulinivorans	1.3064089019
PWY-6737: starch degradation V|g__Blautia.s__Ruminococcus_gnavus	1.2033694344
PWY-6737: starch degradation V|g__Dorea.s__Dorea_formicigenerans	0.8149959250
PWY-3841: folate transformations II	109.0275625932
PWY-3841: folate transformations II|g__Bacteroides.s__Bacteroides_uniformis	18.5868908155
PWY-3841: folate transformations II|g__Bacteroides.s__Bacteroides_cellulosilyticus	11.7725740503
PWY-3841: folate transformations II|g__Bacteroides.s__Bacteroides_vulgatus	10.9183826311
PWY-3841: folate transformations II|g__Bacteroides.s__Bacteroides_thetaiotaomicron	8.5465700515
PWY-3841: folate transformations II|g__Bacteroides.s__Bacteroides_ovatus	7.5977010146
PWY-3841: folate transformations II|g__Parabacteroides.s__Parabacteroides_merdae	3.9756631696
PWY-3841: folate transformations II|g__Parabacteroides.s__Parabacteroides_distasonis	3.3921092316
PWY-3841: folate transformations II|g__Bacteroides.s__Bacteroides_intestinalis	2.2015814930
PWY-3841: folate transformations II|g__Bacteroides.s__Bacteroides_dorei	1.6468864910
PWY-6703: preQ0 biosynthesis	108.3280394097
PWY-6703: preQ0 biosynthesis|g__Bacteroides.s__Bacteroides_uniformis	14.5322680894
PWY-6703: preQ0 biosynthesis|g__Bacteroides.s__Bacteroides_vulgatus	10.5318453908
PWY-6703: preQ0 biosynthesis|g__Bacteroides.s__Bacteroides_cellulosilyticus	5.8985107210
PWY-6703: preQ0 biosynthesis|g__Parabacteroides.s__Parabacteroides_distasonis	4.9314563911
PWY-6703: preQ0 biosynthesis|g__Bacteroides.s__Bacteroides_thetaiotaomicron	4.6451674647
PWY-6703: preQ0 biosynthesis|g__Bacteroides.s__Bacteroides_dorei	2.9010569426
PWY-6703: preQ0 biosynthesis|g__Bacteroides.s__Bacteroides_fragilis	2.5571599184
PWY-6703: preQ0 biosynthesis|g__Parabacteroides.s__Parabacteroides_merdae	2.0979660957
COMPLETE-ARO-PWY: superpathway of aromatic amino acid biosynthesis	105.9040442938
COMPLETE-ARO-PWY: superpathway of aromatic amino acid biosynthesis|g__Eubacterium.s__Eubacterium_siraeum	9.9319097428
COMPLETE-ARO-PWY: superpathway of aromatic amino acid biosynthesis|g__Clostridium.s__Clostridium_clostridioforme	3.0637172540
COMPLETE-ARO-PWY: superpathway of aromatic amino acid biosynthesis|g__Blautia.s__Ruminococcus_torques	3.0256444653
ANAGLYCOLYSIS-PWY: glycolysis III (from glucose)	105.4279188774
ANAGLYCOLYSIS-PWY: glycolysis III (from glucose)|g__Bacteroides.s__Bacteroides_ovatus	7.3836890000
ANAGLYCOLYSIS-PWY: glycolysis III (from glucose)|g__Alistipes.s__Alistipes_shahii	4.0189938608
ANAGLYCOLYSIS-PWY: glycolysis III (from glucose)|g__Bacteroides.s__Bacteroides_xylanisolvens	1.7137373062
ARO-PWY: chorismate biosynthesis I	105.2712035753
ARO-PWY: chorismate biosynthesis I|g__Eubacterium.s__Eubacterium_siraeum	9.4603989296
ARO-PWY: chorismate biosynthesis I|g__Clostridium.s__Clostridium_clostridioforme	2.9835389380
ARO-PWY: chorismate biosynthesis I|g__Blautia.s__Ruminococcus_torques	2.9097194691
ARO-PWY: chorismate biosynthesis I|g__Roseburia.s__Roseburia_inulinivorans	1.1806966488
1CMET2-PWY: N10-formyl-tetrahydrofolate biosynthesis	102.8639842823
1CMET2-PWY: N10-formyl-tetrahydrofolate biosynthesis|g__Bacteroides.s__Bacteroides_uniformis	15.7567321284
1CMET2-PWY: N10-formyl-tetrahydrofolate biosynthesis|g__Bacteroides.s__Bacteroides_thetaiotaomicron	8.2506293123
1CMET2-PWY: N10-formyl-tetrahydrofolate biosynthesis|g__Bacteroides.s__Bacteroides_cellulosilyticus	7.2100249174
1CMET2-PWY: N10-formyl-tetrahydrofolate biosynthesis|g__Parabacteroides.s__Parabacteroides_merdae	3.7026091549
1CMET2-PWY: N10-formyl-tetrahydrofolate biosynthesis|g__Bacteroides.s__Bacteroides_intestinalis	2.0617508958
PWY-1042: glycolysis IV (plant cytosol)	94.3940842941
PWY-1042: glycolysis IV (plant cytosol)|g__Bacteroides.s__Bacteroides_ovatus	9.7435790075
PWY-1042: glycolysis IV (plant cytosol)|g__Bacteroides.s__Bacteroides_thetaiotaomicron	7.9705110529
PWY-1042: glycolysis IV (plant cytosol)|g__Faecalibacterium.s__Faecalibacterium_prausnitzii	3.8739400282
PWY-1042: glycolysis IV (plant cytosol)|g__Alistipes.s__Alistipes_shahii	3.0523618136
PWY-1042: glycolysis IV (plant cytosol)|g__Bacteroides.s__Bacteroides_xylanisolvens	1.4026962611
PWY-6700: queuosine biosynthesis	92.2657400465
PWY-6700: queuosine biosynthesis|g__Bacteroides.s__Bacteroides_uniformis	15.2405419507
PWY-6700: queuosine biosynthesis|g__Bacteroides.s__Bacteroides_vulgatus	9.4322965256
PWY-6700: queuosine biosynthesis|g__Bacteroides.s__Bacteroides_thetaiotaomicron	8.6813023580
PWY-6700: queuosine biosynthesis|g__Bacteroides.s__Bacteroides_cellulosilyticus	7.5171190160
PWY-6700: queuosine biosynthesis|g__Bacteroides.s__Bacteroides_ovatus	7.1780345374
PWY-6700: queuosine biosynthesis|g__Parabacteroides.s__Parabacteroides_distasonis	4.0941965943
PWY-6700: queuosine biosynthesis|g__Sutterella.s__Sutterella_wadsworthensis	3.0605752884
PWY-6700: queuosine biosynthesis|g__Ruminococcus.s__Ruminococcus_callidus	2.5794300933
PWY-7229: superpathway of adenosine nucleotides de novo biosynthesis I	91.8935977384
PWY-7229: superpathway of adenosine nucleotides de novo biosynthesis I|g__Bacteroides.s__Bacteroides_cellulosilyticus	16.7180287752
PWY-7229: superpathway of adenosine nucleotides de novo biosynthesis I|g__Bacteroides.s__Bacteroides_vulgatus	8.0992790206
PWY-7229: superpathway of adenosine nucleotides de novo biosynthesis I|g__Sutterella.s__Sutterella_wadsworthensis	4.5766252783
PWY-7229: superpathway of adenosine nucleotides de novo biosynthesis I|g__Bacteroides.s__Bacteroides_dorei	4.4386166216
PWY-6121: 5-aminoimidazole ribonucleotide biosynthesis I	90.2720325365
PWY-6121: 5-aminoimidazole ribonucleotide biosynthesis I|g__Eubacterium.s__Eubacterium_siraeum	8.6915667952
PWY-6121: 5-aminoimidazole ribonucleotide biosynthesis I|g__Sutterella.s__Sutterella_wadsworthensis	5.6898602131
PWY-6121: 5-aminoimidazole ribonucleotide biosynthesis I|g__Collinsella.s__Collinsella_aerofaciens	5.2001730320
PWY-6121: 5-aminoimidazole ribonucleotide biosynthesis I|g__Ruminococcus.s__Ruminococcus_callidus	3.6236951120
PWY-6121: 5-aminoimidazole ribonucleotide biosynthesis I|g__Alistipes.s__Alistipes_onderdonkii	3.5166698994
PWY-6121: 5-aminoimidazole ribonucleotide biosynthesis I|g__Blautia.s__Ruminococcus_torques	2.6486335172
PWY-6121: 5-aminoimidazole ribonucleotide biosynthesis I|g__Ruminococcus.s__Ruminococcus_bromii	2.4455630113
PWY-6121: 5-aminoimidazole ribonucleotide biosynthesis I|g__Faecalibacterium.s__Faecalibacterium_prausnitzii	1.5191670062
PWY-6121: 5-aminoimidazole ribonucleotide biosynthesis I|g__Roseburia.s__Roseburia_inulinivorans	0.9240436149
NONOXIPENT-PWY: pentose phosphate pathway (non-oxidative branch)	87.7663121869
NONOXIPENT-PWY: pentose phosphate pathway (non-oxidative branch)|g__Eubacterium.s__Eubacterium_siraeum	23.9987706926
NONOXIPENT-PWY: pentose phosphate pathway (non-oxidative branch)|g__Ruminococcus.s__Ruminococcus_bromii	7.8825809395
NONOXIPENT-PWY: pentose phosphate pathway (non-oxidative branch)|g__Bacteroides.s__Bacteroides_thetaiotaomicron	4.2353137783
NONOXIPENT-PWY: pentose phosphate pathway (non-oxidative branch)|g__Alistipes.s__Alistipes_shahii	3.8114555399
NONOXIPENT-PWY: pentose phosphate pathway (non-oxidative branch)|g__Clostridium.s__Clostridium_bolteae	1.8311590963
PWY-724: superpathway of L-lysine, L-threonine and L-methionine biosynthesis II	86.9110788168
PWY-724: superpathway of L-lysine, L-threonine and L-methionine biosynthesis II|g__Faecalibacterium.s__Faecalibacterium_prausnitzii	2.2254371027
PWY-5973: cis-vaccenate biosynthesis	85.1628049246
PWY-5973: cis-vaccenate biosynthesis|g__Blautia.s__Ruminococcus_torques	2.0123530378
PWY-6122: 5-aminoimidazole ribonucleotide biosynthesis II	83.7075842013
PWY-6122: 5-aminoimidazole ribonucleotide biosynthesis II|g__Eubacterium.s__Eubacterium_siraeum	9.1940209034
PWY-6122: 5-aminoimidazole ribonucleotide biosynthesis II|g__Collinsella.s__Collinsella_aerofaciens	8.6112737125
PWY-6122: 5-aminoimidazole ribonucleotide biosynthesis II|g__Sutterella.s__Sutterella_wadsworthensis	6.0446422790
PWY-6122: 5-aminoimidazole ribonucleotide biosynthesis II|g__Ruminococcus.s__Ruminococcus_callidus	3.2243640684
PWY-6122: 5-aminoimidazole ribonucleotide biosynthesis II|g__Alistipes.s__Alistipes_onderdonkii	3.0302205644
PWY-6122: 5-aminoimidazole ribonucleotide biosynthesis II|g__Blautia.s__Ruminococcus_torques	2.4818809987
PWY-6122: 5-aminoimidazole ribonucleotide biosynthesis II|g__Ruminococcus.s__Ruminococcus_bromii	2.1499826102
PWY-6122: 5-aminoimidazole ribonucleotide biosynthesis II|g__Faecalibacterium.s__Faecalibacterium_prausnitzii	1.2653429717
PWY-6122: 5-aminoimidazole ribonucleotide biosynthesis II|g__Flavonifractor.s__Flavonifractor_plautii	1.2265463905
PWY-6122: 5-aminoimidazole ribonucleotide biosynthesis II|g__Bilophila.s__Bilophila_wadsworthia	0.8428150021
PWY-6122: 5-aminoimidazole ribonucleotide biosynthesis II|g__Roseburia.s__Roseburia_inulinivorans	0.8215239269
PWY-6277: superpathway of 5-aminoimidazole ribonucleotide biosynthesis	83.7075842013
PWY-6277: superpathway of 5-aminoimidazole ribonucleotide biosynthesis|g__Eubacterium.s__Eubacterium_siraeum	9.1940209034
PWY-6277: superpathway of 5-aminoimidazole ribonucleotide biosynthesis|g__Collinsella.s__Collinsella_aerofaciens	8.6112737125
PWY-6277: superpathway of 5-aminoimidazole ribonucleotide biosynthesis|g__Sutterella.s__Sutterella_wadsworthensis	6.0446422790
PWY-6277: superpathway of 5-aminoimidazole ribonucleotide biosynthesis|g__Ruminococcus.s__Ruminococcus_callidus	3.2243640684
PWY-6277: superpathway of 5-aminoimidazole ribonucleotide biosynthesis|g__Alistipes.s__Alistipes_onderdonkii	3.0302205644
PWY-6277: superpathway of 5-aminoimidazole ribonucleotide biosynthesis|g__Blautia.s__Ruminococcus_torques	2.4818809987
PWY-6277: superpathway of 5-aminoimidazole ribonucleotide biosynthesis|g__Ruminococcus.s__Ruminococcus_bromii	2.1499826102
PWY-6277: superpathway of 5-aminoimidazole ribonucleotide biosynthesis|g__Faecalibacterium.s__Faecalibacterium_prausnitzii	1.2653429717
PWY-6277: superpathway of 5-aminoimidazole ribonucleotide biosynthesis|g__Flavonifractor.s__Flavonifractor_plautii	1.2265463905
PWY-6277: superpathway of 5-aminoimidazole ribonucleotide biosynthesis|g__Bilophila.s__Bilophila_wadsworthia	0.8428150021
PWY-6277: superpathway of 5-aminoimidazole ribonucleotide biosynthesis|g__Roseburia.s__Roseburia_inulinivorans	0.8215239269
PWY-6385: peptidoglycan biosynthesis III (mycobacteria)	82.4733001155
PWY-6385: peptidoglycan biosynthesis III (mycobacteria)|g__Bacteroides.s__Bacteroides_ovatus	8.5268592375
PWY-6385: peptidoglycan biosynthesis III (mycobacteria)|g__Parabacteroides.s__Parabacteroides_distasonis	6.6966878098
PWY-6385: peptidoglycan biosynthesis III (mycobacteria)|g__Faecalibacterium.s__Faecalibacterium_prausnitzii	3.0203247495
PWY-6385: peptidoglycan biosynthesis III (mycobacteria)|g__Blautia.s__Ruminococcus_torques	2.6286003465
PWY-6385: peptidoglycan biosynthesis III (mycobacteria)|g__Bacteroides.s__Bacteroides_fragilis	1.3234737525
PWY-7663: gondoate biosynthesis (anaerobic)	80.7191409337
PWY-7663: gondoate biosynthesis (anaerobic)|g__Bacteroides.s__Bacteroides_thetaiotaomicron	4.5123143150
PWY-7663: gondoate biosynthesis (anaerobic)|g__Bacteroides.s__Bacteroides_ovatus	2.6157662551
PWY-6151: S-adenosyl-L-methionine cycle I	78.8131500499
PWY-6151: S-adenosyl-L-methionine cycle I|g__Bacteroides.s__Bacteroides_uniformis	18.7407530643
PWY-6151: S-adenosyl-L-methionine cycle I|g__Bacteroides.s__Bacteroides_vulgatus	9.3946193673
PWY-6151: S-adenosyl-L-methionine cycle I|g__Bacteroides.s__Bacteroides_dorei	4.1274832817
PWY-6151: S-adenosyl-L-methionine cycle I|g__Ruminococcus.s__Ruminococcus_bromii	3.2205148837
PWY-6151: S-adenosyl-L-methionine cycle I|g__Ruminococcus.s__Ruminococcus_callidus	3.1524302062
PWY-6151: S-adenosyl-L-methionine cycle I|g__Blautia.s__Ruminococcus_torques	2.1844560703
PWY-6151: S-adenosyl-L-methionine cycle I|g__Dorea.s__Dorea_longicatena	1.3744259300
PWY-6151: S-adenosyl-L-methionine cycle I|g__Porphyromonas.s__Porphyromonas_asaccharolytica	1.2622278321
CALVIN-PWY: Calvin-Benson-Bassham cycle	77.1997219562
PWY-6126: superpathway of adenosine nucleotides de novo biosynthesis II	73.7371516845
PWY-6126: superpathway of adenosine nucleotides de novo biosynthesis II|g__Bacteroides.s__Bacteroides_cellulosilyticus	15.6950290823
PWY-6126: superpathway of adenosine nucleotides de novo biosynthesis II|g__Bacteroides.s__Bacteroides_vulgatus	6.2791155873
PWY-6126: superpathway of adenosine nucleotides de novo biosynthesis II|g__Sutterella.s__Sutterella_wadsworthensis	4.2372633304
PWY-6126: superpathway of adenosine nucleotides de novo biosynthesis II|g__Bacteroides.s__Bacteroides_dorei	4.0235145099
PWY-6168: flavin biosynthesis III (fungi)	71.1338720330
PWY-6168: flavin biosynthesis III (fungi)|g__Bacteroides.s__Bacteroides_thetaiotaomicron	7.9908587339
PWY0-845: superpathway of pyridoxal 5'-phosphate biosynthesis and salvage	70.1570059451
PWY0-845: superpathway of pyridoxal 5'-phosphate biosynthesis and salvage|g__Bacteroides.s__Bacteroides_uniformis	13.0328209833
PWY0-845: superpathway of pyridoxal 5'-phosphate biosynthesis and salvage|g__Bacteroides.s__Bacteroides_thetaiotaomicron	5.7882680283
PWY0-845: superpathway of pyridoxal 5'-phosphate biosynthesis and salvage|g__Bacteroides.s__Bacteroides_ovatus	2.2051144785
ARGININE-SYN4-PWY: L-ornithine de novo  biosynthesis	67.9590695927
ARGININE-SYN4-PWY: L-ornithine de novo  biosynthesis|g__Bacteroides.s__Bacteroides_uniformis	13.5389285010
ARGININE-SYN4-PWY: L-ornithine de novo  biosynthesis|g__Bacteroides.s__Bacteroides_cellulosilyticus	12.3901773895
ARGININE-SYN4-PWY: L-ornithine de novo  biosynthesis|g__Bacteroides.s__Bacteroides_ovatus	5.2868506488
ARGININE-SYN4-PWY: L-ornithine de novo  biosynthesis|g__Bacteroides.s__Bacteroides_thetaiotaomicron	4.3065088324
ARGININE-SYN4-PWY: L-ornithine de novo  biosynthesis|g__Bacteroides.s__Bacteroides_intestinalis	4.2194383011
ARGININE-SYN4-PWY: L-ornithine de novo  biosynthesis|g__Bacteroides.s__Bacteroides_fragilis	1.3006590776
ARGININE-SYN4-PWY: L-ornithine de novo  biosynthesis|g__Bacteroides.s__Bacteroides_xylanisolvens	1.0089548683
PWY-6897: thiamin salvage II	64.9807617642
PWY-3001: superpathway of L-isoleucine biosynthesis I	63.9112713323
PWY-3001: superpathway of L-isoleucine biosynthesis I|g__Faecalibacterium.s__Faecalibacterium_prausnitzii	4.0653406355
PWY-7228: superpathway of guanosine nucleotides de novo biosynthesis I	63.5664040032
PWY-7228: superpathway of guanosine nucleotides de novo biosynthesis I|g__Bacteroides.s__Bacteroides_cellulosilyticus	13.2510618528
PWY-7228: superpathway of guanosine nucleotides de novo biosynthesis I|g__Parabacteroides.s__Parabacteroides_distasonis	8.4811222543
PWY-7228: superpathway of guanosine nucleotides de novo biosynthesis I|g__Bacteroides.s__Bacteroides_vulgatus	5.4090624308
PWY-7228: superpathway of guanosine nucleotides de novo biosynthesis I|g__Sutterella.s__Sutterella_wadsworthensis	4.1015001375
PWY-7228: superpathway of guanosine nucleotides de novo biosynthesis I|g__Bacteroides.s__Bacteroides_dorei	3.4694570002
PYRIDOXSYN-PWY: pyridoxal 5'-phosphate biosynthesis I	62.2656775190
PYRIDOXSYN-PWY: pyridoxal 5'-phosphate biosynthesis I|g__Bacteroides.s__Bacteroides_uniformis	11.6089846780
PYRIDOXSYN-PWY: pyridoxal 5'-phosphate biosynthesis I|g__Bacteroides.s__Bacteroides_thetaiotaomicron	6.5541131841
PYRIDOXSYN-PWY: pyridoxal 5'-phosphate biosynthesis I|g__Bacteroides.s__Bacteroides_ovatus	5.4540670239
PWY-7282: 4-amino-2-methyl-5-phosphomethylpyrimidine biosynthesis (yeast)	60.3300238507
PWY-7282: 4-amino-2-methyl-5-phosphomethylpyrimidine biosynthesis (yeast)|g__Bacteroides.s__Bacteroides_ovatus	2.4329722091
THRESYN-PWY: superpathway of L-threonine biosynthesis	59.6178999490
THRESYN-PWY: superpathway of L-threonine biosynthesis|g__Faecalibacterium.s__Faecalibacterium_prausnitzii	3.0285596294
PWY-7357: thiamin formation from pyrithiamine and oxythiamine (yeast)	57.2335400402
PWY-7357: thiamin formation from pyrithiamine and oxythiamine (yeast)|g__Eubacterium.s__Eubacterium_siraeum	7.8534365478
PWY-7357: thiamin formation from pyrithiamine and oxythiamine (yeast)|g__Ruminococcus.s__Ruminococcus_bromii	1.6973007539
PWY-7357: thiamin formation from pyrithiamine and oxythiamine (yeast)|g__Escherichia.s__Escherichia_coli	1.4144271570
PWY-6125: superpathway of guanosine nucleotides de novo biosynthesis II	56.4387002770
PWY-6125: superpathway of guanosine nucleotides de novo biosynthesis II|g__Bacteroides.s__Bacteroides_vulgatus	4.7193677279
PWY-6125: superpathway of guanosine nucleotides de novo biosynthesis II|g__Sutterella.s__Sutterella_wadsworthensis	3.8805255257
PWY-6125: superpathway of guanosine nucleotides de novo biosynthesis II|g__Bacteroides.s__Bacteroides_dorei	2.9320879241
ANAEROFRUCAT-PWY: homolactic fermentation	55.8261593382
PWY-841: superpathway of purine nucleotides de novo biosynthesis I	55.4463836856
HISTSYN-PWY: L-histidine biosynthesis	54.9349579824
HISTSYN-PWY: L-histidine biosynthesis|g__Eubacterium.s__Eubacterium_siraeum	7.7429605380
HISTSYN-PWY: L-histidine biosynthesis|g__Bacteroides.s__Bacteroides_thetaiotaomicron	5.8398541475
BRANCHED-CHAIN-AA-SYN-PWY: superpathway of branched amino acid biosynthesis	52.8606984788
BRANCHED-CHAIN-AA-SYN-PWY: superpathway of branched amino acid biosynthesis|g__Eubacterium.s__Eubacterium_siraeum	13.0456942428
BRANCHED-CHAIN-AA-SYN-PWY: superpathway of branched amino acid biosynthesis|g__Faecalibacterium.s__Faecalibacterium_prausnitzii	8.2682636537
SER-GLYSYN-PWY: superpathway of L-serine and glycine biosynthesis I	51.5768847376
SER-GLYSYN-PWY: superpathway of L-serine and glycine biosynthesis I|g__Eubacterium.s__Eubacterium_siraeum	8.8431045017
SER-GLYSYN-PWY: superpathway of L-serine and glycine biosynthesis I|g__Ruminococcus.s__Ruminococcus_bromii	5.0091498899
SER-GLYSYN-PWY: superpathway of L-serine and glycine biosynthesis I|g__Faecalibacterium.s__Faecalibacterium_prausnitzii	2.9616950034
SER-GLYSYN-PWY: superpathway of L-serine and glycine biosynthesis I|g__Porphyromonas.s__Porphyromonas_asaccharolytica	1.2210677361
PWY-6123: inosine-5'-phosphate biosynthesis I	50.2546662910
PWY-6123: inosine-5'-phosphate biosynthesis I|g__Eubacterium.s__Eubacterium_siraeum	8.4949174540
PWY-6123: inosine-5'-phosphate biosynthesis I|g__Bacteroides.s__Bacteroides_thetaiotaomicron	7.0462348434
PWY-6123: inosine-5'-phosphate biosynthesis I|g__Bacteroides.s__Bacteroides_ovatus	3.4440666931
PWY-6123: inosine-5'-phosphate biosynthesis I|g__Faecalibacterium.s__Faecalibacterium_prausnitzii	2.7003548351
PWY-7208: superpathway of pyrimidine nucleobases salvage	50.2357456975
PWY-7208: superpathway of pyrimidine nucleobases salvage|g__Eubacterium.s__Eubacterium_siraeum	8.8389808442
PWY-7208: superpathway of pyrimidine nucleobases salvage|g__Sutterella.s__Sutterella_wadsworthensis	4.1151953004
TRNA-CHARGING-PWY: tRNA charging	50.1240687674
RIBOSYN2-PWY: flavin biosynthesis I (bacteria and plants)	48.0474019363
ASPASN-PWY: superpathway of L-aspartate and L-asparagine biosynthesis	47.8152316843
ASPASN-PWY: superpathway of L-aspartate and L-asparagine biosynthesis|g__Bacteroides.s__Bacteroides_ovatus	6.8978602735
ASPASN-PWY: superpathway of L-aspartate and L-asparagine biosynthesis|g__Bacteroides.s__Bacteroides_thetaiotaomicron	6.5014509026
ASPASN-PWY: superpathway of L-aspartate and L-asparagine biosynthesis|g__Faecalibacterium.s__Faecalibacterium_prausnitzii	3.9817152639
PWY4FS-7: phosphatidylglycerol biosynthesis I (plastidic)	47.7245619902
PWY4FS-8: phosphatidylglycerol biosynthesis II (non-plastidic)	47.7245619902
DTDPRHAMSYN-PWY: dTDP-L-rhamnose biosynthesis I	47.1494409828
DTDPRHAMSYN-PWY: dTDP-L-rhamnose biosynthesis I|g__Alistipes.s__Alistipes_shahii	8.7617361557
DTDPRHAMSYN-PWY: dTDP-L-rhamnose biosynthesis I|g__Bacteroides.s__Bacteroides_ovatus	6.8623300332
DTDPRHAMSYN-PWY: dTDP-L-rhamnose biosynthesis I|g__Faecalibacterium.s__Faecalibacterium_prausnitzii	4.5629315681
PWY0-166: superpathway of pyrimidine deoxyribonucleotides de novo biosynthesis (E. coli)	44.9508867064
PHOSLIPSYN-PWY: superpathway of phospholipid biosynthesis I (bacteria)	44.7545986019
PWY0-162: superpathway of pyrimidine ribonucleotides de novo biosynthesis	44.6067971549
PWY-6317: galactose degradation I (Leloir pathway)	44.6061194941
PWY-6317: galactose degradation I (Leloir pathway)|g__Eubacterium.s__Eubacterium_siraeum	6.3015802957
PWY-6317: galactose degradation I (Leloir pathway)|g__Faecalibacterium.s__Faecalibacterium_prausnitzii	3.3034704365
PWY-6317: galactose degradation I (Leloir pathway)|g__Ruminococcus.s__Ruminococcus_bromii	2.7851656412
PWY66-422: D-galactose degradation V (Leloir pathway)	44.6061194941
PWY66-422: D-galactose degradation V (Leloir pathway)|g__Eubacterium.s__Eubacterium_siraeum	7.7967665852
PWY66-422: D-galactose degradation V (Leloir pathway)|g__Faecalibacterium.s__Faecalibacterium_prausnitzii	3.3034704365
PWY66-422: D-galactose degradation V (Leloir pathway)|g__Ruminococcus.s__Ruminococcus_bromii	2.7851656412
PWY-6124: inosine-5'-phosphate biosynthesis II	44.0216365080
PWY-6124: inosine-5'-phosphate biosynthesis II|g__Eubacterium.s__Eubacterium_siraeum	8.3409879107
PWY-6124: inosine-5'-phosphate biosynthesis II|g__Bacteroides.s__Bacteroides_thetaiotaomicron	6.7722182651
PWY-6124: inosine-5'-phosphate biosynthesis II|g__Bacteroides.s__Bacteroides_ovatus	3.1231817070
PWY-6124: inosine-5'-phosphate biosynthesis II|g__Bacteroides.s__Bacteroides_xylanisolvens	2.9210379054
PWY-6124: inosine-5'-phosphate biosynthesis II|g__Faecalibacterium.s__Faecalibacterium_prausnitzii	2.9204046750
PWY-5103: L-isoleucine biosynthesis III	43.6926459916
PWY-5103: L-isoleucine biosynthesis III|g__Eubacterium.s__Eubacterium_siraeum	12.2458178112
PWY-5103: L-isoleucine biosynthesis III|g__Faecalibacterium.s__Faecalibacterium_prausnitzii	8.2578316969
PWY-6527: stachyose degradation	43.2511907433
PWY-6527: stachyose degradation|g__Eubacterium.s__Eubacterium_siraeum	11.1146759324
PWY-6527: stachyose degradation|g__Faecalibacterium.s__Faecalibacterium_prausnitzii	2.8747530701
PWY-1269: CMP-3-deoxy-D-manno-octulosonate biosynthesis I	43.2303615523
PWY-1269: CMP-3-deoxy-D-manno-octulosonate biosynthesis I|g__Alistipes.s__Alistipes_shahii	5.1318719566
PWY-1269: CMP-3-deoxy-D-manno-octulosonate biosynthesis I|g__Bacteroides.s__Bacteroides_ovatus	4.5767636027
PWY-1269: CMP-3-deoxy-D-manno-octulosonate biosynthesis I|g__Bacteroides.s__Bacteroides_thetaiotaomicron	4.5388422524
PYRIDNUCSYN-PWY: NAD biosynthesis I (from aspartate)	42.1640777972
PYRIDNUCSYN-PWY: NAD biosynthesis I (from aspartate)|g__Eubacterium.s__Eubacterium_siraeum	7.8125959530
PYRIDNUCSYN-PWY: NAD biosynthesis I (from aspartate)|g__Alistipes.s__Alistipes_shahii	5.0890994668
PYRIDNUCSYN-PWY: NAD biosynthesis I (from aspartate)|g__Porphyromonas.s__Porphyromonas_asaccharolytica	1.5715300529
PWY-7220: adenosine deoxyribonucleotides de novo biosynthesis II	41.5528622737
PWY-7220: adenosine deoxyribonucleotides de novo biosynthesis II|g__Bacteroides.s__Bacteroides_cellulosilyticus	12.5709928998
PWY-7220: adenosine deoxyribonucleotides de novo biosynthesis II|g__Sutterella.s__Sutterella_wadsworthensis	3.6448403215
PWY-7220: adenosine deoxyribonucleotides de novo biosynthesis II|g__Bacteroides.s__Bacteroides_vulgatus	3.5816073361
PWY-7220: adenosine deoxyribonucleotides de novo biosynthesis II|g__Bacteroides.s__Bacteroides_dorei	2.9420547535
PWY-7222: guanosine deoxyribonucleotides de novo biosynthesis II	41.5528622737
PWY-7222: guanosine deoxyribonucleotides de novo biosynthesis II|g__Bacteroides.s__Bacteroides_cellulosilyticus	12.5709928998
PWY-7222: guanosine deoxyribonucleotides de novo biosynthesis II|g__Sutterella.s__Sutterella_wadsworthensis	3.6448403215
PWY-7222: guanosine deoxyribonucleotides de novo biosynthesis II|g__Bacteroides.s__Bacteroides_vulgatus	3.5816073361
PWY-7222: guanosine deoxyribonucleotides de novo biosynthesis II|g__Bacteroides.s__Bacteroides_dorei	2.9420547535
PANTOSYN-PWY: pantothenate and coenzyme A biosynthesis I	41.4715420927
PANTOSYN-PWY: pantothenate and coenzyme A biosynthesis I|g__Bacteroides.s__Bacteroides_ovatus	8.3233199459
PWY-7184: pyrimidine deoxyribonucleotides de novo biosynthesis I	41.4427638520
THISYNARA-PWY: superpathway of thiamin diphosphate biosynthesis III (eukaryotes)	41.0758379302
THISYNARA-PWY: superpathway of thiamin diphosphate biosynthesis III (eukaryotes)|g__Bacteroides.s__Bacteroides_ovatus	11.1822955107
PWY-5659: GDP-mannose biosynthesis	40.8760726215
PWY-5659: GDP-mannose biosynthesis|g__Eubacterium.s__Eubacterium_siraeum	8.5403690491
PWY-5659: GDP-mannose biosynthesis|g__Alistipes.s__Alistipes_shahii	4.6562791020
PWY-5659: GDP-mannose biosynthesis|g__Bacteroides.s__Bacteroides_ovatus	4.4849860734
PWY-5659: GDP-mannose biosynthesis|g__Alistipes.s__Alistipes_onderdonkii	3.9330725271
PWY-5659: GDP-mannose biosynthesis|g__Faecalibacterium.s__Faecalibacterium_prausnitzii	3.7707215546
PWY-5659: GDP-mannose biosynthesis|g__Bacteroides.s__Bacteroides_xylanisolvens	2.5183854802
PWY-6609: adenine and adenosine salvage III	40.5035413003
PWY-6609: adenine and adenosine salvage III|g__Bacteroides.s__Bacteroides_thetaiotaomicron	8.9199432424
PWY-6609: adenine and adenosine salvage III|g__Bacteroides.s__Bacteroides_ovatus	6.2477714776
PWY-6609: adenine and adenosine salvage III|g__Alistipes.s__Alistipes_shahii	4.7568065199
PWY-6609: adenine and adenosine salvage III|g__Faecalibacterium.s__Faecalibacterium_prausnitzii	3.0405022447
PWY-6609: adenine and adenosine salvage III|g__Morganella.s__Morganella_morganii	1.2714558169
PWY-7456: mannan degradation	39.9533546356
PWY-7456: mannan degradation|g__Eubacterium.s__Eubacterium_siraeum	8.4573124732
PWY-7456: mannan degradation|g__Bacteroides.s__Bacteroides_ovatus	3.7937256100
TRPSYN-PWY: L-tryptophan biosynthesis	39.5505486368
TRPSYN-PWY: L-tryptophan biosynthesis|g__Blautia.s__Ruminococcus_torques	1.9450904324
RHAMCAT-PWY: L-rhamnose degradation I	38.6563556424
RHAMCAT-PWY: L-rhamnose degradation I|g__Bacteroides.s__Bacteroides_thetaiotaomicron	5.9157466640
RHAMCAT-PWY: L-rhamnose degradation I|g__Bacteroides.s__Bacteroides_ovatus	3.8793308674
RHAMCAT-PWY: L-rhamnose degradation I|g__Bacteroides.s__Bacteroides_xylanisolvens	2.4528416473
PWY66-400: glycolysis VI (metazoan)	38.2341895437
PWY-5484: glycolysis II (from fructose 6-phosphate)	38.1664670786
PWY66-399: gluconeogenesis III	38.1538677975
GLYCOLYSIS: glycolysis I (from glucose 6-phosphate)	38.1172865200
PWY-7211: superpathway of pyrimidine deoxyribonucleotides de novo biosynthesis	37.1715743569
PWY-7383: anaerobic energy metabolism (invertebrates, cytosol)	36.6335499945
PWY-7400: L-arginine biosynthesis IV (archaebacteria)	35.5830831813
PWY-7400: L-arginine biosynthesis IV (archaebacteria)|g__Blautia.s__Ruminococcus_torques	1.9491408970
PWY-7196: superpathway of pyrimidine ribonucleosides salvage	34.5244785503
CITRULBIO-PWY: L-citrulline biosynthesis	34.3075692029
DENOVOPURINE2-PWY: superpathway of purine nucleotides de novo biosynthesis II	33.4394950290
PWY0-1296: purine ribonucleosides degradation	32.9160740414
PWY0-1296: purine ribonucleosides degradation|g__Clostridium.s__Clostridium_clostridioforme	8.2437186233
PWY0-1296: purine ribonucleosides degradation|g__Faecalibacterium.s__Faecalibacterium_prausnitzii	3.8360269934
PWY0-1296: purine ribonucleosides degradation|g__Clostridium.s__Clostridium_bolteae	3.0937061632
PWY0-1296: purine ribonucleosides degradation|g__Blautia.s__Ruminococcus_torques	2.9576238648
PWY-6545: pyrimidine deoxyribonucleotides de novo biosynthesis III	32.7723909235
ARGSYN-PWY: L-arginine biosynthesis I (via L-ornithine)	32.4835119584
ARGSYN-PWY: L-arginine biosynthesis I (via L-ornithine)|g__Blautia.s__Ruminococcus_torques	1.9100078668
PWY-4981: L-proline biosynthesis II (from arginine)	30.7028725238
PWY-4981: L-proline biosynthesis II (from arginine)|g__Collinsella.s__Collinsella_aerofaciens	4.1687305968
PRPP-PWY: superpathway of histidine, purine, and pyrimidine biosynthesis	30.5793696689
PWY-4984: urea cycle	30.4414800087
PWY-2941: L-lysine biosynthesis II	30.2407371706
DAPLYSINESYN-PWY: L-lysine biosynthesis I	30.1881264330
PWY-5188: tetrapyrrole biosynthesis I (from glutamate)	28.7415333637
PWY-5188: tetrapyrrole biosynthesis I (from glutamate)|g__Ruminococcus.s__Ruminococcus_callidus	5.5831656440
PWY-5188: tetrapyrrole biosynthesis I (from glutamate)|g__Lachnospiraceae_noname.s__Lachnospiraceae_bacterium_7_1_58FAA	2.6150274319
PWY-5188: tetrapyrrole biosynthesis I (from glutamate)|g__Sutterella.s__Sutterella_wadsworthensis	2.5946215565
PWY-5188: tetrapyrrole biosynthesis I (from glutamate)|g__Ruminococcus.s__Ruminococcus_bromii	2.3107830892
PWY-5188: tetrapyrrole biosynthesis I (from glutamate)|g__Bilophila.s__Bilophila_wadsworthia	1.3768714818
PWY-7197: pyrimidine deoxyribonucleotide phosphorylation	27.8800428679
PWY-5022: 4-aminobutanoate degradation V	27.1711744812
PWY0-1586: peptidoglycan maturation (meso-diaminopimelate containing)	26.9640586021
PWY0-1586: peptidoglycan maturation (meso-diaminopimelate containing)|g__Faecalibacterium.s__Faecalibacterium_prausnitzii	3.5561104990
PWY0-1586: peptidoglycan maturation (meso-diaminopimelate containing)|g__Escherichia.s__Escherichia_coli	2.5014317862
GLUDEG-I-PWY: GABA shunt	25.9261514342
PWY-5101: L-isoleucine biosynthesis II	23.5181993703
PWY-6147: 6-hydroxymethyl-dihydropterin diphosphate biosynthesis I	23.3396389739
PWY-6147: 6-hydroxymethyl-dihydropterin diphosphate biosynthesis I|g__Bacteroides.s__Bacteroides_xylanisolvens	5.2204669525
PWY-6147: 6-hydroxymethyl-dihydropterin diphosphate biosynthesis I|g__Collinsella.s__Collinsella_aerofaciens	3.9789272396
PWY-7199: pyrimidine deoxyribonucleosides salvage	23.3206236999
COA-PWY: coenzyme A biosynthesis I	23.0179284029
COA-PWY: coenzyme A biosynthesis I|g__Bacteroides.s__Bacteroides_ovatus	8.2079886653
COA-PWY: coenzyme A biosynthesis I|g__Bacteroides.s__Bacteroides_xylanisolvens	1.7862411964
PWY-7187: pyrimidine deoxyribonucleotides de novo biosynthesis II	22.8709627368
GLYCOGENSYNTH-PWY: glycogen biosynthesis I (from ADP-D-Glucose)	22.1557311754
GLYCOGENSYNTH-PWY: glycogen biosynthesis I (from ADP-D-Glucose)|g__Eubacterium.s__Eubacterium_siraeum	11.4964947781
PWY-7539: 6-hydroxymethyl-dihydropterin diphosphate biosynthesis III (Chlamydia)	21.8448737588
PWY-7539: 6-hydroxymethyl-dihydropterin diphosphate biosynthesis III (Chlamydia)|g__Bacteroides.s__Bacteroides_xylanisolvens	1.4711450735
PWY-7234: inosine-5'-phosphate biosynthesis III	21.8401643656
COBALSYN-PWY: adenosylcobalamin salvage from cobinamide I	20.3048231890
COBALSYN-PWY: adenosylcobalamin salvage from cobinamide I|g__Faecalibacterium.s__Faecalibacterium_prausnitzii	2.9325599090
PWY-4242: pantothenate and coenzyme A biosynthesis III	20.2378169858
PWY-4242: pantothenate and coenzyme A biosynthesis III|g__Bacteroides.s__Bacteroides_ovatus	3.1477295072
GLCMANNANAUT-PWY: superpathway of N-acetylglucosamine, N-acetylmannosamine and N-acetylneuraminate degradation	19.4011606565
GLCMANNANAUT-PWY: superpathway of N-acetylglucosamine, N-acetylmannosamine and N-acetylneuraminate degradation|g__Faecalibacterium.s__Faecalibacterium_prausnitzii	4.2510276364
THISYN-PWY: superpathway of thiamin diphosphate biosynthesis I	18.3342549367
PWY-5347: superpathway of L-methionine biosynthesis (transsulfuration)	17.7073532717
PWY-6901: superpathway of glucose and xylose degradation	17.1271545972
COLANSYN-PWY: colanic acid building blocks biosynthesis	16.8790942880
PWY-621: sucrose degradation III (sucrose invertase)	16.7294253362
PWY-621: sucrose degradation III (sucrose invertase)|g__Faecalibacterium.s__Faecalibacterium_prausnitzii	4.4084134033
PWY-7210: pyrimidine deoxyribonucleotides biosynthesis from CTP	16.6189673758
PWY-5154: L-arginine biosynthesis III (via N-acetyl-L-citrulline)	16.2808605377
METSYN-PWY: L-homoserine and L-methionine biosynthesis	16.1878490079
PENTOSE-P-PWY: pentose phosphate pathway	16.1786939827
ARGSYNBSUB-PWY: L-arginine biosynthesis II (acetyl cycle)	16.0909493587
PWY66-409: superpathway of purine nucleotide salvage	15.6653878207
PWY-6895: superpathway of thiamin diphosphate biosynthesis II	15.2582574071
MET-SAM-PWY: superpathway of S-adenosyl-L-methionine biosynthesis	14.3627395750
PWY-7198: pyrimidine deoxyribonucleotides de novo biosynthesis IV	14.1271971208
PWY-7323: superpathway of GDP-mannose-derived O-antigen building blocks biosynthesis	13.8138217817
PWY-7323: superpathway of GDP-mannose-derived O-antigen building blocks biosynthesis|g__Bacteroides.s__Bacteroides_ovatus	4.5552277572
GALACT-GLUCUROCAT-PWY: superpathway of hexuronide and hexuronate degradation	13.7984289288
GALACT-GLUCUROCAT-PWY: superpathway of hexuronide and hexuronate degradation|g__Faecalibacterium.s__Faecalibacterium_prausnitzii	2.6720217437
GALACTUROCAT-PWY: D-galacturonate degradation I	13.2571826528
GALACTUROCAT-PWY: D-galacturonate degradation I|g__Alistipes.s__Alistipes_shahii	4.9683090989
GALACTUROCAT-PWY: D-galacturonate degradation I|g__Faecalibacterium.s__Faecalibacterium_prausnitzii	3.8625186724
GLUCUROCAT-PWY: superpathway of &beta;-D-glucuronide and D-glucuronate degradation	12.8964747387
GLUCUROCAT-PWY: superpathway of &beta;-D-glucuronide and D-glucuronate degradation|g__Faecalibacterium.s__Faecalibacterium_prausnitzii	3.4877084540
PWY0-1297: superpathway of purine deoxyribonucleosides degradation	12.2198229496
P441-PWY: superpathway of N-acetylneuraminate degradation	11.8920765272
PWY-5030: L-histidine degradation III	11.7518456876
HSERMETANA-PWY: L-methionine biosynthesis III	11.2554235278
POLYAMSYN-PWY: superpathway of polyamine biosynthesis I	11.2285900100
GLYCOLYSIS-E-D: superpathway of glycolysis and Entner-Doudoroff	11.1437049014
FUC-RHAMCAT-PWY: superpathway of fucose and rhamnose degradation	10.4841376782
GLUTORN-PWY: L-ornithine biosynthesis	10.0424101388
GLUTORN-PWY: L-ornithine biosynthesis|g__Blautia.s__Ruminococcus_torques	1.7691283380
HISDEG-PWY: L-histidine degradation I	9.9794420481
HISDEG-PWY: L-histidine degradation I|g__Alistipes.s__Alistipes_shahii	4.5439644451
HISDEG-PWY: L-histidine degradation I|g__Clostridium.s__Clostridium_symbiosum	1.0032240089
PWY-7242: D-fructuronate degradation	9.7902207705
PWY-7242: D-fructuronate degradation|g__Faecalibacterium.s__Faecalibacterium_prausnitzii	5.3933066605
P4-PWY: superpathway of L-lysine, L-threonine and L-methionine biosynthesis I	9.6085845127
PWY-6305: putrescine biosynthesis IV	9.2792056433
PWY-6305: putrescine biosynthesis IV|g__Faecalibacterium.s__Faecalibacterium_prausnitzii	1.1366869540
PWY-6305: putrescine biosynthesis IV|g__Blautia.s__Ruminococcus_torques	0.9332711153
ARG+POLYAMINE-SYN: superpathway of arginine and polyamine biosynthesis	8.8905847693
HOMOSER-METSYN-PWY: L-methionine biosynthesis I	8.8062625267
HOMOSER-METSYN-PWY: L-methionine biosynthesis I|g__Ruminococcus.s__Ruminococcus_bromii	3.1480817257
FUCCAT-PWY: fucose degradation	8.6025346590
PWY-6507: 4-deoxy-L-threo-hex-4-enopyranuronate degradation	8.3384467724
PWY-6507: 4-deoxy-L-threo-hex-4-enopyranuronate degradation|g__Faecalibacterium.s__Faecalibacterium_prausnitzii	5.4945340334
HEMESYN2-PWY: heme biosynthesis II (anaerobic)	8.3279222575
HEMESYN2-PWY: heme biosynthesis II (anaerobic)|g__Sutterella.s__Sutterella_wadsworthensis	2.6585636137
HEMESYN2-PWY: heme biosynthesis II (anaerobic)|g__Escherichia.s__Escherichia_coli	1.1389703427
PWY-5676: acetyl-CoA fermentation to butanoate II	7.9335456633
PWY-6628: superpathway of L-phenylalanine biosynthesis	7.9159678414
PWY0-781: aspartate superpathway	7.8749079926
PWY-6630: superpathway of L-tyrosine biosynthesis	7.7739838685
TCA: TCA cycle I (prokaryotic)	7.5267875608
PWY-5345: superpathway of L-methionine biosynthesis (by sulfhydrylation)	6.5557999099
PWY-6969: TCA cycle V (2-oxoglutarate:ferredoxin oxidoreductase)	6.3783418040
P42-PWY: incomplete reductive TCA cycle	6.1742393483
PWY-5100: pyruvate fermentation to acetate and lactate II	5.9251227941
PWY-6531: mannitol cycle	5.9198902766
P161-PWY: acetylene degradation	5.4214349645
PWY-5690: TCA cycle II (plants and fungi)	4.9110443783
PWY0-1261: anhydromuropeptides recycling	4.7250881348
PWY-5989: stearate biosynthesis II (bacteria and plants)	4.6093757822
PWY-5104: L-isoleucine biosynthesis IV	4.5092453940
BIOTIN-BIOSYNTHESIS-PWY: biotin biosynthesis I	4.3511956781
PWY-6892: thiazole biosynthesis I (E. coli)	4.3316219985
GLYCOCAT-PWY: glycogen degradation I (bacterial)	4.1943948607
SULFATE-CYS-PWY: superpathway of sulfate assimilation and cysteine biosynthesis	4.1551467817
PWY-5723: Rubisco shunt	4.1010288541
PWY-5971: palmitate biosynthesis II (bacteria and plants)	3.9756891858
PWY-6113: superpathway of mycolate biosynthesis	3.9173102313
PWY-6353: purine nucleotides degradation II (aerobic)	3.7822445991
NAGLIPASYN-PWY: lipid IVA biosynthesis	3.7604140423
P162-PWY: L-glutamate degradation V (via hydroxyglutarate)	3.6967334160
OANTIGEN-PWY: O-antigen building blocks biosynthesis (E. coli)	3.6224789631
PWY-7237: myo-, chiro- and scillo-inositol degradation	3.5793870730
PWY-7237: myo-, chiro- and scillo-inositol degradation|g__Dorea.s__Dorea_longicatena	3.5793870730
PWY-7237: myo-, chiro- and scillo-inositol degradation|g__Clostridium.s__Clostridium_symbiosum	1.0775862069
PWY-6891: thiazole biosynthesis II (Bacillus)	3.4984820111
PWY-6519: 8-amino-7-oxononanoate biosynthesis I	3.4961185326
FASYN-ELONG-PWY: fatty acid elongation -- saturated	3.4065832960
SO4ASSIM-PWY: sulfate reduction I (assimilatory)	3.3841796713
PWY-6284: superpathway of unsaturated fatty acids biosynthesis (E. coli)	3.3578196211
PWY-5367: petroselinate biosynthesis	3.1804222439
PWY-5367: petroselinate biosynthesis|g__Blautia.s__Ruminococcus_torques	1.7452739394
PWYG-321: mycolate biosynthesis	3.1101514483
PWY-6282: palmitoleate biosynthesis I (from (5Z)-dodec-5-enoate)	3.0319424570
PWY-7664: oleate biosynthesis IV (anaerobic)	2.9960029956
PWY-6595: superpathway of guanosine nucleotides degradation (plants)	2.8554226294
PWY-5083: NAD/NADH phosphorylation and dephosphorylation	2.8432197007
PWY-7328: superpathway of UDP-glucose-derived O-antigen building blocks biosynthesis	2.7668014304
PWY0-862: (5Z)-dodec-5-enoate biosynthesis	2.5812019711
PWY0-1061: superpathway of L-alanine biosynthesis	2.4851830143
PWY-6608: guanosine nucleotides degradation III	2.4832907179
SALVADEHYPOX-PWY: adenosine nucleotides degradation II	2.4163164944
PWY0-1415: superpathway of heme biosynthesis from uroporphyrinogen-III	2.3991354115
PWY-6606: guanosine nucleotides degradation II	2.3842710857
PWY-2723: trehalose degradation V	2.3791386449
P122-PWY: heterolactic fermentation	2.3418589438
PWY0-1298: superpathway of pyrimidine deoxyribonucleosides degradation	2.2801468689
PWY-5384: sucrose degradation IV (sucrose phosphorylase)	2.2702075691
PWY-6588: pyruvate fermentation to acetone	2.2315869549
GLUCOSE1PMETAB-PWY: glucose and glucose-1-phosphate degradation	2.2054078226
FASYN-INITIAL-PWY: superpathway of fatty acid biosynthesis initiation (E. coli)	2.1731897694
PWY0-1479: tRNA processing	2.0747092224
PWY-7388: octanoyl-[acyl-carrier protein] biosynthesis (mitochondria, yeast)	2.0261524923
HEME-BIOSYNTHESIS-II: heme biosynthesis I (aerobic)	2.0174909897
KETOGLUCONMET-PWY: ketogluconate metabolism	2.0119689900
UDPNAGSYN-PWY: UDP-N-acetyl-D-glucosamine biosynthesis I	1.9220857240
PWY-6936: seleno-amino acid biosynthesis	1.9216174936
PWY-821: superpathway of sulfur amino acid biosynthesis (Saccharomyces cerevisiae)	1.8774303925
P461-PWY: hexitol fermentation to lactate, formate, ethanol and acetate	1.7297504428
GLYOXYLATE-BYPASS: glyoxylate cycle	1.3721266167
PWY4LZ-257: superpathway of fermentation (Chlamydomonas reinhardtii)	1.0216824860
P185-PWY: formaldehyde assimilation III (dihydroxyacetone cycle)	0.9947962778
PWY-4041: &gamma;-glutamyl cycle	0.8771929825
PWY-4041: &gamma;-glutamyl cycle|g__Escherichia.s__Escherichia_coli	0.8771929825