# Pathway	ERR480582_Abundance
UNMAPPED	74415.7523037157
UNINTEGRATED	85587.3453724683
UNINTEGRATED|g__Desulfovibrio.s__Desulfovibrio_piger	11176.7609007777
UNINTEGRATED|g__Bacteroides.s__Bacteroides_fragilis	7394.5044458474
UNINTEGRATED|g__Faecalibacterium.s__Faecalibacterium_prausnitzii	6294.7193909947
UNINTEGRATED|g__Flavonifractor.s__Flavonifractor_plautii	5853.1194018797
UNINTEGRATED|g__Bacteroides.s__Bacteroides_vulgatus	5629.0923282229
UNINTEGRATED|g__Bacteroides.s__Bacteroides_cellulosilyticus	5115.3415172343
UNINTEGRATED|g__Bacteroides.s__Bacteroides_uniformis	5073.6796951274
UNINTEGRATED|g__Bacteroides.s__Bacteroides_finegoldii	4942.7618219767
UNINTEGRATED|g__Parabacteroides.s__Parabacteroides_merdae	4784.9711759883
UNINTEGRATED|g__Bacteroides.s__Bacteroides_ovatus	3865.1466621405
UNINTEGRATED|g__Bacteroides.s__Bacteroides_dorei	3853.0691430092
UNINTEGRATED|g__Alistipes.s__Alistipes_onderdonkii	2773.8662622705
UNINTEGRATED|g__Clostridium.s__Clostridium_bolteae	2088.0171974004
UNINTEGRATED|g__Escherichia.s__Escherichia_coli	1632.1003039782
UNINTEGRATED|g__Eubacterium.s__Eubacterium_rectale	1564.0123783819
UNINTEGRATED|g__Parabacteroides.s__Parabacteroides_distasonis	1510.6087428528
UNINTEGRATED|g__Roseburia.s__Roseburia_intestinalis	1049.9518607894
UNINTEGRATED|g__Blautia.s__Ruminococcus_gnavus	1025.4558264653
UNINTEGRATED|g__Roseburia.s__Roseburia_inulinivorans	997.6582497759
UNINTEGRATED|g__Coriobacteriaceae_noname.s__Coriobacteriaceae_bacterium_phI	874.0042085996
UNINTEGRATED|g__Ruminococcus.s__Ruminococcus_bromii	686.9503953827
PWY-6386: UDP-N-acetylmuramoyl-pentapeptide biosynthesis II (lysine-containing)	98.6922774933
PWY-6386: UDP-N-acetylmuramoyl-pentapeptide biosynthesis II (lysine-containing)|g__Desulfovibrio.s__Desulfovibrio_piger	14.7928220763
PWY-6386: UDP-N-acetylmuramoyl-pentapeptide biosynthesis II (lysine-containing)|g__Flavonifractor.s__Flavonifractor_plautii	8.5210508059
PWY-6386: UDP-N-acetylmuramoyl-pentapeptide biosynthesis II (lysine-containing)|g__Faecalibacterium.s__Faecalibacterium_prausnitzii	8.4521827655
PWY-6386: UDP-N-acetylmuramoyl-pentapeptide biosynthesis II (lysine-containing)|g__Bacteroides.s__Bacteroides_uniformis	6.1783526549
PWY-6386: UDP-N-acetylmuramoyl-pentapeptide biosynthesis II (lysine-containing)|g__Alistipes.s__Alistipes_onderdonkii	3.9100941962
PWY-6387: UDP-N-acetylmuramoyl-pentapeptide biosynthesis I (meso-diaminopimelate containing)	85.1402203548
PWY-6387: UDP-N-acetylmuramoyl-pentapeptide biosynthesis I (meso-diaminopimelate containing)|g__Desulfovibrio.s__Desulfovibrio_piger	13.5949331703
PWY-6387: UDP-N-acetylmuramoyl-pentapeptide biosynthesis I (meso-diaminopimelate containing)|g__Bacteroides.s__Bacteroides_vulgatus	11.5064351049
PWY-6387: UDP-N-acetylmuramoyl-pentapeptide biosynthesis I (meso-diaminopimelate containing)|g__Faecalibacterium.s__Faecalibacterium_prausnitzii	8.3900643007
PWY-6387: UDP-N-acetylmuramoyl-pentapeptide biosynthesis I (meso-diaminopimelate containing)|g__Flavonifractor.s__Flavonifractor_plautii	7.1095390023
PWY-6387: UDP-N-acetylmuramoyl-pentapeptide biosynthesis I (meso-diaminopimelate containing)|g__Bacteroides.s__Bacteroides_uniformis	5.7499740395
PWY-6387: UDP-N-acetylmuramoyl-pentapeptide biosynthesis I (meso-diaminopimelate containing)|g__Bacteroides.s__Bacteroides_dorei	5.0907700272
PWY-6387: UDP-N-acetylmuramoyl-pentapeptide biosynthesis I (meso-diaminopimelate containing)|g__Alistipes.s__Alistipes_onderdonkii	3.4538517625
PWY-6387: UDP-N-acetylmuramoyl-pentapeptide biosynthesis I (meso-diaminopimelate containing)|g__Escherichia.s__Escherichia_coli	0.9457535038
ILEUSYN-PWY: L-isoleucine biosynthesis I (from threonine)	83.0255663027
ILEUSYN-PWY: L-isoleucine biosynthesis I (from threonine)|g__Faecalibacterium.s__Faecalibacterium_prausnitzii	14.8099606928
ILEUSYN-PWY: L-isoleucine biosynthesis I (from threonine)|g__Desulfovibrio.s__Desulfovibrio_piger	13.8163314849
PWY-7111: pyruvate fermentation to isobutanol (engineered)	83.0255663027
PWY-7111: pyruvate fermentation to isobutanol (engineered)|g__Desulfovibrio.s__Desulfovibrio_piger	17.4262960246
PWY-7111: pyruvate fermentation to isobutanol (engineered)|g__Flavonifractor.s__Flavonifractor_plautii	16.9623342502
PWY-7111: pyruvate fermentation to isobutanol (engineered)|g__Faecalibacterium.s__Faecalibacterium_prausnitzii	13.5975645884
PWY-7111: pyruvate fermentation to isobutanol (engineered)|g__Bacteroides.s__Bacteroides_finegoldii	5.6201804007
PWY-7111: pyruvate fermentation to isobutanol (engineered)|g__Bacteroides.s__Bacteroides_vulgatus	4.1574339120
PWY-7111: pyruvate fermentation to isobutanol (engineered)|g__Ruminococcus.s__Ruminococcus_bromii	2.4057203761
PWY-7111: pyruvate fermentation to isobutanol (engineered)|g__Escherichia.s__Escherichia_coli	1.8953236971
PWY-7111: pyruvate fermentation to isobutanol (engineered)|g__Eubacterium.s__Eubacterium_rectale	0.9876136596
PWY-7111: pyruvate fermentation to isobutanol (engineered)|g__Parabacteroides.s__Parabacteroides_distasonis	0.8493281048
VALSYN-PWY: L-valine biosynthesis	83.0255663027
VALSYN-PWY: L-valine biosynthesis|g__Flavonifractor.s__Flavonifractor_plautii	16.9623342502
VALSYN-PWY: L-valine biosynthesis|g__Faecalibacterium.s__Faecalibacterium_prausnitzii	14.8099606928
VALSYN-PWY: L-valine biosynthesis|g__Desulfovibrio.s__Desulfovibrio_piger	13.8163314849
VALSYN-PWY: L-valine biosynthesis|g__Bacteroides.s__Bacteroides_finegoldii	5.6201804007
VALSYN-PWY: L-valine biosynthesis|g__Bacteroides.s__Bacteroides_vulgatus	4.1574339120
VALSYN-PWY: L-valine biosynthesis|g__Ruminococcus.s__Ruminococcus_bromii	2.4057203761
VALSYN-PWY: L-valine biosynthesis|g__Roseburia.s__Roseburia_intestinalis	1.2825831761
VALSYN-PWY: L-valine biosynthesis|g__Eubacterium.s__Eubacterium_rectale	0.9876136596
VALSYN-PWY: L-valine biosynthesis|g__Parabacteroides.s__Parabacteroides_distasonis	0.8493281048
VALSYN-PWY: L-valine biosynthesis|g__Roseburia.s__Roseburia_inulinivorans	0.7923947668
PWY-6163: chorismate biosynthesis from 3-dehydroquinate	80.8621960331
PWY-6163: chorismate biosynthesis from 3-dehydroquinate|g__Desulfovibrio.s__Desulfovibrio_piger	26.8205688130
PWY-6163: chorismate biosynthesis from 3-dehydroquinate|g__Flavonifractor.s__Flavonifractor_plautii	12.5451793573
PWY-6163: chorismate biosynthesis from 3-dehydroquinate|g__Blautia.s__Ruminococcus_gnavus	1.9731283960
PEPTIDOGLYCANSYN-PWY: peptidoglycan biosynthesis I (meso-diaminopimelate containing)	80.5358090996
PEPTIDOGLYCANSYN-PWY: peptidoglycan biosynthesis I (meso-diaminopimelate containing)|g__Desulfovibrio.s__Desulfovibrio_piger	14.0097505980
PEPTIDOGLYCANSYN-PWY: peptidoglycan biosynthesis I (meso-diaminopimelate containing)|g__Flavonifractor.s__Flavonifractor_plautii	7.6138477438
PEPTIDOGLYCANSYN-PWY: peptidoglycan biosynthesis I (meso-diaminopimelate containing)|g__Faecalibacterium.s__Faecalibacterium_prausnitzii	6.7014691637
PEPTIDOGLYCANSYN-PWY: peptidoglycan biosynthesis I (meso-diaminopimelate containing)|g__Bacteroides.s__Bacteroides_vulgatus	5.6301364886
PEPTIDOGLYCANSYN-PWY: peptidoglycan biosynthesis I (meso-diaminopimelate containing)|g__Bacteroides.s__Bacteroides_uniformis	5.3856057170
PEPTIDOGLYCANSYN-PWY: peptidoglycan biosynthesis I (meso-diaminopimelate containing)|g__Alistipes.s__Alistipes_onderdonkii	3.0496002269
PEPTIDOGLYCANSYN-PWY: peptidoglycan biosynthesis I (meso-diaminopimelate containing)|g__Bacteroides.s__Bacteroides_dorei	2.5994981721
PWY-5686: UMP biosynthesis	79.1749766618
PWY-5686: UMP biosynthesis|g__Faecalibacterium.s__Faecalibacterium_prausnitzii	16.0515391625
PWY-5686: UMP biosynthesis|g__Desulfovibrio.s__Desulfovibrio_piger	14.8617611936
PWY-5686: UMP biosynthesis|g__Flavonifractor.s__Flavonifractor_plautii	7.9006301343
PWY-5686: UMP biosynthesis|g__Alistipes.s__Alistipes_onderdonkii	4.1115310628
PANTO-PWY: phosphopantothenate biosynthesis I	78.0366586500
PANTO-PWY: phosphopantothenate biosynthesis I|g__Desulfovibrio.s__Desulfovibrio_piger	19.8368638549
PANTO-PWY: phosphopantothenate biosynthesis I|g__Bacteroides.s__Bacteroides_vulgatus	18.2866065930
PANTO-PWY: phosphopantothenate biosynthesis I|g__Bacteroides.s__Bacteroides_uniformis	6.6154880781
PANTO-PWY: phosphopantothenate biosynthesis I|g__Bacteroides.s__Bacteroides_dorei	2.3327067626
PANTO-PWY: phosphopantothenate biosynthesis I|g__Bacteroides.s__Bacteroides_ovatus	1.8256838112
COMPLETE-ARO-PWY: superpathway of aromatic amino acid biosynthesis	76.0658825131
ARO-PWY: chorismate biosynthesis I	73.1502229084
PWY-7219: adenosine ribonucleotides de novo biosynthesis	70.8155061641
PWY-7219: adenosine ribonucleotides de novo biosynthesis|g__Desulfovibrio.s__Desulfovibrio_piger	21.7841168468
PWY-7219: adenosine ribonucleotides de novo biosynthesis|g__Faecalibacterium.s__Faecalibacterium_prausnitzii	16.0803267700
PWY-7219: adenosine ribonucleotides de novo biosynthesis|g__Flavonifractor.s__Flavonifractor_plautii	8.9265329918
PWY-7219: adenosine ribonucleotides de novo biosynthesis|g__Bacteroides.s__Bacteroides_uniformis	5.3967916278
PWY-7219: adenosine ribonucleotides de novo biosynthesis|g__Alistipes.s__Alistipes_onderdonkii	2.2117533670
PWY-7219: adenosine ribonucleotides de novo biosynthesis|g__Clostridium.s__Clostridium_bolteae	2.1719194580
PWY-7219: adenosine ribonucleotides de novo biosynthesis|g__Coriobacteriaceae_noname.s__Coriobacteriaceae_bacterium_phI	1.4641063321
PWY-7219: adenosine ribonucleotides de novo biosynthesis|g__Bacteroides.s__Bacteroides_vulgatus	1.4253816705
PWY-7219: adenosine ribonucleotides de novo biosynthesis|g__Bacteroides.s__Bacteroides_dorei	1.3730113403
PWY-7219: adenosine ribonucleotides de novo biosynthesis|g__Bacteroides.s__Bacteroides_finegoldii	1.2754940750
PWY-5097: L-lysine biosynthesis VI	68.2207141272
PWY-5097: L-lysine biosynthesis VI|g__Desulfovibrio.s__Desulfovibrio_piger	9.2424659809
PWY-5097: L-lysine biosynthesis VI|g__Bacteroides.s__Bacteroides_vulgatus	7.4886521603
PWY-5097: L-lysine biosynthesis VI|g__Faecalibacterium.s__Faecalibacterium_prausnitzii	6.7131670451
PWY-5097: L-lysine biosynthesis VI|g__Bacteroides.s__Bacteroides_uniformis	5.9072276838
PWY-5097: L-lysine biosynthesis VI|g__Bacteroides.s__Bacteroides_finegoldii	2.0665293485
PWY-5097: L-lysine biosynthesis VI|g__Parabacteroides.s__Parabacteroides_distasonis	1.4744429491
PWY-6121: 5-aminoimidazole ribonucleotide biosynthesis I	68.0125658165
PWY-6121: 5-aminoimidazole ribonucleotide biosynthesis I|g__Desulfovibrio.s__Desulfovibrio_piger	19.2386291086
PWY-6121: 5-aminoimidazole ribonucleotide biosynthesis I|g__Flavonifractor.s__Flavonifractor_plautii	7.3706074439
PWY-6121: 5-aminoimidazole ribonucleotide biosynthesis I|g__Faecalibacterium.s__Faecalibacterium_prausnitzii	5.9035074917
PWY-6121: 5-aminoimidazole ribonucleotide biosynthesis I|g__Alistipes.s__Alistipes_onderdonkii	3.2270150919
PWY-6385: peptidoglycan biosynthesis III (mycobacteria)	67.9085201622
PWY-6385: peptidoglycan biosynthesis III (mycobacteria)|g__Faecalibacterium.s__Faecalibacterium_prausnitzii	6.7014691637
PWY-6385: peptidoglycan biosynthesis III (mycobacteria)|g__Escherichia.s__Escherichia_coli	1.0210279673
PWY-6122: 5-aminoimidazole ribonucleotide biosynthesis II	66.1673561040
PWY-6122: 5-aminoimidazole ribonucleotide biosynthesis II|g__Desulfovibrio.s__Desulfovibrio_piger	17.5256541915
PWY-6122: 5-aminoimidazole ribonucleotide biosynthesis II|g__Flavonifractor.s__Flavonifractor_plautii	9.2652671481
PWY-6122: 5-aminoimidazole ribonucleotide biosynthesis II|g__Faecalibacterium.s__Faecalibacterium_prausnitzii	5.3927710551
PWY-6122: 5-aminoimidazole ribonucleotide biosynthesis II|g__Alistipes.s__Alistipes_onderdonkii	5.2790983580
PWY-6122: 5-aminoimidazole ribonucleotide biosynthesis II|g__Coriobacteriaceae_noname.s__Coriobacteriaceae_bacterium_phI	1.5358184361
PWY-6122: 5-aminoimidazole ribonucleotide biosynthesis II|g__Roseburia.s__Roseburia_intestinalis	0.9817888640
PWY-6277: superpathway of 5-aminoimidazole ribonucleotide biosynthesis	66.1673561040
PWY-6277: superpathway of 5-aminoimidazole ribonucleotide biosynthesis|g__Desulfovibrio.s__Desulfovibrio_piger	17.5256541915
PWY-6277: superpathway of 5-aminoimidazole ribonucleotide biosynthesis|g__Flavonifractor.s__Flavonifractor_plautii	9.2652671481
PWY-6277: superpathway of 5-aminoimidazole ribonucleotide biosynthesis|g__Faecalibacterium.s__Faecalibacterium_prausnitzii	5.3927710551
PWY-6277: superpathway of 5-aminoimidazole ribonucleotide biosynthesis|g__Alistipes.s__Alistipes_onderdonkii	5.2790983580
PWY-6277: superpathway of 5-aminoimidazole ribonucleotide biosynthesis|g__Coriobacteriaceae_noname.s__Coriobacteriaceae_bacterium_phI	1.5358184361
PWY-6277: superpathway of 5-aminoimidazole ribonucleotide biosynthesis|g__Roseburia.s__Roseburia_intestinalis	0.9817888640
PWY-2942: L-lysine biosynthesis III	62.9923569816
PWY-2942: L-lysine biosynthesis III|g__Desulfovibrio.s__Desulfovibrio_piger	10.7270624802
PWY-2942: L-lysine biosynthesis III|g__Bacteroides.s__Bacteroides_vulgatus	6.3763964740
PWY-2942: L-lysine biosynthesis III|g__Bacteroides.s__Bacteroides_uniformis	4.8262406161
PWY-2942: L-lysine biosynthesis III|g__Flavonifractor.s__Flavonifractor_plautii	3.2826311228
PWY-2942: L-lysine biosynthesis III|g__Bacteroides.s__Bacteroides_finegoldii	2.7689235238
PWY-2942: L-lysine biosynthesis III|g__Bacteroides.s__Bacteroides_dorei	2.3147806309
PWY-2942: L-lysine biosynthesis III|g__Bacteroides.s__Bacteroides_ovatus	1.8914965568
PWY-5695: urate biosynthesis/inosine 5'-phosphate degradation	62.9115795169
PWY-5695: urate biosynthesis/inosine 5'-phosphate degradation|g__Desulfovibrio.s__Desulfovibrio_piger	12.8181467161
PWY-5695: urate biosynthesis/inosine 5'-phosphate degradation|g__Bacteroides.s__Bacteroides_vulgatus	4.5148999791
PWY-5695: urate biosynthesis/inosine 5'-phosphate degradation|g__Bacteroides.s__Bacteroides_dorei	2.1129864659
PWY-5695: urate biosynthesis/inosine 5'-phosphate degradation|g__Bacteroides.s__Bacteroides_finegoldii	2.0365774908
PWY-5695: urate biosynthesis/inosine 5'-phosphate degradation|g__Roseburia.s__Roseburia_inulinivorans	1.5398488413
PWY-5695: urate biosynthesis/inosine 5'-phosphate degradation|g__Escherichia.s__Escherichia_coli	1.1858447115
PWY-5695: urate biosynthesis/inosine 5'-phosphate degradation|g__Roseburia.s__Roseburia_intestinalis	0.9608682379
PWY-1042: glycolysis IV (plant cytosol)	61.5913708128
PWY-1042: glycolysis IV (plant cytosol)|g__Desulfovibrio.s__Desulfovibrio_piger	14.7555489286
PWY-1042: glycolysis IV (plant cytosol)|g__Faecalibacterium.s__Faecalibacterium_prausnitzii	5.4969554246
PWY-724: superpathway of L-lysine, L-threonine and L-methionine biosynthesis II	58.5820518187
PWY-724: superpathway of L-lysine, L-threonine and L-methionine biosynthesis II|g__Desulfovibrio.s__Desulfovibrio_piger	9.3061663367
PWY-724: superpathway of L-lysine, L-threonine and L-methionine biosynthesis II|g__Faecalibacterium.s__Faecalibacterium_prausnitzii	6.1425301513
COA-PWY-1: coenzyme A biosynthesis II (mammalian)	56.3116667183
COA-PWY-1: coenzyme A biosynthesis II (mammalian)|g__Desulfovibrio.s__Desulfovibrio_piger	19.3572797906
COA-PWY-1: coenzyme A biosynthesis II (mammalian)|g__Faecalibacterium.s__Faecalibacterium_prausnitzii	6.4132466643
COA-PWY-1: coenzyme A biosynthesis II (mammalian)|g__Bacteroides.s__Bacteroides_uniformis	6.1999013012
COA-PWY-1: coenzyme A biosynthesis II (mammalian)|g__Flavonifractor.s__Flavonifractor_plautii	5.7574386249
COA-PWY-1: coenzyme A biosynthesis II (mammalian)|g__Bacteroides.s__Bacteroides_vulgatus	3.5980285266
ANAGLYCOLYSIS-PWY: glycolysis III (from glucose)	54.3040839758
NONMEVIPP-PWY: methylerythritol phosphate pathway I	54.1887716709
NONMEVIPP-PWY: methylerythritol phosphate pathway I|g__Flavonifractor.s__Flavonifractor_plautii	6.7603068723
NONMEVIPP-PWY: methylerythritol phosphate pathway I|g__Bacteroides.s__Bacteroides_vulgatus	4.5352392509
BRANCHED-CHAIN-AA-SYN-PWY: superpathway of branched amino acid biosynthesis	50.5688416590
BRANCHED-CHAIN-AA-SYN-PWY: superpathway of branched amino acid biosynthesis|g__Desulfovibrio.s__Desulfovibrio_piger	13.8077860830
BRANCHED-CHAIN-AA-SYN-PWY: superpathway of branched amino acid biosynthesis|g__Faecalibacterium.s__Faecalibacterium_prausnitzii	13.2277677161
NONOXIPENT-PWY: pentose phosphate pathway (non-oxidative branch)	50.1883494473
NONOXIPENT-PWY: pentose phosphate pathway (non-oxidative branch)|g__Desulfovibrio.s__Desulfovibrio_piger	13.8144254904
NONOXIPENT-PWY: pentose phosphate pathway (non-oxidative branch)|g__Faecalibacterium.s__Faecalibacterium_prausnitzii	5.5764513003
NONOXIPENT-PWY: pentose phosphate pathway (non-oxidative branch)|g__Clostridium.s__Clostridium_bolteae	2.5059529272
PWY-6897: thiamin salvage II	48.6205240394
PWY-6151: S-adenosyl-L-methionine cycle I	48.3773869825
PWY-6151: S-adenosyl-L-methionine cycle I|g__Bacteroides.s__Bacteroides_vulgatus	11.1842363107
PWY-6151: S-adenosyl-L-methionine cycle I|g__Faecalibacterium.s__Faecalibacterium_prausnitzii	7.6437420725
PWY-6151: S-adenosyl-L-methionine cycle I|g__Bacteroides.s__Bacteroides_uniformis	7.6234879568
PWY-6151: S-adenosyl-L-methionine cycle I|g__Bacteroides.s__Bacteroides_dorei	2.2664683636
PWY-6151: S-adenosyl-L-methionine cycle I|g__Blautia.s__Ruminococcus_gnavus	1.9391961107
PWY-6151: S-adenosyl-L-methionine cycle I|g__Escherichia.s__Escherichia_coli	0.7006177176
PANTOSYN-PWY: pantothenate and coenzyme A biosynthesis I	47.9307537844
PANTOSYN-PWY: pantothenate and coenzyme A biosynthesis I|g__Desulfovibrio.s__Desulfovibrio_piger	16.2576165537
PWY-5103: L-isoleucine biosynthesis III	44.0452322509
PWY-5103: L-isoleucine biosynthesis III|g__Desulfovibrio.s__Desulfovibrio_piger	12.9709404414
PWY-5103: L-isoleucine biosynthesis III|g__Faecalibacterium.s__Faecalibacterium_prausnitzii	12.9178268415
PWY-7357: thiamin formation from pyrithiamine and oxythiamine (yeast)	42.1991857537
PWY-7357: thiamin formation from pyrithiamine and oxythiamine (yeast)|g__Faecalibacterium.s__Faecalibacterium_prausnitzii	5.0797735110
PWY-6703: preQ0 biosynthesis	40.2457639117
PWY-6703: preQ0 biosynthesis|g__Desulfovibrio.s__Desulfovibrio_piger	13.5669842016
PWY-6703: preQ0 biosynthesis|g__Bacteroides.s__Bacteroides_vulgatus	2.6780545604
PWY-6703: preQ0 biosynthesis|g__Parabacteroides.s__Parabacteroides_merdae	2.3478474767
PWY-5973: cis-vaccenate biosynthesis	38.3663348271
PWY-5973: cis-vaccenate biosynthesis|g__Desulfovibrio.s__Desulfovibrio_piger	10.0419731819
PWY-6737: starch degradation V	37.9474853927
PWY-6737: starch degradation V|g__Faecalibacterium.s__Faecalibacterium_prausnitzii	12.1435998105
PWY-6737: starch degradation V|g__Roseburia.s__Roseburia_inulinivorans	1.6642088452
PWY-6737: starch degradation V|g__Clostridium.s__Clostridium_bolteae	1.6302524334
PWY-6737: starch degradation V|g__Ruminococcus.s__Ruminococcus_bromii	1.1751431425
CALVIN-PWY: Calvin-Benson-Bassham cycle	37.5710514820
CALVIN-PWY: Calvin-Benson-Bassham cycle|g__Desulfovibrio.s__Desulfovibrio_piger	10.7793642377
COA-PWY: coenzyme A biosynthesis I	36.7624578020
COA-PWY: coenzyme A biosynthesis I|g__Desulfovibrio.s__Desulfovibrio_piger	17.8736461979
COA-PWY: coenzyme A biosynthesis I|g__Faecalibacterium.s__Faecalibacterium_prausnitzii	6.3054276911
PWY-3841: folate transformations II	36.5060806616
PWY-3841: folate transformations II|g__Bacteroides.s__Bacteroides_vulgatus	5.1090668089
PWY-3841: folate transformations II|g__Bacteroides.s__Bacteroides_uniformis	4.0250533815
PWY-3841: folate transformations II|g__Bacteroides.s__Bacteroides_finegoldii	3.6392659219
PWY-4242: pantothenate and coenzyme A biosynthesis III	35.7062294923
PWY-4242: pantothenate and coenzyme A biosynthesis III|g__Desulfovibrio.s__Desulfovibrio_piger	14.6259354331
PWY-4242: pantothenate and coenzyme A biosynthesis III|g__Faecalibacterium.s__Faecalibacterium_prausnitzii	5.2759048542
PWY-7221: guanosine ribonucleotides de novo biosynthesis	35.2840014512
PWY-7221: guanosine ribonucleotides de novo biosynthesis|g__Desulfovibrio.s__Desulfovibrio_piger	10.9027604725
PWY-7221: guanosine ribonucleotides de novo biosynthesis|g__Faecalibacterium.s__Faecalibacterium_prausnitzii	4.6402898414
PWY-7221: guanosine ribonucleotides de novo biosynthesis|g__Bacteroides.s__Bacteroides_dorei	3.5356875479
PWY-7221: guanosine ribonucleotides de novo biosynthesis|g__Flavonifractor.s__Flavonifractor_plautii	3.0818414683
PWY-7221: guanosine ribonucleotides de novo biosynthesis|g__Bacteroides.s__Bacteroides_finegoldii	2.5633754036
PWY-7221: guanosine ribonucleotides de novo biosynthesis|g__Eubacterium.s__Eubacterium_rectale	2.1654554064
PWY-7221: guanosine ribonucleotides de novo biosynthesis|g__Bacteroides.s__Bacteroides_fragilis	1.9175735031
PWY-3001: superpathway of L-isoleucine biosynthesis I	34.9136102717
PWY-3001: superpathway of L-isoleucine biosynthesis I|g__Faecalibacterium.s__Faecalibacterium_prausnitzii	8.5164158251
TRNA-CHARGING-PWY: tRNA charging	34.5589268307
PWY0-1296: purine ribonucleosides degradation	33.8036512365
PWY0-1296: purine ribonucleosides degradation|g__Eubacterium.s__Eubacterium_rectale	5.5161212569
PWY0-1296: purine ribonucleosides degradation|g__Faecalibacterium.s__Faecalibacterium_prausnitzii	5.4860624827
PWY0-1296: purine ribonucleosides degradation|g__Clostridium.s__Clostridium_bolteae	1.7375530136
PWY0-1296: purine ribonucleosides degradation|g__Blautia.s__Ruminococcus_gnavus	1.5643520078
PWY0-1296: purine ribonucleosides degradation|g__Roseburia.s__Roseburia_inulinivorans	1.3928967444
PWY0-1296: purine ribonucleosides degradation|g__Roseburia.s__Roseburia_intestinalis	1.3538343075
PWY-5667: CDP-diacylglycerol biosynthesis I	33.7351276723
PWY-5667: CDP-diacylglycerol biosynthesis I|g__Faecalibacterium.s__Faecalibacterium_prausnitzii	3.9111870989
PWY-5667: CDP-diacylglycerol biosynthesis I|g__Flavonifractor.s__Flavonifractor_plautii	2.3129396606
PWY-5667: CDP-diacylglycerol biosynthesis I|g__Bacteroides.s__Bacteroides_uniformis	1.9516182724
PWY-5667: CDP-diacylglycerol biosynthesis I|g__Bacteroides.s__Bacteroides_cellulosilyticus	1.7729330570
PWY0-1319: CDP-diacylglycerol biosynthesis II	33.7351276723
PWY0-1319: CDP-diacylglycerol biosynthesis II|g__Faecalibacterium.s__Faecalibacterium_prausnitzii	3.9111870989
PWY0-1319: CDP-diacylglycerol biosynthesis II|g__Flavonifractor.s__Flavonifractor_plautii	2.3129396606
PWY0-1319: CDP-diacylglycerol biosynthesis II|g__Bacteroides.s__Bacteroides_uniformis	1.9516182724
PWY0-1319: CDP-diacylglycerol biosynthesis II|g__Bacteroides.s__Bacteroides_cellulosilyticus	1.7729330570
PWY-7663: gondoate biosynthesis (anaerobic)	33.5916143435
PWY-7663: gondoate biosynthesis (anaerobic)|g__Desulfovibrio.s__Desulfovibrio_piger	9.3311702704
PWY-7663: gondoate biosynthesis (anaerobic)|g__Escherichia.s__Escherichia_coli	2.5628679376
PWY-7663: gondoate biosynthesis (anaerobic)|g__Bacteroides.s__Bacteroides_finegoldii	1.8908111671
PENTOSE-P-PWY: pentose phosphate pathway	32.6606213085
PWY-6168: flavin biosynthesis III (fungi)	32.5610067606
PWY-5188: tetrapyrrole biosynthesis I (from glutamate)	32.2404131542
PWY-5188: tetrapyrrole biosynthesis I (from glutamate)|g__Desulfovibrio.s__Desulfovibrio_piger	13.6577613483
PWY-5188: tetrapyrrole biosynthesis I (from glutamate)|g__Flavonifractor.s__Flavonifractor_plautii	4.6080642815
1CMET2-PWY: N10-formyl-tetrahydrofolate biosynthesis	32.1443604238
1CMET2-PWY: N10-formyl-tetrahydrofolate biosynthesis|g__Bacteroides.s__Bacteroides_uniformis	2.6401148489
PWY-7400: L-arginine biosynthesis IV (archaebacteria)	28.9351799526
PWY4FS-7: phosphatidylglycerol biosynthesis I (plastidic)	28.6800647998
PWY4FS-8: phosphatidylglycerol biosynthesis II (non-plastidic)	28.6800647998
THRESYN-PWY: superpathway of L-threonine biosynthesis	28.0774406353
THRESYN-PWY: superpathway of L-threonine biosynthesis|g__Faecalibacterium.s__Faecalibacterium_prausnitzii	6.7259034103
PWY-7229: superpathway of adenosine nucleotides de novo biosynthesis I	27.6293956377
SER-GLYSYN-PWY: superpathway of L-serine and glycine biosynthesis I	26.6639101333
SER-GLYSYN-PWY: superpathway of L-serine and glycine biosynthesis I|g__Faecalibacterium.s__Faecalibacterium_prausnitzii	4.1352963926
ARGSYN-PWY: L-arginine biosynthesis I (via L-ornithine)	26.4587029792
ANAEROFRUCAT-PWY: homolactic fermentation	26.1578995724
PWY-7242: D-fructuronate degradation	26.0883867698
PWY-7242: D-fructuronate degradation|g__Faecalibacterium.s__Faecalibacterium_prausnitzii	15.3756669020
PWY-7242: D-fructuronate degradation|g__Escherichia.s__Escherichia_coli	1.5497135885
PWY-6123: inosine-5'-phosphate biosynthesis I	26.0250897016
PWY-6123: inosine-5'-phosphate biosynthesis I|g__Faecalibacterium.s__Faecalibacterium_prausnitzii	7.0440125163
PWY0-1297: superpathway of purine deoxyribonucleosides degradation	25.9562309886
DTDPRHAMSYN-PWY: dTDP-L-rhamnose biosynthesis I	24.9849044999
DTDPRHAMSYN-PWY: dTDP-L-rhamnose biosynthesis I|g__Faecalibacterium.s__Faecalibacterium_prausnitzii	10.7373161485
PWY0-162: superpathway of pyrimidine ribonucleotides de novo biosynthesis	24.6518497815
PWY-7282: 4-amino-2-methyl-5-phosphomethylpyrimidine biosynthesis (yeast)	24.3330707550
PWY-841: superpathway of purine nucleotides de novo biosynthesis I	24.2316573562
PWY0-166: superpathway of pyrimidine deoxyribonucleotides de novo biosynthesis (E. coli)	23.4627475826
CITRULBIO-PWY: L-citrulline biosynthesis	23.2694892482
PWY-6126: superpathway of adenosine nucleotides de novo biosynthesis II	23.0498505678
PWY-6700: queuosine biosynthesis	22.8670906948
PWY-6700: queuosine biosynthesis|g__Desulfovibrio.s__Desulfovibrio_piger	12.6366442350
PWY-6700: queuosine biosynthesis|g__Bacteroides.s__Bacteroides_finegoldii	2.6356234601
PWY-6700: queuosine biosynthesis|g__Escherichia.s__Escherichia_coli	0.9955201593
COBALSYN-PWY: adenosylcobalamin salvage from cobinamide I	22.5092137758
COBALSYN-PWY: adenosylcobalamin salvage from cobinamide I|g__Faecalibacterium.s__Faecalibacterium_prausnitzii	4.1296141332
PWY-7208: superpathway of pyrimidine nucleobases salvage	22.3250459318
PWY-7208: superpathway of pyrimidine nucleobases salvage|g__Desulfovibrio.s__Desulfovibrio_piger	6.7603198815
PHOSLIPSYN-PWY: superpathway of phospholipid biosynthesis I (bacteria)	22.2928529269
PYRIDNUCSYN-PWY: NAD biosynthesis I (from aspartate)	22.2236748532
PWY-6124: inosine-5'-phosphate biosynthesis II	22.0814182868
PWY-6124: inosine-5'-phosphate biosynthesis II|g__Faecalibacterium.s__Faecalibacterium_prausnitzii	6.3364882901
TRPSYN-PWY: L-tryptophan biosynthesis	21.8403115830
PWY-6305: putrescine biosynthesis IV	21.8047441397
PWY-6305: putrescine biosynthesis IV|g__Desulfovibrio.s__Desulfovibrio_piger	17.4151558202
PWY-6305: putrescine biosynthesis IV|g__Faecalibacterium.s__Faecalibacterium_prausnitzii	2.6208846171
GALACT-GLUCUROCAT-PWY: superpathway of hexuronide and hexuronate degradation	21.3931899223
GALACT-GLUCUROCAT-PWY: superpathway of hexuronide and hexuronate degradation|g__Faecalibacterium.s__Faecalibacterium_prausnitzii	10.5596692548
GALACTUROCAT-PWY: D-galacturonate degradation I	21.3673951524
GALACTUROCAT-PWY: D-galacturonate degradation I|g__Faecalibacterium.s__Faecalibacterium_prausnitzii	12.7756234215
PWY-7228: superpathway of guanosine nucleotides de novo biosynthesis I	21.3628656391
PWY-7228: superpathway of guanosine nucleotides de novo biosynthesis I|g__Desulfovibrio.s__Desulfovibrio_piger	4.0361369943
GLUCUROCAT-PWY: superpathway of &beta;-D-glucuronide and D-glucuronate degradation	20.8837209948
GLUCUROCAT-PWY: superpathway of &beta;-D-glucuronide and D-glucuronate degradation|g__Faecalibacterium.s__Faecalibacterium_prausnitzii	10.5569966783
THISYN-PWY: superpathway of thiamin diphosphate biosynthesis I	20.6202546679
P161-PWY: acetylene degradation	19.8692343789
PWY-4984: urea cycle	19.6087972191
PWY-4984: urea cycle|g__Flavonifractor.s__Flavonifractor_plautii	6.7268940089
HISTSYN-PWY: L-histidine biosynthesis	19.5215345065
ARGININE-SYN4-PWY: L-ornithine de novo  biosynthesis	19.4015372068
ARGININE-SYN4-PWY: L-ornithine de novo  biosynthesis|g__Bacteroides.s__Bacteroides_uniformis	4.2453172880
ARGININE-SYN4-PWY: L-ornithine de novo  biosynthesis|g__Bacteroides.s__Bacteroides_finegoldii	2.0379638459
ARGININE-SYN4-PWY: L-ornithine de novo  biosynthesis|g__Bacteroides.s__Bacteroides_fragilis	1.2917603216
PWY-6507: 4-deoxy-L-threo-hex-4-enopyranuronate degradation	19.0196532181
PWY-6507: 4-deoxy-L-threo-hex-4-enopyranuronate degradation|g__Faecalibacterium.s__Faecalibacterium_prausnitzii	14.6300696447
ASPASN-PWY: superpathway of L-aspartate and L-asparagine biosynthesis	18.3585518225
ASPASN-PWY: superpathway of L-aspartate and L-asparagine biosynthesis|g__Faecalibacterium.s__Faecalibacterium_prausnitzii	7.7394785919
ASPASN-PWY: superpathway of L-aspartate and L-asparagine biosynthesis|g__Bacteroides.s__Bacteroides_finegoldii	1.1255335118
ASPASN-PWY: superpathway of L-aspartate and L-asparagine biosynthesis|g__Escherichia.s__Escherichia_coli	1.1246677775
PWY-6125: superpathway of guanosine nucleotides de novo biosynthesis II	18.2553949258
PWY-7539: 6-hydroxymethyl-dihydropterin diphosphate biosynthesis III (Chlamydia)	18.2420027340
GLYCOLYSIS: glycolysis I (from glucose 6-phosphate)	17.9609264123
PWY-6147: 6-hydroxymethyl-dihydropterin diphosphate biosynthesis I	17.8681206100
PWY-5100: pyruvate fermentation to acetate and lactate II	17.5449042034
PWY-7197: pyrimidine deoxyribonucleotide phosphorylation	17.4130152111
PWY-7197: pyrimidine deoxyribonucleotide phosphorylation|g__Desulfovibrio.s__Desulfovibrio_piger	14.1080967673
PWY-5484: glycolysis II (from fructose 6-phosphate)	17.1360734795
PWY-7184: pyrimidine deoxyribonucleotides de novo biosynthesis I	16.8181589063
PWY-7371: 1,4-dihydroxy-6-naphthoate biosynthesis II	14.7622730897
PWY-7371: 1,4-dihydroxy-6-naphthoate biosynthesis II|g__Desulfovibrio.s__Desulfovibrio_piger	13.3328860013
PWY-5101: L-isoleucine biosynthesis II	14.5346741457
PWY0-845: superpathway of pyridoxal 5'-phosphate biosynthesis and salvage	14.0917800265
PWY-6895: superpathway of thiamin diphosphate biosynthesis II	13.9713580603
PWY-6545: pyrimidine deoxyribonucleotides de novo biosynthesis III	13.8201785134
MET-SAM-PWY: superpathway of S-adenosyl-L-methionine biosynthesis	13.7276722269
GLCMANNANAUT-PWY: superpathway of N-acetylglucosamine, N-acetylmannosamine and N-acetylneuraminate degradation	13.2573921236
GLCMANNANAUT-PWY: superpathway of N-acetylglucosamine, N-acetylmannosamine and N-acetylneuraminate degradation|g__Faecalibacterium.s__Faecalibacterium_prausnitzii	6.3510949635
GLCMANNANAUT-PWY: superpathway of N-acetylglucosamine, N-acetylmannosamine and N-acetylneuraminate degradation|g__Escherichia.s__Escherichia_coli	1.2812308574
ARGSYNBSUB-PWY: L-arginine biosynthesis II (acetyl cycle)	13.1606851635
PWY-5154: L-arginine biosynthesis III (via N-acetyl-L-citrulline)	12.5447946464
METSYN-PWY: L-homoserine and L-methionine biosynthesis	12.4095307790
PWY-7220: adenosine deoxyribonucleotides de novo biosynthesis II	12.3187471955
PWY-7222: guanosine deoxyribonucleotides de novo biosynthesis II	12.3187471955
PWY-5347: superpathway of L-methionine biosynthesis (transsulfuration)	12.2616011198
PYRIDOXSYN-PWY: pyridoxal 5'-phosphate biosynthesis I	11.8957243871
DAPLYSINESYN-PWY: L-lysine biosynthesis I	11.8787434787
RHAMCAT-PWY: L-rhamnose degradation I	11.4120160292
RHAMCAT-PWY: L-rhamnose degradation I|g__Bacteroides.s__Bacteroides_finegoldii	1.9835692135
RHAMCAT-PWY: L-rhamnose degradation I|g__Bacteroides.s__Bacteroides_ovatus	1.7281960863
RHAMCAT-PWY: L-rhamnose degradation I|g__Escherichia.s__Escherichia_coli	1.3357848510
RHAMCAT-PWY: L-rhamnose degradation I|g__Faecalibacterium.s__Faecalibacterium_prausnitzii	1.1717318890
PWY-621: sucrose degradation III (sucrose invertase)	10.7694180197
PWY-621: sucrose degradation III (sucrose invertase)|g__Faecalibacterium.s__Faecalibacterium_prausnitzii	9.3555814545
THISYNARA-PWY: superpathway of thiamin diphosphate biosynthesis III (eukaryotes)	10.3446098969
PWY-1269: CMP-3-deoxy-D-manno-octulosonate biosynthesis I	10.0505155967
PWY-1269: CMP-3-deoxy-D-manno-octulosonate biosynthesis I|g__Escherichia.s__Escherichia_coli	1.5997476989
PWY-5659: GDP-mannose biosynthesis	9.6077428658
PWY-5659: GDP-mannose biosynthesis|g__Bacteroides.s__Bacteroides_ovatus	1.5616894824
PWY-5659: GDP-mannose biosynthesis|g__Roseburia.s__Roseburia_intestinalis	0.9569984251
PWY-5659: GDP-mannose biosynthesis|g__Escherichia.s__Escherichia_coli	0.7699711261
GLYCOLYSIS-E-D: superpathway of glycolysis and Entner-Doudoroff	9.2200798101
PWY0-1586: peptidoglycan maturation (meso-diaminopimelate containing)	9.2135788563
PWY0-1586: peptidoglycan maturation (meso-diaminopimelate containing)|g__Faecalibacterium.s__Faecalibacterium_prausnitzii	2.1309623234
PWY0-1586: peptidoglycan maturation (meso-diaminopimelate containing)|g__Escherichia.s__Escherichia_coli	1.3229014739
PWY66-400: glycolysis VI (metazoan)	9.1938384780
PWY-6317: galactose degradation I (Leloir pathway)	8.8164064090
PWY-6317: galactose degradation I (Leloir pathway)|g__Faecalibacterium.s__Faecalibacterium_prausnitzii	4.9451620406
PWY66-422: D-galactose degradation V (Leloir pathway)	8.8164064090
PWY66-422: D-galactose degradation V (Leloir pathway)|g__Faecalibacterium.s__Faecalibacterium_prausnitzii	4.9451620406
PWY-6608: guanosine nucleotides degradation III	8.7964261942
PWY-5177: glutaryl-CoA degradation	8.7178899757
PWY-5177: glutaryl-CoA degradation|g__Faecalibacterium.s__Faecalibacterium_prausnitzii	8.0171517162
FASYN-ELONG-PWY: fatty acid elongation -- saturated	8.5974344387
PWY-6527: stachyose degradation	8.5551278753
PWY-6527: stachyose degradation|g__Faecalibacterium.s__Faecalibacterium_prausnitzii	1.8439108430
GLUTORN-PWY: L-ornithine biosynthesis	8.1687468644
PWY-5189: tetrapyrrole biosynthesis II (from glycine)	8.1552610905
PWY-5189: tetrapyrrole biosynthesis II (from glycine)|g__Escherichia.s__Escherichia_coli	1.7259669643
PWYG-321: mycolate biosynthesis	8.0276868871
PWY-6609: adenine and adenosine salvage III	7.9668290211
PWY-6609: adenine and adenosine salvage III|g__Faecalibacterium.s__Faecalibacterium_prausnitzii	5.6928593822
PWY-6609: adenine and adenosine salvage III|g__Blautia.s__Ruminococcus_gnavus	1.2292562999
PWY-7383: anaerobic energy metabolism (invertebrates, cytosol)	7.9257462079
PWY-7664: oleate biosynthesis IV (anaerobic)	7.7967970579
PWY-7323: superpathway of GDP-mannose-derived O-antigen building blocks biosynthesis	7.6450048039
PWY-6628: superpathway of L-phenylalanine biosynthesis	7.5400798133
SALVADEHYPOX-PWY: adenosine nucleotides degradation II	7.4962544891
COLANSYN-PWY: colanic acid building blocks biosynthesis	7.4010214123
PWY-6630: superpathway of L-tyrosine biosynthesis	7.2196941443
ENTBACSYN-PWY: enterobactin biosynthesis	7.1289920715
ENTBACSYN-PWY: enterobactin biosynthesis|g__Escherichia.s__Escherichia_coli	1.8986526705
PWY-7199: pyrimidine deoxyribonucleosides salvage	7.0420756831
HOMOSER-METSYN-PWY: L-methionine biosynthesis I	6.9927980259
PWY0-862: (5Z)-dodec-5-enoate biosynthesis	6.9356225302
PWY-6282: palmitoleate biosynthesis I (from (5Z)-dodec-5-enoate)	6.8524816948
PWY66-399: gluconeogenesis III	6.8477938340
PWY66-409: superpathway of purine nucleotide salvage	6.8324143465
HSERMETANA-PWY: L-methionine biosynthesis III	6.6769497519
GLYCOGENSYNTH-PWY: glycogen biosynthesis I (from ADP-D-Glucose)	6.3691679843
GLYCOGENSYNTH-PWY: glycogen biosynthesis I (from ADP-D-Glucose)|g__Eubacterium.s__Eubacterium_rectale	0.8996745389
GLYCOGENSYNTH-PWY: glycogen biosynthesis I (from ADP-D-Glucose)|g__Escherichia.s__Escherichia_coli	0.8839725361
PWY-7315: dTDP-N-acetylthomosamine biosynthesis	6.3625685182
P441-PWY: superpathway of N-acetylneuraminate degradation	6.3247057274
TCA: TCA cycle I (prokaryotic)	6.2896847928
FASYN-INITIAL-PWY: superpathway of fatty acid biosynthesis initiation (E. coli)	6.1409372159
P164-PWY: purine nucleobases degradation I (anaerobic)	6.1272153085
ARG+POLYAMINE-SYN: superpathway of arginine and polyamine biosynthesis	5.8912512919
PWY-2941: L-lysine biosynthesis II	5.8722127702
PWY0-1261: anhydromuropeptides recycling	5.7688414725
PWY0-1261: anhydromuropeptides recycling|g__Escherichia.s__Escherichia_coli	1.6071286747
HEXITOLDEGSUPER-PWY: superpathway of hexitol degradation (bacteria)	5.7660011822
PWY-7388: octanoyl-[acyl-carrier protein] biosynthesis (mitochondria, yeast)	5.7394915186
PWY-5989: stearate biosynthesis II (bacteria and plants)	5.6103741708
PWY-6892: thiazole biosynthesis I (E. coli)	5.3972548609
UDPNAGSYN-PWY: UDP-N-acetyl-D-glucosamine biosynthesis I	5.3971630141
PWY-7234: inosine-5'-phosphate biosynthesis III	5.3398419517
PWY-6936: seleno-amino acid biosynthesis	5.0664222942
OANTIGEN-PWY: O-antigen building blocks biosynthesis (E. coli)	5.0565918785
P4-PWY: superpathway of L-lysine, L-threonine and L-methionine biosynthesis I	4.8762059263
PWY-6353: purine nucleotides degradation II (aerobic)	4.8127757069
PWY0-1061: superpathway of L-alanine biosynthesis	4.6495935846
P461-PWY: hexitol fermentation to lactate, formate, ethanol and acetate	4.6168040671
P461-PWY: hexitol fermentation to lactate, formate, ethanol and acetate|g__Escherichia.s__Escherichia_coli	1.4347912808
FOLSYN-PWY: superpathway of tetrahydrofolate biosynthesis and salvage	4.6033545034
BIOTIN-BIOSYNTHESIS-PWY: biotin biosynthesis I	4.3862672704
PWY-5723: Rubisco shunt	4.0100570168
PWY0-781: aspartate superpathway	3.9662600128
PWY-6519: 8-amino-7-oxononanoate biosynthesis I	3.5700932523
GLYCOLYSIS-TCA-GLYOX-BYPASS: superpathway of glycolysis, pyruvate dehydrogenase, TCA, and glyoxylate bypass	3.4431050327
POLYAMSYN-PWY: superpathway of polyamine biosynthesis I	3.4349905673
PWY-6891: thiazole biosynthesis II (Bacillus)	3.3258572611
PWY-6612: superpathway of tetrahydrofolate biosynthesis	3.2146210076
PWY-6969: TCA cycle V (2-oxoglutarate:ferredoxin oxidoreductase)	3.1512455043
PWY-5345: superpathway of L-methionine biosynthesis (by sulfhydrylation)	3.1050154385
P42-PWY: incomplete reductive TCA cycle	3.0910282907
GLUDEG-I-PWY: GABA shunt	3.0179657842
PPGPPMET-PWY: ppGpp biosynthesis	2.9869144830
SO4ASSIM-PWY: sulfate reduction I (assimilatory)	2.8120033163
GLYCOCAT-PWY: glycogen degradation I (bacterial)	2.7998156575
PWY-2723: trehalose degradation V	2.3693562563
PWY-2723: trehalose degradation V|g__Escherichia.s__Escherichia_coli	0.7950705625
PWY-5855: ubiquinol-7 biosynthesis (prokaryotic)	2.3173456874
PWY-5856: ubiquinol-9 biosynthesis (prokaryotic)	2.3173456874
PWY-5857: ubiquinol-10 biosynthesis (prokaryotic)	2.3173456874
PWY-6708: ubiquinol-8 biosynthesis (prokaryotic)	2.3173456874
PWY-5384: sucrose degradation IV (sucrose phosphorylase)	2.2304352546
NAGLIPASYN-PWY: lipid IVA biosynthesis	2.1959371339
PWY-4041: &gamma;-glutamyl cycle	2.1846632607
PWY-4041: &gamma;-glutamyl cycle|g__Escherichia.s__Escherichia_coli	1.5808184023
PWY-5690: TCA cycle II (plants and fungi)	2.0225131326
TCA-GLYOX-BYPASS: superpathway of glyoxylate bypass and TCA	2.0210220666
P105-PWY: TCA cycle IV (2-oxoglutarate decarboxylase)	1.9929761501
PWY-6803: phosphatidylcholine acyl editing	1.9815523824
PWY-6803: phosphatidylcholine acyl editing|g__Escherichia.s__Escherichia_coli	1.2690355330
PWY0-1533: methylphosphonate degradation I	1.9177338675
PWY0-1533: methylphosphonate degradation I|g__Escherichia.s__Escherichia_coli	1.9177338675
PWY-7254: TCA cycle VII (acetate-producers)	1.8047218269
GLUCOSE1PMETAB-PWY: glucose and glucose-1-phosphate degradation	1.7408679506
GLUCOSE1PMETAB-PWY: glucose and glucose-1-phosphate degradation|g__Escherichia.s__Escherichia_coli	0.9564801530
REDCITCYC: TCA cycle VIII (helicobacter)	1.7402566533
PWY-5005: biotin biosynthesis II	1.4558463713
NAD-BIOSYNTHESIS-II: NAD salvage pathway II	1.4460959724
NAD-BIOSYNTHESIS-II: NAD salvage pathway II|g__Escherichia.s__Escherichia_coli	1.0475113185
GLYCOL-GLYOXDEG-PWY: superpathway of glycol metabolism and degradation	1.3964149337
GLYCOL-GLYOXDEG-PWY: superpathway of glycol metabolism and degradation|g__Escherichia.s__Escherichia_coli	1.0320035855
PWY-5083: NAD/NADH phosphorylation and dephosphorylation	1.3629576667
GLYOXYLATE-BYPASS: glyoxylate cycle	1.1160162226
PWY-5173: superpathway of acetyl-CoA biosynthesis	0.7266083011
PWY0-1338: polymyxin resistance	0.7215927993
PWY0-1338: polymyxin resistance|g__Escherichia.s__Escherichia_coli	0.7215927993