# Pathway	ERR748415_Abundance
UNMAPPED	98704.3957943525
UNINTEGRATED	62634.1691849294
UNINTEGRATED|g__Faecalibacterium.s__Faecalibacterium_prausnitzii	16837.2983749214
UNINTEGRATED|g__Alistipes.s__Alistipes_putredinis	5743.7088716718
UNINTEGRATED|g__Bifidobacterium.s__Bifidobacterium_longum	4636.0679556321
UNINTEGRATED|g__Alistipes.s__Alistipes_onderdonkii	4608.0739589898
UNINTEGRATED|g__Bacteroides.s__Bacteroides_stercoris	3973.9910487278
UNINTEGRATED|g__Bacteroides.s__Bacteroides_dorei	2997.9280772143
UNINTEGRATED|g__Bacteroides.s__Bacteroides_uniformis	2263.9077406343
UNINTEGRATED|g__Akkermansia.s__Akkermansia_muciniphila	2191.2703649593
UNINTEGRATED|g__Bacteroides.s__Bacteroides_ovatus	1856.0477007698
UNINTEGRATED|g__Bacteroides.s__Bacteroides_vulgatus	1808.3226934847
UNINTEGRATED|g__Bacteroides.s__Bacteroides_intestinalis	1756.4033070929
UNINTEGRATED|g__Dorea.s__Dorea_longicatena	1133.0118020159
UNINTEGRATED|g__Eubacterium.s__Eubacterium_ventriosum	1046.6958337542
UNINTEGRATED|g__Roseburia.s__Roseburia_inulinivorans	926.0900616651
UNINTEGRATED|g__Ruminococcus.s__Ruminococcus_bromii	861.7438830978
UNINTEGRATED|g__Sutterella.s__Sutterella_wadsworthensis	732.7100765924
UNINTEGRATED|g__Alistipes.s__Alistipes_shahii	674.2646774926
UNINTEGRATED|g__Alistipes.s__Alistipes_finegoldii	638.2422269034
UNINTEGRATED|g__Parabacteroides.s__Parabacteroides_distasonis	631.9352296731
UNINTEGRATED|g__Coriobacteriaceae_noname.s__Coriobacteriaceae_bacterium_phI	582.9719229660
UNINTEGRATED|g__Coprococcus.s__Coprococcus_comes	526.9185750427
UNINTEGRATED|g__Ruminococcus.s__Ruminococcus_lactaris	431.0284712988
UNINTEGRATED|g__Blautia.s__Ruminococcus_torques	402.4926275575
UNINTEGRATED|g__Barnesiella.s__Barnesiella_intestinihominis	267.1576656872
PWY-5686: UMP biosynthesis	94.2032015702
PWY-5686: UMP biosynthesis|g__Faecalibacterium.s__Faecalibacterium_prausnitzii	26.6877046900
PWY-5686: UMP biosynthesis|g__Alistipes.s__Alistipes_putredinis	15.6373478807
PWY-5686: UMP biosynthesis|g__Alistipes.s__Alistipes_onderdonkii	11.1898026730
PWY-5686: UMP biosynthesis|g__Bacteroides.s__Bacteroides_stercoris	4.9578669491
PWY-5686: UMP biosynthesis|g__Bifidobacterium.s__Bifidobacterium_longum	3.2716065247
PWY-5686: UMP biosynthesis|g__Akkermansia.s__Akkermansia_muciniphila	3.0538666641
PWY-5686: UMP biosynthesis|g__Bacteroides.s__Bacteroides_uniformis	2.9405248200
PWY-5686: UMP biosynthesis|g__Ruminococcus.s__Ruminococcus_bromii	1.6852280184
PWY-5686: UMP biosynthesis|g__Bacteroides.s__Bacteroides_ovatus	1.3361773016
PWY-6386: UDP-N-acetylmuramoyl-pentapeptide biosynthesis II (lysine-containing)	93.1947972842
PWY-6386: UDP-N-acetylmuramoyl-pentapeptide biosynthesis II (lysine-containing)|g__Alistipes.s__Alistipes_putredinis	22.9980775050
PWY-6386: UDP-N-acetylmuramoyl-pentapeptide biosynthesis II (lysine-containing)|g__Faecalibacterium.s__Faecalibacterium_prausnitzii	18.5809889136
PWY-6386: UDP-N-acetylmuramoyl-pentapeptide biosynthesis II (lysine-containing)|g__Alistipes.s__Alistipes_onderdonkii	9.6811913252
PWY-6386: UDP-N-acetylmuramoyl-pentapeptide biosynthesis II (lysine-containing)|g__Bacteroides.s__Bacteroides_uniformis	2.8811396886
PWY-6387: UDP-N-acetylmuramoyl-pentapeptide biosynthesis I (meso-diaminopimelate containing)	92.2278049315
PWY-6387: UDP-N-acetylmuramoyl-pentapeptide biosynthesis I (meso-diaminopimelate containing)|g__Alistipes.s__Alistipes_putredinis	22.0084089924
PWY-6387: UDP-N-acetylmuramoyl-pentapeptide biosynthesis I (meso-diaminopimelate containing)|g__Faecalibacterium.s__Faecalibacterium_prausnitzii	20.7255688911
PWY-6387: UDP-N-acetylmuramoyl-pentapeptide biosynthesis I (meso-diaminopimelate containing)|g__Alistipes.s__Alistipes_onderdonkii	9.4285691867
PWY-6387: UDP-N-acetylmuramoyl-pentapeptide biosynthesis I (meso-diaminopimelate containing)|g__Bacteroides.s__Bacteroides_uniformis	2.6009750495
PWY-7219: adenosine ribonucleotides de novo biosynthesis	90.2012367394
PWY-7219: adenosine ribonucleotides de novo biosynthesis|g__Faecalibacterium.s__Faecalibacterium_prausnitzii	30.8413194857
PWY-7219: adenosine ribonucleotides de novo biosynthesis|g__Alistipes.s__Alistipes_putredinis	10.7033250858
PWY-7219: adenosine ribonucleotides de novo biosynthesis|g__Bifidobacterium.s__Bifidobacterium_longum	8.1582759414
PWY-7219: adenosine ribonucleotides de novo biosynthesis|g__Bacteroides.s__Bacteroides_stercoris	6.2913247516
PWY-7219: adenosine ribonucleotides de novo biosynthesis|g__Akkermansia.s__Akkermansia_muciniphila	5.8950480996
PWY-7219: adenosine ribonucleotides de novo biosynthesis|g__Bacteroides.s__Bacteroides_uniformis	4.3825446379
PWY-7219: adenosine ribonucleotides de novo biosynthesis|g__Alistipes.s__Alistipes_onderdonkii	4.3091243253
PWY-7219: adenosine ribonucleotides de novo biosynthesis|g__Roseburia.s__Roseburia_inulinivorans	2.3943684690
PWY-7219: adenosine ribonucleotides de novo biosynthesis|g__Ruminococcus.s__Ruminococcus_bromii	2.2576259364
PWY-7219: adenosine ribonucleotides de novo biosynthesis|g__Coprococcus.s__Coprococcus_comes	2.1657862380
PWY-7219: adenosine ribonucleotides de novo biosynthesis|g__Bacteroides.s__Bacteroides_vulgatus	2.0922450531
PWY-7219: adenosine ribonucleotides de novo biosynthesis|g__Coriobacteriaceae_noname.s__Coriobacteriaceae_bacterium_phI	1.2798785893
PWY-7219: adenosine ribonucleotides de novo biosynthesis|g__Ruminococcus.s__Ruminococcus_lactaris	1.2232584690
PWY-7219: adenosine ribonucleotides de novo biosynthesis|g__Alistipes.s__Alistipes_finegoldii	1.1186388375
PWY-7219: adenosine ribonucleotides de novo biosynthesis|g__Sutterella.s__Sutterella_wadsworthensis	0.8528784648
COA-PWY-1: coenzyme A biosynthesis II (mammalian)	84.4241273419
COA-PWY-1: coenzyme A biosynthesis II (mammalian)|g__Alistipes.s__Alistipes_putredinis	12.3588717054
COA-PWY-1: coenzyme A biosynthesis II (mammalian)|g__Faecalibacterium.s__Faecalibacterium_prausnitzii	11.8208398536
COA-PWY-1: coenzyme A biosynthesis II (mammalian)|g__Akkermansia.s__Akkermansia_muciniphila	5.6711901127
COA-PWY-1: coenzyme A biosynthesis II (mammalian)|g__Bacteroides.s__Bacteroides_uniformis	2.9657003190
COA-PWY-1: coenzyme A biosynthesis II (mammalian)|g__Bifidobacterium.s__Bifidobacterium_longum	2.2017342381
PEPTIDOGLYCANSYN-PWY: peptidoglycan biosynthesis I (meso-diaminopimelate containing)	81.0565738756
PEPTIDOGLYCANSYN-PWY: peptidoglycan biosynthesis I (meso-diaminopimelate containing)|g__Faecalibacterium.s__Faecalibacterium_prausnitzii	19.7008201578
PEPTIDOGLYCANSYN-PWY: peptidoglycan biosynthesis I (meso-diaminopimelate containing)|g__Alistipes.s__Alistipes_putredinis	15.2724699279
PEPTIDOGLYCANSYN-PWY: peptidoglycan biosynthesis I (meso-diaminopimelate containing)|g__Alistipes.s__Alistipes_onderdonkii	7.8719995393
PEPTIDOGLYCANSYN-PWY: peptidoglycan biosynthesis I (meso-diaminopimelate containing)|g__Bacteroides.s__Bacteroides_uniformis	2.9955432879
PWY-6737: starch degradation V	77.9687566951
PWY-6737: starch degradation V|g__Faecalibacterium.s__Faecalibacterium_prausnitzii	27.8785561692
PWY-6737: starch degradation V|g__Akkermansia.s__Akkermansia_muciniphila	3.3843272541
PWY-6737: starch degradation V|g__Alistipes.s__Alistipes_finegoldii	1.5661596351
PWY-6737: starch degradation V|g__Roseburia.s__Roseburia_inulinivorans	1.2220361654
PWY-6737: starch degradation V|g__Coriobacteriaceae_noname.s__Coriobacteriaceae_bacterium_phI	0.9986318892
PWY-6737: starch degradation V|g__Eubacterium.s__Eubacterium_ventriosum	0.8445945946
PWY-7221: guanosine ribonucleotides de novo biosynthesis	76.3855328959
PWY-7221: guanosine ribonucleotides de novo biosynthesis|g__Alistipes.s__Alistipes_putredinis	18.3043400721
PWY-7221: guanosine ribonucleotides de novo biosynthesis|g__Faecalibacterium.s__Faecalibacterium_prausnitzii	12.8678621508
PWY-7221: guanosine ribonucleotides de novo biosynthesis|g__Alistipes.s__Alistipes_onderdonkii	7.9733034841
PWY-7221: guanosine ribonucleotides de novo biosynthesis|g__Akkermansia.s__Akkermansia_muciniphila	6.4422698748
PWY-7221: guanosine ribonucleotides de novo biosynthesis|g__Bifidobacterium.s__Bifidobacterium_longum	4.5823221907
PWY-7221: guanosine ribonucleotides de novo biosynthesis|g__Ruminococcus.s__Ruminococcus_bromii	2.2871279413
PWY-7221: guanosine ribonucleotides de novo biosynthesis|g__Bacteroides.s__Bacteroides_dorei	2.2191379463
PWY-7221: guanosine ribonucleotides de novo biosynthesis|g__Sutterella.s__Sutterella_wadsworthensis	1.0189956049
ILEUSYN-PWY: L-isoleucine biosynthesis I (from threonine)	72.6972928556
ILEUSYN-PWY: L-isoleucine biosynthesis I (from threonine)|g__Faecalibacterium.s__Faecalibacterium_prausnitzii	35.1735922258
ILEUSYN-PWY: L-isoleucine biosynthesis I (from threonine)|g__Bifidobacterium.s__Bifidobacterium_longum	6.3748452385
ILEUSYN-PWY: L-isoleucine biosynthesis I (from threonine)|g__Akkermansia.s__Akkermansia_muciniphila	4.5933613874
PWY-7111: pyruvate fermentation to isobutanol (engineered)	72.6972928556
PWY-7111: pyruvate fermentation to isobutanol (engineered)|g__Faecalibacterium.s__Faecalibacterium_prausnitzii	34.1925367803
PWY-7111: pyruvate fermentation to isobutanol (engineered)|g__Bacteroides.s__Bacteroides_stercoris	8.6873532223
PWY-7111: pyruvate fermentation to isobutanol (engineered)|g__Bifidobacterium.s__Bifidobacterium_longum	4.4072684837
PWY-7111: pyruvate fermentation to isobutanol (engineered)|g__Akkermansia.s__Akkermansia_muciniphila	3.0309288963
PWY-7111: pyruvate fermentation to isobutanol (engineered)|g__Ruminococcus.s__Ruminococcus_bromii	2.9395926295
PWY-7111: pyruvate fermentation to isobutanol (engineered)|g__Coriobacteriaceae_noname.s__Coriobacteriaceae_bacterium_phI	1.4818796412
PWY-7111: pyruvate fermentation to isobutanol (engineered)|g__Coprococcus.s__Coprococcus_comes	1.1392905105
PWY-7111: pyruvate fermentation to isobutanol (engineered)|g__Ruminococcus.s__Ruminococcus_lactaris	1.0070237530
PWY-7111: pyruvate fermentation to isobutanol (engineered)|g__Blautia.s__Ruminococcus_torques	0.8978711571
PWY-7111: pyruvate fermentation to isobutanol (engineered)|g__Bacteroides.s__Bacteroides_intestinalis	0.6686726847
PWY-7111: pyruvate fermentation to isobutanol (engineered)|g__Bacteroides.s__Bacteroides_vulgatus	0.6673340007
VALSYN-PWY: L-valine biosynthesis	72.6972928556
VALSYN-PWY: L-valine biosynthesis|g__Faecalibacterium.s__Faecalibacterium_prausnitzii	35.1735922258
VALSYN-PWY: L-valine biosynthesis|g__Bacteroides.s__Bacteroides_stercoris	8.6873532223
VALSYN-PWY: L-valine biosynthesis|g__Bifidobacterium.s__Bifidobacterium_longum	6.3748452385
VALSYN-PWY: L-valine biosynthesis|g__Akkermansia.s__Akkermansia_muciniphila	4.5933613874
VALSYN-PWY: L-valine biosynthesis|g__Ruminococcus.s__Ruminococcus_bromii	2.9395926295
VALSYN-PWY: L-valine biosynthesis|g__Coriobacteriaceae_noname.s__Coriobacteriaceae_bacterium_phI	1.4818796412
VALSYN-PWY: L-valine biosynthesis|g__Bacteroides.s__Bacteroides_intestinalis	0.6686726847
VALSYN-PWY: L-valine biosynthesis|g__Bacteroides.s__Bacteroides_vulgatus	0.6673340007
PWY-6385: peptidoglycan biosynthesis III (mycobacteria)	69.5723295393
PWY-6385: peptidoglycan biosynthesis III (mycobacteria)|g__Faecalibacterium.s__Faecalibacterium_prausnitzii	19.7008201578
NONMEVIPP-PWY: methylerythritol phosphate pathway I	67.1426250605
NONMEVIPP-PWY: methylerythritol phosphate pathway I|g__Alistipes.s__Alistipes_putredinis	13.5415513467
PWY-6121: 5-aminoimidazole ribonucleotide biosynthesis I	66.0794474891
PWY-6121: 5-aminoimidazole ribonucleotide biosynthesis I|g__Alistipes.s__Alistipes_putredinis	13.7115450866
PWY-6121: 5-aminoimidazole ribonucleotide biosynthesis I|g__Faecalibacterium.s__Faecalibacterium_prausnitzii	11.2682133171
PWY-6121: 5-aminoimidazole ribonucleotide biosynthesis I|g__Alistipes.s__Alistipes_onderdonkii	6.5659113014
PWY-6121: 5-aminoimidazole ribonucleotide biosynthesis I|g__Bifidobacterium.s__Bifidobacterium_longum	3.5966735840
PWY-6121: 5-aminoimidazole ribonucleotide biosynthesis I|g__Ruminococcus.s__Ruminococcus_bromii	2.0920103111
PWY-6121: 5-aminoimidazole ribonucleotide biosynthesis I|g__Akkermansia.s__Akkermansia_muciniphila	1.6346388769
PWY-6121: 5-aminoimidazole ribonucleotide biosynthesis I|g__Coriobacteriaceae_noname.s__Coriobacteriaceae_bacterium_phI	1.2127682039
BRANCHED-CHAIN-AA-SYN-PWY: superpathway of branched amino acid biosynthesis	65.5852943369
BRANCHED-CHAIN-AA-SYN-PWY: superpathway of branched amino acid biosynthesis|g__Faecalibacterium.s__Faecalibacterium_prausnitzii	28.2492790294
BRANCHED-CHAIN-AA-SYN-PWY: superpathway of branched amino acid biosynthesis|g__Bifidobacterium.s__Bifidobacterium_longum	4.5223783934
BRANCHED-CHAIN-AA-SYN-PWY: superpathway of branched amino acid biosynthesis|g__Akkermansia.s__Akkermansia_muciniphila	4.2447413424
PWY-5097: L-lysine biosynthesis VI	64.7105842667
PWY-5097: L-lysine biosynthesis VI|g__Faecalibacterium.s__Faecalibacterium_prausnitzii	15.0061647128
PWY-5097: L-lysine biosynthesis VI|g__Bacteroides.s__Bacteroides_stercoris	6.1927133393
PWY-5097: L-lysine biosynthesis VI|g__Bacteroides.s__Bacteroides_uniformis	1.9488091054
ARO-PWY: chorismate biosynthesis I	64.1580484510
ARO-PWY: chorismate biosynthesis I|g__Akkermansia.s__Akkermansia_muciniphila	3.5471784825
PWY-6122: 5-aminoimidazole ribonucleotide biosynthesis II	62.4748377760
PWY-6122: 5-aminoimidazole ribonucleotide biosynthesis II|g__Alistipes.s__Alistipes_putredinis	13.5120442108
PWY-6122: 5-aminoimidazole ribonucleotide biosynthesis II|g__Faecalibacterium.s__Faecalibacterium_prausnitzii	9.9061145842
PWY-6122: 5-aminoimidazole ribonucleotide biosynthesis II|g__Alistipes.s__Alistipes_onderdonkii	6.7039026110
PWY-6122: 5-aminoimidazole ribonucleotide biosynthesis II|g__Bifidobacterium.s__Bifidobacterium_longum	4.0286357619
PWY-6122: 5-aminoimidazole ribonucleotide biosynthesis II|g__Ruminococcus.s__Ruminococcus_bromii	1.8921974296
PWY-6122: 5-aminoimidazole ribonucleotide biosynthesis II|g__Akkermansia.s__Akkermansia_muciniphila	1.3863405561
PWY-6122: 5-aminoimidazole ribonucleotide biosynthesis II|g__Sutterella.s__Sutterella_wadsworthensis	1.1925483724
PWY-6122: 5-aminoimidazole ribonucleotide biosynthesis II|g__Coriobacteriaceae_noname.s__Coriobacteriaceae_bacterium_phI	1.0914711044
PWY-6122: 5-aminoimidazole ribonucleotide biosynthesis II|g__Eubacterium.s__Eubacterium_ventriosum	0.8279859242
PWY-6277: superpathway of 5-aminoimidazole ribonucleotide biosynthesis	62.4748377760
PWY-6277: superpathway of 5-aminoimidazole ribonucleotide biosynthesis|g__Alistipes.s__Alistipes_putredinis	13.5120442108
PWY-6277: superpathway of 5-aminoimidazole ribonucleotide biosynthesis|g__Faecalibacterium.s__Faecalibacterium_prausnitzii	9.9061145842
PWY-6277: superpathway of 5-aminoimidazole ribonucleotide biosynthesis|g__Alistipes.s__Alistipes_onderdonkii	6.7039026110
PWY-6277: superpathway of 5-aminoimidazole ribonucleotide biosynthesis|g__Bifidobacterium.s__Bifidobacterium_longum	4.0286357619
PWY-6277: superpathway of 5-aminoimidazole ribonucleotide biosynthesis|g__Ruminococcus.s__Ruminococcus_bromii	1.8921974296
PWY-6277: superpathway of 5-aminoimidazole ribonucleotide biosynthesis|g__Akkermansia.s__Akkermansia_muciniphila	1.3863405561
PWY-6277: superpathway of 5-aminoimidazole ribonucleotide biosynthesis|g__Sutterella.s__Sutterella_wadsworthensis	1.1925483724
PWY-6277: superpathway of 5-aminoimidazole ribonucleotide biosynthesis|g__Coriobacteriaceae_noname.s__Coriobacteriaceae_bacterium_phI	1.0914711044
PWY-6277: superpathway of 5-aminoimidazole ribonucleotide biosynthesis|g__Eubacterium.s__Eubacterium_ventriosum	0.8279859242
COMPLETE-ARO-PWY: superpathway of aromatic amino acid biosynthesis	62.3447493728
COMPLETE-ARO-PWY: superpathway of aromatic amino acid biosynthesis|g__Akkermansia.s__Akkermansia_muciniphila	3.8250018362
PWY-5103: L-isoleucine biosynthesis III	62.2906021324
PWY-5103: L-isoleucine biosynthesis III|g__Faecalibacterium.s__Faecalibacterium_prausnitzii	24.1691318886
PWY-5103: L-isoleucine biosynthesis III|g__Bifidobacterium.s__Bifidobacterium_longum	4.1445992747
PWY-5103: L-isoleucine biosynthesis III|g__Akkermansia.s__Akkermansia_muciniphila	3.4447655523
PWY-1042: glycolysis IV (plant cytosol)	61.0951258580
PWY-1042: glycolysis IV (plant cytosol)|g__Faecalibacterium.s__Faecalibacterium_prausnitzii	25.7277728047
PWY-6163: chorismate biosynthesis from 3-dehydroquinate	61.0153696675
PWY-6163: chorismate biosynthesis from 3-dehydroquinate|g__Akkermansia.s__Akkermansia_muciniphila	3.4191323968
PWY-2942: L-lysine biosynthesis III	59.8623451172
PWY-2942: L-lysine biosynthesis III|g__Faecalibacterium.s__Faecalibacterium_prausnitzii	6.5440729407
PWY-2942: L-lysine biosynthesis III|g__Bacteroides.s__Bacteroides_stercoris	4.9007910811
PWY-2942: L-lysine biosynthesis III|g__Bacteroides.s__Bacteroides_uniformis	1.7266605552
PWY-2942: L-lysine biosynthesis III|g__Parabacteroides.s__Parabacteroides_distasonis	1.3742698924
PWY-2942: L-lysine biosynthesis III|g__Akkermansia.s__Akkermansia_muciniphila	1.3659006085
PANTO-PWY: phosphopantothenate biosynthesis I	59.7868802082
PANTO-PWY: phosphopantothenate biosynthesis I|g__Alistipes.s__Alistipes_putredinis	9.5162596238
PANTO-PWY: phosphopantothenate biosynthesis I|g__Akkermansia.s__Akkermansia_muciniphila	6.1937883950
PANTO-PWY: phosphopantothenate biosynthesis I|g__Bacteroides.s__Bacteroides_stercoris	4.6747082428
PANTO-PWY: phosphopantothenate biosynthesis I|g__Bacteroides.s__Bacteroides_uniformis	4.4069432297
PANTO-PWY: phosphopantothenate biosynthesis I|g__Bacteroides.s__Bacteroides_dorei	2.2527138966
PANTO-PWY: phosphopantothenate biosynthesis I|g__Bacteroides.s__Bacteroides_ovatus	1.8337981785
PANTO-PWY: phosphopantothenate biosynthesis I|g__Barnesiella.s__Barnesiella_intestinihominis	1.5547298554
PWY-6151: S-adenosyl-L-methionine cycle I	58.1863848846
PWY-6151: S-adenosyl-L-methionine cycle I|g__Faecalibacterium.s__Faecalibacterium_prausnitzii	17.5574998135
PWY-6151: S-adenosyl-L-methionine cycle I|g__Bacteroides.s__Bacteroides_stercoris	5.8612081648
PWY-6151: S-adenosyl-L-methionine cycle I|g__Ruminococcus.s__Ruminococcus_bromii	5.8535624491
PWY-6151: S-adenosyl-L-methionine cycle I|g__Bacteroides.s__Bacteroides_uniformis	4.9916015202
PWY-6151: S-adenosyl-L-methionine cycle I|g__Bifidobacterium.s__Bifidobacterium_longum	2.1911845315
PWY-6151: S-adenosyl-L-methionine cycle I|g__Bacteroides.s__Bacteroides_vulgatus	1.1716461629
PWY-6123: inosine-5'-phosphate biosynthesis I	57.7433691281
PWY-6123: inosine-5'-phosphate biosynthesis I|g__Faecalibacterium.s__Faecalibacterium_prausnitzii	17.7324444385
PWY-6123: inosine-5'-phosphate biosynthesis I|g__Bifidobacterium.s__Bifidobacterium_longum	3.0428237468
NONOXIPENT-PWY: pentose phosphate pathway (non-oxidative branch)	56.6479278342
NONOXIPENT-PWY: pentose phosphate pathway (non-oxidative branch)|g__Faecalibacterium.s__Faecalibacterium_prausnitzii	27.1528260531
DTDPRHAMSYN-PWY: dTDP-L-rhamnose biosynthesis I	55.4143209536
DTDPRHAMSYN-PWY: dTDP-L-rhamnose biosynthesis I|g__Faecalibacterium.s__Faecalibacterium_prausnitzii	26.0269805386
DTDPRHAMSYN-PWY: dTDP-L-rhamnose biosynthesis I|g__Bacteroides.s__Bacteroides_ovatus	2.6180001926
ANAGLYCOLYSIS-PWY: glycolysis III (from glucose)	54.9950266880
PWY-6124: inosine-5'-phosphate biosynthesis II	54.3691119775
PWY-6124: inosine-5'-phosphate biosynthesis II|g__Faecalibacterium.s__Faecalibacterium_prausnitzii	19.9878531168
PWY-724: superpathway of L-lysine, L-threonine and L-methionine biosynthesis II	50.2596653051
PWY-724: superpathway of L-lysine, L-threonine and L-methionine biosynthesis II|g__Faecalibacterium.s__Faecalibacterium_prausnitzii	12.6894853087
PWY-6897: thiamin salvage II	50.2014710550
PWY0-1296: purine ribonucleosides degradation	46.6402937418
PWY0-1296: purine ribonucleosides degradation|g__Faecalibacterium.s__Faecalibacterium_prausnitzii	19.4216210373
PWY0-1296: purine ribonucleosides degradation|g__Coriobacteriaceae_noname.s__Coriobacteriaceae_bacterium_phI	1.1994516792
PWY0-1296: purine ribonucleosides degradation|g__Dorea.s__Dorea_longicatena	1.1072445429
PWY-5667: CDP-diacylglycerol biosynthesis I	45.6719667897
PWY-5667: CDP-diacylglycerol biosynthesis I|g__Faecalibacterium.s__Faecalibacterium_prausnitzii	14.2513163208
PWY-5667: CDP-diacylglycerol biosynthesis I|g__Bacteroides.s__Bacteroides_stercoris	4.1538570271
PWY-5667: CDP-diacylglycerol biosynthesis I|g__Bacteroides.s__Bacteroides_uniformis	2.2793373190
PWY-5667: CDP-diacylglycerol biosynthesis I|g__Bacteroides.s__Bacteroides_ovatus	1.8821196914
PWY0-1319: CDP-diacylglycerol biosynthesis II	45.6719667897
PWY0-1319: CDP-diacylglycerol biosynthesis II|g__Faecalibacterium.s__Faecalibacterium_prausnitzii	14.2513163208
PWY0-1319: CDP-diacylglycerol biosynthesis II|g__Bacteroides.s__Bacteroides_stercoris	4.1538570271
PWY0-1319: CDP-diacylglycerol biosynthesis II|g__Bacteroides.s__Bacteroides_uniformis	2.2793373190
PWY0-1319: CDP-diacylglycerol biosynthesis II|g__Bacteroides.s__Bacteroides_ovatus	1.8821196914
PANTOSYN-PWY: pantothenate and coenzyme A biosynthesis I	44.4601964262
PWY-3001: superpathway of L-isoleucine biosynthesis I	44.2785469289
PWY-3001: superpathway of L-isoleucine biosynthesis I|g__Faecalibacterium.s__Faecalibacterium_prausnitzii	18.4383475251
PWY-7357: thiamin formation from pyrithiamine and oxythiamine (yeast)	44.1091651252
PWY-7357: thiamin formation from pyrithiamine and oxythiamine (yeast)|g__Faecalibacterium.s__Faecalibacterium_prausnitzii	24.9184701793
CALVIN-PWY: Calvin-Benson-Bassham cycle	43.4613373276
CALVIN-PWY: Calvin-Benson-Bassham cycle|g__Faecalibacterium.s__Faecalibacterium_prausnitzii	11.5205145883
PWY-7234: inosine-5'-phosphate biosynthesis III	42.9646043415
PWY-7400: L-arginine biosynthesis IV (archaebacteria)	42.8673940209
PWY-7400: L-arginine biosynthesis IV (archaebacteria)|g__Bifidobacterium.s__Bifidobacterium_longum	3.6715637056
PWY-5695: urate biosynthesis/inosine 5'-phosphate degradation	42.6529018988
PWY-5695: urate biosynthesis/inosine 5'-phosphate degradation|g__Faecalibacterium.s__Faecalibacterium_prausnitzii	12.7401716863
PWY-5695: urate biosynthesis/inosine 5'-phosphate degradation|g__Bacteroides.s__Bacteroides_stercoris	4.4298770606
PWY-5695: urate biosynthesis/inosine 5'-phosphate degradation|g__Bacteroides.s__Bacteroides_dorei	3.0955770892
PWY-5695: urate biosynthesis/inosine 5'-phosphate degradation|g__Alistipes.s__Alistipes_shahii	1.6226562116
ARGSYN-PWY: L-arginine biosynthesis I (via L-ornithine)	40.9649694877
ARGSYN-PWY: L-arginine biosynthesis I (via L-ornithine)|g__Bifidobacterium.s__Bifidobacterium_longum	3.6634799754
PWY-7229: superpathway of adenosine nucleotides de novo biosynthesis I	40.2180835045
COA-PWY: coenzyme A biosynthesis I	39.7801265200
COA-PWY: coenzyme A biosynthesis I|g__Faecalibacterium.s__Faecalibacterium_prausnitzii	11.0217772541
PWY-3841: folate transformations II	38.2473273521
PWY-3841: folate transformations II|g__Akkermansia.s__Akkermansia_muciniphila	6.4017101459
PWY-3841: folate transformations II|g__Bacteroides.s__Bacteroides_ovatus	1.4757280299
GLCMANNANAUT-PWY: superpathway of N-acetylglucosamine, N-acetylmannosamine and N-acetylneuraminate degradation	38.1840968817
GLCMANNANAUT-PWY: superpathway of N-acetylglucosamine, N-acetylmannosamine and N-acetylneuraminate degradation|g__Faecalibacterium.s__Faecalibacterium_prausnitzii	22.6449963805
PWY-841: superpathway of purine nucleotides de novo biosynthesis I	37.2941639108
1CMET2-PWY: N10-formyl-tetrahydrofolate biosynthesis	36.7242212476
1CMET2-PWY: N10-formyl-tetrahydrofolate biosynthesis|g__Akkermansia.s__Akkermansia_muciniphila	3.6738983998
THRESYN-PWY: superpathway of L-threonine biosynthesis	36.1658246743
THRESYN-PWY: superpathway of L-threonine biosynthesis|g__Faecalibacterium.s__Faecalibacterium_prausnitzii	15.0579077013
DAPLYSINESYN-PWY: L-lysine biosynthesis I	36.0689329557
PWY-5973: cis-vaccenate biosynthesis	35.8725172832
HSERMETANA-PWY: L-methionine biosynthesis III	35.8647106099
THISYNARA-PWY: superpathway of thiamin diphosphate biosynthesis III (eukaryotes)	35.4898231995
THISYNARA-PWY: superpathway of thiamin diphosphate biosynthesis III (eukaryotes)|g__Faecalibacterium.s__Faecalibacterium_prausnitzii	23.5103006542
PWY0-1586: peptidoglycan maturation (meso-diaminopimelate containing)	35.2262449037
PWY0-1586: peptidoglycan maturation (meso-diaminopimelate containing)|g__Faecalibacterium.s__Faecalibacterium_prausnitzii	12.1953153199
PWY0-1586: peptidoglycan maturation (meso-diaminopimelate containing)|g__Akkermansia.s__Akkermansia_muciniphila	8.9606450941
PWY-6126: superpathway of adenosine nucleotides de novo biosynthesis II	34.8538669770
PWY-6317: galactose degradation I (Leloir pathway)	33.8682987606
PWY-6317: galactose degradation I (Leloir pathway)|g__Faecalibacterium.s__Faecalibacterium_prausnitzii	21.2569607193
PWY66-422: D-galactose degradation V (Leloir pathway)	33.8682987606
PWY66-422: D-galactose degradation V (Leloir pathway)|g__Faecalibacterium.s__Faecalibacterium_prausnitzii	21.2569607193
SER-GLYSYN-PWY: superpathway of L-serine and glycine biosynthesis I	33.6688487228
SER-GLYSYN-PWY: superpathway of L-serine and glycine biosynthesis I|g__Faecalibacterium.s__Faecalibacterium_prausnitzii	10.6352799435
SER-GLYSYN-PWY: superpathway of L-serine and glycine biosynthesis I|g__Ruminococcus.s__Ruminococcus_bromii	2.6991902565
PWY-5101: L-isoleucine biosynthesis II	33.0255758188
PWY-6700: queuosine biosynthesis	32.9527250796
PWY-6700: queuosine biosynthesis|g__Bacteroides.s__Bacteroides_stercoris	6.3676058288
PWY-6700: queuosine biosynthesis|g__Bacteroides.s__Bacteroides_dorei	4.7888792555
PWY-6700: queuosine biosynthesis|g__Barnesiella.s__Barnesiella_intestinihominis	1.3453780698
PWY0-162: superpathway of pyrimidine ribonucleotides de novo biosynthesis	32.8394306122
PWY-7282: 4-amino-2-methyl-5-phosphomethylpyrimidine biosynthesis (yeast)	32.4351357803
PWY-7663: gondoate biosynthesis (anaerobic)	31.8630070604
PWY-7663: gondoate biosynthesis (anaerobic)|g__Bacteroides.s__Bacteroides_stercoris	8.1344262922
PWY-7663: gondoate biosynthesis (anaerobic)|g__Bacteroides.s__Bacteroides_ovatus	1.7116242506
PWY0-166: superpathway of pyrimidine deoxyribonucleotides de novo biosynthesis (E. coli)	31.4735307340
PWY-7228: superpathway of guanosine nucleotides de novo biosynthesis I	31.2382390042
PWY-7228: superpathway of guanosine nucleotides de novo biosynthesis I|g__Akkermansia.s__Akkermansia_muciniphila	4.0554873255
PWY-7228: superpathway of guanosine nucleotides de novo biosynthesis I|g__Sutterella.s__Sutterella_wadsworthensis	1.1771782786
PWY-6507: 4-deoxy-L-threo-hex-4-enopyranuronate degradation	30.2209603054
PWY-6507: 4-deoxy-L-threo-hex-4-enopyranuronate degradation|g__Faecalibacterium.s__Faecalibacterium_prausnitzii	26.4652814913
PWY-4242: pantothenate and coenzyme A biosynthesis III	29.9961203164
PWY-4242: pantothenate and coenzyme A biosynthesis III|g__Faecalibacterium.s__Faecalibacterium_prausnitzii	10.7909829051
PWY-7242: D-fructuronate degradation	29.7994844451
PWY-7242: D-fructuronate degradation|g__Faecalibacterium.s__Faecalibacterium_prausnitzii	25.6791652461
HISTSYN-PWY: L-histidine biosynthesis	29.3542734075
PWY-6125: superpathway of guanosine nucleotides de novo biosynthesis II	28.7209872787
PWY-7208: superpathway of pyrimidine nucleobases salvage	28.5176031906
PWY-7208: superpathway of pyrimidine nucleobases salvage|g__Akkermansia.s__Akkermansia_muciniphila	2.7976428950
PWY-6609: adenine and adenosine salvage III	27.5273972152
PWY-6609: adenine and adenosine salvage III|g__Faecalibacterium.s__Faecalibacterium_prausnitzii	14.7308872009
ARGSYNBSUB-PWY: L-arginine biosynthesis II (acetyl cycle)	26.9125151847
ARGSYNBSUB-PWY: L-arginine biosynthesis II (acetyl cycle)|g__Bifidobacterium.s__Bifidobacterium_longum	4.3179106831
GALACTUROCAT-PWY: D-galacturonate degradation I	26.1012927505
GALACTUROCAT-PWY: D-galacturonate degradation I|g__Faecalibacterium.s__Faecalibacterium_prausnitzii	22.2876504037
PWY-6703: preQ0 biosynthesis	25.7134929671
PWY-6703: preQ0 biosynthesis|g__Bacteroides.s__Bacteroides_stercoris	4.9304560828
PWY-6703: preQ0 biosynthesis|g__Akkermansia.s__Akkermansia_muciniphila	2.5333602568
PWY-621: sucrose degradation III (sucrose invertase)	25.2256153085
PWY-621: sucrose degradation III (sucrose invertase)|g__Faecalibacterium.s__Faecalibacterium_prausnitzii	22.9634805109
PWY-7184: pyrimidine deoxyribonucleotides de novo biosynthesis I	24.7249543541
PWY-6527: stachyose degradation	23.7859538512
PWY0-845: superpathway of pyridoxal 5'-phosphate biosynthesis and salvage	23.7679556528
GALACT-GLUCUROCAT-PWY: superpathway of hexuronide and hexuronate degradation	23.6367652227
GALACT-GLUCUROCAT-PWY: superpathway of hexuronide and hexuronate degradation|g__Faecalibacterium.s__Faecalibacterium_prausnitzii	18.4269438610
GLUCUROCAT-PWY: superpathway of &beta;-D-glucuronide and D-glucuronate degradation	23.4903618808
GLUCUROCAT-PWY: superpathway of &beta;-D-glucuronide and D-glucuronate degradation|g__Faecalibacterium.s__Faecalibacterium_prausnitzii	18.8544672292
PWY-7197: pyrimidine deoxyribonucleotide phosphorylation	22.9014777290
PWY-7197: pyrimidine deoxyribonucleotide phosphorylation|g__Akkermansia.s__Akkermansia_muciniphila	3.2180563597
PWY-6545: pyrimidine deoxyribonucleotides de novo biosynthesis III	22.8118322879
PYRIDNUCSYN-PWY: NAD biosynthesis I (from aspartate)	22.7260398402
PYRIDNUCSYN-PWY: NAD biosynthesis I (from aspartate)|g__Alistipes.s__Alistipes_shahii	2.6959292161
PYRIDOXSYN-PWY: pyridoxal 5'-phosphate biosynthesis I	22.0299642882
PYRIDOXSYN-PWY: pyridoxal 5'-phosphate biosynthesis I|g__Bacteroides.s__Bacteroides_stercoris	2.4381041243
DENOVOPURINE2-PWY: superpathway of purine nucleotides de novo biosynthesis II	21.5618027587
PWY-5154: L-arginine biosynthesis III (via N-acetyl-L-citrulline)	21.1388345101
PWY-5100: pyruvate fermentation to acetate and lactate II	20.4465866386
PWY-5100: pyruvate fermentation to acetate and lactate II|g__Ruminococcus.s__Ruminococcus_lactaris	1.1528608870
PWY-6168: flavin biosynthesis III (fungi)	19.5035676673
PWY-7220: adenosine deoxyribonucleotides de novo biosynthesis II	19.4833004208
PWY-7220: adenosine deoxyribonucleotides de novo biosynthesis II|g__Sutterella.s__Sutterella_wadsworthensis	1.4910536779
PWY-7222: guanosine deoxyribonucleotides de novo biosynthesis II	19.4833004208
PWY-7222: guanosine deoxyribonucleotides de novo biosynthesis II|g__Sutterella.s__Sutterella_wadsworthensis	1.4910536779
GLUTORN-PWY: L-ornithine biosynthesis	18.7709115668
GLUTORN-PWY: L-ornithine biosynthesis|g__Bifidobacterium.s__Bifidobacterium_longum	3.5294794895
PWY-5177: glutaryl-CoA degradation	18.7075338125
PWY-5177: glutaryl-CoA degradation|g__Faecalibacterium.s__Faecalibacterium_prausnitzii	14.4409741188
RIBOSYN2-PWY: flavin biosynthesis I (bacteria and plants)	18.6145000536
ASPASN-PWY: superpathway of L-aspartate and L-asparagine biosynthesis	18.5185947450
ASPASN-PWY: superpathway of L-aspartate and L-asparagine biosynthesis|g__Faecalibacterium.s__Faecalibacterium_prausnitzii	14.4312184790
TRNA-CHARGING-PWY: tRNA charging	17.9743603947
PWY-5659: GDP-mannose biosynthesis	17.1590701367
PWY-5659: GDP-mannose biosynthesis|g__Alistipes.s__Alistipes_onderdonkii	4.6222024233
PWY-5659: GDP-mannose biosynthesis|g__Bacteroides.s__Bacteroides_ovatus	1.1161714590
PWY-7383: anaerobic energy metabolism (invertebrates, cytosol)	16.3753450549
COBALSYN-PWY: adenosylcobalamin salvage from cobinamide I	16.2250628273
COBALSYN-PWY: adenosylcobalamin salvage from cobinamide I|g__Faecalibacterium.s__Faecalibacterium_prausnitzii	10.6397255659
OANTIGEN-PWY: O-antigen building blocks biosynthesis (E. coli)	15.2734515765
PWY-7199: pyrimidine deoxyribonucleosides salvage	14.7611108698
PWY-7187: pyrimidine deoxyribonucleotides de novo biosynthesis II	13.7694033351
PHOSLIPSYN-PWY: superpathway of phospholipid biosynthesis I (bacteria)	13.4340762927
PWY-5347: superpathway of L-methionine biosynthesis (transsulfuration)	13.0897475705
PWY-1269: CMP-3-deoxy-D-manno-octulosonate biosynthesis I	12.8988622058
PWY-1269: CMP-3-deoxy-D-manno-octulosonate biosynthesis I|g__Akkermansia.s__Akkermansia_muciniphila	4.8954576252
METSYN-PWY: L-homoserine and L-methionine biosynthesis	12.6699484101
RHAMCAT-PWY: L-rhamnose degradation I	12.4929848070
RHAMCAT-PWY: L-rhamnose degradation I|g__Faecalibacterium.s__Faecalibacterium_prausnitzii	9.0887102081
TRPSYN-PWY: L-tryptophan biosynthesis	12.3144810755
PWY-7323: superpathway of GDP-mannose-derived O-antigen building blocks biosynthesis	11.6442336425
PWY-7323: superpathway of GDP-mannose-derived O-antigen building blocks biosynthesis|g__Bacteroides.s__Bacteroides_ovatus	0.9907258054
MET-SAM-PWY: superpathway of S-adenosyl-L-methionine biosynthesis	10.8620188173
PWY-7211: superpathway of pyrimidine deoxyribonucleotides de novo biosynthesis	10.8039434000
PWY-5345: superpathway of L-methionine biosynthesis (by sulfhydrylation)	10.6049341484
ARGININE-SYN4-PWY: L-ornithine de novo  biosynthesis	10.5347745167
ARGININE-SYN4-PWY: L-ornithine de novo  biosynthesis|g__Bacteroides.s__Bacteroides_stercoris	5.4262542048
ARGININE-SYN4-PWY: L-ornithine de novo  biosynthesis|g__Bacteroides.s__Bacteroides_uniformis	2.1993680700
PWY4FS-7: phosphatidylglycerol biosynthesis I (plastidic)	10.4117685417
PWY4FS-8: phosphatidylglycerol biosynthesis II (non-plastidic)	10.4117685417
UDPNAGSYN-PWY: UDP-N-acetyl-D-glucosamine biosynthesis I	10.3065599733
UDPNAGSYN-PWY: UDP-N-acetyl-D-glucosamine biosynthesis I|g__Bifidobacterium.s__Bifidobacterium_longum	5.4108581678
TCA: TCA cycle I (prokaryotic)	9.8454701185
P108-PWY: pyruvate fermentation to propanoate I	9.6831965314
PWY-6305: putrescine biosynthesis IV	9.2621939491
PWY-6305: putrescine biosynthesis IV|g__Faecalibacterium.s__Faecalibacterium_prausnitzii	2.7996170707
PWY-5188: tetrapyrrole biosynthesis I (from glutamate)	9.1220743414
PWY-5188: tetrapyrrole biosynthesis I (from glutamate)|g__Akkermansia.s__Akkermansia_muciniphila	3.4370625533
PWY-5188: tetrapyrrole biosynthesis I (from glutamate)|g__Ruminococcus.s__Ruminococcus_bromii	1.1103211017
PWY-6969: TCA cycle V (2-oxoglutarate:ferredoxin oxidoreductase)	8.9347311668
SO4ASSIM-PWY: sulfate reduction I (assimilatory)	7.5384786497
SO4ASSIM-PWY: sulfate reduction I (assimilatory)|g__Akkermansia.s__Akkermansia_muciniphila	2.9677507830
HOMOSER-METSYN-PWY: L-methionine biosynthesis I	7.0233640334
HOMOSER-METSYN-PWY: L-methionine biosynthesis I|g__Ruminococcus.s__Ruminococcus_bromii	2.7604675750
PWY-5690: TCA cycle II (plants and fungi)	7.0216748087
PWY-7210: pyrimidine deoxyribonucleotides biosynthesis from CTP	6.6447276246
PWY-4981: L-proline biosynthesis II (from arginine)	6.5403434713
SULFATE-CYS-PWY: superpathway of sulfate assimilation and cysteine biosynthesis	6.2131860965
PWY-7198: pyrimidine deoxyribonucleotides de novo biosynthesis IV	5.1817923330
PWY-4702: phytate degradation I	4.9806564950
PWY-4702: phytate degradation I|g__Akkermansia.s__Akkermansia_muciniphila	3.8710889668
PWY-5030: L-histidine degradation III	4.6097048879
PWY-7371: 1,4-dihydroxy-6-naphthoate biosynthesis II	4.5800898769
PWY-7456: mannan degradation	4.2936872687
LACTOSECAT-PWY: lactose and galactose degradation I	3.8438862166
CITRULBIO-PWY: L-citrulline biosynthesis	3.4227079081
PWY-6936: seleno-amino acid biosynthesis	3.3240949299
FUCCAT-PWY: fucose degradation	3.2944222961
PWY-6531: mannitol cycle	3.0010903191
PWY-4984: urea cycle	2.8611288168
COLANSYN-PWY: colanic acid building blocks biosynthesis	2.6681072389
HEMESYN2-PWY: heme biosynthesis II (anaerobic)	1.8404084969
HEMESYN2-PWY: heme biosynthesis II (anaerobic)|g__Sutterella.s__Sutterella_wadsworthensis	0.9930587045
GLYCOGENSYNTH-PWY: glycogen biosynthesis I (from ADP-D-Glucose)	1.4722509410
PWY-7237: myo-, chiro- and scillo-inositol degradation	1.1764705882
PWY-7237: myo-, chiro- and scillo-inositol degradation|g__Dorea.s__Dorea_longicatena	1.1764705882
HISDEG-PWY: L-histidine degradation I	0.9935398160
HISDEG-PWY: L-histidine degradation I|g__Alistipes.s__Alistipes_shahii	0.6099420555