# Pathway	ERR748430_Abundance
UNMAPPED	172470.6264426766
UNINTEGRATED	83300.9848943016
UNINTEGRATED|g__Faecalibacterium.s__Faecalibacterium_prausnitzii	37152.4577442175
UNINTEGRATED|g__Bifidobacterium.s__Bifidobacterium_longum	8025.8222383766
UNINTEGRATED|g__Alistipes.s__Alistipes_onderdonkii	5576.1350275193
UNINTEGRATED|g__Akkermansia.s__Akkermansia_muciniphila	5233.9674372703
UNINTEGRATED|g__Alistipes.s__Alistipes_putredinis	5115.0671678427
UNINTEGRATED|g__Bacteroides.s__Bacteroides_uniformis	4094.7209950489
UNINTEGRATED|g__Roseburia.s__Roseburia_inulinivorans	2003.6994656812
UNINTEGRATED|g__Sutterella.s__Sutterella_wadsworthensis	1899.0506388067
UNINTEGRATED|g__Bacteroides.s__Bacteroides_dorei	1693.6603220536
UNINTEGRATED|g__Roseburia.s__Roseburia_intestinalis	1626.7003630307
UNINTEGRATED|g__Alistipes.s__Alistipes_shahii	1557.8534418201
UNINTEGRATED|g__Alistipes.s__Alistipes_finegoldii	1013.2797680257
UNINTEGRATED|g__Blautia.s__Ruminococcus_torques	1002.9129260520
UNINTEGRATED|g__Coriobacteriaceae_noname.s__Coriobacteriaceae_bacterium_phI	947.7606548457
UNINTEGRATED|g__Ruminococcus.s__Ruminococcus_callidus	773.0751250107
UNINTEGRATED|g__Parabacteroides.s__Parabacteroides_distasonis	762.9292852413
UNINTEGRATED|g__Bacteroides.s__Bacteroides_stercoris	740.3995770092
UNINTEGRATED|g__Parabacteroides.s__Parabacteroides_merdae	718.7885555046
UNINTEGRATED|g__Ruminococcus.s__Ruminococcus_bromii	675.9133609812
UNINTEGRATED|g__Adlercreutzia.s__Adlercreutzia_equolifaciens	652.9312275259
UNINTEGRATED|g__Bifidobacterium.s__Bifidobacterium_animalis	540.7349821134
UNINTEGRATED|g__Pyramidobacter.s__Pyramidobacter_piscolens	325.3762527589
UNINTEGRATED|g__Eubacterium.s__Eubacterium_eligens	302.0138006758
PWY-7219: adenosine ribonucleotides de novo biosynthesis	146.6160878917
PWY-7219: adenosine ribonucleotides de novo biosynthesis|g__Faecalibacterium.s__Faecalibacterium_prausnitzii	70.4195962866
PWY-7219: adenosine ribonucleotides de novo biosynthesis|g__Bifidobacterium.s__Bifidobacterium_longum	19.1133258288
PWY-7219: adenosine ribonucleotides de novo biosynthesis|g__Alistipes.s__Alistipes_putredinis	13.8809004672
PWY-7219: adenosine ribonucleotides de novo biosynthesis|g__Akkermansia.s__Akkermansia_muciniphila	12.1130046167
PWY-7219: adenosine ribonucleotides de novo biosynthesis|g__Bacteroides.s__Bacteroides_uniformis	7.5638512415
PWY-7219: adenosine ribonucleotides de novo biosynthesis|g__Alistipes.s__Alistipes_onderdonkii	7.1140407488
PWY-7219: adenosine ribonucleotides de novo biosynthesis|g__Sutterella.s__Sutterella_wadsworthensis	4.2823041535
PWY-7219: adenosine ribonucleotides de novo biosynthesis|g__Ruminococcus.s__Ruminococcus_bromii	3.6579013137
PWY-7219: adenosine ribonucleotides de novo biosynthesis|g__Alistipes.s__Alistipes_shahii	3.2474878444
PWY-7219: adenosine ribonucleotides de novo biosynthesis|g__Ruminococcus.s__Ruminococcus_callidus	2.4584909400
PWY-7219: adenosine ribonucleotides de novo biosynthesis|g__Bifidobacterium.s__Bifidobacterium_animalis	1.8194909751
PWY-7219: adenosine ribonucleotides de novo biosynthesis|g__Adlercreutzia.s__Adlercreutzia_equolifaciens	1.4501297118
PWY-7219: adenosine ribonucleotides de novo biosynthesis|g__Bacteroides.s__Bacteroides_dorei	1.2821080384
PWY-7219: adenosine ribonucleotides de novo biosynthesis|g__Coriobacteriaceae_noname.s__Coriobacteriaceae_bacterium_phI	1.2315518529
PWY-7219: adenosine ribonucleotides de novo biosynthesis|g__Bacteroides.s__Bacteroides_stercoris	1.2267063239
PWY-7219: adenosine ribonucleotides de novo biosynthesis|g__Pyramidobacter.s__Pyramidobacter_piscolens	1.0327380652
PWY-7219: adenosine ribonucleotides de novo biosynthesis|g__Parabacteroides.s__Parabacteroides_distasonis	1.0033815976
PWY-7219: adenosine ribonucleotides de novo biosynthesis|g__Blautia.s__Ruminococcus_torques	0.8678892841
PWY-6386: UDP-N-acetylmuramoyl-pentapeptide biosynthesis II (lysine-containing)	145.7821352382
PWY-6386: UDP-N-acetylmuramoyl-pentapeptide biosynthesis II (lysine-containing)|g__Faecalibacterium.s__Faecalibacterium_prausnitzii	33.6609865528
PWY-6386: UDP-N-acetylmuramoyl-pentapeptide biosynthesis II (lysine-containing)|g__Alistipes.s__Alistipes_putredinis	23.7170550440
PWY-6386: UDP-N-acetylmuramoyl-pentapeptide biosynthesis II (lysine-containing)|g__Alistipes.s__Alistipes_onderdonkii	10.6624119275
PWY-6386: UDP-N-acetylmuramoyl-pentapeptide biosynthesis II (lysine-containing)|g__Bacteroides.s__Bacteroides_uniformis	5.4984267609
PWY-6386: UDP-N-acetylmuramoyl-pentapeptide biosynthesis II (lysine-containing)|g__Sutterella.s__Sutterella_wadsworthensis	3.8527824655
PWY-5686: UMP biosynthesis	143.6119834745
PWY-5686: UMP biosynthesis|g__Faecalibacterium.s__Faecalibacterium_prausnitzii	51.9985949675
PWY-5686: UMP biosynthesis|g__Alistipes.s__Alistipes_putredinis	20.2725602364
PWY-5686: UMP biosynthesis|g__Alistipes.s__Alistipes_onderdonkii	13.6434303325
PWY-5686: UMP biosynthesis|g__Akkermansia.s__Akkermansia_muciniphila	9.1405305319
PWY-5686: UMP biosynthesis|g__Bacteroides.s__Bacteroides_uniformis	5.8193191339
PWY-5686: UMP biosynthesis|g__Bifidobacterium.s__Bifidobacterium_longum	5.1335157574
PWY-6387: UDP-N-acetylmuramoyl-pentapeptide biosynthesis I (meso-diaminopimelate containing)	143.3600145169
PWY-6387: UDP-N-acetylmuramoyl-pentapeptide biosynthesis I (meso-diaminopimelate containing)|g__Faecalibacterium.s__Faecalibacterium_prausnitzii	48.4835204327
PWY-6387: UDP-N-acetylmuramoyl-pentapeptide biosynthesis I (meso-diaminopimelate containing)|g__Alistipes.s__Alistipes_putredinis	22.5458966859
PWY-6387: UDP-N-acetylmuramoyl-pentapeptide biosynthesis I (meso-diaminopimelate containing)|g__Alistipes.s__Alistipes_onderdonkii	8.3351984284
PWY-6387: UDP-N-acetylmuramoyl-pentapeptide biosynthesis I (meso-diaminopimelate containing)|g__Bacteroides.s__Bacteroides_uniformis	4.8236897694
PWY-6387: UDP-N-acetylmuramoyl-pentapeptide biosynthesis I (meso-diaminopimelate containing)|g__Sutterella.s__Sutterella_wadsworthensis	3.5684348712
PWY-6387: UDP-N-acetylmuramoyl-pentapeptide biosynthesis I (meso-diaminopimelate containing)|g__Bacteroides.s__Bacteroides_dorei	1.1768107335
COA-PWY-1: coenzyme A biosynthesis II (mammalian)	136.1008964917
COA-PWY-1: coenzyme A biosynthesis II (mammalian)|g__Faecalibacterium.s__Faecalibacterium_prausnitzii	32.1932443580
COA-PWY-1: coenzyme A biosynthesis II (mammalian)|g__Akkermansia.s__Akkermansia_muciniphila	19.0620880358
COA-PWY-1: coenzyme A biosynthesis II (mammalian)|g__Bifidobacterium.s__Bifidobacterium_longum	10.8877016612
COA-PWY-1: coenzyme A biosynthesis II (mammalian)|g__Alistipes.s__Alistipes_putredinis	10.0201355369
COA-PWY-1: coenzyme A biosynthesis II (mammalian)|g__Sutterella.s__Sutterella_wadsworthensis	2.2663291740
COA-PWY-1: coenzyme A biosynthesis II (mammalian)|g__Bacteroides.s__Bacteroides_dorei	2.1827071190
PWY-6737: starch degradation V	134.8070519846
PWY-6737: starch degradation V|g__Faecalibacterium.s__Faecalibacterium_prausnitzii	71.1641119542
PWY-6737: starch degradation V|g__Akkermansia.s__Akkermansia_muciniphila	10.3406055333
PWY-6737: starch degradation V|g__Roseburia.s__Roseburia_inulinivorans	3.6789785912
PWY-6737: starch degradation V|g__Alistipes.s__Alistipes_finegoldii	2.4030987042
PWY-6737: starch degradation V|g__Coriobacteriaceae_noname.s__Coriobacteriaceae_bacterium_phI	1.0954906422
PEPTIDOGLYCANSYN-PWY: peptidoglycan biosynthesis I (meso-diaminopimelate containing)	127.0515548982
PEPTIDOGLYCANSYN-PWY: peptidoglycan biosynthesis I (meso-diaminopimelate containing)|g__Faecalibacterium.s__Faecalibacterium_prausnitzii	34.2790688739
PEPTIDOGLYCANSYN-PWY: peptidoglycan biosynthesis I (meso-diaminopimelate containing)|g__Alistipes.s__Alistipes_putredinis	21.4695142207
PEPTIDOGLYCANSYN-PWY: peptidoglycan biosynthesis I (meso-diaminopimelate containing)|g__Alistipes.s__Alistipes_onderdonkii	5.3537651836
PEPTIDOGLYCANSYN-PWY: peptidoglycan biosynthesis I (meso-diaminopimelate containing)|g__Bacteroides.s__Bacteroides_uniformis	5.1260996847
PEPTIDOGLYCANSYN-PWY: peptidoglycan biosynthesis I (meso-diaminopimelate containing)|g__Sutterella.s__Sutterella_wadsworthensis	3.3870412641
ILEUSYN-PWY: L-isoleucine biosynthesis I (from threonine)	126.2446119065
ILEUSYN-PWY: L-isoleucine biosynthesis I (from threonine)|g__Faecalibacterium.s__Faecalibacterium_prausnitzii	86.2476897456
ILEUSYN-PWY: L-isoleucine biosynthesis I (from threonine)|g__Bifidobacterium.s__Bifidobacterium_longum	9.8792746077
ILEUSYN-PWY: L-isoleucine biosynthesis I (from threonine)|g__Akkermansia.s__Akkermansia_muciniphila	8.5495874000
VALSYN-PWY: L-valine biosynthesis	126.2446119065
VALSYN-PWY: L-valine biosynthesis|g__Faecalibacterium.s__Faecalibacterium_prausnitzii	86.2476897456
VALSYN-PWY: L-valine biosynthesis|g__Bifidobacterium.s__Bifidobacterium_longum	9.8792746077
VALSYN-PWY: L-valine biosynthesis|g__Akkermansia.s__Akkermansia_muciniphila	8.5495874000
VALSYN-PWY: L-valine biosynthesis|g__Ruminococcus.s__Ruminococcus_bromii	1.8007207991
VALSYN-PWY: L-valine biosynthesis|g__Bacteroides.s__Bacteroides_stercoris	1.4639065112
VALSYN-PWY: L-valine biosynthesis|g__Coriobacteriaceae_noname.s__Coriobacteriaceae_bacterium_phI	1.2834687705
VALSYN-PWY: L-valine biosynthesis|g__Eubacterium.s__Eubacterium_eligens	0.6980802792
PWY-1042: glycolysis IV (plant cytosol)	125.4737382286
PWY-1042: glycolysis IV (plant cytosol)|g__Faecalibacterium.s__Faecalibacterium_prausnitzii	56.1706182160
PWY-1042: glycolysis IV (plant cytosol)|g__Akkermansia.s__Akkermansia_muciniphila	17.1035579332
PWY-1042: glycolysis IV (plant cytosol)|g__Alistipes.s__Alistipes_shahii	4.2240963991
PWY-1042: glycolysis IV (plant cytosol)|g__Ruminococcus.s__Ruminococcus_bromii	3.2024689776
PWY-6385: peptidoglycan biosynthesis III (mycobacteria)	121.5627396779
PWY-6385: peptidoglycan biosynthesis III (mycobacteria)|g__Faecalibacterium.s__Faecalibacterium_prausnitzii	34.2790688739
PWY-7111: pyruvate fermentation to isobutanol (engineered)	119.7572623677
PWY-7111: pyruvate fermentation to isobutanol (engineered)|g__Faecalibacterium.s__Faecalibacterium_prausnitzii	77.3568340047
PWY-7111: pyruvate fermentation to isobutanol (engineered)|g__Bifidobacterium.s__Bifidobacterium_longum	9.5319466271
PWY-7111: pyruvate fermentation to isobutanol (engineered)|g__Akkermansia.s__Akkermansia_muciniphila	7.9958774449
PWY-7111: pyruvate fermentation to isobutanol (engineered)|g__Ruminococcus.s__Ruminococcus_bromii	1.8007207991
PWY-7111: pyruvate fermentation to isobutanol (engineered)|g__Bacteroides.s__Bacteroides_stercoris	1.4639065112
PWY-7111: pyruvate fermentation to isobutanol (engineered)|g__Coriobacteriaceae_noname.s__Coriobacteriaceae_bacterium_phI	1.2834687705
PWY-7111: pyruvate fermentation to isobutanol (engineered)|g__Eubacterium.s__Eubacterium_eligens	0.6980802792
BRANCHED-CHAIN-AA-SYN-PWY: superpathway of branched amino acid biosynthesis	119.6563118287
BRANCHED-CHAIN-AA-SYN-PWY: superpathway of branched amino acid biosynthesis|g__Faecalibacterium.s__Faecalibacterium_prausnitzii	70.9498878724
BRANCHED-CHAIN-AA-SYN-PWY: superpathway of branched amino acid biosynthesis|g__Bifidobacterium.s__Bifidobacterium_longum	9.4432155287
BRANCHED-CHAIN-AA-SYN-PWY: superpathway of branched amino acid biosynthesis|g__Akkermansia.s__Akkermansia_muciniphila	8.6393190295
PWY-6121: 5-aminoimidazole ribonucleotide biosynthesis I	119.1577042386
PWY-6121: 5-aminoimidazole ribonucleotide biosynthesis I|g__Faecalibacterium.s__Faecalibacterium_prausnitzii	37.5124563672
PWY-6121: 5-aminoimidazole ribonucleotide biosynthesis I|g__Alistipes.s__Alistipes_putredinis	15.2754542051
PWY-6121: 5-aminoimidazole ribonucleotide biosynthesis I|g__Akkermansia.s__Akkermansia_muciniphila	10.3977346457
PWY-6121: 5-aminoimidazole ribonucleotide biosynthesis I|g__Alistipes.s__Alistipes_onderdonkii	9.2256005227
PWY-6121: 5-aminoimidazole ribonucleotide biosynthesis I|g__Bifidobacterium.s__Bifidobacterium_longum	8.0492915727
PWY-6121: 5-aminoimidazole ribonucleotide biosynthesis I|g__Sutterella.s__Sutterella_wadsworthensis	4.8610223242
PWY-6121: 5-aminoimidazole ribonucleotide biosynthesis I|g__Coriobacteriaceae_noname.s__Coriobacteriaceae_bacterium_phI	1.8211030123
PWY-6121: 5-aminoimidazole ribonucleotide biosynthesis I|g__Roseburia.s__Roseburia_inulinivorans	1.3372024295
PWY-6121: 5-aminoimidazole ribonucleotide biosynthesis I|g__Roseburia.s__Roseburia_intestinalis	1.2492979688
PWY-6121: 5-aminoimidazole ribonucleotide biosynthesis I|g__Alistipes.s__Alistipes_finegoldii	0.9480470231
PWY-6122: 5-aminoimidazole ribonucleotide biosynthesis II	118.8433906795
PWY-6122: 5-aminoimidazole ribonucleotide biosynthesis II|g__Faecalibacterium.s__Faecalibacterium_prausnitzii	34.8418565905
PWY-6122: 5-aminoimidazole ribonucleotide biosynthesis II|g__Alistipes.s__Alistipes_putredinis	14.6606991584
PWY-6122: 5-aminoimidazole ribonucleotide biosynthesis II|g__Bifidobacterium.s__Bifidobacterium_longum	10.6311772877
PWY-6122: 5-aminoimidazole ribonucleotide biosynthesis II|g__Akkermansia.s__Akkermansia_muciniphila	9.2990271116
PWY-6122: 5-aminoimidazole ribonucleotide biosynthesis II|g__Alistipes.s__Alistipes_onderdonkii	8.7132110897
PWY-6122: 5-aminoimidazole ribonucleotide biosynthesis II|g__Sutterella.s__Sutterella_wadsworthensis	5.6169485573
PWY-6122: 5-aminoimidazole ribonucleotide biosynthesis II|g__Adlercreutzia.s__Adlercreutzia_equolifaciens	3.5343039124
PWY-6122: 5-aminoimidazole ribonucleotide biosynthesis II|g__Coriobacteriaceae_noname.s__Coriobacteriaceae_bacterium_phI	2.5387572600
PWY-6122: 5-aminoimidazole ribonucleotide biosynthesis II|g__Roseburia.s__Roseburia_inulinivorans	1.2697809441
PWY-6122: 5-aminoimidazole ribonucleotide biosynthesis II|g__Roseburia.s__Roseburia_intestinalis	1.1698479543
PWY-6122: 5-aminoimidazole ribonucleotide biosynthesis II|g__Alistipes.s__Alistipes_finegoldii	0.8361204013
PWY-6277: superpathway of 5-aminoimidazole ribonucleotide biosynthesis	118.8433906795
PWY-6277: superpathway of 5-aminoimidazole ribonucleotide biosynthesis|g__Faecalibacterium.s__Faecalibacterium_prausnitzii	34.8418565905
PWY-6277: superpathway of 5-aminoimidazole ribonucleotide biosynthesis|g__Alistipes.s__Alistipes_putredinis	14.6606991584
PWY-6277: superpathway of 5-aminoimidazole ribonucleotide biosynthesis|g__Bifidobacterium.s__Bifidobacterium_longum	10.6311772877
PWY-6277: superpathway of 5-aminoimidazole ribonucleotide biosynthesis|g__Akkermansia.s__Akkermansia_muciniphila	9.2990271116
PWY-6277: superpathway of 5-aminoimidazole ribonucleotide biosynthesis|g__Alistipes.s__Alistipes_onderdonkii	8.7132110897
PWY-6277: superpathway of 5-aminoimidazole ribonucleotide biosynthesis|g__Sutterella.s__Sutterella_wadsworthensis	5.6169485573
PWY-6277: superpathway of 5-aminoimidazole ribonucleotide biosynthesis|g__Adlercreutzia.s__Adlercreutzia_equolifaciens	3.5343039124
PWY-6277: superpathway of 5-aminoimidazole ribonucleotide biosynthesis|g__Coriobacteriaceae_noname.s__Coriobacteriaceae_bacterium_phI	2.5387572600
PWY-6277: superpathway of 5-aminoimidazole ribonucleotide biosynthesis|g__Roseburia.s__Roseburia_inulinivorans	1.2697809441
PWY-6277: superpathway of 5-aminoimidazole ribonucleotide biosynthesis|g__Roseburia.s__Roseburia_intestinalis	1.1698479543
PWY-6277: superpathway of 5-aminoimidazole ribonucleotide biosynthesis|g__Alistipes.s__Alistipes_finegoldii	0.8361204013
NONOXIPENT-PWY: pentose phosphate pathway (non-oxidative branch)	117.9578752937
NONOXIPENT-PWY: pentose phosphate pathway (non-oxidative branch)|g__Faecalibacterium.s__Faecalibacterium_prausnitzii	71.9192248710
NONOXIPENT-PWY: pentose phosphate pathway (non-oxidative branch)|g__Alistipes.s__Alistipes_shahii	3.2512415982
PWY-5103: L-isoleucine biosynthesis III	114.2074225513
PWY-5103: L-isoleucine biosynthesis III|g__Faecalibacterium.s__Faecalibacterium_prausnitzii	62.5239869725
PWY-5103: L-isoleucine biosynthesis III|g__Bifidobacterium.s__Bifidobacterium_longum	8.8680809930
PWY-5103: L-isoleucine biosynthesis III|g__Akkermansia.s__Akkermansia_muciniphila	7.9024100131
PWY-6124: inosine-5'-phosphate biosynthesis II	108.4708378372
PWY-6124: inosine-5'-phosphate biosynthesis II|g__Faecalibacterium.s__Faecalibacterium_prausnitzii	61.6615459812
PWY-6123: inosine-5'-phosphate biosynthesis I	105.4161409212
PWY-6123: inosine-5'-phosphate biosynthesis I|g__Faecalibacterium.s__Faecalibacterium_prausnitzii	45.4018401402
PWY-6123: inosine-5'-phosphate biosynthesis I|g__Bifidobacterium.s__Bifidobacterium_longum	10.5670714723
PWY-5097: L-lysine biosynthesis VI	103.7148984075
PWY-5097: L-lysine biosynthesis VI|g__Faecalibacterium.s__Faecalibacterium_prausnitzii	27.3716342477
PWY-5097: L-lysine biosynthesis VI|g__Bacteroides.s__Bacteroides_uniformis	13.4439955952
PWY-5097: L-lysine biosynthesis VI|g__Akkermansia.s__Akkermansia_muciniphila	5.7388511551
PWY-7221: guanosine ribonucleotides de novo biosynthesis	100.2882295589
PWY-7221: guanosine ribonucleotides de novo biosynthesis|g__Faecalibacterium.s__Faecalibacterium_prausnitzii	24.6475760817
PWY-7221: guanosine ribonucleotides de novo biosynthesis|g__Alistipes.s__Alistipes_putredinis	16.8992155895
PWY-7221: guanosine ribonucleotides de novo biosynthesis|g__Akkermansia.s__Akkermansia_muciniphila	11.7456321322
PWY-7221: guanosine ribonucleotides de novo biosynthesis|g__Alistipes.s__Alistipes_onderdonkii	11.2706435950
PWY-7221: guanosine ribonucleotides de novo biosynthesis|g__Alistipes.s__Alistipes_shahii	8.1221177804
PWY-7221: guanosine ribonucleotides de novo biosynthesis|g__Bifidobacterium.s__Bifidobacterium_longum	7.8046273914
PWY-7221: guanosine ribonucleotides de novo biosynthesis|g__Sutterella.s__Sutterella_wadsworthensis	4.0016720066
PWY-7221: guanosine ribonucleotides de novo biosynthesis|g__Alistipes.s__Alistipes_finegoldii	0.8156606852
PWY-6151: S-adenosyl-L-methionine cycle I	99.3061906589
PWY-6151: S-adenosyl-L-methionine cycle I|g__Faecalibacterium.s__Faecalibacterium_prausnitzii	57.0184967924
PWY-6151: S-adenosyl-L-methionine cycle I|g__Bacteroides.s__Bacteroides_uniformis	11.4366627816
PWY-6151: S-adenosyl-L-methionine cycle I|g__Bifidobacterium.s__Bifidobacterium_longum	4.8033473617
PWY-6151: S-adenosyl-L-methionine cycle I|g__Ruminococcus.s__Ruminococcus_bromii	3.4537825538
PWY-6151: S-adenosyl-L-methionine cycle I|g__Ruminococcus.s__Ruminococcus_callidus	2.2186722845
PWY-3001: superpathway of L-isoleucine biosynthesis I	99.0034055245
PWY-3001: superpathway of L-isoleucine biosynthesis I|g__Faecalibacterium.s__Faecalibacterium_prausnitzii	55.8233235791
PWY-2942: L-lysine biosynthesis III	96.6129545734
PWY-2942: L-lysine biosynthesis III|g__Faecalibacterium.s__Faecalibacterium_prausnitzii	14.8129684663
PWY-2942: L-lysine biosynthesis III|g__Bacteroides.s__Bacteroides_uniformis	13.3820336385
PWY-2942: L-lysine biosynthesis III|g__Akkermansia.s__Akkermansia_muciniphila	11.8801524502
PWY-2942: L-lysine biosynthesis III|g__Adlercreutzia.s__Adlercreutzia_equolifaciens	1.6659860811
ARO-PWY: chorismate biosynthesis I	95.5676295066
ARO-PWY: chorismate biosynthesis I|g__Akkermansia.s__Akkermansia_muciniphila	8.7217978647
PWY-5695: urate biosynthesis/inosine 5'-phosphate degradation	95.5346381891
PWY-5695: urate biosynthesis/inosine 5'-phosphate degradation|g__Faecalibacterium.s__Faecalibacterium_prausnitzii	37.5889614407
PWY-5695: urate biosynthesis/inosine 5'-phosphate degradation|g__Alistipes.s__Alistipes_shahii	7.7451768510
PWY-5695: urate biosynthesis/inosine 5'-phosphate degradation|g__Roseburia.s__Roseburia_inulinivorans	3.2365496186
COMPLETE-ARO-PWY: superpathway of aromatic amino acid biosynthesis	95.2999014397
COMPLETE-ARO-PWY: superpathway of aromatic amino acid biosynthesis|g__Akkermansia.s__Akkermansia_muciniphila	9.7522594188
ANAGLYCOLYSIS-PWY: glycolysis III (from glucose)	94.9296462290
ANAGLYCOLYSIS-PWY: glycolysis III (from glucose)|g__Alistipes.s__Alistipes_shahii	3.7947271062
NONMEVIPP-PWY: methylerythritol phosphate pathway I	91.7874376475
NONMEVIPP-PWY: methylerythritol phosphate pathway I|g__Alistipes.s__Alistipes_putredinis	14.1456155952
NONMEVIPP-PWY: methylerythritol phosphate pathway I|g__Akkermansia.s__Akkermansia_muciniphila	6.4114870588
THRESYN-PWY: superpathway of L-threonine biosynthesis	88.3569135797
THRESYN-PWY: superpathway of L-threonine biosynthesis|g__Faecalibacterium.s__Faecalibacterium_prausnitzii	49.1075551488
SER-GLYSYN-PWY: superpathway of L-serine and glycine biosynthesis I	87.6882163766
SER-GLYSYN-PWY: superpathway of L-serine and glycine biosynthesis I|g__Faecalibacterium.s__Faecalibacterium_prausnitzii	35.1532100021
SER-GLYSYN-PWY: superpathway of L-serine and glycine biosynthesis I|g__Ruminococcus.s__Ruminococcus_bromii	3.4719312052
SER-GLYSYN-PWY: superpathway of L-serine and glycine biosynthesis I|g__Roseburia.s__Roseburia_intestinalis	0.9074410163
PWY-724: superpathway of L-lysine, L-threonine and L-methionine biosynthesis II	86.3874539946
PWY-724: superpathway of L-lysine, L-threonine and L-methionine biosynthesis II|g__Faecalibacterium.s__Faecalibacterium_prausnitzii	30.6221950902
PWY-7357: thiamin formation from pyrithiamine and oxythiamine (yeast)	85.3898690779
PWY-7357: thiamin formation from pyrithiamine and oxythiamine (yeast)|g__Faecalibacterium.s__Faecalibacterium_prausnitzii	45.4814408809
PWY-7357: thiamin formation from pyrithiamine and oxythiamine (yeast)|g__Roseburia.s__Roseburia_inulinivorans	2.5297875987
PWY-7357: thiamin formation from pyrithiamine and oxythiamine (yeast)|g__Ruminococcus.s__Ruminococcus_bromii	2.2988713358
PWY-7357: thiamin formation from pyrithiamine and oxythiamine (yeast)|g__Bifidobacterium.s__Bifidobacterium_animalis	1.3428427697
PWY0-1296: purine ribonucleosides degradation	81.2095850919
PWY0-1296: purine ribonucleosides degradation|g__Faecalibacterium.s__Faecalibacterium_prausnitzii	53.1885013442
PWY-6163: chorismate biosynthesis from 3-dehydroquinate	80.7786304720
PWY-6163: chorismate biosynthesis from 3-dehydroquinate|g__Akkermansia.s__Akkermansia_muciniphila	8.0205042591
PWY-6163: chorismate biosynthesis from 3-dehydroquinate|g__Alistipes.s__Alistipes_shahii	5.2384414191
PWY-6163: chorismate biosynthesis from 3-dehydroquinate|g__Ruminococcus.s__Ruminococcus_callidus	3.9504052408
DAPLYSINESYN-PWY: L-lysine biosynthesis I	79.8254952102
PWY-6897: thiamin salvage II	79.3491600370
PWY-6897: thiamin salvage II|g__Bifidobacterium.s__Bifidobacterium_animalis	1.2850820054
CALVIN-PWY: Calvin-Benson-Bassham cycle	79.2425562094
CALVIN-PWY: Calvin-Benson-Bassham cycle|g__Faecalibacterium.s__Faecalibacterium_prausnitzii	26.4484087873
CALVIN-PWY: Calvin-Benson-Bassham cycle|g__Ruminococcus.s__Ruminococcus_bromii	3.9248956062
PWY-3841: folate transformations II	74.9643570092
PWY-3841: folate transformations II|g__Akkermansia.s__Akkermansia_muciniphila	13.8841911984
PWY-3841: folate transformations II|g__Bacteroides.s__Bacteroides_uniformis	6.5838741617
PWY-3841: folate transformations II|g__Bacteroides.s__Bacteroides_dorei	2.8505604750
PWY-3841: folate transformations II|g__Parabacteroides.s__Parabacteroides_merdae	1.5795804981
COA-PWY: coenzyme A biosynthesis I	74.3760888939
COA-PWY: coenzyme A biosynthesis I|g__Faecalibacterium.s__Faecalibacterium_prausnitzii	28.5671756079
COA-PWY: coenzyme A biosynthesis I|g__Akkermansia.s__Akkermansia_muciniphila	14.6768918565
THISYNARA-PWY: superpathway of thiamin diphosphate biosynthesis III (eukaryotes)	72.0864720091
THISYNARA-PWY: superpathway of thiamin diphosphate biosynthesis III (eukaryotes)|g__Faecalibacterium.s__Faecalibacterium_prausnitzii	52.1233446181
GLCMANNANAUT-PWY: superpathway of N-acetylglucosamine, N-acetylmannosamine and N-acetylneuraminate degradation	71.0458501615
GLCMANNANAUT-PWY: superpathway of N-acetylglucosamine, N-acetylmannosamine and N-acetylneuraminate degradation|g__Faecalibacterium.s__Faecalibacterium_prausnitzii	40.3185403740
PWY-7234: inosine-5'-phosphate biosynthesis III	69.3027506267
DTDPRHAMSYN-PWY: dTDP-L-rhamnose biosynthesis I	67.2119144245
DTDPRHAMSYN-PWY: dTDP-L-rhamnose biosynthesis I|g__Faecalibacterium.s__Faecalibacterium_prausnitzii	38.8562890292
DTDPRHAMSYN-PWY: dTDP-L-rhamnose biosynthesis I|g__Alistipes.s__Alistipes_shahii	5.2398304137
PWY-7400: L-arginine biosynthesis IV (archaebacteria)	65.0706701298
PWY-7400: L-arginine biosynthesis IV (archaebacteria)|g__Bifidobacterium.s__Bifidobacterium_longum	6.6652943765
PWY-621: sucrose degradation III (sucrose invertase)	64.8469287866
PWY-621: sucrose degradation III (sucrose invertase)|g__Faecalibacterium.s__Faecalibacterium_prausnitzii	61.3636774392
HSERMETANA-PWY: L-methionine biosynthesis III	64.8012506070
PWY0-1586: peptidoglycan maturation (meso-diaminopimelate containing)	64.5900981253
PWY0-1586: peptidoglycan maturation (meso-diaminopimelate containing)|g__Faecalibacterium.s__Faecalibacterium_prausnitzii	23.3361356114
PWY0-1586: peptidoglycan maturation (meso-diaminopimelate containing)|g__Akkermansia.s__Akkermansia_muciniphila	14.6161691659
PANTO-PWY: phosphopantothenate biosynthesis I	61.0204804355
PANTO-PWY: phosphopantothenate biosynthesis I|g__Akkermansia.s__Akkermansia_muciniphila	19.7016511151
PANTO-PWY: phosphopantothenate biosynthesis I|g__Bacteroides.s__Bacteroides_uniformis	7.1807301134
PANTO-PWY: phosphopantothenate biosynthesis I|g__Bacteroides.s__Bacteroides_dorei	2.2765107714
PANTO-PWY: phosphopantothenate biosynthesis I|g__Adlercreutzia.s__Adlercreutzia_equolifaciens	1.8249588716
PANTO-PWY: phosphopantothenate biosynthesis I|g__Ruminococcus.s__Ruminococcus_callidus	1.5174597456
PWY-6317: galactose degradation I (Leloir pathway)	60.8827366132
PWY-6317: galactose degradation I (Leloir pathway)|g__Faecalibacterium.s__Faecalibacterium_prausnitzii	42.8053806951
PWY66-422: D-galactose degradation V (Leloir pathway)	60.8827366132
PWY66-422: D-galactose degradation V (Leloir pathway)|g__Faecalibacterium.s__Faecalibacterium_prausnitzii	42.8053806951
ARGSYN-PWY: L-arginine biosynthesis I (via L-ornithine)	60.6798614684
ARGSYN-PWY: L-arginine biosynthesis I (via L-ornithine)|g__Bifidobacterium.s__Bifidobacterium_longum	6.5716397681
PANTOSYN-PWY: pantothenate and coenzyme A biosynthesis I	59.6024072801
PANTOSYN-PWY: pantothenate and coenzyme A biosynthesis I|g__Akkermansia.s__Akkermansia_muciniphila	16.2506493758
PWY-6609: adenine and adenosine salvage III	59.4623789802
PWY-6609: adenine and adenosine salvage III|g__Faecalibacterium.s__Faecalibacterium_prausnitzii	29.9321214905
PWY-6609: adenine and adenosine salvage III|g__Alistipes.s__Alistipes_shahii	7.2133823735
1CMET2-PWY: N10-formyl-tetrahydrofolate biosynthesis	59.4355960209
1CMET2-PWY: N10-formyl-tetrahydrofolate biosynthesis|g__Akkermansia.s__Akkermansia_muciniphila	10.7838032286
1CMET2-PWY: N10-formyl-tetrahydrofolate biosynthesis|g__Bacteroides.s__Bacteroides_uniformis	4.2979453493
HISTSYN-PWY: L-histidine biosynthesis	58.0024673254
HISTSYN-PWY: L-histidine biosynthesis|g__Bifidobacterium.s__Bifidobacterium_longum	7.2132406971
PWY-4242: pantothenate and coenzyme A biosynthesis III	56.9116813597
PWY-4242: pantothenate and coenzyme A biosynthesis III|g__Faecalibacterium.s__Faecalibacterium_prausnitzii	24.0706373241
PWY-4242: pantothenate and coenzyme A biosynthesis III|g__Akkermansia.s__Akkermansia_muciniphila	14.8248431377
COBALSYN-PWY: adenosylcobalamin salvage from cobinamide I	56.8480708046
COBALSYN-PWY: adenosylcobalamin salvage from cobinamide I|g__Faecalibacterium.s__Faecalibacterium_prausnitzii	40.9278635124
PWY-6507: 4-deoxy-L-threo-hex-4-enopyranuronate degradation	54.8786421626
PWY-6507: 4-deoxy-L-threo-hex-4-enopyranuronate degradation|g__Faecalibacterium.s__Faecalibacterium_prausnitzii	53.2025503334
PWY0-1319: CDP-diacylglycerol biosynthesis II	53.1096060295
PWY0-1319: CDP-diacylglycerol biosynthesis II|g__Faecalibacterium.s__Faecalibacterium_prausnitzii	33.9782799059
PWY-5667: CDP-diacylglycerol biosynthesis I	53.1096060295
PWY-5667: CDP-diacylglycerol biosynthesis I|g__Faecalibacterium.s__Faecalibacterium_prausnitzii	33.9782799059
GALACTUROCAT-PWY: D-galacturonate degradation I	53.0786321896
GALACTUROCAT-PWY: D-galacturonate degradation I|g__Faecalibacterium.s__Faecalibacterium_prausnitzii	47.4613909661
GALACTUROCAT-PWY: D-galacturonate degradation I|g__Alistipes.s__Alistipes_shahii	1.9370502726
ASPASN-PWY: superpathway of L-aspartate and L-asparagine biosynthesis	52.5945989675
ASPASN-PWY: superpathway of L-aspartate and L-asparagine biosynthesis|g__Faecalibacterium.s__Faecalibacterium_prausnitzii	42.4664720038
PWY-7242: D-fructuronate degradation	50.7543279757
PWY-7242: D-fructuronate degradation|g__Faecalibacterium.s__Faecalibacterium_prausnitzii	47.2139384815
PWY-5973: cis-vaccenate biosynthesis	49.4174248705
PWY-7199: pyrimidine deoxyribonucleosides salvage	43.7960326719
PWY-5100: pyruvate fermentation to acetate and lactate II	43.0983817469
PWY-5100: pyruvate fermentation to acetate and lactate II|g__Bifidobacterium.s__Bifidobacterium_animalis	1.0023018692
PWY-7663: gondoate biosynthesis (anaerobic)	42.1650231295
PWY-7663: gondoate biosynthesis (anaerobic)|g__Bacteroides.s__Bacteroides_stercoris	1.7595290790
PWY-5659: GDP-mannose biosynthesis	40.2324737175
PWY-5659: GDP-mannose biosynthesis|g__Alistipes.s__Alistipes_onderdonkii	6.0331555898
PWY-5659: GDP-mannose biosynthesis|g__Alistipes.s__Alistipes_shahii	2.0420379304
PWY-5659: GDP-mannose biosynthesis|g__Alistipes.s__Alistipes_finegoldii	0.8172942952
GALACT-GLUCUROCAT-PWY: superpathway of hexuronide and hexuronate degradation	39.7861411118
GALACT-GLUCUROCAT-PWY: superpathway of hexuronide and hexuronate degradation|g__Faecalibacterium.s__Faecalibacterium_prausnitzii	35.4061004605
PWY-7383: anaerobic energy metabolism (invertebrates, cytosol)	39.5853808904
PWY-6527: stachyose degradation	38.8297914390
PWY-6527: stachyose degradation|g__Faecalibacterium.s__Faecalibacterium_prausnitzii	6.3365202530
TRNA-CHARGING-PWY: tRNA charging	36.3599168864
PWY-6700: queuosine biosynthesis	36.2442136574
PWY-6700: queuosine biosynthesis|g__Akkermansia.s__Akkermansia_muciniphila	8.9215780473
PWY-6700: queuosine biosynthesis|g__Sutterella.s__Sutterella_wadsworthensis	6.1418774650
PWY-6700: queuosine biosynthesis|g__Bacteroides.s__Bacteroides_uniformis	4.1518178756
PWY-5177: glutaryl-CoA degradation	35.8075762068
PWY-5177: glutaryl-CoA degradation|g__Faecalibacterium.s__Faecalibacterium_prausnitzii	27.2631743561
GLUCUROCAT-PWY: superpathway of &beta;-D-glucuronide and D-glucuronate degradation	35.5828083725
GLUCUROCAT-PWY: superpathway of &beta;-D-glucuronide and D-glucuronate degradation|g__Faecalibacterium.s__Faecalibacterium_prausnitzii	32.8139703953
ARGSYNBSUB-PWY: L-arginine biosynthesis II (acetyl cycle)	34.0585866672
ARGSYNBSUB-PWY: L-arginine biosynthesis II (acetyl cycle)|g__Bifidobacterium.s__Bifidobacterium_longum	6.8423372385
PYRIDNUCSYN-PWY: NAD biosynthesis I (from aspartate)	32.8463332830
PYRIDNUCSYN-PWY: NAD biosynthesis I (from aspartate)|g__Alistipes.s__Alistipes_shahii	3.8705715083
OANTIGEN-PWY: O-antigen building blocks biosynthesis (E. coli)	28.0333881422
PWY-7229: superpathway of adenosine nucleotides de novo biosynthesis I	27.6353323283
PWY-1269: CMP-3-deoxy-D-manno-octulosonate biosynthesis I	26.8980779122
PWY-1269: CMP-3-deoxy-D-manno-octulosonate biosynthesis I|g__Akkermansia.s__Akkermansia_muciniphila	15.0167039850
PWY-1269: CMP-3-deoxy-D-manno-octulosonate biosynthesis I|g__Alistipes.s__Alistipes_shahii	4.5527998810
PWY-5188: tetrapyrrole biosynthesis I (from glutamate)	26.7865789610
PWY-5188: tetrapyrrole biosynthesis I (from glutamate)|g__Akkermansia.s__Akkermansia_muciniphila	8.3378898624
PWY-5188: tetrapyrrole biosynthesis I (from glutamate)|g__Sutterella.s__Sutterella_wadsworthensis	1.3637983817
PWY-5188: tetrapyrrole biosynthesis I (from glutamate)|g__Ruminococcus.s__Ruminococcus_bromii	1.0488040494
PWY-5154: L-arginine biosynthesis III (via N-acetyl-L-citrulline)	26.5439285890
PWY-2941: L-lysine biosynthesis II	26.2390813470
PWY-6305: putrescine biosynthesis IV	25.9713524828
PWY-6305: putrescine biosynthesis IV|g__Faecalibacterium.s__Faecalibacterium_prausnitzii	11.4585002801
PHOSLIPSYN-PWY: superpathway of phospholipid biosynthesis I (bacteria)	25.5718391469
RHAMCAT-PWY: L-rhamnose degradation I	23.4578833237
RHAMCAT-PWY: L-rhamnose degradation I|g__Faecalibacterium.s__Faecalibacterium_prausnitzii	17.2735676867
PWY-841: superpathway of purine nucleotides de novo biosynthesis I	23.4415143086
GLUTORN-PWY: L-ornithine biosynthesis	22.5363054780
GLUTORN-PWY: L-ornithine biosynthesis|g__Bifidobacterium.s__Bifidobacterium_longum	12.3511193546
PWY-7282: 4-amino-2-methyl-5-phosphomethylpyrimidine biosynthesis (yeast)	21.9078199516
UDPNAGSYN-PWY: UDP-N-acetyl-D-glucosamine biosynthesis I	21.8899743614
UDPNAGSYN-PWY: UDP-N-acetyl-D-glucosamine biosynthesis I|g__Bifidobacterium.s__Bifidobacterium_longum	10.0183881646
DENOVOPURINE2-PWY: superpathway of purine nucleotides de novo biosynthesis II	21.1870554329
PWY4FS-7: phosphatidylglycerol biosynthesis I (plastidic)	20.5999303432
PWY4FS-8: phosphatidylglycerol biosynthesis II (non-plastidic)	20.5999303432
PWY-5101: L-isoleucine biosynthesis II	20.4399263623
PWY-6703: preQ0 biosynthesis	20.1343183910
PWY-6703: preQ0 biosynthesis|g__Akkermansia.s__Akkermansia_muciniphila	8.3275681898
PWY0-162: superpathway of pyrimidine ribonucleotides de novo biosynthesis	20.0147416873
PWY-6126: superpathway of adenosine nucleotides de novo biosynthesis II	18.8488121882
PWY-5030: L-histidine degradation III	17.9983034295
HISDEG-PWY: L-histidine degradation I	16.3328573129
HISDEG-PWY: L-histidine degradation I|g__Alistipes.s__Alistipes_shahii	4.7677657243
P108-PWY: pyruvate fermentation to propanoate I	16.2497465295
RIBOSYN2-PWY: flavin biosynthesis I (bacteria and plants)	16.1520701489
PWY0-166: superpathway of pyrimidine deoxyribonucleotides de novo biosynthesis (E. coli)	15.9138893638
PWY-5347: superpathway of L-methionine biosynthesis (transsulfuration)	15.6563796169
PWY-7211: superpathway of pyrimidine deoxyribonucleotides de novo biosynthesis	15.0756974698
PWY0-1261: anhydromuropeptides recycling	14.9787365908
PWY-7228: superpathway of guanosine nucleotides de novo biosynthesis I	14.1634179775
PWY-7228: superpathway of guanosine nucleotides de novo biosynthesis I|g__Akkermansia.s__Akkermansia_muciniphila	4.5137726321
METSYN-PWY: L-homoserine and L-methionine biosynthesis	13.9200100618
PWY-7187: pyrimidine deoxyribonucleotides de novo biosynthesis II	13.8905775237
PWY-6168: flavin biosynthesis III (fungi)	13.8315860179
GLYCOGENSYNTH-PWY: glycogen biosynthesis I (from ADP-D-Glucose)	13.6296537454
PWY-6936: seleno-amino acid biosynthesis	13.1272386392
PWY-7210: pyrimidine deoxyribonucleotides biosynthesis from CTP	12.7108249780
PWY-6125: superpathway of guanosine nucleotides de novo biosynthesis II	12.1130449024
PWY-7184: pyrimidine deoxyribonucleotides de novo biosynthesis I	12.0918000886
PWY-6545: pyrimidine deoxyribonucleotides de novo biosynthesis III	12.0257582082
MET-SAM-PWY: superpathway of S-adenosyl-L-methionine biosynthesis	11.4880108873
TRPSYN-PWY: L-tryptophan biosynthesis	11.2348455328
PWY-4702: phytate degradation I	10.6429884466
PWY-4702: phytate degradation I|g__Akkermansia.s__Akkermansia_muciniphila	9.6392813309
PWY0-845: superpathway of pyridoxal 5'-phosphate biosynthesis and salvage	10.6181916325
PWY0-845: superpathway of pyridoxal 5'-phosphate biosynthesis and salvage|g__Bacteroides.s__Bacteroides_uniformis	2.6101455582
PWY-7208: superpathway of pyrimidine nucleobases salvage	10.5699311035
PWY-7208: superpathway of pyrimidine nucleobases salvage|g__Akkermansia.s__Akkermansia_muciniphila	4.6950202343
PWY-7198: pyrimidine deoxyribonucleotides de novo biosynthesis IV	10.0399293879
ARGININE-SYN4-PWY: L-ornithine de novo  biosynthesis	9.1424494931
ARGININE-SYN4-PWY: L-ornithine de novo  biosynthesis|g__Bacteroides.s__Bacteroides_uniformis	4.6829556611
PWY-7220: adenosine deoxyribonucleotides de novo biosynthesis II	8.7231671034
PWY-7220: adenosine deoxyribonucleotides de novo biosynthesis II|g__Pyramidobacter.s__Pyramidobacter_piscolens	0.5010420524
PWY-7222: guanosine deoxyribonucleotides de novo biosynthesis II	8.7231671034
PWY-7222: guanosine deoxyribonucleotides de novo biosynthesis II|g__Pyramidobacter.s__Pyramidobacter_piscolens	0.5010420524
PYRIDOXSYN-PWY: pyridoxal 5'-phosphate biosynthesis I	8.6369478130
PYRIDOXSYN-PWY: pyridoxal 5'-phosphate biosynthesis I|g__Bacteroides.s__Bacteroides_uniformis	3.2739725019
PWY-4981: L-proline biosynthesis II (from arginine)	8.2983198581
PWY-4981: L-proline biosynthesis II (from arginine)|g__Coriobacteriaceae_noname.s__Coriobacteriaceae_bacterium_phI	1.0000000000
HOMOSER-METSYN-PWY: L-methionine biosynthesis I	7.3674590228
TCA: TCA cycle I (prokaryotic)	7.3269384384
PWY-7197: pyrimidine deoxyribonucleotide phosphorylation	7.2474483438
PWY-7197: pyrimidine deoxyribonucleotide phosphorylation|g__Akkermansia.s__Akkermansia_muciniphila	3.4952149424
PWY-7197: pyrimidine deoxyribonucleotide phosphorylation|g__Adlercreutzia.s__Adlercreutzia_equolifaciens	1.9743336624
PWY-5345: superpathway of L-methionine biosynthesis (by sulfhydrylation)	7.0193414474
CITRULBIO-PWY: L-citrulline biosynthesis	6.9805679309
PWY-6969: TCA cycle V (2-oxoglutarate:ferredoxin oxidoreductase)	6.2434023098
NAGLIPASYN-PWY: lipid IVA biosynthesis	6.2219075710
NAGLIPASYN-PWY: lipid IVA biosynthesis|g__Sutterella.s__Sutterella_wadsworthensis	3.6704271221
PWY-4984: urea cycle	5.8856220451
FUCCAT-PWY: fucose degradation	4.9002234018
PWY-5121: superpathway of geranylgeranyl diphosphate biosynthesis II (via MEP)	4.8301810800
SULFATE-CYS-PWY: superpathway of sulfate assimilation and cysteine biosynthesis	4.1764856327
PWY-5690: TCA cycle II (plants and fungi)	4.1175705868
PWY0-1298: superpathway of pyrimidine deoxyribonucleosides degradation	3.9608510761
HEMESYN2-PWY: heme biosynthesis II (anaerobic)	3.1130571535
HEMESYN2-PWY: heme biosynthesis II (anaerobic)|g__Sutterella.s__Sutterella_wadsworthensis	2.6006250518
P42-PWY: incomplete reductive TCA cycle	3.0659569394
SO4ASSIM-PWY: sulfate reduction I (assimilatory)	2.9330379317
SO4ASSIM-PWY: sulfate reduction I (assimilatory)|g__Akkermansia.s__Akkermansia_muciniphila	2.0741894801
LACTOSECAT-PWY: lactose and galactose degradation I	2.8704336505
PWY-821: superpathway of sulfur amino acid biosynthesis (Saccharomyces cerevisiae)	2.5672747801
PWY-5104: L-isoleucine biosynthesis IV	2.4010520917
PWY-5384: sucrose degradation IV (sucrose phosphorylase)	1.3937854461
HEME-BIOSYNTHESIS-II: heme biosynthesis I (aerobic)	1.0324358906