# Pathway	ERR748427_Abundance
UNMAPPED	144307.9771917744
UNINTEGRATED	70220.7227145632
UNINTEGRATED|g__Faecalibacterium.s__Faecalibacterium_prausnitzii	30009.7512939143
UNINTEGRATED|g__Bifidobacterium.s__Bifidobacterium_longum	6300.9540491513
UNINTEGRATED|g__Akkermansia.s__Akkermansia_muciniphila	4919.6963233816
UNINTEGRATED|g__Alistipes.s__Alistipes_onderdonkii	4603.0790080303
UNINTEGRATED|g__Bacteroides.s__Bacteroides_uniformis	4253.5573551067
UNINTEGRATED|g__Alistipes.s__Alistipes_putredinis	3941.6759329099
UNINTEGRATED|g__Sutterella.s__Sutterella_wadsworthensis	2589.8997111301
UNINTEGRATED|g__Roseburia.s__Roseburia_inulinivorans	2014.2329536715
UNINTEGRATED|g__Parabacteroides.s__Parabacteroides_merdae	1865.7073035176
UNINTEGRATED|g__Bacteroides.s__Bacteroides_dorei	1239.2741646146
UNINTEGRATED|g__Alistipes.s__Alistipes_shahii	1226.9929997752
UNINTEGRATED|g__Ruminococcus.s__Ruminococcus_callidus	1218.5931932702
UNINTEGRATED|g__Ruminococcaceae_noname.s__Ruminococcaceae_bacterium_D16	1217.5243625669
UNINTEGRATED|g__Coriobacteriaceae_noname.s__Coriobacteriaceae_bacterium_phI	835.4743891496
UNINTEGRATED|g__Roseburia.s__Roseburia_intestinalis	809.5177169559
UNINTEGRATED|g__Ruminococcus.s__Ruminococcus_bromii	770.7317676189
UNINTEGRATED|g__Clostridium.s__Clostridium_leptum	593.9122011151
UNINTEGRATED|g__Alistipes.s__Alistipes_finegoldii	582.3607144010
UNINTEGRATED|g__Parabacteroides.s__Parabacteroides_distasonis	507.8892304628
UNINTEGRATED|g__Adlercreutzia.s__Adlercreutzia_equolifaciens	342.0957674700
UNINTEGRATED|g__Bifidobacterium.s__Bifidobacterium_animalis	319.9039920746
PWY-6386: UDP-N-acetylmuramoyl-pentapeptide biosynthesis II (lysine-containing)	122.5668726696
PWY-6386: UDP-N-acetylmuramoyl-pentapeptide biosynthesis II (lysine-containing)|g__Faecalibacterium.s__Faecalibacterium_prausnitzii	32.7148185405
PWY-6386: UDP-N-acetylmuramoyl-pentapeptide biosynthesis II (lysine-containing)|g__Alistipes.s__Alistipes_putredinis	21.0665968586
PWY-6386: UDP-N-acetylmuramoyl-pentapeptide biosynthesis II (lysine-containing)|g__Alistipes.s__Alistipes_onderdonkii	11.1902403382
PWY-6386: UDP-N-acetylmuramoyl-pentapeptide biosynthesis II (lysine-containing)|g__Bacteroides.s__Bacteroides_uniformis	5.9086068752
PWY-7219: adenosine ribonucleotides de novo biosynthesis	120.6703942165
PWY-7219: adenosine ribonucleotides de novo biosynthesis|g__Faecalibacterium.s__Faecalibacterium_prausnitzii	66.4707576761
PWY-7219: adenosine ribonucleotides de novo biosynthesis|g__Akkermansia.s__Akkermansia_muciniphila	9.2133327977
PWY-7219: adenosine ribonucleotides de novo biosynthesis|g__Alistipes.s__Alistipes_putredinis	8.8532077534
PWY-7219: adenosine ribonucleotides de novo biosynthesis|g__Bifidobacterium.s__Bifidobacterium_longum	8.3565923687
PWY-7219: adenosine ribonucleotides de novo biosynthesis|g__Bacteroides.s__Bacteroides_uniformis	6.1102080088
PWY-7219: adenosine ribonucleotides de novo biosynthesis|g__Alistipes.s__Alistipes_onderdonkii	5.9348650887
PWY-7219: adenosine ribonucleotides de novo biosynthesis|g__Sutterella.s__Sutterella_wadsworthensis	2.5432736837
PWY-7219: adenosine ribonucleotides de novo biosynthesis|g__Coriobacteriaceae_noname.s__Coriobacteriaceae_bacterium_phI	2.0987605869
PWY-7219: adenosine ribonucleotides de novo biosynthesis|g__Adlercreutzia.s__Adlercreutzia_equolifaciens	1.7611740518
PWY-7219: adenosine ribonucleotides de novo biosynthesis|g__Alistipes.s__Alistipes_finegoldii	1.7257569275
PWY-7219: adenosine ribonucleotides de novo biosynthesis|g__Bacteroides.s__Bacteroides_dorei	1.2699665717
PWY-7219: adenosine ribonucleotides de novo biosynthesis|g__Roseburia.s__Roseburia_intestinalis	1.1137830260
PWY-7219: adenosine ribonucleotides de novo biosynthesis|g__Ruminococcus.s__Ruminococcus_callidus	1.0962500573
PWY-5686: UMP biosynthesis	119.1486030780
PWY-5686: UMP biosynthesis|g__Faecalibacterium.s__Faecalibacterium_prausnitzii	44.2594451651
PWY-5686: UMP biosynthesis|g__Alistipes.s__Alistipes_putredinis	16.7428857017
PWY-5686: UMP biosynthesis|g__Alistipes.s__Alistipes_onderdonkii	9.2905841746
PWY-5686: UMP biosynthesis|g__Bacteroides.s__Bacteroides_uniformis	7.0872953963
PWY-5686: UMP biosynthesis|g__Akkermansia.s__Akkermansia_muciniphila	6.8293337297
PWY-5686: UMP biosynthesis|g__Bifidobacterium.s__Bifidobacterium_longum	2.0263772865
PWY-6387: UDP-N-acetylmuramoyl-pentapeptide biosynthesis I (meso-diaminopimelate containing)	118.8232561724
PWY-6387: UDP-N-acetylmuramoyl-pentapeptide biosynthesis I (meso-diaminopimelate containing)|g__Faecalibacterium.s__Faecalibacterium_prausnitzii	38.9070746173
PWY-6387: UDP-N-acetylmuramoyl-pentapeptide biosynthesis I (meso-diaminopimelate containing)|g__Alistipes.s__Alistipes_putredinis	18.2905850389
PWY-6387: UDP-N-acetylmuramoyl-pentapeptide biosynthesis I (meso-diaminopimelate containing)|g__Alistipes.s__Alistipes_onderdonkii	11.1348373356
PWY-6387: UDP-N-acetylmuramoyl-pentapeptide biosynthesis I (meso-diaminopimelate containing)|g__Bacteroides.s__Bacteroides_uniformis	5.3793326425
PWY-6387: UDP-N-acetylmuramoyl-pentapeptide biosynthesis I (meso-diaminopimelate containing)|g__Bacteroides.s__Bacteroides_dorei	1.5092530290
PEPTIDOGLYCANSYN-PWY: peptidoglycan biosynthesis I (meso-diaminopimelate containing)	111.4092847286
PEPTIDOGLYCANSYN-PWY: peptidoglycan biosynthesis I (meso-diaminopimelate containing)|g__Faecalibacterium.s__Faecalibacterium_prausnitzii	33.6477519501
PEPTIDOGLYCANSYN-PWY: peptidoglycan biosynthesis I (meso-diaminopimelate containing)|g__Alistipes.s__Alistipes_putredinis	17.2380577322
PEPTIDOGLYCANSYN-PWY: peptidoglycan biosynthesis I (meso-diaminopimelate containing)|g__Alistipes.s__Alistipes_onderdonkii	5.4837549091
PEPTIDOGLYCANSYN-PWY: peptidoglycan biosynthesis I (meso-diaminopimelate containing)|g__Bacteroides.s__Bacteroides_uniformis	5.3578446527
PEPTIDOGLYCANSYN-PWY: peptidoglycan biosynthesis I (meso-diaminopimelate containing)|g__Bacteroides.s__Bacteroides_dorei	1.4849128697
ILEUSYN-PWY: L-isoleucine biosynthesis I (from threonine)	110.4615409283
ILEUSYN-PWY: L-isoleucine biosynthesis I (from threonine)|g__Faecalibacterium.s__Faecalibacterium_prausnitzii	70.1513243376
ILEUSYN-PWY: L-isoleucine biosynthesis I (from threonine)|g__Akkermansia.s__Akkermansia_muciniphila	9.0653848283
ILEUSYN-PWY: L-isoleucine biosynthesis I (from threonine)|g__Bifidobacterium.s__Bifidobacterium_longum	8.6139002638
PWY-7111: pyruvate fermentation to isobutanol (engineered)	110.4615409283
PWY-7111: pyruvate fermentation to isobutanol (engineered)|g__Faecalibacterium.s__Faecalibacterium_prausnitzii	65.9109697565
PWY-7111: pyruvate fermentation to isobutanol (engineered)|g__Bifidobacterium.s__Bifidobacterium_longum	9.0598471963
PWY-7111: pyruvate fermentation to isobutanol (engineered)|g__Akkermansia.s__Akkermansia_muciniphila	7.5258808572
PWY-7111: pyruvate fermentation to isobutanol (engineered)|g__Ruminococcus.s__Ruminococcus_bromii	3.8949717963
PWY-7111: pyruvate fermentation to isobutanol (engineered)|g__Ruminococcaceae_noname.s__Ruminococcaceae_bacterium_D16	1.8808577912
PWY-7111: pyruvate fermentation to isobutanol (engineered)|g__Coriobacteriaceae_noname.s__Coriobacteriaceae_bacterium_phI	1.6194616840
PWY-7111: pyruvate fermentation to isobutanol (engineered)|g__Parabacteroides.s__Parabacteroides_merdae	1.2736811319
VALSYN-PWY: L-valine biosynthesis	110.4615409283
VALSYN-PWY: L-valine biosynthesis|g__Faecalibacterium.s__Faecalibacterium_prausnitzii	70.1513243376
VALSYN-PWY: L-valine biosynthesis|g__Akkermansia.s__Akkermansia_muciniphila	9.0653848283
VALSYN-PWY: L-valine biosynthesis|g__Bifidobacterium.s__Bifidobacterium_longum	8.6139002638
VALSYN-PWY: L-valine biosynthesis|g__Ruminococcus.s__Ruminococcus_bromii	3.8949717963
VALSYN-PWY: L-valine biosynthesis|g__Ruminococcaceae_noname.s__Ruminococcaceae_bacterium_D16	1.8808577912
VALSYN-PWY: L-valine biosynthesis|g__Coriobacteriaceae_noname.s__Coriobacteriaceae_bacterium_phI	1.6194616840
VALSYN-PWY: L-valine biosynthesis|g__Parabacteroides.s__Parabacteroides_merdae	1.2736811319
VALSYN-PWY: L-valine biosynthesis|g__Clostridium.s__Clostridium_leptum	0.7667241710
BRANCHED-CHAIN-AA-SYN-PWY: superpathway of branched amino acid biosynthesis	109.0642692632
BRANCHED-CHAIN-AA-SYN-PWY: superpathway of branched amino acid biosynthesis|g__Faecalibacterium.s__Faecalibacterium_prausnitzii	63.1940647601
BRANCHED-CHAIN-AA-SYN-PWY: superpathway of branched amino acid biosynthesis|g__Akkermansia.s__Akkermansia_muciniphila	8.6254711303
BRANCHED-CHAIN-AA-SYN-PWY: superpathway of branched amino acid biosynthesis|g__Bifidobacterium.s__Bifidobacterium_longum	4.9049279900
PWY-5103: L-isoleucine biosynthesis III	108.2404964362
PWY-5103: L-isoleucine biosynthesis III|g__Faecalibacterium.s__Faecalibacterium_prausnitzii	56.1709279218
PWY-5103: L-isoleucine biosynthesis III|g__Akkermansia.s__Akkermansia_muciniphila	7.5364688408
PWY-5103: L-isoleucine biosynthesis III|g__Bifidobacterium.s__Bifidobacterium_longum	4.9049279900
NONOXIPENT-PWY: pentose phosphate pathway (non-oxidative branch)	101.5798336590
NONOXIPENT-PWY: pentose phosphate pathway (non-oxidative branch)|g__Faecalibacterium.s__Faecalibacterium_prausnitzii	56.1728112785
PWY-6737: starch degradation V	99.3796200617
PWY-6737: starch degradation V|g__Faecalibacterium.s__Faecalibacterium_prausnitzii	54.9321872246
PWY-6737: starch degradation V|g__Akkermansia.s__Akkermansia_muciniphila	9.1539385969
PWY-6737: starch degradation V|g__Roseburia.s__Roseburia_inulinivorans	4.1246364604
COA-PWY-1: coenzyme A biosynthesis II (mammalian)	98.3659247216
COA-PWY-1: coenzyme A biosynthesis II (mammalian)|g__Faecalibacterium.s__Faecalibacterium_prausnitzii	34.8946476088
COA-PWY-1: coenzyme A biosynthesis II (mammalian)|g__Akkermansia.s__Akkermansia_muciniphila	15.0265327935
COA-PWY-1: coenzyme A biosynthesis II (mammalian)|g__Alistipes.s__Alistipes_putredinis	6.1745040915
COA-PWY-1: coenzyme A biosynthesis II (mammalian)|g__Bifidobacterium.s__Bifidobacterium_longum	3.4077198007
COA-PWY-1: coenzyme A biosynthesis II (mammalian)|g__Bacteroides.s__Bacteroides_uniformis	2.4229574282
COA-PWY-1: coenzyme A biosynthesis II (mammalian)|g__Sutterella.s__Sutterella_wadsworthensis	1.9582245431
PWY-7221: guanosine ribonucleotides de novo biosynthesis	98.3529200464
PWY-7221: guanosine ribonucleotides de novo biosynthesis|g__Faecalibacterium.s__Faecalibacterium_prausnitzii	23.2872954911
PWY-7221: guanosine ribonucleotides de novo biosynthesis|g__Alistipes.s__Alistipes_putredinis	18.8824525681
PWY-7221: guanosine ribonucleotides de novo biosynthesis|g__Bifidobacterium.s__Bifidobacterium_longum	11.1673241070
PWY-7221: guanosine ribonucleotides de novo biosynthesis|g__Akkermansia.s__Akkermansia_muciniphila	7.4584053297
PWY-7221: guanosine ribonucleotides de novo biosynthesis|g__Sutterella.s__Sutterella_wadsworthensis	6.9589509383
PWY-7221: guanosine ribonucleotides de novo biosynthesis|g__Alistipes.s__Alistipes_onderdonkii	5.1833761677
PWY-7221: guanosine ribonucleotides de novo biosynthesis|g__Alistipes.s__Alistipes_shahii	3.6288204935
PWY-7221: guanosine ribonucleotides de novo biosynthesis|g__Alistipes.s__Alistipes_finegoldii	0.9808128691
PWY-6385: peptidoglycan biosynthesis III (mycobacteria)	94.9719217394
PWY-6385: peptidoglycan biosynthesis III (mycobacteria)|g__Faecalibacterium.s__Faecalibacterium_prausnitzii	33.6477519501
PWY-1042: glycolysis IV (plant cytosol)	88.7715662900
PWY-1042: glycolysis IV (plant cytosol)|g__Faecalibacterium.s__Faecalibacterium_prausnitzii	42.2461636448
PWY-1042: glycolysis IV (plant cytosol)|g__Akkermansia.s__Akkermansia_muciniphila	13.3698261047
PWY-1042: glycolysis IV (plant cytosol)|g__Ruminococcus.s__Ruminococcus_bromii	2.4355048887
PWY-6122: 5-aminoimidazole ribonucleotide biosynthesis II	88.5018247968
PWY-6122: 5-aminoimidazole ribonucleotide biosynthesis II|g__Faecalibacterium.s__Faecalibacterium_prausnitzii	19.1964637946
PWY-6122: 5-aminoimidazole ribonucleotide biosynthesis II|g__Alistipes.s__Alistipes_putredinis	10.3055275810
PWY-6122: 5-aminoimidazole ribonucleotide biosynthesis II|g__Alistipes.s__Alistipes_onderdonkii	7.9237479386
PWY-6122: 5-aminoimidazole ribonucleotide biosynthesis II|g__Bifidobacterium.s__Bifidobacterium_longum	7.8993554592
PWY-6122: 5-aminoimidazole ribonucleotide biosynthesis II|g__Akkermansia.s__Akkermansia_muciniphila	6.4732357788
PWY-6122: 5-aminoimidazole ribonucleotide biosynthesis II|g__Sutterella.s__Sutterella_wadsworthensis	4.6721042679
PWY-6122: 5-aminoimidazole ribonucleotide biosynthesis II|g__Coriobacteriaceae_noname.s__Coriobacteriaceae_bacterium_phI	2.4731250052
PWY-6122: 5-aminoimidazole ribonucleotide biosynthesis II|g__Ruminococcus.s__Ruminococcus_callidus	2.0439736669
PWY-6277: superpathway of 5-aminoimidazole ribonucleotide biosynthesis	88.5018247968
PWY-6277: superpathway of 5-aminoimidazole ribonucleotide biosynthesis|g__Faecalibacterium.s__Faecalibacterium_prausnitzii	19.1964637946
PWY-6277: superpathway of 5-aminoimidazole ribonucleotide biosynthesis|g__Alistipes.s__Alistipes_putredinis	10.3055275810
PWY-6277: superpathway of 5-aminoimidazole ribonucleotide biosynthesis|g__Alistipes.s__Alistipes_onderdonkii	7.9237479386
PWY-6277: superpathway of 5-aminoimidazole ribonucleotide biosynthesis|g__Bifidobacterium.s__Bifidobacterium_longum	7.8993554592
PWY-6277: superpathway of 5-aminoimidazole ribonucleotide biosynthesis|g__Akkermansia.s__Akkermansia_muciniphila	6.4732357788
PWY-6277: superpathway of 5-aminoimidazole ribonucleotide biosynthesis|g__Sutterella.s__Sutterella_wadsworthensis	4.6721042679
PWY-6277: superpathway of 5-aminoimidazole ribonucleotide biosynthesis|g__Coriobacteriaceae_noname.s__Coriobacteriaceae_bacterium_phI	2.4731250052
PWY-6277: superpathway of 5-aminoimidazole ribonucleotide biosynthesis|g__Ruminococcus.s__Ruminococcus_callidus	2.0439736669
PWY-6121: 5-aminoimidazole ribonucleotide biosynthesis I	84.3284233317
PWY-6121: 5-aminoimidazole ribonucleotide biosynthesis I|g__Faecalibacterium.s__Faecalibacterium_prausnitzii	20.7642968280
PWY-6121: 5-aminoimidazole ribonucleotide biosynthesis I|g__Alistipes.s__Alistipes_putredinis	11.4578621036
PWY-6121: 5-aminoimidazole ribonucleotide biosynthesis I|g__Alistipes.s__Alistipes_onderdonkii	5.8354993411
PWY-6121: 5-aminoimidazole ribonucleotide biosynthesis I|g__Akkermansia.s__Akkermansia_muciniphila	5.5535055923
PWY-6121: 5-aminoimidazole ribonucleotide biosynthesis I|g__Bifidobacterium.s__Bifidobacterium_longum	4.3326046278
PWY-6121: 5-aminoimidazole ribonucleotide biosynthesis I|g__Sutterella.s__Sutterella_wadsworthensis	3.2929571167
PWY-6121: 5-aminoimidazole ribonucleotide biosynthesis I|g__Coriobacteriaceae_noname.s__Coriobacteriaceae_bacterium_phI	1.7104073867
PWY-6151: S-adenosyl-L-methionine cycle I	84.2094231196
PWY-6151: S-adenosyl-L-methionine cycle I|g__Faecalibacterium.s__Faecalibacterium_prausnitzii	49.8720531447
PWY-6151: S-adenosyl-L-methionine cycle I|g__Bacteroides.s__Bacteroides_uniformis	16.2571246105
PWY-6151: S-adenosyl-L-methionine cycle I|g__Bifidobacterium.s__Bifidobacterium_longum	3.0645427087
PWY-6124: inosine-5'-phosphate biosynthesis II	82.2835481786
PWY-6124: inosine-5'-phosphate biosynthesis II|g__Faecalibacterium.s__Faecalibacterium_prausnitzii	37.0354603610
PWY-6123: inosine-5'-phosphate biosynthesis I	82.1685147505
PWY-6123: inosine-5'-phosphate biosynthesis I|g__Faecalibacterium.s__Faecalibacterium_prausnitzii	35.8636246506
PWY-6123: inosine-5'-phosphate biosynthesis I|g__Bifidobacterium.s__Bifidobacterium_longum	4.4675821294
NONMEVIPP-PWY: methylerythritol phosphate pathway I	79.6326944760
NONMEVIPP-PWY: methylerythritol phosphate pathway I|g__Alistipes.s__Alistipes_putredinis	16.7977860788
NONMEVIPP-PWY: methylerythritol phosphate pathway I|g__Akkermansia.s__Akkermansia_muciniphila	8.6019583216
ANAGLYCOLYSIS-PWY: glycolysis III (from glucose)	79.2438395685
PWY-3001: superpathway of L-isoleucine biosynthesis I	74.5357060983
PWY-3001: superpathway of L-isoleucine biosynthesis I|g__Faecalibacterium.s__Faecalibacterium_prausnitzii	38.9235612152
COA-PWY: coenzyme A biosynthesis I	73.4080337362
COA-PWY: coenzyme A biosynthesis I|g__Faecalibacterium.s__Faecalibacterium_prausnitzii	31.4499252162
COA-PWY: coenzyme A biosynthesis I|g__Akkermansia.s__Akkermansia_muciniphila	12.8634769431
PWY-7357: thiamin formation from pyrithiamine and oxythiamine (yeast)	72.4494623645
PWY-7357: thiamin formation from pyrithiamine and oxythiamine (yeast)|g__Faecalibacterium.s__Faecalibacterium_prausnitzii	42.6542210542
PWY-7357: thiamin formation from pyrithiamine and oxythiamine (yeast)|g__Roseburia.s__Roseburia_intestinalis	1.7941246106
PWY-5097: L-lysine biosynthesis VI	70.1907634357
PWY-5097: L-lysine biosynthesis VI|g__Faecalibacterium.s__Faecalibacterium_prausnitzii	18.0303537942
PWY-5097: L-lysine biosynthesis VI|g__Akkermansia.s__Akkermansia_muciniphila	7.3831888430
PWY-5097: L-lysine biosynthesis VI|g__Bacteroides.s__Bacteroides_uniformis	6.5037497736
PWY-6897: thiamin salvage II	69.0329170679
SER-GLYSYN-PWY: superpathway of L-serine and glycine biosynthesis I	66.7271875103
SER-GLYSYN-PWY: superpathway of L-serine and glycine biosynthesis I|g__Faecalibacterium.s__Faecalibacterium_prausnitzii	25.5356243873
ARO-PWY: chorismate biosynthesis I	66.1534678839
PWY-5695: urate biosynthesis/inosine 5'-phosphate degradation	66.0296385172
PWY-5695: urate biosynthesis/inosine 5'-phosphate degradation|g__Faecalibacterium.s__Faecalibacterium_prausnitzii	23.1820070604
PWY-5695: urate biosynthesis/inosine 5'-phosphate degradation|g__Alistipes.s__Alistipes_shahii	3.9944284030
PWY-5695: urate biosynthesis/inosine 5'-phosphate degradation|g__Bacteroides.s__Bacteroides_dorei	1.7248785048
PWY-5695: urate biosynthesis/inosine 5'-phosphate degradation|g__Roseburia.s__Roseburia_inulinivorans	1.1773917226
COMPLETE-ARO-PWY: superpathway of aromatic amino acid biosynthesis	65.9410411047
PWY-2942: L-lysine biosynthesis III	64.6052512121
PWY-2942: L-lysine biosynthesis III|g__Faecalibacterium.s__Faecalibacterium_prausnitzii	9.5179036693
PWY-2942: L-lysine biosynthesis III|g__Akkermansia.s__Akkermansia_muciniphila	8.3552684577
PWY-2942: L-lysine biosynthesis III|g__Bacteroides.s__Bacteroides_uniformis	5.8595513554
PWY-2942: L-lysine biosynthesis III|g__Adlercreutzia.s__Adlercreutzia_equolifaciens	1.3738462482
PWY-2942: L-lysine biosynthesis III|g__Parabacteroides.s__Parabacteroides_distasonis	1.2488368190
PWY-7400: L-arginine biosynthesis IV (archaebacteria)	62.1689969739
PWY-7400: L-arginine biosynthesis IV (archaebacteria)|g__Bifidobacterium.s__Bifidobacterium_longum	4.3019091075
PWY-7234: inosine-5'-phosphate biosynthesis III	62.1595216400
PWY-3841: folate transformations II	61.7921703340
PWY-3841: folate transformations II|g__Akkermansia.s__Akkermansia_muciniphila	15.3633038463
PWY-3841: folate transformations II|g__Bacteroides.s__Bacteroides_uniformis	8.0638736602
THRESYN-PWY: superpathway of L-threonine biosynthesis	61.2849405950
THRESYN-PWY: superpathway of L-threonine biosynthesis|g__Faecalibacterium.s__Faecalibacterium_prausnitzii	31.2431925147
PWY0-1586: peptidoglycan maturation (meso-diaminopimelate containing)	61.2708969471
PWY0-1586: peptidoglycan maturation (meso-diaminopimelate containing)|g__Faecalibacterium.s__Faecalibacterium_prausnitzii	27.7515938969
PWY0-1586: peptidoglycan maturation (meso-diaminopimelate containing)|g__Akkermansia.s__Akkermansia_muciniphila	20.4890699666
PWY0-1296: purine ribonucleosides degradation	59.3716460835
PWY0-1296: purine ribonucleosides degradation|g__Faecalibacterium.s__Faecalibacterium_prausnitzii	30.1035747487
PWY0-1296: purine ribonucleosides degradation|g__Roseburia.s__Roseburia_intestinalis	1.5648814773
PWY0-1296: purine ribonucleosides degradation|g__Roseburia.s__Roseburia_inulinivorans	1.3675468857
PWY0-1296: purine ribonucleosides degradation|g__Clostridium.s__Clostridium_leptum	1.1796427368
ARGSYN-PWY: L-arginine biosynthesis I (via L-ornithine)	58.6433281932
ARGSYN-PWY: L-arginine biosynthesis I (via L-ornithine)|g__Bifidobacterium.s__Bifidobacterium_longum	4.0960940716
PWY-724: superpathway of L-lysine, L-threonine and L-methionine biosynthesis II	57.8361270351
PWY-724: superpathway of L-lysine, L-threonine and L-methionine biosynthesis II|g__Faecalibacterium.s__Faecalibacterium_prausnitzii	19.7703883926
HISTSYN-PWY: L-histidine biosynthesis	56.0111732765
HISTSYN-PWY: L-histidine biosynthesis|g__Bifidobacterium.s__Bifidobacterium_longum	7.0197213113
PWY-6163: chorismate biosynthesis from 3-dehydroquinate	55.2106353782
PWY-6163: chorismate biosynthesis from 3-dehydroquinate|g__Alistipes.s__Alistipes_shahii	3.9330149362
THISYNARA-PWY: superpathway of thiamin diphosphate biosynthesis III (eukaryotes)	54.8358290770
THISYNARA-PWY: superpathway of thiamin diphosphate biosynthesis III (eukaryotes)|g__Faecalibacterium.s__Faecalibacterium_prausnitzii	46.3594430289
PANTO-PWY: phosphopantothenate biosynthesis I	53.5336480485
PANTO-PWY: phosphopantothenate biosynthesis I|g__Akkermansia.s__Akkermansia_muciniphila	11.7071775844
PANTO-PWY: phosphopantothenate biosynthesis I|g__Bacteroides.s__Bacteroides_uniformis	5.5283487395
PANTO-PWY: phosphopantothenate biosynthesis I|g__Alistipes.s__Alistipes_putredinis	4.3242314673
PWY-6317: galactose degradation I (Leloir pathway)	53.2676864452
PWY-6317: galactose degradation I (Leloir pathway)|g__Faecalibacterium.s__Faecalibacterium_prausnitzii	37.9007158954
PWY66-422: D-galactose degradation V (Leloir pathway)	53.2676864452
PWY66-422: D-galactose degradation V (Leloir pathway)|g__Faecalibacterium.s__Faecalibacterium_prausnitzii	37.9007158954
1CMET2-PWY: N10-formyl-tetrahydrofolate biosynthesis	52.4982200764
1CMET2-PWY: N10-formyl-tetrahydrofolate biosynthesis|g__Akkermansia.s__Akkermansia_muciniphila	9.0200928952
1CMET2-PWY: N10-formyl-tetrahydrofolate biosynthesis|g__Bacteroides.s__Bacteroides_uniformis	5.7429716988
PWY-4242: pantothenate and coenzyme A biosynthesis III	52.1330574816
PWY-4242: pantothenate and coenzyme A biosynthesis III|g__Faecalibacterium.s__Faecalibacterium_prausnitzii	29.5278036591
PWY-4242: pantothenate and coenzyme A biosynthesis III|g__Akkermansia.s__Akkermansia_muciniphila	10.7314015114
DAPLYSINESYN-PWY: L-lysine biosynthesis I	51.6427420896
CALVIN-PWY: Calvin-Benson-Bassham cycle	50.8440349148
CALVIN-PWY: Calvin-Benson-Bassham cycle|g__Faecalibacterium.s__Faecalibacterium_prausnitzii	19.0917267457
PWY-6507: 4-deoxy-L-threo-hex-4-enopyranuronate degradation	50.3345183804
PWY-6507: 4-deoxy-L-threo-hex-4-enopyranuronate degradation|g__Faecalibacterium.s__Faecalibacterium_prausnitzii	48.0788445602
HSERMETANA-PWY: L-methionine biosynthesis III	49.8749312600
DTDPRHAMSYN-PWY: dTDP-L-rhamnose biosynthesis I	49.5309381416
DTDPRHAMSYN-PWY: dTDP-L-rhamnose biosynthesis I|g__Faecalibacterium.s__Faecalibacterium_prausnitzii	33.5461666586
DTDPRHAMSYN-PWY: dTDP-L-rhamnose biosynthesis I|g__Alistipes.s__Alistipes_shahii	3.1259859893
DTDPRHAMSYN-PWY: dTDP-L-rhamnose biosynthesis I|g__Bifidobacterium.s__Bifidobacterium_longum	0.8818342152
PANTOSYN-PWY: pantothenate and coenzyme A biosynthesis I	49.0950552104
PANTOSYN-PWY: pantothenate and coenzyme A biosynthesis I|g__Akkermansia.s__Akkermansia_muciniphila	10.8224122854
PWY-7242: D-fructuronate degradation	48.1042574243
PWY-7242: D-fructuronate degradation|g__Faecalibacterium.s__Faecalibacterium_prausnitzii	39.3455104919
GLCMANNANAUT-PWY: superpathway of N-acetylglucosamine, N-acetylmannosamine and N-acetylneuraminate degradation	46.3646731265
GLCMANNANAUT-PWY: superpathway of N-acetylglucosamine, N-acetylmannosamine and N-acetylneuraminate degradation|g__Faecalibacterium.s__Faecalibacterium_prausnitzii	37.3244867205
PWY-6609: adenine and adenosine salvage III	45.8429390382
PWY-6609: adenine and adenosine salvage III|g__Faecalibacterium.s__Faecalibacterium_prausnitzii	26.4734459969
PWY-6609: adenine and adenosine salvage III|g__Alistipes.s__Alistipes_shahii	2.9889847477
GALACTUROCAT-PWY: D-galacturonate degradation I	45.4737016685
GALACTUROCAT-PWY: D-galacturonate degradation I|g__Faecalibacterium.s__Faecalibacterium_prausnitzii	38.5810436544
GALACTUROCAT-PWY: D-galacturonate degradation I|g__Alistipes.s__Alistipes_shahii	3.9993891546
PWY-621: sucrose degradation III (sucrose invertase)	42.9638900194
PWY-621: sucrose degradation III (sucrose invertase)|g__Faecalibacterium.s__Faecalibacterium_prausnitzii	42.7953717037
GLUCUROCAT-PWY: superpathway of &beta;-D-glucuronide and D-glucuronate degradation	42.5562624040
GLUCUROCAT-PWY: superpathway of &beta;-D-glucuronide and D-glucuronate degradation|g__Faecalibacterium.s__Faecalibacterium_prausnitzii	34.8203226490
GALACT-GLUCUROCAT-PWY: superpathway of hexuronide and hexuronate degradation	41.4279893040
GALACT-GLUCUROCAT-PWY: superpathway of hexuronide and hexuronate degradation|g__Faecalibacterium.s__Faecalibacterium_prausnitzii	34.0183284027
ASPASN-PWY: superpathway of L-aspartate and L-asparagine biosynthesis	40.1238594363
ASPASN-PWY: superpathway of L-aspartate and L-asparagine biosynthesis|g__Faecalibacterium.s__Faecalibacterium_prausnitzii	35.1418651655
PWY-5667: CDP-diacylglycerol biosynthesis I	39.8965075799
PWY-5667: CDP-diacylglycerol biosynthesis I|g__Faecalibacterium.s__Faecalibacterium_prausnitzii	22.2945097877
PWY-5667: CDP-diacylglycerol biosynthesis I|g__Bacteroides.s__Bacteroides_uniformis	2.0796118283
PWY0-1319: CDP-diacylglycerol biosynthesis II	39.8965075799
PWY0-1319: CDP-diacylglycerol biosynthesis II|g__Faecalibacterium.s__Faecalibacterium_prausnitzii	22.2945097877
PWY0-1319: CDP-diacylglycerol biosynthesis II|g__Bacteroides.s__Bacteroides_uniformis	2.0796118283
PWY-7383: anaerobic energy metabolism (invertebrates, cytosol)	39.1345460444
PWY-6527: stachyose degradation	37.5748487558
PWY-6527: stachyose degradation|g__Faecalibacterium.s__Faecalibacterium_prausnitzii	2.7162250315
PWY-7229: superpathway of adenosine nucleotides de novo biosynthesis I	35.7766170979
PWY-7229: superpathway of adenosine nucleotides de novo biosynthesis I|g__Sutterella.s__Sutterella_wadsworthensis	2.3814828196
PWY-841: superpathway of purine nucleotides de novo biosynthesis I	35.5961248384
ARGSYNBSUB-PWY: L-arginine biosynthesis II (acetyl cycle)	35.1577769637
ARGSYNBSUB-PWY: L-arginine biosynthesis II (acetyl cycle)|g__Bifidobacterium.s__Bifidobacterium_longum	6.2099321716
PWY0-162: superpathway of pyrimidine ribonucleotides de novo biosynthesis	35.0756373349
PWY-6703: preQ0 biosynthesis	34.9202073481
PWY-6703: preQ0 biosynthesis|g__Akkermansia.s__Akkermansia_muciniphila	12.6410518268
PWY-6703: preQ0 biosynthesis|g__Bacteroides.s__Bacteroides_uniformis	3.0584415702
TRNA-CHARGING-PWY: tRNA charging	33.6638053125
PWY-5100: pyruvate fermentation to acetate and lactate II	32.6291762122
PWY-5177: glutaryl-CoA degradation	32.3805986276
PWY-5177: glutaryl-CoA degradation|g__Faecalibacterium.s__Faecalibacterium_prausnitzii	26.5880747993
PWY-5973: cis-vaccenate biosynthesis	32.3390472746
COBALSYN-PWY: adenosylcobalamin salvage from cobinamide I	29.9031932573
COBALSYN-PWY: adenosylcobalamin salvage from cobinamide I|g__Faecalibacterium.s__Faecalibacterium_prausnitzii	24.0834148856
PWY-6126: superpathway of adenosine nucleotides de novo biosynthesis II	27.8446642227
PWY-6126: superpathway of adenosine nucleotides de novo biosynthesis II|g__Sutterella.s__Sutterella_wadsworthensis	2.4327158045
PWY-6305: putrescine biosynthesis IV	27.3901047885
PWY-6305: putrescine biosynthesis IV|g__Faecalibacterium.s__Faecalibacterium_prausnitzii	17.4336032858
PWY-7663: gondoate biosynthesis (anaerobic)	27.3316795080
PYRIDNUCSYN-PWY: NAD biosynthesis I (from aspartate)	27.2507812890
PYRIDNUCSYN-PWY: NAD biosynthesis I (from aspartate)|g__Alistipes.s__Alistipes_shahii	5.2535892212
OANTIGEN-PWY: O-antigen building blocks biosynthesis (E. coli)	26.3078985882
DENOVOPURINE2-PWY: superpathway of purine nucleotides de novo biosynthesis II	26.1767108133
PWY0-166: superpathway of pyrimidine deoxyribonucleotides de novo biosynthesis (E. coli)	24.9531258159
PWY-7199: pyrimidine deoxyribonucleosides salvage	24.8480526274
PWY-7228: superpathway of guanosine nucleotides de novo biosynthesis I	24.2648804242
PWY-7228: superpathway of guanosine nucleotides de novo biosynthesis I|g__Sutterella.s__Sutterella_wadsworthensis	5.0001266774
PWY-5101: L-isoleucine biosynthesis II	24.1708840703
PWY-5659: GDP-mannose biosynthesis	23.6586118320
PWY-5659: GDP-mannose biosynthesis|g__Faecalibacterium.s__Faecalibacterium_prausnitzii	4.0343660065
PWY-5659: GDP-mannose biosynthesis|g__Alistipes.s__Alistipes_onderdonkii	3.7100276337
PWY-5659: GDP-mannose biosynthesis|g__Alistipes.s__Alistipes_shahii	1.7713985685
PWY-5659: GDP-mannose biosynthesis|g__Bifidobacterium.s__Bifidobacterium_animalis	1.1659835501
PWY-5659: GDP-mannose biosynthesis|g__Roseburia.s__Roseburia_intestinalis	0.8915733140
GLUTORN-PWY: L-ornithine biosynthesis	23.6254073864
GLUTORN-PWY: L-ornithine biosynthesis|g__Bifidobacterium.s__Bifidobacterium_longum	6.7301463292
PWY-5154: L-arginine biosynthesis III (via N-acetyl-L-citrulline)	23.5766094563
PWY-1269: CMP-3-deoxy-D-manno-octulosonate biosynthesis I	23.0851008332
PWY-1269: CMP-3-deoxy-D-manno-octulosonate biosynthesis I|g__Akkermansia.s__Akkermansia_muciniphila	7.4025693565
PWY-1269: CMP-3-deoxy-D-manno-octulosonate biosynthesis I|g__Alistipes.s__Alistipes_shahii	2.3986859854
UDPNAGSYN-PWY: UDP-N-acetyl-D-glucosamine biosynthesis I	22.8560674930
UDPNAGSYN-PWY: UDP-N-acetyl-D-glucosamine biosynthesis I|g__Bifidobacterium.s__Bifidobacterium_longum	8.0303897325
UDPNAGSYN-PWY: UDP-N-acetyl-D-glucosamine biosynthesis I|g__Bifidobacterium.s__Bifidobacterium_animalis	1.0144727609
PWY-7211: superpathway of pyrimidine deoxyribonucleotides de novo biosynthesis	21.9993569290
PWY-6125: superpathway of guanosine nucleotides de novo biosynthesis II	21.1507003248
PWY-6125: superpathway of guanosine nucleotides de novo biosynthesis II|g__Sutterella.s__Sutterella_wadsworthensis	3.8359221937
PWY-7208: superpathway of pyrimidine nucleobases salvage	20.7677738625
PWY-7208: superpathway of pyrimidine nucleobases salvage|g__Sutterella.s__Sutterella_wadsworthensis	4.3002601368
PWY-7282: 4-amino-2-methyl-5-phosphomethylpyrimidine biosynthesis (yeast)	20.4439667383
ANAEROFRUCAT-PWY: homolactic fermentation	18.5668137332
PWY-7184: pyrimidine deoxyribonucleotides de novo biosynthesis I	18.5350563273
PWY-6545: pyrimidine deoxyribonucleotides de novo biosynthesis III	18.2980849549
PWY-5188: tetrapyrrole biosynthesis I (from glutamate)	17.7533428544
PWY-5188: tetrapyrrole biosynthesis I (from glutamate)|g__Akkermansia.s__Akkermansia_muciniphila	7.4908142290
PWY-5188: tetrapyrrole biosynthesis I (from glutamate)|g__Sutterella.s__Sutterella_wadsworthensis	1.9770267294
PWY-6700: queuosine biosynthesis	16.9783818897
PWY-6700: queuosine biosynthesis|g__Sutterella.s__Sutterella_wadsworthensis	4.2861490198
PWY-6700: queuosine biosynthesis|g__Akkermansia.s__Akkermansia_muciniphila	1.7996732885
PWY-7187: pyrimidine deoxyribonucleotides de novo biosynthesis II	16.7700602879
PRPP-PWY: superpathway of histidine, purine, and pyrimidine biosynthesis	16.5363749535
RHAMCAT-PWY: L-rhamnose degradation I	16.4560501786
RHAMCAT-PWY: L-rhamnose degradation I|g__Faecalibacterium.s__Faecalibacterium_prausnitzii	14.5810355496
PWY-5345: superpathway of L-methionine biosynthesis (by sulfhydrylation)	15.8081963110
PWY-7197: pyrimidine deoxyribonucleotide phosphorylation	15.1530867437
PWY-7197: pyrimidine deoxyribonucleotide phosphorylation|g__Sutterella.s__Sutterella_wadsworthensis	5.7940191039
PWY-7210: pyrimidine deoxyribonucleotides biosynthesis from CTP	15.0995413827
PWY-5347: superpathway of L-methionine biosynthesis (transsulfuration)	14.9241783001
P108-PWY: pyruvate fermentation to propanoate I	14.6000577009
PWY-7198: pyrimidine deoxyribonucleotides de novo biosynthesis IV	14.0385298704
PWY-7220: adenosine deoxyribonucleotides de novo biosynthesis II	13.7600224150
PWY-7220: adenosine deoxyribonucleotides de novo biosynthesis II|g__Sutterella.s__Sutterella_wadsworthensis	3.7514299104
PWY-7222: guanosine deoxyribonucleotides de novo biosynthesis II	13.7600224150
PWY-7222: guanosine deoxyribonucleotides de novo biosynthesis II|g__Sutterella.s__Sutterella_wadsworthensis	3.7514299104
METSYN-PWY: L-homoserine and L-methionine biosynthesis	13.5200839090
RIBOSYN2-PWY: flavin biosynthesis I (bacteria and plants)	13.4376625445
PWY-4702: phytate degradation I	13.0304292941
PWY-4702: phytate degradation I|g__Akkermansia.s__Akkermansia_muciniphila	12.1196445676
PHOSLIPSYN-PWY: superpathway of phospholipid biosynthesis I (bacteria)	12.4524631436
PWY0-1261: anhydromuropeptides recycling	12.1063416718
PWY-6168: flavin biosynthesis III (fungi)	11.7831108788
PWY-2941: L-lysine biosynthesis II	11.4980488417
GLUCONEO-PWY: gluconeogenesis I	11.4962033616
MET-SAM-PWY: superpathway of S-adenosyl-L-methionine biosynthesis	11.2131437484
PWY4FS-7: phosphatidylglycerol biosynthesis I (plastidic)	11.1210187932
PWY4FS-8: phosphatidylglycerol biosynthesis II (non-plastidic)	11.1210187932
SULFATE-CYS-PWY: superpathway of sulfate assimilation and cysteine biosynthesis	10.1573260771
PWY0-845: superpathway of pyridoxal 5'-phosphate biosynthesis and salvage	10.0387388261
PWY-5030: L-histidine degradation III	9.5029616280
PWY66-400: glycolysis VI (metazoan)	9.1854783481
PWY66-399: gluconeogenesis III	8.9684358243
PWY-7196: superpathway of pyrimidine ribonucleosides salvage	8.8488224642
TCA: TCA cycle I (prokaryotic)	8.5837177806
GLYCOLYSIS: glycolysis I (from glucose 6-phosphate)	8.4932448313
PWY-5484: glycolysis II (from fructose 6-phosphate)	8.4289181049
HISDEG-PWY: L-histidine degradation I	8.2137878082
HISDEG-PWY: L-histidine degradation I|g__Alistipes.s__Alistipes_shahii	2.3249766801
PYRIDOXSYN-PWY: pyridoxal 5'-phosphate biosynthesis I	8.1694264556
PWY-7456: mannan degradation	8.0536850448
SO4ASSIM-PWY: sulfate reduction I (assimilatory)	8.0323725444
SO4ASSIM-PWY: sulfate reduction I (assimilatory)|g__Akkermansia.s__Akkermansia_muciniphila	2.3877613669
PWY-6969: TCA cycle V (2-oxoglutarate:ferredoxin oxidoreductase)	7.5927117072
HOMOSER-METSYN-PWY: L-methionine biosynthesis I	7.3235850391
HOMOSER-METSYN-PWY: L-methionine biosynthesis I|g__Ruminococcus.s__Ruminococcus_bromii	1.7554015843
GLYCOGENSYNTH-PWY: glycogen biosynthesis I (from ADP-D-Glucose)	7.0725848556
CITRULBIO-PWY: L-citrulline biosynthesis	6.9919382492
PWY-6936: seleno-amino acid biosynthesis	6.6770289111
PWY-4984: urea cycle	5.9108188418
PWY-5690: TCA cycle II (plants and fungi)	5.3334931049
ARGININE-SYN4-PWY: L-ornithine de novo  biosynthesis	4.6904898981
ARGININE-SYN4-PWY: L-ornithine de novo  biosynthesis|g__Bacteroides.s__Bacteroides_uniformis	2.2759883745
NAGLIPASYN-PWY: lipid IVA biosynthesis	3.2599792356
NAGLIPASYN-PWY: lipid IVA biosynthesis|g__Sutterella.s__Sutterella_wadsworthensis	2.2095571242
PWY-821: superpathway of sulfur amino acid biosynthesis (Saccharomyces cerevisiae)	3.1835973998
HEMESYN2-PWY: heme biosynthesis II (anaerobic)	1.7725156272
HEMESYN2-PWY: heme biosynthesis II (anaerobic)|g__Sutterella.s__Sutterella_wadsworthensis	1.0217608763
TRPSYN-PWY: L-tryptophan biosynthesis	1.7549197170
PWY-4981: L-proline biosynthesis II (from arginine)	1.7061646604
PWY-4981: L-proline biosynthesis II (from arginine)|g__Coriobacteriaceae_noname.s__Coriobacteriaceae_bacterium_phI	1.1748307224
PWY-6608: guanosine nucleotides degradation III	1.6668702372
PWY0-1298: superpathway of pyrimidine deoxyribonucleosides degradation	1.6110516541
PWY-6595: superpathway of guanosine nucleotides degradation (plants)	1.4950534094
LACTOSECAT-PWY: lactose and galactose degradation I	1.4431645090
PWY-5384: sucrose degradation IV (sucrose phosphorylase)	1.4236642998
PWY-6606: guanosine nucleotides degradation II	1.3965537067