# Pathway	ERR748417_Abundance
UNMAPPED	101741.7565622414
UNINTEGRATED	64609.7234542984
UNINTEGRATED|g__Faecalibacterium.s__Faecalibacterium_prausnitzii	19602.9570923904
UNINTEGRATED|g__Alistipes.s__Alistipes_putredinis	5836.4691615726
UNINTEGRATED|g__Alistipes.s__Alistipes_onderdonkii	4970.2928976504
UNINTEGRATED|g__Bifidobacterium.s__Bifidobacterium_longum	4593.1106376947
UNINTEGRATED|g__Bacteroides.s__Bacteroides_stercoris	4446.5478533248
UNINTEGRATED|g__Bacteroides.s__Bacteroides_dorei	3159.1497770577
UNINTEGRATED|g__Bacteroides.s__Bacteroides_uniformis	3029.5515536959
UNINTEGRATED|g__Bacteroides.s__Bacteroides_ovatus	2181.5041952538
UNINTEGRATED|g__Akkermansia.s__Akkermansia_muciniphila	1663.7152069050
UNINTEGRATED|g__Bacteroides.s__Bacteroides_vulgatus	1275.8278838894
UNINTEGRATED|g__Roseburia.s__Roseburia_inulinivorans	1183.7197739990
UNINTEGRATED|g__Blautia.s__Ruminococcus_torques	1119.4811351420
UNINTEGRATED|g__Ruminococcus.s__Ruminococcus_bromii	827.0429103403
UNINTEGRATED|g__Dorea.s__Dorea_longicatena	780.0225617754
UNINTEGRATED|g__Parabacteroides.s__Parabacteroides_distasonis	752.1026784821
UNINTEGRATED|g__Alistipes.s__Alistipes_finegoldii	745.0145374229
UNINTEGRATED|g__Alistipes.s__Alistipes_shahii	709.0454300633
UNINTEGRATED|g__Ruminococcus.s__Ruminococcus_lactaris	641.7912615189
UNINTEGRATED|g__Bacteroides.s__Bacteroides_intestinalis	627.1248934278
UNINTEGRATED|g__Sutterella.s__Sutterella_wadsworthensis	524.3960716364
UNINTEGRATED|g__Coprococcus.s__Coprococcus_comes	516.8091326530
UNINTEGRATED|g__Coriobacteriaceae_noname.s__Coriobacteriaceae_bacterium_phI	515.5397788944
UNINTEGRATED|g__Streptococcus.s__Streptococcus_thermophilus	431.3144227315
UNINTEGRATED|g__Barnesiella.s__Barnesiella_intestinihominis	298.5157692434
PWY-7219: adenosine ribonucleotides de novo biosynthesis	117.5687001709
PWY-7219: adenosine ribonucleotides de novo biosynthesis|g__Faecalibacterium.s__Faecalibacterium_prausnitzii	48.3041235592
PWY-7219: adenosine ribonucleotides de novo biosynthesis|g__Alistipes.s__Alistipes_putredinis	9.8703839804
PWY-7219: adenosine ribonucleotides de novo biosynthesis|g__Bacteroides.s__Bacteroides_stercoris	9.2491088141
PWY-7219: adenosine ribonucleotides de novo biosynthesis|g__Akkermansia.s__Akkermansia_muciniphila	8.6670084188
PWY-7219: adenosine ribonucleotides de novo biosynthesis|g__Alistipes.s__Alistipes_onderdonkii	8.2414343898
PWY-7219: adenosine ribonucleotides de novo biosynthesis|g__Bifidobacterium.s__Bifidobacterium_longum	2.8967137759
PWY-7219: adenosine ribonucleotides de novo biosynthesis|g__Bacteroides.s__Bacteroides_ovatus	2.8896620569
PWY-7219: adenosine ribonucleotides de novo biosynthesis|g__Bacteroides.s__Bacteroides_uniformis	2.4416578082
PWY-7219: adenosine ribonucleotides de novo biosynthesis|g__Coriobacteriaceae_noname.s__Coriobacteriaceae_bacterium_phI	2.0322450911
PWY-7219: adenosine ribonucleotides de novo biosynthesis|g__Ruminococcus.s__Ruminococcus_bromii	1.8988630542
PWY-7219: adenosine ribonucleotides de novo biosynthesis|g__Sutterella.s__Sutterella_wadsworthensis	1.8597414937
PWY-7219: adenosine ribonucleotides de novo biosynthesis|g__Ruminococcus.s__Ruminococcus_lactaris	1.5321996163
PWY-7219: adenosine ribonucleotides de novo biosynthesis|g__Coprococcus.s__Coprococcus_comes	1.4741644880
PWY-7219: adenosine ribonucleotides de novo biosynthesis|g__Bacteroides.s__Bacteroides_dorei	1.3912426013
PWY-7219: adenosine ribonucleotides de novo biosynthesis|g__Barnesiella.s__Barnesiella_intestinihominis	1.1164047999
PWY-7219: adenosine ribonucleotides de novo biosynthesis|g__Roseburia.s__Roseburia_inulinivorans	1.0402729013
PWY-6386: UDP-N-acetylmuramoyl-pentapeptide biosynthesis II (lysine-containing)	102.2579475932
PWY-6386: UDP-N-acetylmuramoyl-pentapeptide biosynthesis II (lysine-containing)|g__Alistipes.s__Alistipes_putredinis	22.8953568431
PWY-6386: UDP-N-acetylmuramoyl-pentapeptide biosynthesis II (lysine-containing)|g__Faecalibacterium.s__Faecalibacterium_prausnitzii	17.6667597037
PWY-6386: UDP-N-acetylmuramoyl-pentapeptide biosynthesis II (lysine-containing)|g__Alistipes.s__Alistipes_onderdonkii	11.9818385142
PWY-6386: UDP-N-acetylmuramoyl-pentapeptide biosynthesis II (lysine-containing)|g__Bacteroides.s__Bacteroides_uniformis	3.4831730801
PWY-6387: UDP-N-acetylmuramoyl-pentapeptide biosynthesis I (meso-diaminopimelate containing)	99.9362927978
PWY-6387: UDP-N-acetylmuramoyl-pentapeptide biosynthesis I (meso-diaminopimelate containing)|g__Alistipes.s__Alistipes_putredinis	21.2770749268
PWY-6387: UDP-N-acetylmuramoyl-pentapeptide biosynthesis I (meso-diaminopimelate containing)|g__Faecalibacterium.s__Faecalibacterium_prausnitzii	19.5099558661
PWY-6387: UDP-N-acetylmuramoyl-pentapeptide biosynthesis I (meso-diaminopimelate containing)|g__Alistipes.s__Alistipes_onderdonkii	10.9282394069
PWY-6387: UDP-N-acetylmuramoyl-pentapeptide biosynthesis I (meso-diaminopimelate containing)|g__Bacteroides.s__Bacteroides_uniformis	3.0259432477
PWY-6387: UDP-N-acetylmuramoyl-pentapeptide biosynthesis I (meso-diaminopimelate containing)|g__Bacteroides.s__Bacteroides_vulgatus	1.5391501451
PWY-5686: UMP biosynthesis	92.0494144792
PWY-5686: UMP biosynthesis|g__Faecalibacterium.s__Faecalibacterium_prausnitzii	24.8361969217
PWY-5686: UMP biosynthesis|g__Alistipes.s__Alistipes_putredinis	16.8890285536
PWY-5686: UMP biosynthesis|g__Alistipes.s__Alistipes_onderdonkii	9.6258485544
PWY-5686: UMP biosynthesis|g__Bacteroides.s__Bacteroides_stercoris	6.1354576910
PWY-5686: UMP biosynthesis|g__Akkermansia.s__Akkermansia_muciniphila	4.7689853273
PWY-5686: UMP biosynthesis|g__Bifidobacterium.s__Bifidobacterium_longum	4.3004402588
PWY-5686: UMP biosynthesis|g__Ruminococcus.s__Ruminococcus_bromii	1.8585192877
PWY-6737: starch degradation V	89.3533205285
PWY-6737: starch degradation V|g__Faecalibacterium.s__Faecalibacterium_prausnitzii	38.0665215294
PWY-6737: starch degradation V|g__Roseburia.s__Roseburia_inulinivorans	2.7584734400
PWY-6737: starch degradation V|g__Akkermansia.s__Akkermansia_muciniphila	2.4962915722
PEPTIDOGLYCANSYN-PWY: peptidoglycan biosynthesis I (meso-diaminopimelate containing)	89.1640022732
PEPTIDOGLYCANSYN-PWY: peptidoglycan biosynthesis I (meso-diaminopimelate containing)|g__Faecalibacterium.s__Faecalibacterium_prausnitzii	18.9842964810
PEPTIDOGLYCANSYN-PWY: peptidoglycan biosynthesis I (meso-diaminopimelate containing)|g__Alistipes.s__Alistipes_putredinis	17.2017454224
PEPTIDOGLYCANSYN-PWY: peptidoglycan biosynthesis I (meso-diaminopimelate containing)|g__Alistipes.s__Alistipes_onderdonkii	9.7208518886
PEPTIDOGLYCANSYN-PWY: peptidoglycan biosynthesis I (meso-diaminopimelate containing)|g__Bacteroides.s__Bacteroides_uniformis	2.8894159309
PEPTIDOGLYCANSYN-PWY: peptidoglycan biosynthesis I (meso-diaminopimelate containing)|g__Bacteroides.s__Bacteroides_vulgatus	1.3419804198
PWY-7221: guanosine ribonucleotides de novo biosynthesis	83.0863643300
PWY-7221: guanosine ribonucleotides de novo biosynthesis|g__Alistipes.s__Alistipes_putredinis	20.4850675779
PWY-7221: guanosine ribonucleotides de novo biosynthesis|g__Faecalibacterium.s__Faecalibacterium_prausnitzii	11.4614851342
PWY-7221: guanosine ribonucleotides de novo biosynthesis|g__Alistipes.s__Alistipes_onderdonkii	9.9169500187
PWY-7221: guanosine ribonucleotides de novo biosynthesis|g__Bifidobacterium.s__Bifidobacterium_longum	5.3988167806
PWY-7221: guanosine ribonucleotides de novo biosynthesis|g__Akkermansia.s__Akkermansia_muciniphila	5.3642069421
PWY-7221: guanosine ribonucleotides de novo biosynthesis|g__Bacteroides.s__Bacteroides_dorei	2.4780162347
PWY-7221: guanosine ribonucleotides de novo biosynthesis|g__Sutterella.s__Sutterella_wadsworthensis	1.7287647732
PWY-7221: guanosine ribonucleotides de novo biosynthesis|g__Alistipes.s__Alistipes_shahii	1.0462080357
PWY-7221: guanosine ribonucleotides de novo biosynthesis|g__Bacteroides.s__Bacteroides_intestinalis	0.9203865624
PWY-7221: guanosine ribonucleotides de novo biosynthesis|g__Streptococcus.s__Streptococcus_thermophilus	0.8116883117
ILEUSYN-PWY: L-isoleucine biosynthesis I (from threonine)	80.1495170534
ILEUSYN-PWY: L-isoleucine biosynthesis I (from threonine)|g__Faecalibacterium.s__Faecalibacterium_prausnitzii	42.9810141581
ILEUSYN-PWY: L-isoleucine biosynthesis I (from threonine)|g__Bifidobacterium.s__Bifidobacterium_longum	5.1979979428
PWY-7111: pyruvate fermentation to isobutanol (engineered)	80.1495170534
PWY-7111: pyruvate fermentation to isobutanol (engineered)|g__Faecalibacterium.s__Faecalibacterium_prausnitzii	30.7513304623
PWY-7111: pyruvate fermentation to isobutanol (engineered)|g__Bifidobacterium.s__Bifidobacterium_longum	7.4268634598
PWY-7111: pyruvate fermentation to isobutanol (engineered)|g__Bacteroides.s__Bacteroides_stercoris	5.0092400220
PWY-7111: pyruvate fermentation to isobutanol (engineered)|g__Ruminococcus.s__Ruminococcus_bromii	4.1058299902
PWY-7111: pyruvate fermentation to isobutanol (engineered)|g__Akkermansia.s__Akkermansia_muciniphila	2.1503318865
PWY-7111: pyruvate fermentation to isobutanol (engineered)|g__Coprococcus.s__Coprococcus_comes	1.0603516833
PWY-7111: pyruvate fermentation to isobutanol (engineered)|g__Dorea.s__Dorea_longicatena	0.9140651268
PWY-7111: pyruvate fermentation to isobutanol (engineered)|g__Ruminococcus.s__Ruminococcus_lactaris	0.9050285650
VALSYN-PWY: L-valine biosynthesis	80.1495170534
VALSYN-PWY: L-valine biosynthesis|g__Faecalibacterium.s__Faecalibacterium_prausnitzii	42.9810141581
VALSYN-PWY: L-valine biosynthesis|g__Bifidobacterium.s__Bifidobacterium_longum	5.1979979428
VALSYN-PWY: L-valine biosynthesis|g__Bacteroides.s__Bacteroides_stercoris	5.0092400220
VALSYN-PWY: L-valine biosynthesis|g__Ruminococcus.s__Ruminococcus_bromii	4.1058299902
VALSYN-PWY: L-valine biosynthesis|g__Akkermansia.s__Akkermansia_muciniphila	2.1503318865
VALSYN-PWY: L-valine biosynthesis|g__Dorea.s__Dorea_longicatena	0.9140651268
VALSYN-PWY: L-valine biosynthesis|g__Coprococcus.s__Coprococcus_comes	0.8550053438
VALSYN-PWY: L-valine biosynthesis|g__Roseburia.s__Roseburia_inulinivorans	0.7982858021
VALSYN-PWY: L-valine biosynthesis|g__Ruminococcus.s__Ruminococcus_lactaris	0.6896551724
NONMEVIPP-PWY: methylerythritol phosphate pathway I	73.5192195370
NONMEVIPP-PWY: methylerythritol phosphate pathway I|g__Alistipes.s__Alistipes_putredinis	13.2464887084
NONMEVIPP-PWY: methylerythritol phosphate pathway I|g__Akkermansia.s__Akkermansia_muciniphila	3.1545946974
NONMEVIPP-PWY: methylerythritol phosphate pathway I|g__Bifidobacterium.s__Bifidobacterium_longum	2.2001193257
PWY-6385: peptidoglycan biosynthesis III (mycobacteria)	72.7991328445
PWY-6385: peptidoglycan biosynthesis III (mycobacteria)|g__Faecalibacterium.s__Faecalibacterium_prausnitzii	18.9842964810
PWY-6151: S-adenosyl-L-methionine cycle I	72.6626107069
PWY-6151: S-adenosyl-L-methionine cycle I|g__Faecalibacterium.s__Faecalibacterium_prausnitzii	23.8833971499
PWY-6151: S-adenosyl-L-methionine cycle I|g__Bacteroides.s__Bacteroides_uniformis	7.3864943202
PWY-6151: S-adenosyl-L-methionine cycle I|g__Bacteroides.s__Bacteroides_stercoris	7.1659079466
PWY-6151: S-adenosyl-L-methionine cycle I|g__Bifidobacterium.s__Bifidobacterium_longum	4.0348310767
PWY-6151: S-adenosyl-L-methionine cycle I|g__Bacteroides.s__Bacteroides_dorei	2.4483341156
PWY-6151: S-adenosyl-L-methionine cycle I|g__Ruminococcus.s__Ruminococcus_bromii	1.2746972594
PWY-6151: S-adenosyl-L-methionine cycle I|g__Ruminococcus.s__Ruminococcus_lactaris	1.2414649286
PWY-6151: S-adenosyl-L-methionine cycle I|g__Bacteroides.s__Bacteroides_vulgatus	1.1514104778
ARO-PWY: chorismate biosynthesis I	72.6242596448
ARO-PWY: chorismate biosynthesis I|g__Akkermansia.s__Akkermansia_muciniphila	2.8170376101
COA-PWY-1: coenzyme A biosynthesis II (mammalian)	72.4048263018
COA-PWY-1: coenzyme A biosynthesis II (mammalian)|g__Faecalibacterium.s__Faecalibacterium_prausnitzii	21.1262615615
COA-PWY-1: coenzyme A biosynthesis II (mammalian)|g__Alistipes.s__Alistipes_putredinis	9.9545327647
COA-PWY-1: coenzyme A biosynthesis II (mammalian)|g__Bifidobacterium.s__Bifidobacterium_longum	8.2225645542
COA-PWY-1: coenzyme A biosynthesis II (mammalian)|g__Akkermansia.s__Akkermansia_muciniphila	4.9146543840
COA-PWY-1: coenzyme A biosynthesis II (mammalian)|g__Bacteroides.s__Bacteroides_uniformis	3.1532576390
PANTO-PWY: phosphopantothenate biosynthesis I	70.9021577045
PANTO-PWY: phosphopantothenate biosynthesis I|g__Alistipes.s__Alistipes_putredinis	9.7095846810
PANTO-PWY: phosphopantothenate biosynthesis I|g__Bacteroides.s__Bacteroides_stercoris	9.3974290231
PANTO-PWY: phosphopantothenate biosynthesis I|g__Akkermansia.s__Akkermansia_muciniphila	7.0818358803
PANTO-PWY: phosphopantothenate biosynthesis I|g__Bacteroides.s__Bacteroides_uniformis	5.2214244669
PANTO-PWY: phosphopantothenate biosynthesis I|g__Bacteroides.s__Bacteroides_dorei	2.4510498877
PANTO-PWY: phosphopantothenate biosynthesis I|g__Bacteroides.s__Bacteroides_ovatus	1.7658857894
PANTO-PWY: phosphopantothenate biosynthesis I|g__Parabacteroides.s__Parabacteroides_distasonis	1.4285717761
PANTO-PWY: phosphopantothenate biosynthesis I|g__Dorea.s__Dorea_longicatena	1.4146772767
PANTO-PWY: phosphopantothenate biosynthesis I|g__Bacteroides.s__Bacteroides_vulgatus	1.3703323056
PANTO-PWY: phosphopantothenate biosynthesis I|g__Ruminococcus.s__Ruminococcus_lactaris	1.2099213551
PWY-6121: 5-aminoimidazole ribonucleotide biosynthesis I	69.2960863644
PWY-6121: 5-aminoimidazole ribonucleotide biosynthesis I|g__Faecalibacterium.s__Faecalibacterium_prausnitzii	12.8159372653
PWY-6121: 5-aminoimidazole ribonucleotide biosynthesis I|g__Alistipes.s__Alistipes_putredinis	10.9918401677
PWY-6121: 5-aminoimidazole ribonucleotide biosynthesis I|g__Alistipes.s__Alistipes_onderdonkii	7.5485486973
PWY-6121: 5-aminoimidazole ribonucleotide biosynthesis I|g__Bifidobacterium.s__Bifidobacterium_longum	5.4957851335
PWY-6121: 5-aminoimidazole ribonucleotide biosynthesis I|g__Akkermansia.s__Akkermansia_muciniphila	1.9610236333
PWY-6123: inosine-5'-phosphate biosynthesis I	69.1649237627
PWY-6123: inosine-5'-phosphate biosynthesis I|g__Faecalibacterium.s__Faecalibacterium_prausnitzii	26.1001049423
PWY-6123: inosine-5'-phosphate biosynthesis I|g__Bifidobacterium.s__Bifidobacterium_longum	4.1196702189
PWY-5097: L-lysine biosynthesis VI	68.5715693572
PWY-5097: L-lysine biosynthesis VI|g__Faecalibacterium.s__Faecalibacterium_prausnitzii	14.8388279081
PWY-5097: L-lysine biosynthesis VI|g__Bacteroides.s__Bacteroides_stercoris	8.5575188473
PWY-5097: L-lysine biosynthesis VI|g__Bacteroides.s__Bacteroides_uniformis	2.8561912292
COMPLETE-ARO-PWY: superpathway of aromatic amino acid biosynthesis	68.5611465469
COMPLETE-ARO-PWY: superpathway of aromatic amino acid biosynthesis|g__Akkermansia.s__Akkermansia_muciniphila	3.1510085016
PWY-6163: chorismate biosynthesis from 3-dehydroquinate	66.7043870569
PWY-6163: chorismate biosynthesis from 3-dehydroquinate|g__Akkermansia.s__Akkermansia_muciniphila	2.4647028326
PWY-6124: inosine-5'-phosphate biosynthesis II	66.4373904580
PWY-6124: inosine-5'-phosphate biosynthesis II|g__Faecalibacterium.s__Faecalibacterium_prausnitzii	25.7681302611
BRANCHED-CHAIN-AA-SYN-PWY: superpathway of branched amino acid biosynthesis	65.5489786154
BRANCHED-CHAIN-AA-SYN-PWY: superpathway of branched amino acid biosynthesis|g__Faecalibacterium.s__Faecalibacterium_prausnitzii	35.2091517255
BRANCHED-CHAIN-AA-SYN-PWY: superpathway of branched amino acid biosynthesis|g__Bifidobacterium.s__Bifidobacterium_longum	4.1743064287
PWY-6122: 5-aminoimidazole ribonucleotide biosynthesis II	65.4835030515
PWY-6122: 5-aminoimidazole ribonucleotide biosynthesis II|g__Faecalibacterium.s__Faecalibacterium_prausnitzii	12.0074726167
PWY-6122: 5-aminoimidazole ribonucleotide biosynthesis II|g__Alistipes.s__Alistipes_putredinis	10.6575245322
PWY-6122: 5-aminoimidazole ribonucleotide biosynthesis II|g__Alistipes.s__Alistipes_onderdonkii	6.8755279433
PWY-6122: 5-aminoimidazole ribonucleotide biosynthesis II|g__Bifidobacterium.s__Bifidobacterium_longum	6.2761679378
PWY-6122: 5-aminoimidazole ribonucleotide biosynthesis II|g__Akkermansia.s__Akkermansia_muciniphila	1.6138503774
PWY-6122: 5-aminoimidazole ribonucleotide biosynthesis II|g__Streptococcus.s__Streptococcus_thermophilus	1.1476865337
PWY-6122: 5-aminoimidazole ribonucleotide biosynthesis II|g__Sutterella.s__Sutterella_wadsworthensis	0.9329980501
PWY-6277: superpathway of 5-aminoimidazole ribonucleotide biosynthesis	65.4835030515
PWY-6277: superpathway of 5-aminoimidazole ribonucleotide biosynthesis|g__Faecalibacterium.s__Faecalibacterium_prausnitzii	12.0074726167
PWY-6277: superpathway of 5-aminoimidazole ribonucleotide biosynthesis|g__Alistipes.s__Alistipes_putredinis	10.6575245322
PWY-6277: superpathway of 5-aminoimidazole ribonucleotide biosynthesis|g__Alistipes.s__Alistipes_onderdonkii	6.8755279433
PWY-6277: superpathway of 5-aminoimidazole ribonucleotide biosynthesis|g__Bifidobacterium.s__Bifidobacterium_longum	6.2761679378
PWY-6277: superpathway of 5-aminoimidazole ribonucleotide biosynthesis|g__Akkermansia.s__Akkermansia_muciniphila	1.6138503774
PWY-6277: superpathway of 5-aminoimidazole ribonucleotide biosynthesis|g__Streptococcus.s__Streptococcus_thermophilus	1.1476865337
PWY-6277: superpathway of 5-aminoimidazole ribonucleotide biosynthesis|g__Sutterella.s__Sutterella_wadsworthensis	0.9329980501
PWY-1042: glycolysis IV (plant cytosol)	64.9773903487
PWY-1042: glycolysis IV (plant cytosol)|g__Faecalibacterium.s__Faecalibacterium_prausnitzii	27.3584625607
PWY-1042: glycolysis IV (plant cytosol)|g__Akkermansia.s__Akkermansia_muciniphila	5.2376617118
PWY-1042: glycolysis IV (plant cytosol)|g__Ruminococcus.s__Ruminococcus_bromii	2.1099697127
PWY-2942: L-lysine biosynthesis III	64.9635828582
PWY-2942: L-lysine biosynthesis III|g__Bacteroides.s__Bacteroides_stercoris	7.7900072081
PWY-2942: L-lysine biosynthesis III|g__Faecalibacterium.s__Faecalibacterium_prausnitzii	6.6938598197
PWY-2942: L-lysine biosynthesis III|g__Bacteroides.s__Bacteroides_uniformis	3.0777778419
PWY-2942: L-lysine biosynthesis III|g__Akkermansia.s__Akkermansia_muciniphila	2.3615865859
PWY-2942: L-lysine biosynthesis III|g__Parabacteroides.s__Parabacteroides_distasonis	1.2268300653
PWY-2942: L-lysine biosynthesis III|g__Bacteroides.s__Bacteroides_ovatus	1.2004704151
PWY-5103: L-isoleucine biosynthesis III	62.4217152435
PWY-5103: L-isoleucine biosynthesis III|g__Faecalibacterium.s__Faecalibacterium_prausnitzii	32.3886253673
PWY-5103: L-isoleucine biosynthesis III|g__Bifidobacterium.s__Bifidobacterium_longum	4.1743064287
ANAGLYCOLYSIS-PWY: glycolysis III (from glucose)	60.7438946446
PWY-724: superpathway of L-lysine, L-threonine and L-methionine biosynthesis II	58.3158105513
PWY-724: superpathway of L-lysine, L-threonine and L-methionine biosynthesis II|g__Faecalibacterium.s__Faecalibacterium_prausnitzii	14.1717948609
PWY-3001: superpathway of L-isoleucine biosynthesis I	56.1324294787
PWY-3001: superpathway of L-isoleucine biosynthesis I|g__Faecalibacterium.s__Faecalibacterium_prausnitzii	26.3806667195
PWY-5695: urate biosynthesis/inosine 5'-phosphate degradation	56.0223971166
PWY-5695: urate biosynthesis/inosine 5'-phosphate degradation|g__Faecalibacterium.s__Faecalibacterium_prausnitzii	14.6242615802
PWY-5695: urate biosynthesis/inosine 5'-phosphate degradation|g__Bacteroides.s__Bacteroides_stercoris	4.7174026766
NONOXIPENT-PWY: pentose phosphate pathway (non-oxidative branch)	55.5926611479
NONOXIPENT-PWY: pentose phosphate pathway (non-oxidative branch)|g__Faecalibacterium.s__Faecalibacterium_prausnitzii	32.1683781710
THRESYN-PWY: superpathway of L-threonine biosynthesis	49.8915999222
THRESYN-PWY: superpathway of L-threonine biosynthesis|g__Faecalibacterium.s__Faecalibacterium_prausnitzii	22.4302866611
PWY-3841: folate transformations II	49.0556370635
PWY-3841: folate transformations II|g__Bacteroides.s__Bacteroides_stercoris	5.5614389584
PWY-3841: folate transformations II|g__Akkermansia.s__Akkermansia_muciniphila	4.7693313197
PWY-3841: folate transformations II|g__Bacteroides.s__Bacteroides_dorei	2.2311100369
PANTOSYN-PWY: pantothenate and coenzyme A biosynthesis I	48.9788999603
SER-GLYSYN-PWY: superpathway of L-serine and glycine biosynthesis I	48.5639713044
SER-GLYSYN-PWY: superpathway of L-serine and glycine biosynthesis I|g__Faecalibacterium.s__Faecalibacterium_prausnitzii	15.3543634356
SER-GLYSYN-PWY: superpathway of L-serine and glycine biosynthesis I|g__Ruminococcus.s__Ruminococcus_bromii	3.3627648927
PWY-6897: thiamin salvage II	46.0796866392
PWY0-1296: purine ribonucleosides degradation	44.3968907765
PWY0-1296: purine ribonucleosides degradation|g__Faecalibacterium.s__Faecalibacterium_prausnitzii	22.1349295812
PWY-6703: preQ0 biosynthesis	43.9894536949
PWY-6703: preQ0 biosynthesis|g__Bacteroides.s__Bacteroides_stercoris	7.0695060183
PWY-6703: preQ0 biosynthesis|g__Akkermansia.s__Akkermansia_muciniphila	5.4029875066
1CMET2-PWY: N10-formyl-tetrahydrofolate biosynthesis	43.5967456482
DTDPRHAMSYN-PWY: dTDP-L-rhamnose biosynthesis I	42.5544164748
DTDPRHAMSYN-PWY: dTDP-L-rhamnose biosynthesis I|g__Faecalibacterium.s__Faecalibacterium_prausnitzii	23.6813498126
DTDPRHAMSYN-PWY: dTDP-L-rhamnose biosynthesis I|g__Alistipes.s__Alistipes_shahii	3.1728690183
DTDPRHAMSYN-PWY: dTDP-L-rhamnose biosynthesis I|g__Bacteroides.s__Bacteroides_ovatus	1.3427324606
DTDPRHAMSYN-PWY: dTDP-L-rhamnose biosynthesis I|g__Bifidobacterium.s__Bifidobacterium_longum	1.1083339697
CALVIN-PWY: Calvin-Benson-Bassham cycle	42.4395046870
CALVIN-PWY: Calvin-Benson-Bassham cycle|g__Faecalibacterium.s__Faecalibacterium_prausnitzii	8.9439756107
CALVIN-PWY: Calvin-Benson-Bassham cycle|g__Ruminococcus.s__Ruminococcus_bromii	3.2746993952
HSERMETANA-PWY: L-methionine biosynthesis III	42.1718614646
PWY-7357: thiamin formation from pyrithiamine and oxythiamine (yeast)	42.0955509576
PWY-7357: thiamin formation from pyrithiamine and oxythiamine (yeast)|g__Faecalibacterium.s__Faecalibacterium_prausnitzii	22.4844152692
PWY-7357: thiamin formation from pyrithiamine and oxythiamine (yeast)|g__Ruminococcus.s__Ruminococcus_bromii	2.1899491331
PWY0-1586: peptidoglycan maturation (meso-diaminopimelate containing)	40.4171519328
PWY0-1586: peptidoglycan maturation (meso-diaminopimelate containing)|g__Faecalibacterium.s__Faecalibacterium_prausnitzii	14.4194046276
PWY0-1586: peptidoglycan maturation (meso-diaminopimelate containing)|g__Akkermansia.s__Akkermansia_muciniphila	8.2505111422
COA-PWY: coenzyme A biosynthesis I	39.9650898036
COA-PWY: coenzyme A biosynthesis I|g__Faecalibacterium.s__Faecalibacterium_prausnitzii	16.9053001968
COA-PWY: coenzyme A biosynthesis I|g__Akkermansia.s__Akkermansia_muciniphila	4.6968954386
PWY-5973: cis-vaccenate biosynthesis	39.6605958779
PWY-5667: CDP-diacylglycerol biosynthesis I	39.5512292371
PWY-5667: CDP-diacylglycerol biosynthesis I|g__Faecalibacterium.s__Faecalibacterium_prausnitzii	7.7862006797
PWY-5667: CDP-diacylglycerol biosynthesis I|g__Bacteroides.s__Bacteroides_stercoris	5.1590557440
PWY0-1319: CDP-diacylglycerol biosynthesis II	39.5512292371
PWY0-1319: CDP-diacylglycerol biosynthesis II|g__Faecalibacterium.s__Faecalibacterium_prausnitzii	7.7862006797
PWY0-1319: CDP-diacylglycerol biosynthesis II|g__Bacteroides.s__Bacteroides_stercoris	5.1590557440
PWY-6317: galactose degradation I (Leloir pathway)	37.2474034132
PWY-6317: galactose degradation I (Leloir pathway)|g__Faecalibacterium.s__Faecalibacterium_prausnitzii	24.5384592827
PWY66-422: D-galactose degradation V (Leloir pathway)	37.2474034132
PWY66-422: D-galactose degradation V (Leloir pathway)|g__Faecalibacterium.s__Faecalibacterium_prausnitzii	24.5384592827
DAPLYSINESYN-PWY: L-lysine biosynthesis I	36.9621825777
PWY-6168: flavin biosynthesis III (fungi)	36.5800261957
PWY-7663: gondoate biosynthesis (anaerobic)	35.5537453577
PWY-7663: gondoate biosynthesis (anaerobic)|g__Bacteroides.s__Bacteroides_stercoris	7.0413865131
PWY-7663: gondoate biosynthesis (anaerobic)|g__Bacteroides.s__Bacteroides_ovatus	2.1130301013
GLCMANNANAUT-PWY: superpathway of N-acetylglucosamine, N-acetylmannosamine and N-acetylneuraminate degradation	35.0356462698
GLCMANNANAUT-PWY: superpathway of N-acetylglucosamine, N-acetylmannosamine and N-acetylneuraminate degradation|g__Faecalibacterium.s__Faecalibacterium_prausnitzii	16.8287187684
PWY-7234: inosine-5'-phosphate biosynthesis III	34.2189052306
PWY-7242: D-fructuronate degradation	32.7055896262
PWY-7242: D-fructuronate degradation|g__Faecalibacterium.s__Faecalibacterium_prausnitzii	27.9868330900
PWY-6507: 4-deoxy-L-threo-hex-4-enopyranuronate degradation	32.6192270410
PWY-6507: 4-deoxy-L-threo-hex-4-enopyranuronate degradation|g__Faecalibacterium.s__Faecalibacterium_prausnitzii	30.1606688718
THISYNARA-PWY: superpathway of thiamin diphosphate biosynthesis III (eukaryotes)	32.1677878797
THISYNARA-PWY: superpathway of thiamin diphosphate biosynthesis III (eukaryotes)|g__Faecalibacterium.s__Faecalibacterium_prausnitzii	21.1392168322
PWY-6609: adenine and adenosine salvage III	32.1543367719
PWY-6609: adenine and adenosine salvage III|g__Faecalibacterium.s__Faecalibacterium_prausnitzii	14.1832525222
PWY-6609: adenine and adenosine salvage III|g__Bacteroides.s__Bacteroides_ovatus	1.5197568389
ANAEROFRUCAT-PWY: homolactic fermentation	30.8561184773
COBALSYN-PWY: adenosylcobalamin salvage from cobinamide I	29.9732327972
COBALSYN-PWY: adenosylcobalamin salvage from cobinamide I|g__Faecalibacterium.s__Faecalibacterium_prausnitzii	19.9839044195
GLUCUROCAT-PWY: superpathway of &beta;-D-glucuronide and D-glucuronate degradation	29.7493726155
GLUCUROCAT-PWY: superpathway of &beta;-D-glucuronide and D-glucuronate degradation|g__Faecalibacterium.s__Faecalibacterium_prausnitzii	22.5388400713
PWY-7400: L-arginine biosynthesis IV (archaebacteria)	29.3008848728
PWY-7400: L-arginine biosynthesis IV (archaebacteria)|g__Bifidobacterium.s__Bifidobacterium_longum	3.2513160661
ASPASN-PWY: superpathway of L-aspartate and L-asparagine biosynthesis	28.7782924335
ASPASN-PWY: superpathway of L-aspartate and L-asparagine biosynthesis|g__Faecalibacterium.s__Faecalibacterium_prausnitzii	21.3848848686
PWY-621: sucrose degradation III (sucrose invertase)	28.5359881528
PWY-621: sucrose degradation III (sucrose invertase)|g__Faecalibacterium.s__Faecalibacterium_prausnitzii	25.0181013300
GALACTUROCAT-PWY: D-galacturonate degradation I	28.1089711646
GALACTUROCAT-PWY: D-galacturonate degradation I|g__Faecalibacterium.s__Faecalibacterium_prausnitzii	21.3978277308
GALACT-GLUCUROCAT-PWY: superpathway of hexuronide and hexuronate degradation	27.1647306870
GALACT-GLUCUROCAT-PWY: superpathway of hexuronide and hexuronate degradation|g__Faecalibacterium.s__Faecalibacterium_prausnitzii	20.6565852166
ARGSYN-PWY: L-arginine biosynthesis I (via L-ornithine)	26.8605153719
ARGSYN-PWY: L-arginine biosynthesis I (via L-ornithine)|g__Bifidobacterium.s__Bifidobacterium_longum	3.2183442570
PWY-6527: stachyose degradation	26.7182450661
PWY-6527: stachyose degradation|g__Faecalibacterium.s__Faecalibacterium_prausnitzii	3.8197615615
HISTSYN-PWY: L-histidine biosynthesis	26.4875145350
PWY-5659: GDP-mannose biosynthesis	25.9749678682
PWY-5659: GDP-mannose biosynthesis|g__Alistipes.s__Alistipes_onderdonkii	5.8259100268
PWY-5659: GDP-mannose biosynthesis|g__Faecalibacterium.s__Faecalibacterium_prausnitzii	1.9978378346
PWY-5659: GDP-mannose biosynthesis|g__Alistipes.s__Alistipes_shahii	1.5476781052
PWY-5659: GDP-mannose biosynthesis|g__Bacteroides.s__Bacteroides_ovatus	1.4644120441
PWY-7229: superpathway of adenosine nucleotides de novo biosynthesis I	24.7188625052
PWY-5101: L-isoleucine biosynthesis II	24.5330138508
PYRIDNUCSYN-PWY: NAD biosynthesis I (from aspartate)	23.7319460380
PYRIDNUCSYN-PWY: NAD biosynthesis I (from aspartate)|g__Alistipes.s__Alistipes_shahii	1.9860781708
ARGININE-SYN4-PWY: L-ornithine de novo  biosynthesis	21.5666436992
ARGININE-SYN4-PWY: L-ornithine de novo  biosynthesis|g__Bacteroides.s__Bacteroides_stercoris	7.8533929000
ARGININE-SYN4-PWY: L-ornithine de novo  biosynthesis|g__Bacteroides.s__Bacteroides_ovatus	1.8414114914
ARGININE-SYN4-PWY: L-ornithine de novo  biosynthesis|g__Bacteroides.s__Bacteroides_uniformis	1.4813405119
OANTIGEN-PWY: O-antigen building blocks biosynthesis (E. coli)	21.0875082072
PWY-4242: pantothenate and coenzyme A biosynthesis III	20.6224396130
PWY-4242: pantothenate and coenzyme A biosynthesis III|g__Faecalibacterium.s__Faecalibacterium_prausnitzii	12.0658395486
PWY-5100: pyruvate fermentation to acetate and lactate II	20.2104581994
PWY-5100: pyruvate fermentation to acetate and lactate II|g__Ruminococcus.s__Ruminococcus_lactaris	1.2055671388
PWY-7282: 4-amino-2-methyl-5-phosphomethylpyrimidine biosynthesis (yeast)	20.1993376100
PWY-841: superpathway of purine nucleotides de novo biosynthesis I	19.0692492342
PWY-5177: glutaryl-CoA degradation	18.9314873125
PWY-5177: glutaryl-CoA degradation|g__Faecalibacterium.s__Faecalibacterium_prausnitzii	16.7890009991
GLYCOLYSIS: glycolysis I (from glucose 6-phosphate)	18.7909509018
PWY-5484: glycolysis II (from fructose 6-phosphate)	18.3778857470
PWY-6126: superpathway of adenosine nucleotides de novo biosynthesis II	18.2713699313
PWY0-162: superpathway of pyrimidine ribonucleotides de novo biosynthesis	17.9126711145
DENOVOPURINE2-PWY: superpathway of purine nucleotides de novo biosynthesis II	17.8836973492
UDPNAGSYN-PWY: UDP-N-acetyl-D-glucosamine biosynthesis I	17.7004478673
UDPNAGSYN-PWY: UDP-N-acetyl-D-glucosamine biosynthesis I|g__Bifidobacterium.s__Bifidobacterium_longum	6.0789111147
UDPNAGSYN-PWY: UDP-N-acetyl-D-glucosamine biosynthesis I|g__Streptococcus.s__Streptococcus_thermophilus	1.1836265061
TRNA-CHARGING-PWY: tRNA charging	16.7547812427
PYRIDOXSYN-PWY: pyridoxal 5'-phosphate biosynthesis I	15.2110520787
PYRIDOXSYN-PWY: pyridoxal 5'-phosphate biosynthesis I|g__Bacteroides.s__Bacteroides_ovatus	1.5417573129
PWY0-845: superpathway of pyridoxal 5'-phosphate biosynthesis and salvage	15.1114846983
PWY-7383: anaerobic energy metabolism (invertebrates, cytosol)	14.2645302807
PWY-5347: superpathway of L-methionine biosynthesis (transsulfuration)	14.2464977829
RHAMCAT-PWY: L-rhamnose degradation I	14.1449079847
RHAMCAT-PWY: L-rhamnose degradation I|g__Faecalibacterium.s__Faecalibacterium_prausnitzii	10.5006478880
PWY-7199: pyrimidine deoxyribonucleosides salvage	13.7671058875
ARGSYNBSUB-PWY: L-arginine biosynthesis II (acetyl cycle)	13.5640844294
ARGSYNBSUB-PWY: L-arginine biosynthesis II (acetyl cycle)|g__Bifidobacterium.s__Bifidobacterium_longum	2.9955465403
PWY0-166: superpathway of pyrimidine deoxyribonucleotides de novo biosynthesis (E. coli)	13.5279176298
METSYN-PWY: L-homoserine and L-methionine biosynthesis	13.3320803340
PWY-7187: pyrimidine deoxyribonucleotides de novo biosynthesis II	13.1180969724
PWY-6305: putrescine biosynthesis IV	13.0096406629
PWY-6305: putrescine biosynthesis IV|g__Faecalibacterium.s__Faecalibacterium_prausnitzii	7.7714824232
PWY-6305: putrescine biosynthesis IV|g__Blautia.s__Ruminococcus_torques	0.9086778737
PWY-6700: queuosine biosynthesis	12.9976989819
PWY-6700: queuosine biosynthesis|g__Akkermansia.s__Akkermansia_muciniphila	1.7448772993
PWY0-1261: anhydromuropeptides recycling	12.4691700179
PWY-7228: superpathway of guanosine nucleotides de novo biosynthesis I	12.1818918046
PWY-7228: superpathway of guanosine nucleotides de novo biosynthesis I|g__Bacteroides.s__Bacteroides_dorei	2.0399875444
PWY-5154: L-arginine biosynthesis III (via N-acetyl-L-citrulline)	12.1210484604
PWY-7211: superpathway of pyrimidine deoxyribonucleotides de novo biosynthesis	11.5585907052
MET-SAM-PWY: superpathway of S-adenosyl-L-methionine biosynthesis	11.1134489310
PWY-6125: superpathway of guanosine nucleotides de novo biosynthesis II	11.0598887893
PWY-6125: superpathway of guanosine nucleotides de novo biosynthesis II|g__Bacteroides.s__Bacteroides_dorei	1.6824114628
PHOSLIPSYN-PWY: superpathway of phospholipid biosynthesis I (bacteria)	10.5049346459
PWY-7323: superpathway of GDP-mannose-derived O-antigen building blocks biosynthesis	10.4646072129
PWY-7323: superpathway of GDP-mannose-derived O-antigen building blocks biosynthesis|g__Bacteroides.s__Bacteroides_ovatus	1.1128115625
PWY-5345: superpathway of L-methionine biosynthesis (by sulfhydrylation)	9.9655046103
PWY-5188: tetrapyrrole biosynthesis I (from glutamate)	9.8094234465
PWY-5188: tetrapyrrole biosynthesis I (from glutamate)|g__Akkermansia.s__Akkermansia_muciniphila	1.7070573603
PWY-5188: tetrapyrrole biosynthesis I (from glutamate)|g__Ruminococcus.s__Ruminococcus_bromii	1.5317229141
PWY-5030: L-histidine degradation III	9.3760822779
PWY-7208: superpathway of pyrimidine nucleobases salvage	9.2636053211
PWY-7184: pyrimidine deoxyribonucleotides de novo biosynthesis I	9.1270329721
PWY-6545: pyrimidine deoxyribonucleotides de novo biosynthesis III	9.0110453311
COLANSYN-PWY: colanic acid building blocks biosynthesis	8.7579422671
PWY-7220: adenosine deoxyribonucleotides de novo biosynthesis II	8.7034929624
PWY-7220: adenosine deoxyribonucleotides de novo biosynthesis II|g__Bacteroides.s__Bacteroides_dorei	1.2870012870
PWY-7222: guanosine deoxyribonucleotides de novo biosynthesis II	8.7034929624
PWY-7222: guanosine deoxyribonucleotides de novo biosynthesis II|g__Bacteroides.s__Bacteroides_dorei	1.2870012870
GLUTORN-PWY: L-ornithine biosynthesis	8.4676019677
GLUTORN-PWY: L-ornithine biosynthesis|g__Bifidobacterium.s__Bifidobacterium_longum	2.6298772837
PWY-1269: CMP-3-deoxy-D-manno-octulosonate biosynthesis I	8.4404851239
PWY-1269: CMP-3-deoxy-D-manno-octulosonate biosynthesis I|g__Akkermansia.s__Akkermansia_muciniphila	5.2622279095
PWY-6270: isoprene biosynthesis I	7.9348296735
P108-PWY: pyruvate fermentation to propanoate I	7.8884057843
PWY-7210: pyrimidine deoxyribonucleotides biosynthesis from CTP	7.7853852713
TRPSYN-PWY: L-tryptophan biosynthesis	7.5863832840
HOMOSER-METSYN-PWY: L-methionine biosynthesis I	7.2583616321
HOMOSER-METSYN-PWY: L-methionine biosynthesis I|g__Ruminococcus.s__Ruminococcus_bromii	2.7481367045
PWY-7198: pyrimidine deoxyribonucleotides de novo biosynthesis IV	7.2417330106
PWY-7560: methylerythritol phosphate pathway II	7.0425611172
PWY4FS-7: phosphatidylglycerol biosynthesis I (plastidic)	6.9689099332
PWY4FS-8: phosphatidylglycerol biosynthesis II (non-plastidic)	6.9689099332
TCA: TCA cycle I (prokaryotic)	6.8899692119
GLYCOGENSYNTH-PWY: glycogen biosynthesis I (from ADP-D-Glucose)	6.8526690165
PWY-6969: TCA cycle V (2-oxoglutarate:ferredoxin oxidoreductase)	6.6967269851
PWY-7197: pyrimidine deoxyribonucleotide phosphorylation	6.5740527087
PWY-6471: peptidoglycan biosynthesis IV (Enterococcus faecium)	6.2533480183
SULFATE-CYS-PWY: superpathway of sulfate assimilation and cysteine biosynthesis	5.8317363754
PWY-6531: mannitol cycle	5.7572415731
PWY-2941: L-lysine biosynthesis II	5.7313394458
SO4ASSIM-PWY: sulfate reduction I (assimilatory)	5.4093270471
SO4ASSIM-PWY: sulfate reduction I (assimilatory)|g__Akkermansia.s__Akkermansia_muciniphila	0.9785596499
PWY-5690: TCA cycle II (plants and fungi)	5.0989596817
PWY-5121: superpathway of geranylgeranyl diphosphate biosynthesis II (via MEP)	4.9986798470
PWY-7371: 1,4-dihydroxy-6-naphthoate biosynthesis II	4.7508509442
PWY-7371: 1,4-dihydroxy-6-naphthoate biosynthesis II|g__Alistipes.s__Alistipes_finegoldii	1.3242121270
PWY-7456: mannan degradation	4.5913161960
PWY-5989: stearate biosynthesis II (bacteria and plants)	4.1906787559
PWY-4702: phytate degradation I	3.9399812619
PWY-4702: phytate degradation I|g__Akkermansia.s__Akkermansia_muciniphila	2.1649512896
HISDEG-PWY: L-histidine degradation I	3.9027311734
HISDEG-PWY: L-histidine degradation I|g__Alistipes.s__Alistipes_shahii	1.8205329671
NAGLIPASYN-PWY: lipid IVA biosynthesis	3.3922130476
PWY-6936: seleno-amino acid biosynthesis	3.3091713977
PWY-5367: petroselinate biosynthesis	2.9449722065
PWY-4981: L-proline biosynthesis II (from arginine)	1.7237325693
PWY-4981: L-proline biosynthesis II (from arginine)|g__Coriobacteriaceae_noname.s__Coriobacteriaceae_bacterium_phI	1.0040160643
LACTOSECAT-PWY: lactose and galactose degradation I	1.3791306861
PWY-7237: myo-, chiro- and scillo-inositol degradation	1.2422360248
PWY-7237: myo-, chiro- and scillo-inositol degradation|g__Dorea.s__Dorea_longicatena	1.2422360248