# Pathway	ERR748418_Abundance
UNMAPPED	112567.0011940723
UNINTEGRATED	72393.5599525216
UNINTEGRATED|g__Faecalibacterium.s__Faecalibacterium_prausnitzii	21073.7551389379
UNINTEGRATED|g__Bifidobacterium.s__Bifidobacterium_longum	6653.3929796429
UNINTEGRATED|g__Alistipes.s__Alistipes_putredinis	6552.2714166160
UNINTEGRATED|g__Alistipes.s__Alistipes_onderdonkii	5652.3039528948
UNINTEGRATED|g__Bacteroides.s__Bacteroides_stercoris	5226.0781778451
UNINTEGRATED|g__Bacteroides.s__Bacteroides_dorei	3506.8911647623
UNINTEGRATED|g__Bacteroides.s__Bacteroides_uniformis	3106.3072810076
UNINTEGRATED|g__Bacteroides.s__Bacteroides_ovatus	2868.6900661695
UNINTEGRATED|g__Akkermansia.s__Akkermansia_muciniphila	2667.9196327966
UNINTEGRATED|g__Bacteroides.s__Bacteroides_vulgatus	1579.4113347655
UNINTEGRATED|g__Alistipes.s__Alistipes_finegoldii	1475.6195743041
UNINTEGRATED|g__Parabacteroides.s__Parabacteroides_merdae	1363.6654257870
UNINTEGRATED|g__Parabacteroides.s__Parabacteroides_distasonis	1104.4489864644
UNINTEGRATED|g__Roseburia.s__Roseburia_inulinivorans	1103.1701818385
UNINTEGRATED|g__Ruminococcus.s__Ruminococcus_bromii	1013.9987353311
UNINTEGRATED|g__Dorea.s__Dorea_longicatena	973.7167431351
UNINTEGRATED|g__Blautia.s__Ruminococcus_obeum	949.6800659448
UNINTEGRATED|g__Bacteroides.s__Bacteroides_intestinalis	913.0366930510
UNINTEGRATED|g__Coprococcus.s__Coprococcus_comes	867.9272568370
UNINTEGRATED|g__Coriobacteriaceae_noname.s__Coriobacteriaceae_bacterium_phI	798.5871065671
UNINTEGRATED|g__Sutterella.s__Sutterella_wadsworthensis	742.0515072506
UNINTEGRATED|g__Alistipes.s__Alistipes_shahii	714.8962982978
UNINTEGRATED|g__Ruminococcus.s__Ruminococcus_lactaris	677.3046078427
UNINTEGRATED|g__Streptococcus.s__Streptococcus_thermophilus	374.3951735216
UNINTEGRATED|g__Barnesiella.s__Barnesiella_intestinihominis	373.3205180014
UNINTEGRATED|g__Eubacterium.s__Eubacterium_eligens	349.8444473984
PWY-6386: UDP-N-acetylmuramoyl-pentapeptide biosynthesis II (lysine-containing)	122.9947331961
PWY-6386: UDP-N-acetylmuramoyl-pentapeptide biosynthesis II (lysine-containing)|g__Alistipes.s__Alistipes_putredinis	27.3287458684
PWY-6386: UDP-N-acetylmuramoyl-pentapeptide biosynthesis II (lysine-containing)|g__Faecalibacterium.s__Faecalibacterium_prausnitzii	25.6402522539
PWY-6386: UDP-N-acetylmuramoyl-pentapeptide biosynthesis II (lysine-containing)|g__Alistipes.s__Alistipes_onderdonkii	14.3358302819
PWY-6386: UDP-N-acetylmuramoyl-pentapeptide biosynthesis II (lysine-containing)|g__Bacteroides.s__Bacteroides_uniformis	3.3789279616
PWY-6387: UDP-N-acetylmuramoyl-pentapeptide biosynthesis I (meso-diaminopimelate containing)	120.3770982141
PWY-6387: UDP-N-acetylmuramoyl-pentapeptide biosynthesis I (meso-diaminopimelate containing)|g__Faecalibacterium.s__Faecalibacterium_prausnitzii	26.8486943836
PWY-6387: UDP-N-acetylmuramoyl-pentapeptide biosynthesis I (meso-diaminopimelate containing)|g__Alistipes.s__Alistipes_putredinis	25.4380234612
PWY-6387: UDP-N-acetylmuramoyl-pentapeptide biosynthesis I (meso-diaminopimelate containing)|g__Alistipes.s__Alistipes_onderdonkii	13.5964491945
PWY-6387: UDP-N-acetylmuramoyl-pentapeptide biosynthesis I (meso-diaminopimelate containing)|g__Bacteroides.s__Bacteroides_uniformis	3.1556277041
PWY-6387: UDP-N-acetylmuramoyl-pentapeptide biosynthesis I (meso-diaminopimelate containing)|g__Bacteroides.s__Bacteroides_dorei	1.9790085339
PWY-6387: UDP-N-acetylmuramoyl-pentapeptide biosynthesis I (meso-diaminopimelate containing)|g__Parabacteroides.s__Parabacteroides_distasonis	1.1459554673
PEPTIDOGLYCANSYN-PWY: peptidoglycan biosynthesis I (meso-diaminopimelate containing)	105.2115645630
PEPTIDOGLYCANSYN-PWY: peptidoglycan biosynthesis I (meso-diaminopimelate containing)|g__Faecalibacterium.s__Faecalibacterium_prausnitzii	23.4865379703
PEPTIDOGLYCANSYN-PWY: peptidoglycan biosynthesis I (meso-diaminopimelate containing)|g__Alistipes.s__Alistipes_putredinis	21.7544905166
PEPTIDOGLYCANSYN-PWY: peptidoglycan biosynthesis I (meso-diaminopimelate containing)|g__Alistipes.s__Alistipes_onderdonkii	7.5779943359
PEPTIDOGLYCANSYN-PWY: peptidoglycan biosynthesis I (meso-diaminopimelate containing)|g__Bacteroides.s__Bacteroides_uniformis	2.1703286515
PEPTIDOGLYCANSYN-PWY: peptidoglycan biosynthesis I (meso-diaminopimelate containing)|g__Bacteroides.s__Bacteroides_dorei	2.1008919626
PWY-7219: adenosine ribonucleotides de novo biosynthesis	103.0482774452
PWY-7219: adenosine ribonucleotides de novo biosynthesis|g__Faecalibacterium.s__Faecalibacterium_prausnitzii	39.6233141337
PWY-7219: adenosine ribonucleotides de novo biosynthesis|g__Alistipes.s__Alistipes_putredinis	11.5583936745
PWY-7219: adenosine ribonucleotides de novo biosynthesis|g__Bacteroides.s__Bacteroides_stercoris	9.2423042323
PWY-7219: adenosine ribonucleotides de novo biosynthesis|g__Alistipes.s__Alistipes_onderdonkii	7.4897636124
PWY-7219: adenosine ribonucleotides de novo biosynthesis|g__Akkermansia.s__Akkermansia_muciniphila	5.7662233345
PWY-7219: adenosine ribonucleotides de novo biosynthesis|g__Ruminococcus.s__Ruminococcus_bromii	5.2711989803
PWY-7219: adenosine ribonucleotides de novo biosynthesis|g__Bacteroides.s__Bacteroides_dorei	3.4551062371
PWY-7219: adenosine ribonucleotides de novo biosynthesis|g__Bacteroides.s__Bacteroides_uniformis	3.1310275324
PWY-7219: adenosine ribonucleotides de novo biosynthesis|g__Ruminococcus.s__Ruminococcus_lactaris	2.3744982434
PWY-7219: adenosine ribonucleotides de novo biosynthesis|g__Sutterella.s__Sutterella_wadsworthensis	2.1596060596
PWY-7219: adenosine ribonucleotides de novo biosynthesis|g__Coriobacteriaceae_noname.s__Coriobacteriaceae_bacterium_phI	1.6385792559
PWY-7219: adenosine ribonucleotides de novo biosynthesis|g__Parabacteroides.s__Parabacteroides_merdae	1.5950789603
PWY-7219: adenosine ribonucleotides de novo biosynthesis|g__Streptococcus.s__Streptococcus_thermophilus	1.5727061850
PWY-7219: adenosine ribonucleotides de novo biosynthesis|g__Blautia.s__Ruminococcus_obeum	1.2374622628
PWY-7219: adenosine ribonucleotides de novo biosynthesis|g__Bacteroides.s__Bacteroides_intestinalis	0.9468102056
PWY-7219: adenosine ribonucleotides de novo biosynthesis|g__Barnesiella.s__Barnesiella_intestinihominis	0.8933829437
PWY-7221: guanosine ribonucleotides de novo biosynthesis	100.5001087223
PWY-7221: guanosine ribonucleotides de novo biosynthesis|g__Alistipes.s__Alistipes_putredinis	25.6499928732
PWY-7221: guanosine ribonucleotides de novo biosynthesis|g__Faecalibacterium.s__Faecalibacterium_prausnitzii	21.3075425252
PWY-7221: guanosine ribonucleotides de novo biosynthesis|g__Alistipes.s__Alistipes_onderdonkii	8.3472253355
PWY-7221: guanosine ribonucleotides de novo biosynthesis|g__Bifidobacterium.s__Bifidobacterium_longum	6.1829762962
PWY-7221: guanosine ribonucleotides de novo biosynthesis|g__Akkermansia.s__Akkermansia_muciniphila	5.5750177395
PWY-7221: guanosine ribonucleotides de novo biosynthesis|g__Bacteroides.s__Bacteroides_dorei	3.6226952748
PWY-7221: guanosine ribonucleotides de novo biosynthesis|g__Coprococcus.s__Coprococcus_comes	1.0338851560
PWY-7221: guanosine ribonucleotides de novo biosynthesis|g__Streptococcus.s__Streptococcus_thermophilus	0.8810754273
PWY-5686: UMP biosynthesis	96.8394090917
PWY-5686: UMP biosynthesis|g__Faecalibacterium.s__Faecalibacterium_prausnitzii	25.9804215101
PWY-5686: UMP biosynthesis|g__Alistipes.s__Alistipes_putredinis	19.0047651145
PWY-5686: UMP biosynthesis|g__Alistipes.s__Alistipes_onderdonkii	10.5388624881
PWY-5686: UMP biosynthesis|g__Bacteroides.s__Bacteroides_stercoris	5.3904739233
PWY-5686: UMP biosynthesis|g__Bifidobacterium.s__Bifidobacterium_longum	2.3606821196
PWY-5686: UMP biosynthesis|g__Ruminococcus.s__Ruminococcus_bromii	2.2190372872
ILEUSYN-PWY: L-isoleucine biosynthesis I (from threonine)	89.8586361667
ILEUSYN-PWY: L-isoleucine biosynthesis I (from threonine)|g__Faecalibacterium.s__Faecalibacterium_prausnitzii	37.6466280162
ILEUSYN-PWY: L-isoleucine biosynthesis I (from threonine)|g__Bifidobacterium.s__Bifidobacterium_longum	7.8509814825
ILEUSYN-PWY: L-isoleucine biosynthesis I (from threonine)|g__Akkermansia.s__Akkermansia_muciniphila	3.8740321127
PWY-7111: pyruvate fermentation to isobutanol (engineered)	89.8586361667
PWY-7111: pyruvate fermentation to isobutanol (engineered)|g__Faecalibacterium.s__Faecalibacterium_prausnitzii	35.7564704694
PWY-7111: pyruvate fermentation to isobutanol (engineered)|g__Bacteroides.s__Bacteroides_stercoris	8.5596172722
PWY-7111: pyruvate fermentation to isobutanol (engineered)|g__Bifidobacterium.s__Bifidobacterium_longum	7.2622123590
PWY-7111: pyruvate fermentation to isobutanol (engineered)|g__Akkermansia.s__Akkermansia_muciniphila	3.8740321127
PWY-7111: pyruvate fermentation to isobutanol (engineered)|g__Ruminococcus.s__Ruminococcus_bromii	3.1033896002
PWY-7111: pyruvate fermentation to isobutanol (engineered)|g__Parabacteroides.s__Parabacteroides_distasonis	1.2419455250
PWY-7111: pyruvate fermentation to isobutanol (engineered)|g__Coprococcus.s__Coprococcus_comes	1.2347702533
PWY-7111: pyruvate fermentation to isobutanol (engineered)|g__Ruminococcus.s__Ruminococcus_lactaris	0.9452718454
PWY-7111: pyruvate fermentation to isobutanol (engineered)|g__Parabacteroides.s__Parabacteroides_merdae	0.7823195775
PWY-7111: pyruvate fermentation to isobutanol (engineered)|g__Bacteroides.s__Bacteroides_vulgatus	0.7360984174
PWY-7111: pyruvate fermentation to isobutanol (engineered)|g__Eubacterium.s__Eubacterium_eligens	0.7020007020
VALSYN-PWY: L-valine biosynthesis	89.8586361667
VALSYN-PWY: L-valine biosynthesis|g__Faecalibacterium.s__Faecalibacterium_prausnitzii	37.6466280162
VALSYN-PWY: L-valine biosynthesis|g__Bacteroides.s__Bacteroides_stercoris	8.5596172722
VALSYN-PWY: L-valine biosynthesis|g__Bifidobacterium.s__Bifidobacterium_longum	7.8509814825
VALSYN-PWY: L-valine biosynthesis|g__Akkermansia.s__Akkermansia_muciniphila	3.8740321127
VALSYN-PWY: L-valine biosynthesis|g__Ruminococcus.s__Ruminococcus_bromii	3.1033896002
VALSYN-PWY: L-valine biosynthesis|g__Parabacteroides.s__Parabacteroides_distasonis	1.2419455250
VALSYN-PWY: L-valine biosynthesis|g__Coprococcus.s__Coprococcus_comes	0.8163692073
VALSYN-PWY: L-valine biosynthesis|g__Parabacteroides.s__Parabacteroides_merdae	0.7823195775
VALSYN-PWY: L-valine biosynthesis|g__Bacteroides.s__Bacteroides_vulgatus	0.7360984174
VALSYN-PWY: L-valine biosynthesis|g__Eubacterium.s__Eubacterium_eligens	0.7020007020
PWY-1042: glycolysis IV (plant cytosol)	88.2676825768
PWY-1042: glycolysis IV (plant cytosol)|g__Faecalibacterium.s__Faecalibacterium_prausnitzii	35.2116372967
PWY-1042: glycolysis IV (plant cytosol)|g__Akkermansia.s__Akkermansia_muciniphila	6.8634294995
PWY-1042: glycolysis IV (plant cytosol)|g__Ruminococcus.s__Ruminococcus_bromii	4.8386181867
PWY-6385: peptidoglycan biosynthesis III (mycobacteria)	87.5452502620
PWY-6385: peptidoglycan biosynthesis III (mycobacteria)|g__Faecalibacterium.s__Faecalibacterium_prausnitzii	23.4865379703
NONMEVIPP-PWY: methylerythritol phosphate pathway I	86.7043878226
NONMEVIPP-PWY: methylerythritol phosphate pathway I|g__Alistipes.s__Alistipes_putredinis	20.9293290251
NONMEVIPP-PWY: methylerythritol phosphate pathway I|g__Bacteroides.s__Bacteroides_vulgatus	1.4354004938
COA-PWY-1: coenzyme A biosynthesis II (mammalian)	85.2157649850
COA-PWY-1: coenzyme A biosynthesis II (mammalian)|g__Faecalibacterium.s__Faecalibacterium_prausnitzii	15.4034465094
COA-PWY-1: coenzyme A biosynthesis II (mammalian)|g__Alistipes.s__Alistipes_putredinis	13.9791125053
COA-PWY-1: coenzyme A biosynthesis II (mammalian)|g__Bifidobacterium.s__Bifidobacterium_longum	6.1021088265
COA-PWY-1: coenzyme A biosynthesis II (mammalian)|g__Akkermansia.s__Akkermansia_muciniphila	4.9178436511
BRANCHED-CHAIN-AA-SYN-PWY: superpathway of branched amino acid biosynthesis	83.3129083390
BRANCHED-CHAIN-AA-SYN-PWY: superpathway of branched amino acid biosynthesis|g__Faecalibacterium.s__Faecalibacterium_prausnitzii	33.9394311954
BRANCHED-CHAIN-AA-SYN-PWY: superpathway of branched amino acid biosynthesis|g__Bifidobacterium.s__Bifidobacterium_longum	7.4446933106
BRANCHED-CHAIN-AA-SYN-PWY: superpathway of branched amino acid biosynthesis|g__Akkermansia.s__Akkermansia_muciniphila	3.5827215713
NONOXIPENT-PWY: pentose phosphate pathway (non-oxidative branch)	82.8813731739
NONOXIPENT-PWY: pentose phosphate pathway (non-oxidative branch)|g__Faecalibacterium.s__Faecalibacterium_prausnitzii	40.7421147041
NONOXIPENT-PWY: pentose phosphate pathway (non-oxidative branch)|g__Ruminococcus.s__Ruminococcus_bromii	5.1267490006
PWY-6737: starch degradation V	82.7182438429
PWY-6737: starch degradation V|g__Faecalibacterium.s__Faecalibacterium_prausnitzii	37.2898272548
PWY-6737: starch degradation V|g__Coriobacteriaceae_noname.s__Coriobacteriaceae_bacterium_phI	2.2922382068
PWY-6737: starch degradation V|g__Akkermansia.s__Akkermansia_muciniphila	2.2315833049
PWY-6737: starch degradation V|g__Roseburia.s__Roseburia_inulinivorans	1.3848747954
PWY-6737: starch degradation V|g__Alistipes.s__Alistipes_finegoldii	1.2374155922
PWY-6737: starch degradation V|g__Ruminococcus.s__Ruminococcus_lactaris	1.0891268833
PWY-6737: starch degradation V|g__Blautia.s__Ruminococcus_obeum	0.9049773756
PWY-5103: L-isoleucine biosynthesis III	80.8940981920
PWY-5103: L-isoleucine biosynthesis III|g__Faecalibacterium.s__Faecalibacterium_prausnitzii	28.5281801409
PWY-5103: L-isoleucine biosynthesis III|g__Bifidobacterium.s__Bifidobacterium_longum	7.3243214706
PWY-5103: L-isoleucine biosynthesis III|g__Akkermansia.s__Akkermansia_muciniphila	3.3417335763
PWY-5097: L-lysine biosynthesis VI	80.3058253669
PWY-5097: L-lysine biosynthesis VI|g__Faecalibacterium.s__Faecalibacterium_prausnitzii	16.6505350622
PWY-5097: L-lysine biosynthesis VI|g__Bacteroides.s__Bacteroides_stercoris	9.0097863254
PWY-5097: L-lysine biosynthesis VI|g__Bacteroides.s__Bacteroides_uniformis	4.4501362122
PWY-5097: L-lysine biosynthesis VI|g__Parabacteroides.s__Parabacteroides_distasonis	1.5738044115
PWY-6121: 5-aminoimidazole ribonucleotide biosynthesis I	79.9726596457
PWY-6121: 5-aminoimidazole ribonucleotide biosynthesis I|g__Faecalibacterium.s__Faecalibacterium_prausnitzii	15.6659420004
PWY-6121: 5-aminoimidazole ribonucleotide biosynthesis I|g__Alistipes.s__Alistipes_putredinis	10.6921840281
PWY-6121: 5-aminoimidazole ribonucleotide biosynthesis I|g__Alistipes.s__Alistipes_onderdonkii	6.8232678706
PWY-6121: 5-aminoimidazole ribonucleotide biosynthesis I|g__Akkermansia.s__Akkermansia_muciniphila	4.4979490605
PWY-6121: 5-aminoimidazole ribonucleotide biosynthesis I|g__Bifidobacterium.s__Bifidobacterium_longum	4.1489589685
PWY-6121: 5-aminoimidazole ribonucleotide biosynthesis I|g__Sutterella.s__Sutterella_wadsworthensis	1.9422593189
PWY-6122: 5-aminoimidazole ribonucleotide biosynthesis II	77.3526729845
PWY-6122: 5-aminoimidazole ribonucleotide biosynthesis II|g__Faecalibacterium.s__Faecalibacterium_prausnitzii	15.6950221644
PWY-6122: 5-aminoimidazole ribonucleotide biosynthesis II|g__Alistipes.s__Alistipes_putredinis	9.3002798502
PWY-6122: 5-aminoimidazole ribonucleotide biosynthesis II|g__Bifidobacterium.s__Bifidobacterium_longum	6.9799475244
PWY-6122: 5-aminoimidazole ribonucleotide biosynthesis II|g__Alistipes.s__Alistipes_onderdonkii	6.5601191436
PWY-6122: 5-aminoimidazole ribonucleotide biosynthesis II|g__Akkermansia.s__Akkermansia_muciniphila	4.0604692455
PWY-6122: 5-aminoimidazole ribonucleotide biosynthesis II|g__Sutterella.s__Sutterella_wadsworthensis	2.1747302781
PWY-6122: 5-aminoimidazole ribonucleotide biosynthesis II|g__Streptococcus.s__Streptococcus_thermophilus	1.3701988080
PWY-6122: 5-aminoimidazole ribonucleotide biosynthesis II|g__Alistipes.s__Alistipes_finegoldii	1.2517777131
PWY-6277: superpathway of 5-aminoimidazole ribonucleotide biosynthesis	77.3526729845
PWY-6277: superpathway of 5-aminoimidazole ribonucleotide biosynthesis|g__Faecalibacterium.s__Faecalibacterium_prausnitzii	15.6950221644
PWY-6277: superpathway of 5-aminoimidazole ribonucleotide biosynthesis|g__Alistipes.s__Alistipes_putredinis	9.3002798502
PWY-6277: superpathway of 5-aminoimidazole ribonucleotide biosynthesis|g__Bifidobacterium.s__Bifidobacterium_longum	6.9799475244
PWY-6277: superpathway of 5-aminoimidazole ribonucleotide biosynthesis|g__Alistipes.s__Alistipes_onderdonkii	6.5601191436
PWY-6277: superpathway of 5-aminoimidazole ribonucleotide biosynthesis|g__Akkermansia.s__Akkermansia_muciniphila	4.0604692455
PWY-6277: superpathway of 5-aminoimidazole ribonucleotide biosynthesis|g__Sutterella.s__Sutterella_wadsworthensis	2.1747302781
PWY-6277: superpathway of 5-aminoimidazole ribonucleotide biosynthesis|g__Streptococcus.s__Streptococcus_thermophilus	1.3701988080
PWY-6277: superpathway of 5-aminoimidazole ribonucleotide biosynthesis|g__Alistipes.s__Alistipes_finegoldii	1.2517777131
PWY-2942: L-lysine biosynthesis III	75.3775981249
PWY-2942: L-lysine biosynthesis III|g__Faecalibacterium.s__Faecalibacterium_prausnitzii	14.8379322239
PWY-2942: L-lysine biosynthesis III|g__Bacteroides.s__Bacteroides_stercoris	7.9865143601
PWY-2942: L-lysine biosynthesis III|g__Akkermansia.s__Akkermansia_muciniphila	4.7685177402
PWY-2942: L-lysine biosynthesis III|g__Bacteroides.s__Bacteroides_uniformis	4.3423624126
PWY-2942: L-lysine biosynthesis III|g__Bacteroides.s__Bacteroides_dorei	1.6938904258
PWY-2942: L-lysine biosynthesis III|g__Parabacteroides.s__Parabacteroides_distasonis	1.6493390759
PWY-2942: L-lysine biosynthesis III|g__Bacteroides.s__Bacteroides_ovatus	1.1988619642
ANAGLYCOLYSIS-PWY: glycolysis III (from glucose)	74.5732082433
PWY-3841: folate transformations II	74.5375972372
PWY-3841: folate transformations II|g__Bacteroides.s__Bacteroides_stercoris	6.8514283490
PWY-3841: folate transformations II|g__Akkermansia.s__Akkermansia_muciniphila	5.6458092660
PWY-3841: folate transformations II|g__Bacteroides.s__Bacteroides_uniformis	3.5530132617
PWY-3841: folate transformations II|g__Bacteroides.s__Bacteroides_dorei	3.1713419556
PWY-3841: folate transformations II|g__Parabacteroides.s__Parabacteroides_distasonis	1.7969245325
ARO-PWY: chorismate biosynthesis I	73.0088614509
PANTO-PWY: phosphopantothenate biosynthesis I	70.0567115289
PANTO-PWY: phosphopantothenate biosynthesis I|g__Alistipes.s__Alistipes_putredinis	13.6072760748
PANTO-PWY: phosphopantothenate biosynthesis I|g__Bacteroides.s__Bacteroides_stercoris	7.2331721094
PANTO-PWY: phosphopantothenate biosynthesis I|g__Bacteroides.s__Bacteroides_uniformis	6.6195830182
PANTO-PWY: phosphopantothenate biosynthesis I|g__Akkermansia.s__Akkermansia_muciniphila	3.8593875161
PANTO-PWY: phosphopantothenate biosynthesis I|g__Bacteroides.s__Bacteroides_vulgatus	2.5127938336
PANTO-PWY: phosphopantothenate biosynthesis I|g__Bacteroides.s__Bacteroides_dorei	2.3630055324
PANTO-PWY: phosphopantothenate biosynthesis I|g__Bacteroides.s__Bacteroides_ovatus	1.2751036022
PANTO-PWY: phosphopantothenate biosynthesis I|g__Parabacteroides.s__Parabacteroides_distasonis	1.2658227848
PWY-5667: CDP-diacylglycerol biosynthesis I	69.8177660431
PWY-5667: CDP-diacylglycerol biosynthesis I|g__Faecalibacterium.s__Faecalibacterium_prausnitzii	22.4548324692
PWY-5667: CDP-diacylglycerol biosynthesis I|g__Bacteroides.s__Bacteroides_stercoris	5.4544644244
PWY-5667: CDP-diacylglycerol biosynthesis I|g__Ruminococcus.s__Ruminococcus_bromii	2.4822209999
PWY-5667: CDP-diacylglycerol biosynthesis I|g__Bacteroides.s__Bacteroides_ovatus	2.0565185349
PWY0-1319: CDP-diacylglycerol biosynthesis II	69.8177660431
PWY0-1319: CDP-diacylglycerol biosynthesis II|g__Faecalibacterium.s__Faecalibacterium_prausnitzii	22.4548324692
PWY0-1319: CDP-diacylglycerol biosynthesis II|g__Bacteroides.s__Bacteroides_stercoris	5.4544644244
PWY0-1319: CDP-diacylglycerol biosynthesis II|g__Ruminococcus.s__Ruminococcus_bromii	2.4822209999
PWY0-1319: CDP-diacylglycerol biosynthesis II|g__Bacteroides.s__Bacteroides_ovatus	2.0565185349
COMPLETE-ARO-PWY: superpathway of aromatic amino acid biosynthesis	68.8085628515
PWY-6123: inosine-5'-phosphate biosynthesis I	64.3637610635
PWY-6123: inosine-5'-phosphate biosynthesis I|g__Faecalibacterium.s__Faecalibacterium_prausnitzii	20.0380125800
PWY-6123: inosine-5'-phosphate biosynthesis I|g__Bifidobacterium.s__Bifidobacterium_longum	7.0941402699
PWY-6163: chorismate biosynthesis from 3-dehydroquinate	63.6567662096
PWY-6163: chorismate biosynthesis from 3-dehydroquinate|g__Roseburia.s__Roseburia_inulinivorans	1.4764570824
PWY-724: superpathway of L-lysine, L-threonine and L-methionine biosynthesis II	62.5590860969
PWY-724: superpathway of L-lysine, L-threonine and L-methionine biosynthesis II|g__Faecalibacterium.s__Faecalibacterium_prausnitzii	16.6417886509
CALVIN-PWY: Calvin-Benson-Bassham cycle	62.2853772345
CALVIN-PWY: Calvin-Benson-Bassham cycle|g__Faecalibacterium.s__Faecalibacterium_prausnitzii	16.3768140576
CALVIN-PWY: Calvin-Benson-Bassham cycle|g__Ruminococcus.s__Ruminococcus_bromii	7.9366880875
1CMET2-PWY: N10-formyl-tetrahydrofolate biosynthesis	61.3322235932
1CMET2-PWY: N10-formyl-tetrahydrofolate biosynthesis|g__Bacteroides.s__Bacteroides_stercoris	6.7611892075
1CMET2-PWY: N10-formyl-tetrahydrofolate biosynthesis|g__Akkermansia.s__Akkermansia_muciniphila	4.0345934199
PWY-6124: inosine-5'-phosphate biosynthesis II	61.0210224933
PWY-6124: inosine-5'-phosphate biosynthesis II|g__Faecalibacterium.s__Faecalibacterium_prausnitzii	28.3929288976
PWY-3001: superpathway of L-isoleucine biosynthesis I	58.6897128661
PWY-3001: superpathway of L-isoleucine biosynthesis I|g__Faecalibacterium.s__Faecalibacterium_prausnitzii	27.0279185307
PWY-5695: urate biosynthesis/inosine 5'-phosphate degradation	58.6706566019
PWY-5695: urate biosynthesis/inosine 5'-phosphate degradation|g__Faecalibacterium.s__Faecalibacterium_prausnitzii	18.8430260536
PWY-5695: urate biosynthesis/inosine 5'-phosphate degradation|g__Bacteroides.s__Bacteroides_stercoris	7.8850711316
PWY-5695: urate biosynthesis/inosine 5'-phosphate degradation|g__Bacteroides.s__Bacteroides_vulgatus	2.1975097001
PWY-5695: urate biosynthesis/inosine 5'-phosphate degradation|g__Alistipes.s__Alistipes_shahii	2.0183599314
PWY-6897: thiamin salvage II	57.5287485070
PWY-6151: S-adenosyl-L-methionine cycle I	56.6102770450
PWY-6151: S-adenosyl-L-methionine cycle I|g__Faecalibacterium.s__Faecalibacterium_prausnitzii	25.4024020176
PWY-6151: S-adenosyl-L-methionine cycle I|g__Ruminococcus.s__Ruminococcus_bromii	5.4625028276
PWY-6151: S-adenosyl-L-methionine cycle I|g__Bifidobacterium.s__Bifidobacterium_longum	5.2928746845
PWY-6151: S-adenosyl-L-methionine cycle I|g__Bacteroides.s__Bacteroides_stercoris	4.0769231544
PWY-6151: S-adenosyl-L-methionine cycle I|g__Bacteroides.s__Bacteroides_vulgatus	3.1104502265
DAPLYSINESYN-PWY: L-lysine biosynthesis I	52.9076132261
PWY-7357: thiamin formation from pyrithiamine and oxythiamine (yeast)	51.8942751679
PWY-7357: thiamin formation from pyrithiamine and oxythiamine (yeast)|g__Faecalibacterium.s__Faecalibacterium_prausnitzii	28.8675299435
PWY-7357: thiamin formation from pyrithiamine and oxythiamine (yeast)|g__Ruminococcus.s__Ruminococcus_bromii	1.9199799415
DTDPRHAMSYN-PWY: dTDP-L-rhamnose biosynthesis I	48.8825480259
DTDPRHAMSYN-PWY: dTDP-L-rhamnose biosynthesis I|g__Faecalibacterium.s__Faecalibacterium_prausnitzii	23.3166716261
DTDPRHAMSYN-PWY: dTDP-L-rhamnose biosynthesis I|g__Alistipes.s__Alistipes_shahii	2.8488079996
DTDPRHAMSYN-PWY: dTDP-L-rhamnose biosynthesis I|g__Bacteroides.s__Bacteroides_ovatus	1.5551270252
THRESYN-PWY: superpathway of L-threonine biosynthesis	48.6246144103
THRESYN-PWY: superpathway of L-threonine biosynthesis|g__Faecalibacterium.s__Faecalibacterium_prausnitzii	24.8807829650
PWY0-1586: peptidoglycan maturation (meso-diaminopimelate containing)	47.8293398683
PWY0-1586: peptidoglycan maturation (meso-diaminopimelate containing)|g__Faecalibacterium.s__Faecalibacterium_prausnitzii	17.9430923274
PWY0-1586: peptidoglycan maturation (meso-diaminopimelate containing)|g__Akkermansia.s__Akkermansia_muciniphila	11.2169748111
SER-GLYSYN-PWY: superpathway of L-serine and glycine biosynthesis I	47.3042313383
SER-GLYSYN-PWY: superpathway of L-serine and glycine biosynthesis I|g__Faecalibacterium.s__Faecalibacterium_prausnitzii	20.0493985964
SER-GLYSYN-PWY: superpathway of L-serine and glycine biosynthesis I|g__Ruminococcus.s__Ruminococcus_bromii	2.7231995293
PWY-5973: cis-vaccenate biosynthesis	45.6574070369
PWY-7234: inosine-5'-phosphate biosynthesis III	43.9014400893
PWY-6703: preQ0 biosynthesis	43.8583765754
PWY-6703: preQ0 biosynthesis|g__Bacteroides.s__Bacteroides_stercoris	14.0715657953
PWY-6703: preQ0 biosynthesis|g__Akkermansia.s__Akkermansia_muciniphila	2.6362154037
PWY0-1296: purine ribonucleosides degradation	42.4027335602
PWY0-1296: purine ribonucleosides degradation|g__Faecalibacterium.s__Faecalibacterium_prausnitzii	24.8347434063
PWY0-1296: purine ribonucleosides degradation|g__Dorea.s__Dorea_longicatena	1.1150047786
PANTOSYN-PWY: pantothenate and coenzyme A biosynthesis I	42.0532185010
PANTOSYN-PWY: pantothenate and coenzyme A biosynthesis I|g__Akkermansia.s__Akkermansia_muciniphila	3.7683022204
PWY-7663: gondoate biosynthesis (anaerobic)	41.0477535122
PWY-7663: gondoate biosynthesis (anaerobic)|g__Bacteroides.s__Bacteroides_stercoris	4.6254763638
PWY-7229: superpathway of adenosine nucleotides de novo biosynthesis I	39.5573521333
THISYNARA-PWY: superpathway of thiamin diphosphate biosynthesis III (eukaryotes)	39.0638631726
THISYNARA-PWY: superpathway of thiamin diphosphate biosynthesis III (eukaryotes)|g__Faecalibacterium.s__Faecalibacterium_prausnitzii	26.7198861237
PWY-6168: flavin biosynthesis III (fungi)	37.7338686367
PWY-841: superpathway of purine nucleotides de novo biosynthesis I	36.8219715224
PWY-6317: galactose degradation I (Leloir pathway)	35.8140140310
PWY-6317: galactose degradation I (Leloir pathway)|g__Faecalibacterium.s__Faecalibacterium_prausnitzii	21.9520776285
PWY66-422: D-galactose degradation V (Leloir pathway)	35.8140140310
PWY66-422: D-galactose degradation V (Leloir pathway)|g__Faecalibacterium.s__Faecalibacterium_prausnitzii	21.9520776285
GLCMANNANAUT-PWY: superpathway of N-acetylglucosamine, N-acetylmannosamine and N-acetylneuraminate degradation	35.2694551091
GLCMANNANAUT-PWY: superpathway of N-acetylglucosamine, N-acetylmannosamine and N-acetylneuraminate degradation|g__Faecalibacterium.s__Faecalibacterium_prausnitzii	21.5378278320
HSERMETANA-PWY: L-methionine biosynthesis III	35.1909464078
PWY-5101: L-isoleucine biosynthesis II	34.4151891180
GALACTUROCAT-PWY: D-galacturonate degradation I	34.3458853512
GALACTUROCAT-PWY: D-galacturonate degradation I|g__Faecalibacterium.s__Faecalibacterium_prausnitzii	25.5601319537
PWY-6609: adenine and adenosine salvage III	33.5454150404
PWY-6609: adenine and adenosine salvage III|g__Faecalibacterium.s__Faecalibacterium_prausnitzii	14.9026953767
PWY-7242: D-fructuronate degradation	32.6630149705
PWY-7242: D-fructuronate degradation|g__Faecalibacterium.s__Faecalibacterium_prausnitzii	27.5137513608
PWY0-162: superpathway of pyrimidine ribonucleotides de novo biosynthesis	32.3907833512
PWY-6507: 4-deoxy-L-threo-hex-4-enopyranuronate degradation	32.2555026312
PWY-6507: 4-deoxy-L-threo-hex-4-enopyranuronate degradation|g__Faecalibacterium.s__Faecalibacterium_prausnitzii	29.5831407375
PWY-6126: superpathway of adenosine nucleotides de novo biosynthesis II	30.9741164308
PWY-621: sucrose degradation III (sucrose invertase)	30.7593221994
PWY-621: sucrose degradation III (sucrose invertase)|g__Faecalibacterium.s__Faecalibacterium_prausnitzii	25.2360473468
COA-PWY: coenzyme A biosynthesis I	30.5443366096
COA-PWY: coenzyme A biosynthesis I|g__Faecalibacterium.s__Faecalibacterium_prausnitzii	12.5292862026
COA-PWY: coenzyme A biosynthesis I|g__Akkermansia.s__Akkermansia_muciniphila	4.1206750351
ASPASN-PWY: superpathway of L-aspartate and L-asparagine biosynthesis	30.3187868266
ASPASN-PWY: superpathway of L-aspartate and L-asparagine biosynthesis|g__Faecalibacterium.s__Faecalibacterium_prausnitzii	22.7041461388
PWY-7199: pyrimidine deoxyribonucleosides salvage	30.1371510818
ARGININE-SYN4-PWY: L-ornithine de novo  biosynthesis	29.7584642578
ARGININE-SYN4-PWY: L-ornithine de novo  biosynthesis|g__Bacteroides.s__Bacteroides_stercoris	8.5157026552
ARGININE-SYN4-PWY: L-ornithine de novo  biosynthesis|g__Bacteroides.s__Bacteroides_uniformis	2.5296467352
ARGININE-SYN4-PWY: L-ornithine de novo  biosynthesis|g__Bacteroides.s__Bacteroides_ovatus	1.3322825070
ARGININE-SYN4-PWY: L-ornithine de novo  biosynthesis|g__Bacteroides.s__Bacteroides_intestinalis	1.1362151228
HISTSYN-PWY: L-histidine biosynthesis	28.1910148137
PWY-6527: stachyose degradation	27.9186378726
PWY-6527: stachyose degradation|g__Faecalibacterium.s__Faecalibacterium_prausnitzii	4.7127994813
PWY-7228: superpathway of guanosine nucleotides de novo biosynthesis I	27.6886270528
PWY-7228: superpathway of guanosine nucleotides de novo biosynthesis I|g__Akkermansia.s__Akkermansia_muciniphila	3.3077536376
PWY-7228: superpathway of guanosine nucleotides de novo biosynthesis I|g__Bacteroides.s__Bacteroides_dorei	2.9345721498
PWY-6700: queuosine biosynthesis	27.6779764734
PWY-6700: queuosine biosynthesis|g__Bacteroides.s__Bacteroides_stercoris	3.9220618169
PWY-6700: queuosine biosynthesis|g__Bacteroides.s__Bacteroides_dorei	3.3358973147
PWY-6700: queuosine biosynthesis|g__Akkermansia.s__Akkermansia_muciniphila	2.9208207155
GALACT-GLUCUROCAT-PWY: superpathway of hexuronide and hexuronate degradation	27.3900359525
GALACT-GLUCUROCAT-PWY: superpathway of hexuronide and hexuronate degradation|g__Faecalibacterium.s__Faecalibacterium_prausnitzii	20.3671683549
PWY0-166: superpathway of pyrimidine deoxyribonucleotides de novo biosynthesis (E. coli)	27.0373203128
PWY-4242: pantothenate and coenzyme A biosynthesis III	26.5780199352
PWY-4242: pantothenate and coenzyme A biosynthesis III|g__Faecalibacterium.s__Faecalibacterium_prausnitzii	11.0327301797
PWY-4242: pantothenate and coenzyme A biosynthesis III|g__Akkermansia.s__Akkermansia_muciniphila	2.9044356231
PWY-7400: L-arginine biosynthesis IV (archaebacteria)	26.2391186760
PWY-7400: L-arginine biosynthesis IV (archaebacteria)|g__Bifidobacterium.s__Bifidobacterium_longum	4.7356608080
PWY-7282: 4-amino-2-methyl-5-phosphomethylpyrimidine biosynthesis (yeast)	25.4171392417
PYRIDNUCSYN-PWY: NAD biosynthesis I (from aspartate)	25.3622737861
PYRIDNUCSYN-PWY: NAD biosynthesis I (from aspartate)|g__Alistipes.s__Alistipes_shahii	1.1653401804
GLUCUROCAT-PWY: superpathway of &beta;-D-glucuronide and D-glucuronate degradation	25.3587436490
GLUCUROCAT-PWY: superpathway of &beta;-D-glucuronide and D-glucuronate degradation|g__Faecalibacterium.s__Faecalibacterium_prausnitzii	20.1571217159
PWY-7383: anaerobic energy metabolism (invertebrates, cytosol)	24.6004224593
PWY-5100: pyruvate fermentation to acetate and lactate II	24.2247277339
PWY-6125: superpathway of guanosine nucleotides de novo biosynthesis II	24.0539817206
PWY-6125: superpathway of guanosine nucleotides de novo biosynthesis II|g__Bacteroides.s__Bacteroides_dorei	2.7545805385
ARGSYN-PWY: L-arginine biosynthesis I (via L-ornithine)	23.6376426189
ARGSYN-PWY: L-arginine biosynthesis I (via L-ornithine)|g__Bifidobacterium.s__Bifidobacterium_longum	4.6261451973
COBALSYN-PWY: adenosylcobalamin salvage from cobinamide I	21.6118236052
COBALSYN-PWY: adenosylcobalamin salvage from cobinamide I|g__Faecalibacterium.s__Faecalibacterium_prausnitzii	12.6552150082
PWY-7208: superpathway of pyrimidine nucleobases salvage	21.5962521392
PWY-7208: superpathway of pyrimidine nucleobases salvage|g__Akkermansia.s__Akkermansia_muciniphila	3.1559193073
PWY-7184: pyrimidine deoxyribonucleotides de novo biosynthesis I	21.0044770261
PWY-6545: pyrimidine deoxyribonucleotides de novo biosynthesis III	20.0375230739
RIBOSYN2-PWY: flavin biosynthesis I (bacteria and plants)	19.9963976936
TRNA-CHARGING-PWY: tRNA charging	19.5356417282
PWY-1269: CMP-3-deoxy-D-manno-octulosonate biosynthesis I	18.5659503615
PWY-1269: CMP-3-deoxy-D-manno-octulosonate biosynthesis I|g__Akkermansia.s__Akkermansia_muciniphila	2.3214639257
PWY-1269: CMP-3-deoxy-D-manno-octulosonate biosynthesis I|g__Bacteroides.s__Bacteroides_ovatus	1.7752137299
PWY-1269: CMP-3-deoxy-D-manno-octulosonate biosynthesis I|g__Alistipes.s__Alistipes_shahii	1.4655063445
OANTIGEN-PWY: O-antigen building blocks biosynthesis (E. coli)	18.5158019994
DENOVOPURINE2-PWY: superpathway of purine nucleotides de novo biosynthesis II	17.3717626118
PWY0-845: superpathway of pyridoxal 5'-phosphate biosynthesis and salvage	17.2232887978
PWY-5659: GDP-mannose biosynthesis	17.1514155662
PWY-5659: GDP-mannose biosynthesis|g__Alistipes.s__Alistipes_onderdonkii	6.4606973380
PWY-5659: GDP-mannose biosynthesis|g__Alistipes.s__Alistipes_shahii	0.8289912046
PWY-5347: superpathway of L-methionine biosynthesis (transsulfuration)	17.1433428284
ANAEROFRUCAT-PWY: homolactic fermentation	16.8832084897
PWY-7197: pyrimidine deoxyribonucleotide phosphorylation	16.6105344905
PWY-7197: pyrimidine deoxyribonucleotide phosphorylation|g__Akkermansia.s__Akkermansia_muciniphila	2.7397444248
METSYN-PWY: L-homoserine and L-methionine biosynthesis	16.1544995125
PWY-7220: adenosine deoxyribonucleotides de novo biosynthesis II	16.0308457771
PWY-7220: adenosine deoxyribonucleotides de novo biosynthesis II|g__Bacteroides.s__Bacteroides_dorei	2.2440794130
PWY-7222: guanosine deoxyribonucleotides de novo biosynthesis II	16.0308457771
PWY-7222: guanosine deoxyribonucleotides de novo biosynthesis II|g__Bacteroides.s__Bacteroides_dorei	2.2440794130
PWY-5177: glutaryl-CoA degradation	15.8288804657
PWY-5177: glutaryl-CoA degradation|g__Faecalibacterium.s__Faecalibacterium_prausnitzii	14.1001147604
TRPSYN-PWY: L-tryptophan biosynthesis	15.7496594296
PWY-5030: L-histidine degradation III	15.4057963570
PYRIDOXSYN-PWY: pyridoxal 5'-phosphate biosynthesis I	14.8610391788
PYRIDOXSYN-PWY: pyridoxal 5'-phosphate biosynthesis I|g__Bacteroides.s__Bacteroides_stercoris	3.0027504208
PWY-7211: superpathway of pyrimidine deoxyribonucleotides de novo biosynthesis	14.7398191004
PWY-6270: isoprene biosynthesis I	14.5443474308
MET-SAM-PWY: superpathway of S-adenosyl-L-methionine biosynthesis	14.1456326119
UDPNAGSYN-PWY: UDP-N-acetyl-D-glucosamine biosynthesis I	13.7646030567
UDPNAGSYN-PWY: UDP-N-acetyl-D-glucosamine biosynthesis I|g__Bifidobacterium.s__Bifidobacterium_longum	5.3917465765
PWY-5188: tetrapyrrole biosynthesis I (from glutamate)	13.0950977527
PWY-5188: tetrapyrrole biosynthesis I (from glutamate)|g__Akkermansia.s__Akkermansia_muciniphila	2.9865398959
PWY-5188: tetrapyrrole biosynthesis I (from glutamate)|g__Ruminococcus.s__Ruminococcus_bromii	1.8359746381
PWY-5188: tetrapyrrole biosynthesis I (from glutamate)|g__Sutterella.s__Sutterella_wadsworthensis	1.0449506950
PWY-7560: methylerythritol phosphate pathway II	13.0628153274
PYRIDNUCSAL-PWY: NAD salvage pathway I	12.5614891938
PWY-6305: putrescine biosynthesis IV	12.5334440982
PWY-6305: putrescine biosynthesis IV|g__Faecalibacterium.s__Faecalibacterium_prausnitzii	2.8533351861
PWY-7187: pyrimidine deoxyribonucleotides de novo biosynthesis II	11.2929747116
P4-PWY: superpathway of L-lysine, L-threonine and L-methionine biosynthesis I	11.2928736273
PWY-6936: seleno-amino acid biosynthesis	11.1768879685
ARGSYNBSUB-PWY: L-arginine biosynthesis II (acetyl cycle)	10.8466302379
ARGSYNBSUB-PWY: L-arginine biosynthesis II (acetyl cycle)|g__Bifidobacterium.s__Bifidobacterium_longum	3.7585865906
TCA: TCA cycle I (prokaryotic)	10.7981238471
PWY0-1261: anhydromuropeptides recycling	10.7754571642
RHAMCAT-PWY: L-rhamnose degradation I	10.6087053008
RHAMCAT-PWY: L-rhamnose degradation I|g__Faecalibacterium.s__Faecalibacterium_prausnitzii	4.8625005749
PWY-6969: TCA cycle V (2-oxoglutarate:ferredoxin oxidoreductase)	10.4087766062
PHOSLIPSYN-PWY: superpathway of phospholipid biosynthesis I (bacteria)	10.3560651031
PWY-5154: L-arginine biosynthesis III (via N-acetyl-L-citrulline)	10.1455369105
PWY0-781: aspartate superpathway	9.3174996876
PWY-7210: pyrimidine deoxyribonucleotides biosynthesis from CTP	9.3155066105
PWY-5121: superpathway of geranylgeranyl diphosphate biosynthesis II (via MEP)	9.3075377438
HOMOSER-METSYN-PWY: L-methionine biosynthesis I	8.9224672723
HOMOSER-METSYN-PWY: L-methionine biosynthesis I|g__Ruminococcus.s__Ruminococcus_bromii	2.6839439201
PWY-5690: TCA cycle II (plants and fungi)	8.0252845574
PWY66-409: superpathway of purine nucleotide salvage	8.0117505181
PWY-7198: pyrimidine deoxyribonucleotides de novo biosynthesis IV	7.9435740623
P108-PWY: pyruvate fermentation to propanoate I	7.6166374925
GLUCONEO-PWY: gluconeogenesis I	7.5625782137
PWY66-399: gluconeogenesis III	7.2964877020
GLYCOLYSIS: glycolysis I (from glucose 6-phosphate)	7.2818178584
PWY-5484: glycolysis II (from fructose 6-phosphate)	7.2369850094
PWY-7323: superpathway of GDP-mannose-derived O-antigen building blocks biosynthesis	7.2186153933
PWY-5345: superpathway of L-methionine biosynthesis (by sulfhydrylation)	6.5844742612
PWY4FS-8: phosphatidylglycerol biosynthesis II (non-plastidic)	6.5676173632
PWY4FS-7: phosphatidylglycerol biosynthesis I (plastidic)	6.5676173632
GLUTORN-PWY: L-ornithine biosynthesis	6.4852003979
GLUTORN-PWY: L-ornithine biosynthesis|g__Bifidobacterium.s__Bifidobacterium_longum	3.3646637008
PWY-2941: L-lysine biosynthesis II	6.1696989629
HEXITOLDEGSUPER-PWY: superpathway of hexitol degradation (bacteria)	5.5375600562
PWY66-400: glycolysis VI (metazoan)	5.2208065846
PWY-4702: phytate degradation I	4.5048181738
PWY-4702: phytate degradation I|g__Akkermansia.s__Akkermansia_muciniphila	4.5048181738
COLANSYN-PWY: colanic acid building blocks biosynthesis	4.4673834852
PWY-7456: mannan degradation	4.1862002968
PWY-4981: L-proline biosynthesis II (from arginine)	3.4149195143
NAGLIPASYN-PWY: lipid IVA biosynthesis	3.3834590630
SO4ASSIM-PWY: sulfate reduction I (assimilatory)	3.3643963130
PWY0-1297: superpathway of purine deoxyribonucleosides degradation	3.1240635876
GLYCOGENSYNTH-PWY: glycogen biosynthesis I (from ADP-D-Glucose)	2.9081248735
LACTOSECAT-PWY: lactose and galactose degradation I	2.7558334490
HEMESYN2-PWY: heme biosynthesis II (anaerobic)	2.7036474538
HEMESYN2-PWY: heme biosynthesis II (anaerobic)|g__Sutterella.s__Sutterella_wadsworthensis	2.2245312440
P441-PWY: superpathway of N-acetylneuraminate degradation	2.6065066180
PWY-7235: superpathway of ubiquinol-6 biosynthesis (eukaryotic)	2.3616949458
PWY-5871: ubiquinol-9 biosynthesis (eukaryotic)	1.7127720571
PWY-5873: ubiquinol-7 biosynthesis (eukaryotic)	1.7127720571