# Pathway	ERR748429_Abundance
UNMAPPED	162546.0013265064
UNINTEGRATED	76810.5953883422
UNINTEGRATED|g__Faecalibacterium.s__Faecalibacterium_prausnitzii	33298.5087012861
UNINTEGRATED|g__Bifidobacterium.s__Bifidobacterium_longum	8799.0139651540
UNINTEGRATED|g__Akkermansia.s__Akkermansia_muciniphila	5356.1232840706
UNINTEGRATED|g__Bacteroides.s__Bacteroides_uniformis	4963.1316141145
UNINTEGRATED|g__Alistipes.s__Alistipes_onderdonkii	4894.4487615310
UNINTEGRATED|g__Alistipes.s__Alistipes_putredinis	4326.2500968767
UNINTEGRATED|g__Bacteroides.s__Bacteroides_dorei	2090.1158373965
UNINTEGRATED|g__Sutterella.s__Sutterella_wadsworthensis	2002.9363513083
UNINTEGRATED|g__Roseburia.s__Roseburia_inulinivorans	1817.3109206688
UNINTEGRATED|g__Alistipes.s__Alistipes_finegoldii	1264.0957773945
UNINTEGRATED|g__Parabacteroides.s__Parabacteroides_distasonis	1254.5706849324
UNINTEGRATED|g__Alistipes.s__Alistipes_shahii	1247.8886546324
UNINTEGRATED|g__Roseburia.s__Roseburia_intestinalis	1155.9697791217
UNINTEGRATED|g__Ruminococcus.s__Ruminococcus_callidus	960.5253836239
UNINTEGRATED|g__Bacteroides.s__Bacteroides_stercoris	790.2948435489
UNINTEGRATED|g__Ruminococcus.s__Ruminococcus_bromii	729.6490976614
UNINTEGRATED|g__Coriobacteriaceae_noname.s__Coriobacteriaceae_bacterium_phI	585.5378656665
UNINTEGRATED|g__Pyramidobacter.s__Pyramidobacter_piscolens	488.9711399894
UNINTEGRATED|g__Clostridium.s__Clostridium_leptum	478.1437581792
UNINTEGRATED|g__Adlercreutzia.s__Adlercreutzia_equolifaciens	394.1121704054
UNINTEGRATED|g__Bifidobacterium.s__Bifidobacterium_animalis	195.1026562519
PWY-5686: UMP biosynthesis	136.0232695714
PWY-5686: UMP biosynthesis|g__Faecalibacterium.s__Faecalibacterium_prausnitzii	51.3378320708
PWY-5686: UMP biosynthesis|g__Alistipes.s__Alistipes_putredinis	22.7734318335
PWY-5686: UMP biosynthesis|g__Alistipes.s__Alistipes_onderdonkii	11.0076007640
PWY-5686: UMP biosynthesis|g__Akkermansia.s__Akkermansia_muciniphila	7.0169661135
PWY-5686: UMP biosynthesis|g__Bifidobacterium.s__Bifidobacterium_longum	5.2460725958
PWY-5686: UMP biosynthesis|g__Bacteroides.s__Bacteroides_uniformis	3.5899721271
PWY-6386: UDP-N-acetylmuramoyl-pentapeptide biosynthesis II (lysine-containing)	132.2604057407
PWY-6386: UDP-N-acetylmuramoyl-pentapeptide biosynthesis II (lysine-containing)|g__Faecalibacterium.s__Faecalibacterium_prausnitzii	35.4587417246
PWY-6386: UDP-N-acetylmuramoyl-pentapeptide biosynthesis II (lysine-containing)|g__Alistipes.s__Alistipes_putredinis	24.6664056015
PWY-6386: UDP-N-acetylmuramoyl-pentapeptide biosynthesis II (lysine-containing)|g__Alistipes.s__Alistipes_onderdonkii	11.8965600470
PWY-6386: UDP-N-acetylmuramoyl-pentapeptide biosynthesis II (lysine-containing)|g__Bacteroides.s__Bacteroides_uniformis	7.3750507967
PWY-6386: UDP-N-acetylmuramoyl-pentapeptide biosynthesis II (lysine-containing)|g__Sutterella.s__Sutterella_wadsworthensis	4.4675985837
PWY-6387: UDP-N-acetylmuramoyl-pentapeptide biosynthesis I (meso-diaminopimelate containing)	130.5684308475
PWY-6387: UDP-N-acetylmuramoyl-pentapeptide biosynthesis I (meso-diaminopimelate containing)|g__Faecalibacterium.s__Faecalibacterium_prausnitzii	43.3012163178
PWY-6387: UDP-N-acetylmuramoyl-pentapeptide biosynthesis I (meso-diaminopimelate containing)|g__Alistipes.s__Alistipes_putredinis	23.6659366208
PWY-6387: UDP-N-acetylmuramoyl-pentapeptide biosynthesis I (meso-diaminopimelate containing)|g__Alistipes.s__Alistipes_onderdonkii	11.6638347007
PWY-6387: UDP-N-acetylmuramoyl-pentapeptide biosynthesis I (meso-diaminopimelate containing)|g__Bacteroides.s__Bacteroides_uniformis	6.7145410112
PWY-6387: UDP-N-acetylmuramoyl-pentapeptide biosynthesis I (meso-diaminopimelate containing)|g__Sutterella.s__Sutterella_wadsworthensis	3.9472194577
PWY-7111: pyruvate fermentation to isobutanol (engineered)	127.1159589395
PWY-7111: pyruvate fermentation to isobutanol (engineered)|g__Faecalibacterium.s__Faecalibacterium_prausnitzii	88.4798526056
PWY-7111: pyruvate fermentation to isobutanol (engineered)|g__Akkermansia.s__Akkermansia_muciniphila	10.1902853673
PWY-7111: pyruvate fermentation to isobutanol (engineered)|g__Bifidobacterium.s__Bifidobacterium_longum	9.1585917263
PWY-7111: pyruvate fermentation to isobutanol (engineered)|g__Ruminococcus.s__Ruminococcus_bromii	4.4955232494
PWY-7111: pyruvate fermentation to isobutanol (engineered)|g__Parabacteroides.s__Parabacteroides_distasonis	0.8577628672
PWY-6737: starch degradation V	125.5623362715
PWY-6737: starch degradation V|g__Faecalibacterium.s__Faecalibacterium_prausnitzii	59.9420668512
PWY-6737: starch degradation V|g__Akkermansia.s__Akkermansia_muciniphila	9.1907935673
PWY-6737: starch degradation V|g__Roseburia.s__Roseburia_inulinivorans	3.5978883302
PWY-6737: starch degradation V|g__Coriobacteriaceae_noname.s__Coriobacteriaceae_bacterium_phI	1.5997153342
PWY-6737: starch degradation V|g__Alistipes.s__Alistipes_finegoldii	1.3556516103
PWY-6737: starch degradation V|g__Clostridium.s__Clostridium_leptum	1.1725663626
ILEUSYN-PWY: L-isoleucine biosynthesis I (from threonine)	119.1067105815
ILEUSYN-PWY: L-isoleucine biosynthesis I (from threonine)|g__Faecalibacterium.s__Faecalibacterium_prausnitzii	85.2911638177
ILEUSYN-PWY: L-isoleucine biosynthesis I (from threonine)|g__Akkermansia.s__Akkermansia_muciniphila	10.1902853673
ILEUSYN-PWY: L-isoleucine biosynthesis I (from threonine)|g__Bifidobacterium.s__Bifidobacterium_longum	9.2340579133
VALSYN-PWY: L-valine biosynthesis	119.1067105815
VALSYN-PWY: L-valine biosynthesis|g__Faecalibacterium.s__Faecalibacterium_prausnitzii	85.2911638177
VALSYN-PWY: L-valine biosynthesis|g__Akkermansia.s__Akkermansia_muciniphila	10.1902853673
VALSYN-PWY: L-valine biosynthesis|g__Bifidobacterium.s__Bifidobacterium_longum	9.2340579133
VALSYN-PWY: L-valine biosynthesis|g__Ruminococcus.s__Ruminococcus_bromii	4.4955232494
VALSYN-PWY: L-valine biosynthesis|g__Parabacteroides.s__Parabacteroides_distasonis	0.8577628672
PWY-7219: adenosine ribonucleotides de novo biosynthesis	116.1274751600
PWY-7219: adenosine ribonucleotides de novo biosynthesis|g__Faecalibacterium.s__Faecalibacterium_prausnitzii	52.3448135060
PWY-7219: adenosine ribonucleotides de novo biosynthesis|g__Akkermansia.s__Akkermansia_muciniphila	13.4532939468
PWY-7219: adenosine ribonucleotides de novo biosynthesis|g__Alistipes.s__Alistipes_putredinis	8.6567804803
PWY-7219: adenosine ribonucleotides de novo biosynthesis|g__Bifidobacterium.s__Bifidobacterium_longum	6.7265549168
PWY-7219: adenosine ribonucleotides de novo biosynthesis|g__Bacteroides.s__Bacteroides_uniformis	5.7659015743
PWY-7219: adenosine ribonucleotides de novo biosynthesis|g__Sutterella.s__Sutterella_wadsworthensis	5.4086926132
PWY-7219: adenosine ribonucleotides de novo biosynthesis|g__Alistipes.s__Alistipes_onderdonkii	5.3908009125
PWY-7219: adenosine ribonucleotides de novo biosynthesis|g__Adlercreutzia.s__Adlercreutzia_equolifaciens	2.6006473149
PWY-7219: adenosine ribonucleotides de novo biosynthesis|g__Alistipes.s__Alistipes_shahii	2.5446654606
PWY-7219: adenosine ribonucleotides de novo biosynthesis|g__Bacteroides.s__Bacteroides_dorei	2.4694294016
PWY-7219: adenosine ribonucleotides de novo biosynthesis|g__Ruminococcus.s__Ruminococcus_callidus	2.0184812499
PWY-7219: adenosine ribonucleotides de novo biosynthesis|g__Coriobacteriaceae_noname.s__Coriobacteriaceae_bacterium_phI	1.3725433055
PWY-7219: adenosine ribonucleotides de novo biosynthesis|g__Bacteroides.s__Bacteroides_stercoris	0.9944364601
BRANCHED-CHAIN-AA-SYN-PWY: superpathway of branched amino acid biosynthesis	115.0076379884
BRANCHED-CHAIN-AA-SYN-PWY: superpathway of branched amino acid biosynthesis|g__Faecalibacterium.s__Faecalibacterium_prausnitzii	70.5575924312
BRANCHED-CHAIN-AA-SYN-PWY: superpathway of branched amino acid biosynthesis|g__Akkermansia.s__Akkermansia_muciniphila	9.1707866629
BRANCHED-CHAIN-AA-SYN-PWY: superpathway of branched amino acid biosynthesis|g__Bifidobacterium.s__Bifidobacterium_longum	9.0596724588
PEPTIDOGLYCANSYN-PWY: peptidoglycan biosynthesis I (meso-diaminopimelate containing)	113.8429369643
PEPTIDOGLYCANSYN-PWY: peptidoglycan biosynthesis I (meso-diaminopimelate containing)|g__Faecalibacterium.s__Faecalibacterium_prausnitzii	36.7441501918
PEPTIDOGLYCANSYN-PWY: peptidoglycan biosynthesis I (meso-diaminopimelate containing)|g__Alistipes.s__Alistipes_putredinis	18.9215279864
PEPTIDOGLYCANSYN-PWY: peptidoglycan biosynthesis I (meso-diaminopimelate containing)|g__Alistipes.s__Alistipes_onderdonkii	8.5658911791
PEPTIDOGLYCANSYN-PWY: peptidoglycan biosynthesis I (meso-diaminopimelate containing)|g__Bacteroides.s__Bacteroides_uniformis	6.0498930989
PEPTIDOGLYCANSYN-PWY: peptidoglycan biosynthesis I (meso-diaminopimelate containing)|g__Sutterella.s__Sutterella_wadsworthensis	3.1417056743
PWY-5103: L-isoleucine biosynthesis III	113.0113046405
PWY-5103: L-isoleucine biosynthesis III|g__Faecalibacterium.s__Faecalibacterium_prausnitzii	63.4958576919
PWY-5103: L-isoleucine biosynthesis III|g__Bifidobacterium.s__Bifidobacterium_longum	9.0450478427
PWY-5103: L-isoleucine biosynthesis III|g__Akkermansia.s__Akkermansia_muciniphila	8.4622445289
COA-PWY-1: coenzyme A biosynthesis II (mammalian)	108.1310017144
COA-PWY-1: coenzyme A biosynthesis II (mammalian)|g__Faecalibacterium.s__Faecalibacterium_prausnitzii	29.3096112925
COA-PWY-1: coenzyme A biosynthesis II (mammalian)|g__Akkermansia.s__Akkermansia_muciniphila	19.1136332718
COA-PWY-1: coenzyme A biosynthesis II (mammalian)|g__Bacteroides.s__Bacteroides_uniformis	8.5003364853
COA-PWY-1: coenzyme A biosynthesis II (mammalian)|g__Alistipes.s__Alistipes_putredinis	7.6501626022
COA-PWY-1: coenzyme A biosynthesis II (mammalian)|g__Bifidobacterium.s__Bifidobacterium_longum	4.1279231988
COA-PWY-1: coenzyme A biosynthesis II (mammalian)|g__Sutterella.s__Sutterella_wadsworthensis	2.7856320170
COA-PWY-1: coenzyme A biosynthesis II (mammalian)|g__Roseburia.s__Roseburia_inulinivorans	2.1794018943
PWY-1042: glycolysis IV (plant cytosol)	105.0444711967
PWY-1042: glycolysis IV (plant cytosol)|g__Faecalibacterium.s__Faecalibacterium_prausnitzii	48.6614105654
PWY-1042: glycolysis IV (plant cytosol)|g__Akkermansia.s__Akkermansia_muciniphila	14.6176627333
PWY-1042: glycolysis IV (plant cytosol)|g__Alistipes.s__Alistipes_shahii	2.0581050885
PWY-6385: peptidoglycan biosynthesis III (mycobacteria)	104.5598675211
PWY-6385: peptidoglycan biosynthesis III (mycobacteria)|g__Faecalibacterium.s__Faecalibacterium_prausnitzii	36.9045462308
ARO-PWY: chorismate biosynthesis I	103.3447464447
ARO-PWY: chorismate biosynthesis I|g__Akkermansia.s__Akkermansia_muciniphila	7.7027620453
ARO-PWY: chorismate biosynthesis I|g__Roseburia.s__Roseburia_inulinivorans	1.5638257985
PWY-6151: S-adenosyl-L-methionine cycle I	102.9276533251
PWY-6151: S-adenosyl-L-methionine cycle I|g__Faecalibacterium.s__Faecalibacterium_prausnitzii	49.3709068156
PWY-6151: S-adenosyl-L-methionine cycle I|g__Bacteroides.s__Bacteroides_uniformis	17.7759557358
PWY-6151: S-adenosyl-L-methionine cycle I|g__Bifidobacterium.s__Bifidobacterium_longum	5.1354510713
PWY-6151: S-adenosyl-L-methionine cycle I|g__Ruminococcus.s__Ruminococcus_bromii	3.9279236976
PWY-6151: S-adenosyl-L-methionine cycle I|g__Bacteroides.s__Bacteroides_dorei	2.8715003589
PWY-6151: S-adenosyl-L-methionine cycle I|g__Roseburia.s__Roseburia_inulinivorans	1.9626378604
PWY-6151: S-adenosyl-L-methionine cycle I|g__Roseburia.s__Roseburia_intestinalis	1.7045917578
PWY-6121: 5-aminoimidazole ribonucleotide biosynthesis I	101.3693555166
PWY-6121: 5-aminoimidazole ribonucleotide biosynthesis I|g__Faecalibacterium.s__Faecalibacterium_prausnitzii	30.9265045181
PWY-6121: 5-aminoimidazole ribonucleotide biosynthesis I|g__Alistipes.s__Alistipes_onderdonkii	8.5784000004
PWY-6121: 5-aminoimidazole ribonucleotide biosynthesis I|g__Bifidobacterium.s__Bifidobacterium_longum	8.0293254292
PWY-6121: 5-aminoimidazole ribonucleotide biosynthesis I|g__Alistipes.s__Alistipes_putredinis	7.3456927523
PWY-6121: 5-aminoimidazole ribonucleotide biosynthesis I|g__Akkermansia.s__Akkermansia_muciniphila	6.0969671726
PWY-6121: 5-aminoimidazole ribonucleotide biosynthesis I|g__Sutterella.s__Sutterella_wadsworthensis	3.0298324872
PWY-6121: 5-aminoimidazole ribonucleotide biosynthesis I|g__Coriobacteriaceae_noname.s__Coriobacteriaceae_bacterium_phI	1.5636200491
PWY-6121: 5-aminoimidazole ribonucleotide biosynthesis I|g__Pyramidobacter.s__Pyramidobacter_piscolens	0.7305669199
COMPLETE-ARO-PWY: superpathway of aromatic amino acid biosynthesis	100.5088886839
COMPLETE-ARO-PWY: superpathway of aromatic amino acid biosynthesis|g__Akkermansia.s__Akkermansia_muciniphila	8.6388072063
PWY-6122: 5-aminoimidazole ribonucleotide biosynthesis II	98.6906422757
PWY-6122: 5-aminoimidazole ribonucleotide biosynthesis II|g__Faecalibacterium.s__Faecalibacterium_prausnitzii	28.3777564246
PWY-6122: 5-aminoimidazole ribonucleotide biosynthesis II|g__Bifidobacterium.s__Bifidobacterium_longum	9.0283620360
PWY-6122: 5-aminoimidazole ribonucleotide biosynthesis II|g__Alistipes.s__Alistipes_onderdonkii	7.6703279247
PWY-6122: 5-aminoimidazole ribonucleotide biosynthesis II|g__Alistipes.s__Alistipes_putredinis	6.2837411040
PWY-6122: 5-aminoimidazole ribonucleotide biosynthesis II|g__Akkermansia.s__Akkermansia_muciniphila	6.1920775853
PWY-6122: 5-aminoimidazole ribonucleotide biosynthesis II|g__Sutterella.s__Sutterella_wadsworthensis	3.7867012846
PWY-6122: 5-aminoimidazole ribonucleotide biosynthesis II|g__Coriobacteriaceae_noname.s__Coriobacteriaceae_bacterium_phI	1.3819443515
PWY-6122: 5-aminoimidazole ribonucleotide biosynthesis II|g__Pyramidobacter.s__Pyramidobacter_piscolens	0.6300204757
PWY-6277: superpathway of 5-aminoimidazole ribonucleotide biosynthesis	98.6906422757
PWY-6277: superpathway of 5-aminoimidazole ribonucleotide biosynthesis|g__Faecalibacterium.s__Faecalibacterium_prausnitzii	28.3777564246
PWY-6277: superpathway of 5-aminoimidazole ribonucleotide biosynthesis|g__Bifidobacterium.s__Bifidobacterium_longum	9.0283620360
PWY-6277: superpathway of 5-aminoimidazole ribonucleotide biosynthesis|g__Alistipes.s__Alistipes_onderdonkii	7.6703279247
PWY-6277: superpathway of 5-aminoimidazole ribonucleotide biosynthesis|g__Alistipes.s__Alistipes_putredinis	6.2837411040
PWY-6277: superpathway of 5-aminoimidazole ribonucleotide biosynthesis|g__Akkermansia.s__Akkermansia_muciniphila	6.1920775853
PWY-6277: superpathway of 5-aminoimidazole ribonucleotide biosynthesis|g__Sutterella.s__Sutterella_wadsworthensis	3.7867012846
PWY-6277: superpathway of 5-aminoimidazole ribonucleotide biosynthesis|g__Coriobacteriaceae_noname.s__Coriobacteriaceae_bacterium_phI	1.3819443515
PWY-6277: superpathway of 5-aminoimidazole ribonucleotide biosynthesis|g__Pyramidobacter.s__Pyramidobacter_piscolens	0.6300204757
NONOXIPENT-PWY: pentose phosphate pathway (non-oxidative branch)	97.2187071057
NONOXIPENT-PWY: pentose phosphate pathway (non-oxidative branch)|g__Faecalibacterium.s__Faecalibacterium_prausnitzii	64.4821765468
NONOXIPENT-PWY: pentose phosphate pathway (non-oxidative branch)|g__Alistipes.s__Alistipes_shahii	3.6605207295
NONOXIPENT-PWY: pentose phosphate pathway (non-oxidative branch)|g__Roseburia.s__Roseburia_intestinalis	1.3879250520
PWY-7221: guanosine ribonucleotides de novo biosynthesis	94.8114133389
PWY-7221: guanosine ribonucleotides de novo biosynthesis|g__Faecalibacterium.s__Faecalibacterium_prausnitzii	30.9008142179
PWY-7221: guanosine ribonucleotides de novo biosynthesis|g__Alistipes.s__Alistipes_putredinis	19.2061824407
PWY-7221: guanosine ribonucleotides de novo biosynthesis|g__Akkermansia.s__Akkermansia_muciniphila	5.7361138394
PWY-7221: guanosine ribonucleotides de novo biosynthesis|g__Alistipes.s__Alistipes_onderdonkii	5.6481648867
PWY-7221: guanosine ribonucleotides de novo biosynthesis|g__Bifidobacterium.s__Bifidobacterium_longum	4.9923973533
PWY-7221: guanosine ribonucleotides de novo biosynthesis|g__Sutterella.s__Sutterella_wadsworthensis	2.5393852777
ANAGLYCOLYSIS-PWY: glycolysis III (from glucose)	94.5488308716
ANAGLYCOLYSIS-PWY: glycolysis III (from glucose)|g__Alistipes.s__Alistipes_shahii	2.4100761181
PWY-6163: chorismate biosynthesis from 3-dehydroquinate	89.5982253337
PWY-6163: chorismate biosynthesis from 3-dehydroquinate|g__Akkermansia.s__Akkermansia_muciniphila	6.6641479983
PWY-6163: chorismate biosynthesis from 3-dehydroquinate|g__Roseburia.s__Roseburia_inulinivorans	1.6899303074
PWY-6124: inosine-5'-phosphate biosynthesis II	88.5737922928
PWY-6124: inosine-5'-phosphate biosynthesis II|g__Faecalibacterium.s__Faecalibacterium_prausnitzii	47.5554302736
PWY-6123: inosine-5'-phosphate biosynthesis I	85.8779295538
PWY-6123: inosine-5'-phosphate biosynthesis I|g__Faecalibacterium.s__Faecalibacterium_prausnitzii	46.4830060120
PWY-6123: inosine-5'-phosphate biosynthesis I|g__Bifidobacterium.s__Bifidobacterium_longum	4.8582792185
PWY-5097: L-lysine biosynthesis VI	81.0672129140
PWY-5097: L-lysine biosynthesis VI|g__Faecalibacterium.s__Faecalibacterium_prausnitzii	25.5289909785
PWY-5097: L-lysine biosynthesis VI|g__Akkermansia.s__Akkermansia_muciniphila	7.6912981668
PWY-5097: L-lysine biosynthesis VI|g__Bacteroides.s__Bacteroides_uniformis	7.6324321110
NONMEVIPP-PWY: methylerythritol phosphate pathway I	77.6795496392
NONMEVIPP-PWY: methylerythritol phosphate pathway I|g__Alistipes.s__Alistipes_putredinis	12.2155841481
PWY-3841: folate transformations II	76.8259109743
PWY-3841: folate transformations II|g__Akkermansia.s__Akkermansia_muciniphila	19.0960029909
PWY-3841: folate transformations II|g__Bacteroides.s__Bacteroides_uniformis	12.1048644504
PWY-2942: L-lysine biosynthesis III	75.0065194483
PWY-2942: L-lysine biosynthesis III|g__Faecalibacterium.s__Faecalibacterium_prausnitzii	9.8614806316
PWY-2942: L-lysine biosynthesis III|g__Akkermansia.s__Akkermansia_muciniphila	9.1510885992
PWY-2942: L-lysine biosynthesis III|g__Bacteroides.s__Bacteroides_uniformis	6.1853625294
PWY-2942: L-lysine biosynthesis III|g__Bacteroides.s__Bacteroides_dorei	2.1723727145
PWY-2942: L-lysine biosynthesis III|g__Adlercreutzia.s__Adlercreutzia_equolifaciens	1.8291292084
PWY-724: superpathway of L-lysine, L-threonine and L-methionine biosynthesis II	72.5861170491
PWY-724: superpathway of L-lysine, L-threonine and L-methionine biosynthesis II|g__Faecalibacterium.s__Faecalibacterium_prausnitzii	26.3288063841
SER-GLYSYN-PWY: superpathway of L-serine and glycine biosynthesis I	71.9586480513
SER-GLYSYN-PWY: superpathway of L-serine and glycine biosynthesis I|g__Faecalibacterium.s__Faecalibacterium_prausnitzii	32.4385229386
SER-GLYSYN-PWY: superpathway of L-serine and glycine biosynthesis I|g__Ruminococcus.s__Ruminococcus_bromii	2.5627855233
PWY-3001: superpathway of L-isoleucine biosynthesis I	71.1715505250
PWY-3001: superpathway of L-isoleucine biosynthesis I|g__Faecalibacterium.s__Faecalibacterium_prausnitzii	43.3126405886
PWY-7400: L-arginine biosynthesis IV (archaebacteria)	69.6636194933
PWY-7400: L-arginine biosynthesis IV (archaebacteria)|g__Bifidobacterium.s__Bifidobacterium_longum	8.3736167279
PWY-7357: thiamin formation from pyrithiamine and oxythiamine (yeast)	69.4394464012
PWY-7357: thiamin formation from pyrithiamine and oxythiamine (yeast)|g__Faecalibacterium.s__Faecalibacterium_prausnitzii	47.0921064801
PWY0-1586: peptidoglycan maturation (meso-diaminopimelate containing)	68.8715757530
PWY0-1586: peptidoglycan maturation (meso-diaminopimelate containing)|g__Faecalibacterium.s__Faecalibacterium_prausnitzii	33.6180081866
PWY0-1586: peptidoglycan maturation (meso-diaminopimelate containing)|g__Akkermansia.s__Akkermansia_muciniphila	28.2723711311
PWY-5695: urate biosynthesis/inosine 5'-phosphate degradation	66.4427831436
PWY-5695: urate biosynthesis/inosine 5'-phosphate degradation|g__Faecalibacterium.s__Faecalibacterium_prausnitzii	20.2736764650
PWY-5695: urate biosynthesis/inosine 5'-phosphate degradation|g__Alistipes.s__Alistipes_shahii	3.4603217328
PWY-5695: urate biosynthesis/inosine 5'-phosphate degradation|g__Bacteroides.s__Bacteroides_dorei	1.9834017597
PWY-5695: urate biosynthesis/inosine 5'-phosphate degradation|g__Roseburia.s__Roseburia_intestinalis	1.1116976512
ARGSYN-PWY: L-arginine biosynthesis I (via L-ornithine)	65.8893957977
ARGSYN-PWY: L-arginine biosynthesis I (via L-ornithine)|g__Bifidobacterium.s__Bifidobacterium_longum	8.3100035312
PWY-6897: thiamin salvage II	64.7008006952
CALVIN-PWY: Calvin-Benson-Bassham cycle	64.4462362301
CALVIN-PWY: Calvin-Benson-Bassham cycle|g__Faecalibacterium.s__Faecalibacterium_prausnitzii	21.6697010736
CALVIN-PWY: Calvin-Benson-Bassham cycle|g__Ruminococcus.s__Ruminococcus_bromii	4.7342468205
PANTO-PWY: phosphopantothenate biosynthesis I	63.6636024945
PANTO-PWY: phosphopantothenate biosynthesis I|g__Akkermansia.s__Akkermansia_muciniphila	8.6424346727
PANTO-PWY: phosphopantothenate biosynthesis I|g__Alistipes.s__Alistipes_putredinis	8.0912302873
PANTO-PWY: phosphopantothenate biosynthesis I|g__Bacteroides.s__Bacteroides_uniformis	6.6692832819
PANTO-PWY: phosphopantothenate biosynthesis I|g__Bacteroides.s__Bacteroides_dorei	1.6154859937
PWY0-1296: purine ribonucleosides degradation	62.2600411884
PWY0-1296: purine ribonucleosides degradation|g__Faecalibacterium.s__Faecalibacterium_prausnitzii	26.3095443347
PWY0-1296: purine ribonucleosides degradation|g__Roseburia.s__Roseburia_inulinivorans	1.0774203479
COA-PWY: coenzyme A biosynthesis I	61.8746753641
COA-PWY: coenzyme A biosynthesis I|g__Faecalibacterium.s__Faecalibacterium_prausnitzii	25.5986090829
COA-PWY: coenzyme A biosynthesis I|g__Akkermansia.s__Akkermansia_muciniphila	12.4478164864
1CMET2-PWY: N10-formyl-tetrahydrofolate biosynthesis	61.6877903448
1CMET2-PWY: N10-formyl-tetrahydrofolate biosynthesis|g__Akkermansia.s__Akkermansia_muciniphila	16.6907765500
1CMET2-PWY: N10-formyl-tetrahydrofolate biosynthesis|g__Bacteroides.s__Bacteroides_uniformis	10.5517489436
DAPLYSINESYN-PWY: L-lysine biosynthesis I	59.2444986375
HSERMETANA-PWY: L-methionine biosynthesis III	58.6848657949
DTDPRHAMSYN-PWY: dTDP-L-rhamnose biosynthesis I	58.6211152054
DTDPRHAMSYN-PWY: dTDP-L-rhamnose biosynthesis I|g__Faecalibacterium.s__Faecalibacterium_prausnitzii	32.6080444133
DTDPRHAMSYN-PWY: dTDP-L-rhamnose biosynthesis I|g__Alistipes.s__Alistipes_shahii	3.9085591546
DTDPRHAMSYN-PWY: dTDP-L-rhamnose biosynthesis I|g__Bifidobacterium.s__Bifidobacterium_longum	1.0065425264
THISYNARA-PWY: superpathway of thiamin diphosphate biosynthesis III (eukaryotes)	57.6173733260
THISYNARA-PWY: superpathway of thiamin diphosphate biosynthesis III (eukaryotes)|g__Faecalibacterium.s__Faecalibacterium_prausnitzii	47.7866471330
THRESYN-PWY: superpathway of L-threonine biosynthesis	56.3085515618
THRESYN-PWY: superpathway of L-threonine biosynthesis|g__Faecalibacterium.s__Faecalibacterium_prausnitzii	34.4536026819
THRESYN-PWY: superpathway of L-threonine biosynthesis|g__Bifidobacterium.s__Bifidobacterium_animalis	1.5359319376
PWY-6609: adenine and adenosine salvage III	55.5203803051
PWY-6609: adenine and adenosine salvage III|g__Faecalibacterium.s__Faecalibacterium_prausnitzii	24.8336938483
HISTSYN-PWY: L-histidine biosynthesis	55.3530944093
PWY-7234: inosine-5'-phosphate biosynthesis III	52.9296268373
GLCMANNANAUT-PWY: superpathway of N-acetylglucosamine, N-acetylmannosamine and N-acetylneuraminate degradation	51.8259322592
GLCMANNANAUT-PWY: superpathway of N-acetylglucosamine, N-acetylmannosamine and N-acetylneuraminate degradation|g__Faecalibacterium.s__Faecalibacterium_prausnitzii	38.8811152163
PANTOSYN-PWY: pantothenate and coenzyme A biosynthesis I	51.4930379877
PANTOSYN-PWY: pantothenate and coenzyme A biosynthesis I|g__Akkermansia.s__Akkermansia_muciniphila	10.4459967213
COBALSYN-PWY: adenosylcobalamin salvage from cobinamide I	50.5240680949
COBALSYN-PWY: adenosylcobalamin salvage from cobinamide I|g__Faecalibacterium.s__Faecalibacterium_prausnitzii	38.3878421570
PWY-4242: pantothenate and coenzyme A biosynthesis III	46.9711727766
PWY-4242: pantothenate and coenzyme A biosynthesis III|g__Faecalibacterium.s__Faecalibacterium_prausnitzii	25.7434237110
PWY-4242: pantothenate and coenzyme A biosynthesis III|g__Akkermansia.s__Akkermansia_muciniphila	12.6858107724
PWY-621: sucrose degradation III (sucrose invertase)	46.9163022982
PWY-621: sucrose degradation III (sucrose invertase)|g__Faecalibacterium.s__Faecalibacterium_prausnitzii	45.1696919893
PWY-5667: CDP-diacylglycerol biosynthesis I	46.6497112956
PWY-5667: CDP-diacylglycerol biosynthesis I|g__Faecalibacterium.s__Faecalibacterium_prausnitzii	23.1382672186
PWY-5667: CDP-diacylglycerol biosynthesis I|g__Bacteroides.s__Bacteroides_uniformis	2.1650198122
PWY-5667: CDP-diacylglycerol biosynthesis I|g__Roseburia.s__Roseburia_inulinivorans	1.9384159960
PWY-5667: CDP-diacylglycerol biosynthesis I|g__Bacteroides.s__Bacteroides_stercoris	1.3463480310
PWY-5667: CDP-diacylglycerol biosynthesis I|g__Alistipes.s__Alistipes_finegoldii	1.1954572624
PWY0-1319: CDP-diacylglycerol biosynthesis II	46.6497112956
PWY0-1319: CDP-diacylglycerol biosynthesis II|g__Faecalibacterium.s__Faecalibacterium_prausnitzii	23.1382672186
PWY0-1319: CDP-diacylglycerol biosynthesis II|g__Bacteroides.s__Bacteroides_uniformis	2.1650198122
PWY0-1319: CDP-diacylglycerol biosynthesis II|g__Roseburia.s__Roseburia_inulinivorans	1.9384159960
PWY0-1319: CDP-diacylglycerol biosynthesis II|g__Bacteroides.s__Bacteroides_stercoris	1.3463480310
PWY0-1319: CDP-diacylglycerol biosynthesis II|g__Alistipes.s__Alistipes_finegoldii	1.1954572624
PWY-6317: galactose degradation I (Leloir pathway)	46.2899181836
PWY-6317: galactose degradation I (Leloir pathway)|g__Faecalibacterium.s__Faecalibacterium_prausnitzii	33.4030690976
PWY66-422: D-galactose degradation V (Leloir pathway)	46.2899181836
PWY66-422: D-galactose degradation V (Leloir pathway)|g__Faecalibacterium.s__Faecalibacterium_prausnitzii	33.4030690976
PWY-7242: D-fructuronate degradation	43.9170710793
PWY-7242: D-fructuronate degradation|g__Faecalibacterium.s__Faecalibacterium_prausnitzii	40.0676964234
PWY-6507: 4-deoxy-L-threo-hex-4-enopyranuronate degradation	43.8474799809
PWY-6507: 4-deoxy-L-threo-hex-4-enopyranuronate degradation|g__Faecalibacterium.s__Faecalibacterium_prausnitzii	42.1398195452
GALACTUROCAT-PWY: D-galacturonate degradation I	41.4728647395
GALACTUROCAT-PWY: D-galacturonate degradation I|g__Faecalibacterium.s__Faecalibacterium_prausnitzii	38.6765190410
ARGSYNBSUB-PWY: L-arginine biosynthesis II (acetyl cycle)	40.3015887645
ARGSYNBSUB-PWY: L-arginine biosynthesis II (acetyl cycle)|g__Bifidobacterium.s__Bifidobacterium_longum	9.1400254642
ASPASN-PWY: superpathway of L-aspartate and L-asparagine biosynthesis	38.6000264447
ASPASN-PWY: superpathway of L-aspartate and L-asparagine biosynthesis|g__Faecalibacterium.s__Faecalibacterium_prausnitzii	33.8486703685
PWY-7383: anaerobic energy metabolism (invertebrates, cytosol)	38.2748382464
PWY-5973: cis-vaccenate biosynthesis	38.2240462157
PWY-5177: glutaryl-CoA degradation	37.8355676860
PWY-5177: glutaryl-CoA degradation|g__Faecalibacterium.s__Faecalibacterium_prausnitzii	32.6537512374
PWY-5100: pyruvate fermentation to acetate and lactate II	35.0853456593
PWY-7282: 4-amino-2-methyl-5-phosphomethylpyrimidine biosynthesis (yeast)	35.0512926902
GALACT-GLUCUROCAT-PWY: superpathway of hexuronide and hexuronate degradation	34.6542685953
GALACT-GLUCUROCAT-PWY: superpathway of hexuronide and hexuronate degradation|g__Faecalibacterium.s__Faecalibacterium_prausnitzii	31.4873190918
PWY-6703: preQ0 biosynthesis	33.4369626863
PWY-6703: preQ0 biosynthesis|g__Akkermansia.s__Akkermansia_muciniphila	12.4263333619
PWY-6703: preQ0 biosynthesis|g__Bacteroides.s__Bacteroides_uniformis	5.3913314289
PWY-6703: preQ0 biosynthesis|g__Parabacteroides.s__Parabacteroides_distasonis	1.8570102136
PWY-6703: preQ0 biosynthesis|g__Ruminococcus.s__Ruminococcus_callidus	1.7021276596
GLUCUROCAT-PWY: superpathway of &beta;-D-glucuronide and D-glucuronate degradation	33.1970435173
GLUCUROCAT-PWY: superpathway of &beta;-D-glucuronide and D-glucuronate degradation|g__Faecalibacterium.s__Faecalibacterium_prausnitzii	30.6053754504
TRNA-CHARGING-PWY: tRNA charging	32.6923380596
PWY-6527: stachyose degradation	32.6790724269
PWY-6527: stachyose degradation|g__Faecalibacterium.s__Faecalibacterium_prausnitzii	3.8606075949
PWY-5101: L-isoleucine biosynthesis II	32.3693394477
PWY-7663: gondoate biosynthesis (anaerobic)	32.1911422530
PWY-7229: superpathway of adenosine nucleotides de novo biosynthesis I	31.7268745576
PWY-841: superpathway of purine nucleotides de novo biosynthesis I	31.3151801038
ANAEROFRUCAT-PWY: homolactic fermentation	31.0517354226
PYRIDNUCSYN-PWY: NAD biosynthesis I (from aspartate)	30.9232564332
PYRIDNUCSYN-PWY: NAD biosynthesis I (from aspartate)|g__Alistipes.s__Alistipes_shahii	4.0420167674
PWY-5659: GDP-mannose biosynthesis	30.0328341829
PWY-5659: GDP-mannose biosynthesis|g__Alistipes.s__Alistipes_onderdonkii	5.6725969413
PWY-5659: GDP-mannose biosynthesis|g__Alistipes.s__Alistipes_shahii	2.8304745989
PWY-5659: GDP-mannose biosynthesis|g__Faecalibacterium.s__Faecalibacterium_prausnitzii	2.1423253963
PWY-6305: putrescine biosynthesis IV	29.8322352721
PWY-6305: putrescine biosynthesis IV|g__Faecalibacterium.s__Faecalibacterium_prausnitzii	15.1653484642
PWY0-162: superpathway of pyrimidine ribonucleotides de novo biosynthesis	27.8327478803
PWY-5154: L-arginine biosynthesis III (via N-acetyl-L-citrulline)	27.8282660914
PWY-1269: CMP-3-deoxy-D-manno-octulosonate biosynthesis I	27.6705198804
PWY-1269: CMP-3-deoxy-D-manno-octulosonate biosynthesis I|g__Akkermansia.s__Akkermansia_muciniphila	10.9539945151
PWY-1269: CMP-3-deoxy-D-manno-octulosonate biosynthesis I|g__Alistipes.s__Alistipes_shahii	5.3975399732
GLUTORN-PWY: L-ornithine biosynthesis	27.3412178081
GLUTORN-PWY: L-ornithine biosynthesis|g__Bifidobacterium.s__Bifidobacterium_longum	7.9055860514
DENOVOPURINE2-PWY: superpathway of purine nucleotides de novo biosynthesis II	26.6845013062
PWY-2941: L-lysine biosynthesis II	24.8741323994
OANTIGEN-PWY: O-antigen building blocks biosynthesis (E. coli)	23.3132661228
PWY-6126: superpathway of adenosine nucleotides de novo biosynthesis II	23.1605797910
RIBOSYN2-PWY: flavin biosynthesis I (bacteria and plants)	22.4600915943
PWY0-845: superpathway of pyridoxal 5'-phosphate biosynthesis and salvage	22.2047486824
PWY0-845: superpathway of pyridoxal 5'-phosphate biosynthesis and salvage|g__Bacteroides.s__Bacteroides_uniformis	3.9205541952
PWY-5188: tetrapyrrole biosynthesis I (from glutamate)	21.4281939035
PWY-5188: tetrapyrrole biosynthesis I (from glutamate)|g__Akkermansia.s__Akkermansia_muciniphila	3.9063001033
PWY-5188: tetrapyrrole biosynthesis I (from glutamate)|g__Sutterella.s__Sutterella_wadsworthensis	3.2966792015
PWY-7211: superpathway of pyrimidine deoxyribonucleotides de novo biosynthesis	21.1193276057
PWY0-166: superpathway of pyrimidine deoxyribonucleotides de novo biosynthesis (E. coli)	21.0665751629
PWY-7228: superpathway of guanosine nucleotides de novo biosynthesis I	20.2561994233
PWY-7228: superpathway of guanosine nucleotides de novo biosynthesis I|g__Akkermansia.s__Akkermansia_muciniphila	3.9148127132
PWY-7228: superpathway of guanosine nucleotides de novo biosynthesis I|g__Sutterella.s__Sutterella_wadsworthensis	2.4683674650
PWY-6168: flavin biosynthesis III (fungi)	20.0909183697
UDPNAGSYN-PWY: UDP-N-acetyl-D-glucosamine biosynthesis I	20.0551116695
UDPNAGSYN-PWY: UDP-N-acetyl-D-glucosamine biosynthesis I|g__Bifidobacterium.s__Bifidobacterium_longum	8.1743691790
UDPNAGSYN-PWY: UDP-N-acetyl-D-glucosamine biosynthesis I|g__Bifidobacterium.s__Bifidobacterium_animalis	0.9790578730
GLUCONEO-PWY: gluconeogenesis I	19.9174877745
PYRIDOXSYN-PWY: pyridoxal 5'-phosphate biosynthesis I	18.6447341903
PYRIDOXSYN-PWY: pyridoxal 5'-phosphate biosynthesis I|g__Bacteroides.s__Bacteroides_uniformis	4.2037069934
PWY-5347: superpathway of L-methionine biosynthesis (transsulfuration)	18.5543737930
PWY66-399: gluconeogenesis III	18.2360021709
PWY-7210: pyrimidine deoxyribonucleotides biosynthesis from CTP	17.9584171594
PWY-6700: queuosine biosynthesis	17.7366561278
PWY-6700: queuosine biosynthesis|g__Sutterella.s__Sutterella_wadsworthensis	3.9174777769
PWY-6700: queuosine biosynthesis|g__Bacteroides.s__Bacteroides_dorei	3.8991753694
PWY-7187: pyrimidine deoxyribonucleotides de novo biosynthesis II	17.7205198966
PWY-4981: L-proline biosynthesis II (from arginine)	17.6389699844
PWY-4981: L-proline biosynthesis II (from arginine)|g__Coriobacteriaceae_noname.s__Coriobacteriaceae_bacterium_phI	1.3809471306
PWY66-400: glycolysis VI (metazoan)	17.6251786515
METSYN-PWY: L-homoserine and L-methionine biosynthesis	17.3676564236
PHOSLIPSYN-PWY: superpathway of phospholipid biosynthesis I (bacteria)	17.2789236213
PWY-6125: superpathway of guanosine nucleotides de novo biosynthesis II	17.1011508173
PWY-6125: superpathway of guanosine nucleotides de novo biosynthesis II|g__Sutterella.s__Sutterella_wadsworthensis	2.2742333086
PWY-7184: pyrimidine deoxyribonucleotides de novo biosynthesis I	17.0151699029
PWY-6545: pyrimidine deoxyribonucleotides de novo biosynthesis III	16.7310070497
GLYCOLYSIS: glycolysis I (from glucose 6-phosphate)	16.3728313487
PWY0-1261: anhydromuropeptides recycling	16.2142181272
PWY-7208: superpathway of pyrimidine nucleobases salvage	16.1730533786
PWY-7208: superpathway of pyrimidine nucleobases salvage|g__Akkermansia.s__Akkermansia_muciniphila	4.4845813678
PWY-7208: superpathway of pyrimidine nucleobases salvage|g__Sutterella.s__Sutterella_wadsworthensis	2.2432849971
PWY-5484: glycolysis II (from fructose 6-phosphate)	16.1131339967
RHAMCAT-PWY: L-rhamnose degradation I	16.0110453875
RHAMCAT-PWY: L-rhamnose degradation I|g__Faecalibacterium.s__Faecalibacterium_prausnitzii	13.1028462328
GLYCOGENSYNTH-PWY: glycogen biosynthesis I (from ADP-D-Glucose)	15.4877690307
PWY-5030: L-histidine degradation III	14.8666603812
PWY-7198: pyrimidine deoxyribonucleotides de novo biosynthesis IV	14.8629291707
PWY-7199: pyrimidine deoxyribonucleosides salvage	14.8600060018
MET-SAM-PWY: superpathway of S-adenosyl-L-methionine biosynthesis	14.6057707880
PWY-5345: superpathway of L-methionine biosynthesis (by sulfhydrylation)	13.7036483114
HISDEG-PWY: L-histidine degradation I	13.6080149641
HISDEG-PWY: L-histidine degradation I|g__Alistipes.s__Alistipes_shahii	4.3805277821
PWY-4702: phytate degradation I	13.4398694965
PWY-4702: phytate degradation I|g__Akkermansia.s__Akkermansia_muciniphila	11.2500991339
PWY4FS-7: phosphatidylglycerol biosynthesis I (plastidic)	11.8082437775
PWY4FS-8: phosphatidylglycerol biosynthesis II (non-plastidic)	11.8082437775
PWY-7197: pyrimidine deoxyribonucleotide phosphorylation	11.4944163300
PWY-7197: pyrimidine deoxyribonucleotide phosphorylation|g__Akkermansia.s__Akkermansia_muciniphila	3.5091892273
PWY-7197: pyrimidine deoxyribonucleotide phosphorylation|g__Sutterella.s__Sutterella_wadsworthensis	3.4410535680
PWY-7197: pyrimidine deoxyribonucleotide phosphorylation|g__Adlercreutzia.s__Adlercreutzia_equolifaciens	2.0618556701
PWY-7220: adenosine deoxyribonucleotides de novo biosynthesis II	11.2414527158
PWY-7220: adenosine deoxyribonucleotides de novo biosynthesis II|g__Sutterella.s__Sutterella_wadsworthensis	2.0237112218
PWY-7222: guanosine deoxyribonucleotides de novo biosynthesis II	11.2414527158
PWY-7222: guanosine deoxyribonucleotides de novo biosynthesis II|g__Sutterella.s__Sutterella_wadsworthensis	2.0237112218
CITRULBIO-PWY: L-citrulline biosynthesis	10.4475693246
HOMOSER-METSYN-PWY: L-methionine biosynthesis I	9.5508633013
HOMOSER-METSYN-PWY: L-methionine biosynthesis I|g__Ruminococcus.s__Ruminococcus_bromii	2.1242511519
PWY-4984: urea cycle	8.8266872777
PWY-6936: seleno-amino acid biosynthesis	8.3366251899
SO4ASSIM-PWY: sulfate reduction I (assimilatory)	8.3055703697
SO4ASSIM-PWY: sulfate reduction I (assimilatory)|g__Akkermansia.s__Akkermansia_muciniphila	2.2446482510
TRPSYN-PWY: L-tryptophan biosynthesis	8.1834963754
SULFATE-CYS-PWY: superpathway of sulfate assimilation and cysteine biosynthesis	7.9915281395
P108-PWY: pyruvate fermentation to propanoate I	7.7415892535
NAGLIPASYN-PWY: lipid IVA biosynthesis	6.3002010156
NAGLIPASYN-PWY: lipid IVA biosynthesis|g__Sutterella.s__Sutterella_wadsworthensis	3.3315571313
PWY-7456: mannan degradation	4.7897273767
FUCCAT-PWY: fucose degradation	4.5123884636
PWY-7371: 1,4-dihydroxy-6-naphthoate biosynthesis II	4.4999865862
P42-PWY: incomplete reductive TCA cycle	2.9475387294
LACTOSECAT-PWY: lactose and galactose degradation I	2.8241366880
PWY-5104: L-isoleucine biosynthesis IV	2.3169356736
PWY-6595: superpathway of guanosine nucleotides degradation (plants)	2.0360963219
PWY-6608: guanosine nucleotides degradation III	1.8555875847
PWY-6606: guanosine nucleotides degradation II	1.7404447900
P164-PWY: purine nucleobases degradation I (anaerobic)	1.6158535867
HEMESYN2-PWY: heme biosynthesis II (anaerobic)	1.6156271488
HEMESYN2-PWY: heme biosynthesis II (anaerobic)|g__Sutterella.s__Sutterella_wadsworthensis	1.5076059933
ARGININE-SYN4-PWY: L-ornithine de novo  biosynthesis	1.5550289301
ARGININE-SYN4-PWY: L-ornithine de novo  biosynthesis|g__Bacteroides.s__Bacteroides_uniformis	1.3942670035
SALVADEHYPOX-PWY: adenosine nucleotides degradation II	1.5543057683
HEME-BIOSYNTHESIS-II: heme biosynthesis I (aerobic)	0.8864265928